episode_id,raw_return,return_per_step,episode_length,action_delta_l2_mean,action_delta_abs_mean,action_clip_fraction,sampled_noise_l2_mean,raw_return_length_residual,raw_hubl_score,oof_v_next_mean,oof_v_current_mean,oof_q_current_mean,oof_advantage_mean,oof_v_next_uncertainty,oof_advantage_uncertainty,clean_open_loop_return,raw_minus_clean_open_loop_return,clean_open_loop_steps,clean_open_loop_ended_early
0,1585.579174760729,3.096834325704549,512.0,1.0914232572205402,0.35855677109553125,0.9140625,1.3812933279939867,311.2500098457999,270.41961669921875,243.38258361816406,243.97084045410156,243.8771209716797,-0.09363553673028946,0.2985970079898834,0.009203779511153698,0.4743528073671208,1585.104821953362,12.0,1.0
1,562.7192746140063,2.7316469641456615,206.0,1.1194266500088144,0.3680595601128993,0.9174757281553398,1.4071992083254397,-105.63012766209988,179.6258087158203,204.8390350341797,206.455078125,205.60231018066406,-0.8527935147285461,0.21890832483768463,0.018927766010165215,147.06406390431644,415.65521070968987,106.0,1.0
2,1392.0179062001407,3.3461968899041845,416.0,1.0649090979483569,0.34952718867058746,0.9206730769230769,1.3714426439489174,307.8000393679795,281.5411682128906,238.9553680419922,239.5444793701172,240.37437438964844,0.8299639225006104,0.3877377510070801,0.006315235979855061,11.543060738175619,1380.474845461965,100.0,1.0
3,1107.5584464222193,3.201035972318553,346.0,1.0982820598050311,0.3603434902873938,0.930635838150289,1.3942953517153736,161.96340110874303,254.6973419189453,247.1551055908203,247.90338134765625,248.7321319580078,0.8287546634674072,0.6135549545288086,0.022822732105851173,0.804957793224762,1106.7534886289945,14.0,1.0
4,828.511701092124,2.9276031840711094,283.0,1.0936609110598834,0.36299164794211014,0.911660777385159,1.3875060766537959,7.677195145464339,221.37315368652344,244.866943359375,245.74609375,245.43580627441406,-0.310300350189209,0.5753785967826843,0.022095009684562683,73.74259323343846,754.7691078586855,91.0,1.0
5,552.8471943102777,2.6579192034147967,208.0,1.0981198940675276,0.36072918228371864,0.9471153846153846,1.398356337550624,-119.46286000921941,180.24974060058594,217.810546875,219.1656494140625,219.3814239501953,0.21575404703617096,0.43013620376586914,0.04416617006063461,14.701939160516982,538.1452551497607,97.0,1.0
6,556.8313734484836,2.729565556120018,204.0,1.0924502140614074,0.35917957113740745,0.9117647058823529,1.3802009034113714,-107.55737678423156,180.50515747070312,207.0135955810547,208.44293212890625,207.82850646972656,-0.6143483519554138,0.5063149929046631,0.051610223948955536,254.02311482019712,302.8082586282865,131.0,1.0
7,830.1144174411893,3.0631528318863075,271.0,1.08971833119399,0.3581807895055998,0.9114391143911439,1.4291047180116447,33.043823754875575,231.5982208251953,231.8257293701172,232.8145294189453,232.65911865234375,-0.15541745722293854,0.248621866106987,0.005568126682192087,101.54056556721135,728.5738518739779,75.0,1.0
8,665.5214063897729,2.609887868195188,255.0,1.1079991010189003,0.3653711842264967,0.8941176470588236,1.3703528461074133,-99.86397094941276,191.9464111328125,228.2218780517578,229.2391357421875,228.9818115234375,-0.25739264488220215,0.1952613741159439,0.005749260541051626,128.67328346176868,536.8481229280042,75.0,1.0
9,771.7964009512216,2.901490229139931,266.0,1.0995275287233306,0.36451471472841906,0.9135338345864662,1.3739127624475018,-15.372562626614581,213.2802276611328,236.01312255859375,236.8953857421875,236.47669982910156,-0.41866549849510193,0.2794705331325531,0.011399645358324051,130.2807725904753,641.5156283607463,76.0,1.0
10,942.3811449799687,2.8557004393332384,330.0,1.0851282178757986,0.3572950892348543,0.9424242424242424,1.4011666591269736,28.47131601362048,230.88607788085938,236.3885498046875,237.2430877685547,237.2305145263672,-0.012517724186182022,0.21867389976978302,0.024127690121531487,273.02989310869526,669.3512518712735,132.0,1.0
11,1105.1642454005778,3.0361655093422466,364.0,1.1120380824991751,0.368951939400826,0.9038461538461539,1.386923796497815,123.92333169658264,247.3218994140625,244.757568359375,245.4173126220703,245.2630157470703,-0.15430478751659393,0.33094242215156555,0.011925218626856804,116.23209963276688,988.9321457678109,143.0,1.0
12,662.8087896667421,2.72760818792898,243.0,1.134459450980006,0.3750867987344561,0.9218106995884774,1.4070804443954306,-78.81267541209763,196.16775512695312,215.9954833984375,217.3032989501953,216.60951232910156,-0.6937792897224426,0.571107029914856,0.05249757319688797,171.36204710513366,491.4467425616084,85.0,1.0
13,2127.9854980520904,3.4433422298577514,618.0,1.0855894293049138,0.3542576706575801,0.919093851132686,1.4011122111134093,643.7417748374382,307.2558898925781,270.62799072265625,271.1461486816406,271.8092956542969,0.6631288528442383,0.5176684260368347,0.023794109001755714,228.5149226919417,1899.4705753601488,139.0,1.0
14,953.850087379571,3.190134071503582,299.0,1.0897314359237926,0.35321135056948944,0.9096989966555183,1.3945421103265252,101.33036508578334,244.18002319335938,231.6822967529297,232.662353515625,232.00543212890625,-0.6568565964698792,0.4330894947052002,0.008377784863114357,28.932286828158293,924.9178005514127,53.0,1.0
15,1450.285742983222,3.511587755407317,413.0,1.0901287393286578,0.35489712675226365,0.9297820823244553,1.39135665518375,372.00885421614726,294.45477294921875,254.46632385253906,255.0928955078125,255.0528106689453,-0.04016798734664917,0.9497249126434326,0.015741437673568726,70.91835943115035,1379.3673835520717,93.0,1.0
16,763.8590138461441,3.043263003371092,251.0,1.1268078321054968,0.37248852026678503,0.9362549800796812,1.4009609815505533,6.39494059374033,218.12095642089844,233.15769958496094,234.124267578125,233.232177734375,-0.8921740055084229,0.2498527318239212,0.028829403221607208,99.66813227526853,664.1908815708755,64.0,1.0
17,1285.9707912877202,3.2805377328768373,392.0,1.0864644408518966,0.35449629680984723,0.9311224489795918,1.4025313551523182,249.28074897625106,271.1837463378906,230.5128173828125,231.31280517578125,230.908203125,-0.4045768678188324,0.5433940887451172,0.014325280673801899,56.472058739135456,1229.4987325485847,101.0,1.0
18,795.7050796300173,2.991372479812095,266.0,1.0907665773604485,0.36156180980267383,0.8796992481203008,1.3540406376503664,8.536116052181114,218.810302734375,230.614013671875,231.573486328125,231.5146026611328,-0.05891314148902893,0.15300355851650238,0.017055295407772064,90.40788689394125,705.297192736076,82.0,1.0
19,619.2802351117134,2.8277636306470932,219.0,1.0888294179146965,0.3576038558315344,0.9041095890410958,1.3780327671506085,-74.81340544643422,191.6692657470703,204.8196563720703,206.53565979003906,206.46568298339844,-0.07002527266740799,0.07490590214729309,0.01309208758175373,120.88948960723992,498.3907455044735,65.0,1.0
20,565.1287852078676,2.9281284207661535,193.0,1.0682346012480977,0.34915132530633564,0.9533678756476683,1.3787074861776853,-77.47637878619707,190.32931518554688,194.60960388183594,195.8636016845703,194.97962951660156,-0.8839406967163086,0.439439982175827,0.019576162099838257,146.97657450878478,418.15221069908284,69.0,1.0
21,630.8577408790588,2.730985891251337,231.0,1.0724393911293004,0.3474077595414041,0.9004329004329005,1.390341103307501,-86.99981193943484,192.1958465576172,204.09527587890625,205.4557342529297,204.7561492919922,-0.6995541453361511,0.12411065399646759,0.008549205958843231,141.2585470068622,489.5991938721967,141.0,1.0
22,866.1086071077734,2.9161905963224695,297.0,1.1008195438480681,0.35765443507889777,0.9225589225589226,1.3890692421576267,17.54953685737678,227.25173950195312,220.7653350830078,221.7001953125,221.7278289794922,0.027614256367087364,0.5656729340553284,0.053048714995384216,46.57337973071983,819.5352273770536,77.0,1.0
23,371.24612518772483,2.0510835645730654,181.0,1.1067735606730482,0.361766444691534,0.9060773480662984,1.3695300200176312,-247.59512654599382,132.27816772460938,163.0401153564453,164.7958221435547,164.12803649902344,-0.6677263379096985,1.2577718496322632,0.02338676154613495,45.30164188221998,325.94448330550483,91.0,1.0
24,1200.6441321279854,3.363148829490155,357.0,1.088737733348657,0.3543718339925124,0.9299719887955182,1.3966416313284,233.2655005758586,270.4701843261719,243.7581024169922,244.45289611816406,244.7169952392578,0.26399627327919006,0.8003619909286499,0.02046891488134861,24.21515096949757,1176.4289811584879,101.0,1.0
25,1429.5474558323622,3.3875532128728962,422.0,1.0663491351815093,0.3484586682262125,0.9123222748815166,1.3905087228918551,333.447632870028,285.44085693359375,251.84161376953125,252.5559844970703,253.0133056640625,0.4573850631713867,0.4205653667449951,0.013049446046352386,174.27761845744914,1255.269837374913,86.0,1.0
26,997.7984384165611,0.9977984384165611,1000.0,1.1483901266869918,0.3920719196893236,0.897,1.3955802756221,-1242.9298250857719,91.14344024658203,98.77567291259766,98.92718505859375,100.3846435546875,1.4574600458145142,0.9118244647979736,0.11764158308506012,-1.9670800416226033,999.7655184581837,11.0,1.0
27,946.8911858052015,2.977645238381137,318.0,1.1175047866639543,0.36735873893363374,0.9245283018867925,1.4109345078024327,56.74526909919928,234.4888458251953,232.4645233154297,233.0882110595703,233.1153564453125,0.027043985202908516,0.134202778339386,0.023099243640899658,30.689462085407445,916.2017237197941,122.0,1.0
28,566.5270132273436,2.2481230683624744,252.0,1.0651544191165385,0.3428342241475153,0.9126984126984127,1.3641027569719533,-192.9173860467556,169.84417724609375,198.36207580566406,199.6009063720703,199.41307067871094,-0.18783067166805267,0.5188143849372864,0.005409257486462593,15.440184782929787,551.0868284444138,29.0,1.0
29,852.7151482701302,3.002518127711726,284.0,1.08384189292881,0.3540272589973387,0.9401408450704225,1.381036085977037,29.900316301774865,228.5037078857422,223.1851043701172,224.0692901611328,223.0574493408203,-1.011811375617981,0.4897289276123047,0.041386816650629044,71.06647952579699,781.6486687443331,126.0,1.0
30,1244.9565039128065,3.5168262822395664,354.0,1.078114836045975,0.3471699542116832,0.923728813559322,1.3756892195758097,283.51885042576623,283.3170166015625,238.76768493652344,239.37249755859375,238.7491912841797,-0.6232306361198425,0.24406997859477997,0.010109548456966877,254.62792660120752,990.328577311599,120.0,1.0
31,556.8411360960454,2.626609132528516,212.0,1.0833907813450305,0.3488218459592102,0.9292452830188679,1.423749762143166,-123.39022231023387,177.0457000732422,205.4288787841797,206.6919708251953,205.6714630126953,-1.020468831062317,0.09530521184206009,0.014376578852534294,62.19766453813766,494.64347155790773,88.0,1.0
32,714.6532871611416,2.928906914594843,244.0,1.1042054424889864,0.35826215849072246,0.9221311475409836,1.403473182238547,-28.948503939393504,209.4231414794922,209.5507354736328,210.7470703125,210.1787567138672,-0.5682599544525146,0.407404363155365,0.025510843843221664,71.87323365958795,642.7800535015537,88.0,1.0
33,1191.9910417194478,3.080080211161364,387.0,1.0591930360367448,0.3429557294636325,0.9302325581395349,1.3826681374438328,165.20262951645623,259.89385986328125,241.4550018310547,242.24603271484375,242.48211669921875,0.2362469583749771,0.41113337874412537,0.014406250789761543,-1.4900975379796435,1193.4811392574275,146.0,1.0
34,1124.5221330672503,2.9828173290908495,377.0,1.1172847960326837,0.37038090006349716,0.9230769230769231,1.4108420748142152,117.53698108121353,246.05599975585938,234.9290008544922,235.6976776123047,236.021728515625,0.32414987683296204,0.2600354850292206,0.016809770837426186,190.73418847506593,933.7879445921843,123.0,1.0
35,1422.505458716303,3.2183381418920884,442.0,1.0935200943124996,0.3574984817677025,0.9049773755656109,1.3823627154166662,286.79911532005895,274.93316650390625,248.2079315185547,248.80670166015625,249.26991271972656,0.46312305331230164,0.3337339162826538,0.018009833991527557,189.21619731262714,1233.289261403676,99.0,1.0
36,772.9272569245659,2.517678361317804,307.0,1.07832283760434,0.35353450962654787,0.9218241042345277,1.3867665944605145,-95.43507354278586,194.65977478027344,234.55291748046875,235.22772216796875,235.6865997314453,0.45886966586112976,0.18317970633506775,0.03495078906416893,148.45069675975205,624.4765601648138,167.0,1.0
37,1297.5775751061738,3.2278049131994373,402.0,1.0962150798068035,0.3587398367207564,0.9054726368159204,1.3850769417261062,241.08427257774952,267.5496826171875,242.97857666015625,243.61627197265625,243.6322021484375,0.01583544723689556,0.3552987575531006,0.016408799216151237,37.37476684479939,1260.2028082613745,115.0,1.0
38,1064.9653077144176,3.1322509050424046,340.0,1.0884317406388362,0.35210506050349855,0.9411764705882353,1.407539156150109,131.2522185311143,252.3276824951172,228.88922119140625,229.5731201171875,229.31211853027344,-0.26105213165283203,0.1981470286846161,0.017490603029727936,43.79382839554177,1021.1714793188758,81.0,1.0
39,643.7892396748066,2.554719205058756,252.0,1.0729715051547197,0.35113530565132073,0.9047619047619048,1.3838539512155508,-115.65515959929257,188.3703155517578,217.3262481689453,218.3673095703125,218.6547393798828,0.2874869406223297,0.3428889214992523,0.021605858579277992,0.3220567700380831,643.4671829047685,10.0,1.0
40,932.5132021409809,3.1292389333589963,298.0,1.0879417352241818,0.35686639619529104,0.9228187919463087,1.411550182587562,81.97380586888858,245.0785369873047,215.8451385498047,216.7786407470703,216.9995880126953,0.22095806896686554,0.27255743741989136,0.02327628992497921,84.61335558984553,847.8998465511354,137.0,1.0
41,1337.5654793679714,3.438471669326405,389.0,1.0395034984222367,0.3377282240496937,0.922879177377892,1.3637932520014573,306.81641512158876,284.76202392578125,242.16978454589844,242.72132873535156,242.8365478515625,0.11518723517656326,0.47809866070747375,0.0038282109890133142,-0.9693047600688106,1338.5347841280402,9.0,1.0
42,1024.5280322749168,3.162123556404064,324.0,1.0963367996481765,0.35938929745852244,0.9166666666666666,1.3801291886828733,122.50015943874155,248.306396484375,239.3291473388672,240.0478057861328,240.0854034423828,0.03756061568856239,0.3475833535194397,0.0033505053725093603,185.01040722856672,839.5176250463501,104.0,1.0
43,395.28415706846863,2.4102692504174916,164.0,1.133052038719856,0.3744492435337937,0.8963414634146342,1.4136486451944865,-189.89155229642654,144.22947692871094,193.2711181640625,194.84278869628906,193.29530334472656,-1.5474964380264282,0.08887253701686859,0.017109420150518417,207.15429382887612,188.1298632395925,140.0,1.0
44,872.2746782526374,2.9568633161106352,295.0,1.1012426394481631,0.3615808245529931,0.9050847457627119,1.4065855122796205,27.676260045631807,228.7257080078125,238.4937286376953,239.3877410888672,238.94725036621094,-0.44047608971595764,0.532354474067688,0.028710678219795227,137.95843952209992,734.3162387305374,73.0,1.0
45,1110.9384614489973,2.9467863698912393,377.0,1.1079873777221647,0.3631193772935479,0.9283819628647215,1.3995938506812753,103.95330946296053,248.9271240234375,232.81712341308594,233.4922332763672,233.07855224609375,-0.41368284821510315,0.44380512833595276,0.01850697211921215,36.310120866919554,1074.6283405820777,41.0,1.0
46,1480.5714851543307,3.2974866039071955,449.0,1.0991762970252352,0.36120727064389435,0.9220489977728286,1.3705410255952055,331.00285960621795,279.9732360839844,246.86094665527344,247.4578399658203,248.04734802246094,0.5894553065299988,0.318040132522583,0.00937255471944809,-1.8250968343734908,1482.3965819887042,12.0,1.0
47,1423.303826406598,3.4214034288620145,416.0,1.055514144597846,0.34298789184158984,0.9326923076923077,1.3644112922263252,339.08595957443686,288.1763916015625,253.1200408935547,253.8197479248047,253.943603515625,0.1239185556769371,0.3962160348892212,0.010694018565118313,73.14506343275404,1350.158762973844,102.0,1.0
48,678.971991635859,2.6943333001422975,252.0,1.0804676263718074,0.3594676439577828,0.8968253968253969,1.362305073999077,-80.47240763824016,196.52511596679688,224.63568115234375,225.58653259277344,224.8933868408203,-0.6931236386299133,0.3679817020893097,0.026332926005125046,67.44873529451249,611.5232563413465,100.0,1.0
49,1174.147938773036,3.106211478235545,378.0,1.09487225226832,0.3584450894115781,0.9259259259259259,1.3812815471332536,165.18246076530386,255.47776794433594,221.4465789794922,222.24859619140625,223.44647216796875,1.197972059249878,0.5394981503486633,0.0433085598051548,93.06295930194072,1081.0849794710953,142.0,1.0
50,1012.3540620328858,1.012354062032886,1000.0,1.1272755564131494,0.3845434560900806,0.879,1.3773701799640206,-1228.3742014694471,92.36963653564453,96.0091552734375,96.1896743774414,97.20818328857422,1.0185381174087524,1.0840390920639038,0.24516822397708893,6.879235656715794,1005.4748263761701,106.0,1.0
51,1171.3569584563375,3.2811119284491244,357.0,1.0776752935938008,0.34914239122141594,0.9159663865546218,1.3784771817028771,203.9783269042107,269.3371276855469,232.2188720703125,233.0138702392578,233.4951171875,0.48119744658470154,0.3395320773124695,0.019907444715499878,37.57010417426538,1133.786854282072,46.0,1.0
52,543.541088109836,2.638548971406971,206.0,1.1347139879006842,0.37681851332044997,0.8980582524271845,1.3942483990021899,-124.80831416627018,174.4750518798828,215.21673583984375,216.56719970703125,215.5843963623047,-0.9828538298606873,0.5229871273040771,0.08129967004060745,139.5684986931542,403.9725894166818,71.0,1.0
53,2313.377740780823,3.382131199971963,684.0,1.0859456823240836,0.356001969767266,0.9283625730994152,1.3977623463829998,698.4325001342677,305.5278625488281,265.51434326171875,265.8850402832031,266.7701110839844,0.8851089477539062,0.7578870058059692,0.01619512028992176,292.5256948624342,2020.8520459183887,162.0,1.0
54,2020.1950397081673,3.495147127522781,578.0,1.0930085404379415,0.35800198269695443,0.9342560553633218,1.4121822822069245,615.1643573613351,310.269287109375,261.6455078125,262.0099182128906,262.463623046875,0.45360150933265686,0.9994901418685913,0.0392092727124691,201.60523934922716,1818.5898003589402,77.0,1.0
55,1062.4751090100035,3.143417482278117,338.0,1.0734715896358882,0.3517076722613749,0.9289940828402367,1.3702046997966726,132.7226718700913,256.2691955566406,220.393798828125,221.2064971923828,219.7823944091797,-1.4240440130233765,0.37910643219947815,0.011650566011667252,15.902562542393953,1046.5725464676095,27.0,1.0
56,1945.4433009140193,3.486457528519748,558.0,1.045744331603595,0.3379579224118369,0.953405017921147,1.3670142296672,580.0191390010971,307.7473449707031,252.7903594970703,253.28062438964844,253.78550720214844,0.5050160884857178,0.7392736077308655,0.008635629899799824,0.920680554164051,1944.5226203598552,14.0,1.0
57,82.36332111991942,1.0696535210379146,77.0,1.1334066441879278,0.37830670123659793,0.948051948051948,1.4219792293050237,-330.5240243574673,33.008785247802734,230.2488555908203,231.6206512451172,228.6697540283203,-2.950920820236206,1.1603314876556396,0.05447147414088249,124.22198246034257,-41.858661340423154,77.0,0.0
58,626.7687238818035,2.928825812531792,214.0,1.0713202116972451,0.3508733937843569,0.9345794392523364,1.3576296672337402,-57.42328656786674,198.4151611328125,203.27906799316406,204.70823669433594,204.1199493408203,-0.5881474614143372,0.16263586282730103,0.012445542961359024,229.09328726717075,397.6754366146327,116.0,1.0
59,941.6176534332335,3.0771818739648156,306.0,1.0951971200016324,0.3590290733598934,0.9477124183006536,1.3907698777426039,75.2356489875774,240.9211883544922,233.9550018310547,234.76780700683594,234.00758361816406,-0.7602284550666809,0.4056955575942993,0.012368383817374706,144.10661308303054,797.511040350203,134.0,1.0
60,746.8622779883444,2.818348218823941,265.0,1.0765301001108942,0.3531318957666989,0.9207547169811321,1.3707552844470858,-38.32635956779632,210.6561279296875,229.61912536621094,230.71522521972656,230.0792694091797,-0.6358999609947205,0.39693671464920044,0.02431700937449932,311.8035936235794,435.05868436476504,221.0,1.0
61,985.0666742697358,2.994123629999197,329.0,1.081249879467608,0.3537280613449407,0.9331306990881459,1.3786362409805641,73.13717132508305,233.30152893066406,236.986083984375,237.86419677734375,238.56922912597656,0.7050364017486572,0.3352406322956085,0.027362458407878876,15.903794663135029,969.1628796066008,44.0,1.0
62,434.4103005134966,2.2163790842525337,196.0,1.090617049419242,0.3581208079305144,0.9336734693877551,1.3865373969695955,-214.13584154565456,141.18873596191406,199.28643798828125,200.9158172607422,200.6663360595703,-0.2494075447320938,0.6425322890281677,0.029654091224074364,41.80694372325926,392.60335679023734,136.0,1.0
63,765.7781205512583,2.8680828485065857,267.0,1.0937693361784935,0.35469426594614417,0.9438202247191011,1.41287436529358,-23.37116904827326,214.2473907470703,213.1773681640625,214.3900604248047,214.0552978515625,-0.3348071575164795,0.29803594946861267,0.04675253853201866,485.36932568158903,280.4087948696693,192.0,1.0
64,1814.3881914587691,3.310927356676586,548.0,1.1066424898956202,0.36316375779990706,0.9397810218978102,1.4095948028948275,468.76728976280197,292.3356018066406,262.8189392089844,263.3216857910156,263.6752624511719,0.3535543978214264,0.479157418012619,0.007961515337228775,185.94593962139942,1628.4422518373697,114.0,1.0
65,737.171062335372,2.8136300089136337,262.0,1.084679363556024,0.35473839083535985,0.9351145038167938,1.3690136311053653,-42.07659715568229,206.4916534423828,226.46009826660156,227.6502227783203,226.6112060546875,-1.0390892028808594,0.13127881288528442,0.01050020381808281,182.62430243307296,554.5467599022991,90.0,1.0
66,897.7658000104129,3.161147183135257,284.0,1.107188815582881,0.36138913404232575,0.9084507042253521,1.3786303662756647,74.95096804205764,238.5850067138672,219.82395935058594,220.6970672607422,220.4015655517578,-0.29545798897743225,0.2095077484846115,0.0017536242958158255,47.156431487128195,850.6093685232847,100.0,1.0
67,2048.2660310715437,3.574635307280181,573.0,1.084535527881961,0.35190562872193626,0.9109947643979057,1.3740023117875781,653.136978833189,315.8253173828125,256.2510070800781,256.6475524902344,256.4200744628906,-0.22759155929088593,0.42557060718536377,0.0018421109998598695,335.2947651966976,1712.971265874846,163.0,1.0
68,1541.9620176265016,2.898424845162597,532.0,1.1094235772588243,0.3668352765778486,0.924812030075188,1.4055280707275433,228.02633227766228,259.19390869140625,251.5645294189453,252.21507263183594,252.4831085205078,0.26804232597351074,0.29764237999916077,0.027559775859117508,7.0823482219655824,1534.8796694045361,27.0,1.0
69,764.8653131015599,2.864664094013333,267.0,1.0837917051607993,0.35889181460765623,0.9325842696629213,1.379710667350746,-24.283976497971707,210.52786254882812,233.5031280517578,234.46873474121094,235.05641174316406,0.5877140164375305,0.21046291291713715,0.02065376564860344,88.20841358239676,676.6568995191631,139.0,1.0
70,1161.4655554266647,3.097241481137772,375.0,1.093212321487947,0.3600360639012004,0.9146666666666666,1.3900585957820155,158.441055484019,256.9378356933594,239.5510711669922,240.2013397216797,239.6964569091797,-0.5049294829368591,0.555118978023529,0.03187405318021774,7.189038805131618,1154.2765166215331,25.0,1.0
71,572.8340126294643,2.849920460843106,201.0,1.085939105111186,0.3577864562872887,0.8955223880597015,1.370699312400913,-85.61375953816446,186.07687377929688,222.957275390625,224.2996063232422,223.8000946044922,-0.49951425194740295,0.31434908509254456,0.008265851996839046,42.0127586388037,530.8212539906606,112.0,1.0
72,755.9505535918288,3.1629730275808736,239.0,1.0987828989338484,0.35623676559531925,0.9456066945606695,1.3855149976943522,22.25039259977109,225.0836181640625,224.8203887939453,225.85118103027344,224.89990234375,-0.951193630695343,0.24185551702976227,0.006529365200549364,61.93990421084199,694.0106493809868,125.0,1.0
73,1324.9267971422523,3.2315287735176885,410.0,1.1012554859468022,0.3599494891052136,0.9146341463414634,1.409316345590085,252.59088644026406,273.4486999511719,260.7203063964844,261.2993469238281,261.5426940917969,0.24336187541484833,0.5640967488288879,0.011260377243161201,343.47536798144813,981.4514291608042,226.0,1.0
74,967.7641369067132,3.033743375883114,319.0,1.0839827100394812,0.3519441157233278,0.9310344827586207,1.3919916818389269,75.63789417901557,239.03651428222656,238.02476501464844,238.96681213378906,239.20045471191406,0.23380796611309052,0.30437126755714417,0.00773934181779623,179.73313530918844,788.0310015975248,84.0,1.0
75,1016.3195692747831,2.9120904563747367,349.0,1.1066159733495309,0.36549481055990607,0.9226361031518625,1.3916007106329096,64.7835458962204,232.48838806152344,247.2794189453125,247.9250946044922,248.49053955078125,0.5655509829521179,0.30946028232574463,0.012078103609383106,-0.5079147374165078,1016.8274840121996,12.0,1.0
76,598.4226916134357,2.6715298732742667,224.0,1.104878918142962,0.36287655838402444,0.9151785714285714,1.395984148643772,-105.57257905318943,184.60276794433594,217.6178436279297,218.81468200683594,218.37945556640625,-0.4352075159549713,0.44920971989631653,0.02243756130337715,13.541246081501237,584.8814455319346,30.0,1.0
77,911.2412611469626,3.0173551693608034,302.0,1.0965714735298553,0.35827463431846696,0.9205298013245033,1.3870706598387657,52.78056078808845,235.9778594970703,229.7422637939453,230.7327423095703,230.13470458984375,-0.598013699054718,0.24666540324687958,0.009929394349455833,213.32974360213564,697.911517544827,156.0,1.0
78,1456.4006841778755,3.492567587956536,417.0,1.0817649881548537,0.3531073584733773,0.9280575539568345,1.3896261159774808,370.20249132401887,293.77349853515625,241.8415069580078,242.5028533935547,242.8711395263672,0.3683457374572754,0.48182007670402527,0.007782860193401575,86.94504356881038,1369.455640609065,92.0,1.0
79,263.7004666477442,2.126616666514066,124.0,1.1638017059934407,0.38279625315537424,0.8629032258064516,1.4139014747343703,-242.262201849331,111.05570983886719,151.63922119140625,153.15939331054688,152.36570739746094,-0.7936956882476807,0.4420360326766968,0.03766663372516632,13.08253738155236,250.61792926619182,33.0,1.0
80,682.7355769760907,2.4826748253676025,275.0,1.1359116982401076,0.38342892660025624,0.8945454545454545,1.4031670193035184,-122.25632079700495,189.05238342285156,240.546630859375,241.7708282470703,241.72352600097656,-0.04737028479576111,0.4084366261959076,0.04147720709443092,29.62463402174442,653.1109429543462,55.0,1.0
81,697.669398583239,2.9814931563386278,234.0,1.095989642068303,0.36266922386229816,0.9017094017094017,1.376189065080395,-26.12913230034121,207.98040771484375,220.7532958984375,221.84141540527344,220.7699432373047,-1.0714327096939087,0.3553325831890106,0.014916416257619858,116.10649221016443,581.5629063730745,106.0,1.0
82,1368.1848757266998,3.2268511219969334,424.0,1.0841477641427524,0.35644530607157704,0.9150943396226415,1.3807390852291026,268.12440072097456,270.8690185546875,258.5256652832031,259.00628662109375,259.861083984375,0.8547104001045227,0.682033360004425,0.02253580093383789,2.8171531388533833,1365.3677225878464,17.0,1.0
83,1651.23098622635,3.3767504830804707,489.0,1.0831831858251464,0.3555944231451286,0.9079754601226994,1.3788976111905231,422.44931981041736,289.60845947265625,253.4486083984375,254.14927673339844,254.50193786621094,0.3527415692806244,0.8240517973899841,0.02975616790354252,31.52994475169428,1619.7010414746558,47.0,1.0
84,29.795925999060273,0.8052952972718993,37.0,1.0363994045501546,0.3488075708978817,0.9459459459459459,1.3373317680999535,-303.8783786105064,12.129012107849121,253.4696807861328,257.7822570800781,254.80743408203125,-2.9749066829681396,0.3053370714187622,0.005349739454686642,30.70421873893755,-0.9082927398772753,37.0,0.0
85,1587.036649769172,3.320160355165632,478.0,1.087717627295551,0.3557102910740906,0.9058577405857741,1.3866200163519373,380.0385695918899,283.41156005859375,260.6226501464844,261.0865783691406,261.75244140625,0.6658039689064026,0.8010593056678772,0.013803619891405106,195.95412725769435,1391.0825225114777,153.0,1.0
86,1649.1710695251822,3.25280289847176,507.0,1.0755182281249935,0.35186655736176414,0.9230769230769231,1.3822683051988058,384.74353471873064,283.7017517089844,258.78021240234375,259.5126953125,260.3692932128906,0.8566117882728577,0.5244547724723816,0.00931747630238533,19.91696755385144,1629.2541019713308,27.0,1.0
87,702.1839082315564,2.9503525555947747,238.0,1.0993787426621326,0.363732728251391,0.9411764705882353,1.3867773454739072,-29.535926738805756,211.1734619140625,227.0937957763672,228.317626953125,227.5580291748047,-0.7595300674438477,0.22362248599529266,0.055384352803230286,60.00331647757123,642.1805917539851,135.0,1.0
88,603.0836416296661,2.728885256242833,221.0,1.077923544490161,0.352418180931721,0.9276018099547512,1.367736396725149,-94.9706509718726,192.08006286621094,186.1631622314453,187.3216094970703,186.4217529296875,-0.8998532295227051,0.6130568385124207,0.009214152581989765,232.10641402926433,370.97722760040176,130.0,1.0
89,452.39006009697914,2.5273187714915037,179.0,1.0575420911152542,0.342213306479326,0.9441340782122905,1.3620662455416044,-162.49053959334856,157.9484405517578,195.3818817138672,196.83660888671875,195.3717803955078,-1.4647749662399292,0.361026793718338,0.06230685114860535,56.41859427965607,395.97146581732306,132.0,1.0
90,469.593768353574,2.471546149229337,190.0,1.0809927395639591,0.34556462407896393,0.9368421052631579,1.388188002380652,-167.07041757540424,159.95709228515625,193.7177734375,194.96607971191406,194.4691925048828,-0.49688223004341125,0.060702405869960785,0.032187968492507935,137.40957656346507,332.1841917901089,81.0,1.0
91,397.39387941360474,2.3939390326120766,166.0,1.0791538087679227,0.3548259145510862,0.9036144578313253,1.351582455748142,-191.74248199468138,142.54470825195312,193.47442626953125,195.39613342285156,196.6745147705078,1.2783844470977783,0.8811976313591003,0.03944939374923706,17.3669771782821,380.0269022353226,51.0,1.0
92,1127.4805361256003,3.149386972417878,358.0,1.1015004389889518,0.3620450804934771,0.9078212290502793,1.3911858424619294,158.12157855177816,258.83935546875,226.7273406982422,227.58331298828125,227.38880920410156,-0.1946103572845459,0.2878658175468445,0.01806783676147461,1.2498162562466746,1126.2307198693536,161.0,1.0
93,697.9936260841787,2.9701856429113986,235.0,1.0854991591895211,0.35119872252012646,0.9106382978723404,1.3891310253500602,-27.785230821097002,209.47470092773438,216.1925811767578,217.53712463378906,217.13478088378906,-0.4022916257381439,0.15724802017211914,0.014630014076828957,-3.5833449545595992,701.5769710387383,8.0,1.0
94,993.7816282790154,0.9937816282790154,1000.0,1.1396851744034004,0.3891483335719192,0.906,1.3930440384738563,-1246.9466352233176,91.30615234375,97.82715606689453,97.989501953125,98.86996459960938,0.8804559707641602,0.3591489791870117,0.0980970710515976,14.228080367962374,979.5535479110531,30.0,1.0
95,617.0721237920225,2.6713078952035603,231.0,1.083397506176794,0.3576745956065738,0.8917748917748918,1.3866489539517153,-100.7854290264712,185.65151977539062,217.7682342529297,218.9613494873047,219.34251403808594,0.3812207877635956,0.40064823627471924,0.003908382263034582,14.564076999910485,602.5080467921119,95.0,1.0
96,682.1602171869017,2.623693143026545,260.0,1.0578555240330387,0.34809246309779174,0.9153846153846154,1.3579728415304904,-93.12679026076148,195.0887908935547,224.8426971435547,225.9598846435547,224.9885711669922,-0.9713335037231445,0.4704698920249939,0.014656992629170418,20.16049457283815,661.9997226140636,28.0,1.0
97,585.3214878700674,2.709821703102164,216.0,1.0952181363258158,0.36420852164640866,0.9259259259259259,1.3832282462776713,-102.83117462299379,183.11721801757812,206.89678955078125,208.0771942138672,207.7332000732422,-0.34392818808555603,0.5624897480010986,0.024967264384031296,78.71937966544095,506.6021082046264,111.0,1.0
98,1506.4607911095954,3.4237745252490805,440.0,1.0830173681997348,0.3518549966309696,0.9363636363636364,1.3989955824340452,374.71509975674235,289.02813720703125,244.78611755371094,245.3396759033203,245.4558563232422,0.1161748468875885,0.2572658061981201,0.0192264374345541,246.5807031558033,1259.880087953792,125.0,1.0
99,410.1734217242338,2.241384818165212,183.0,1.1051514401445786,0.36434960147520307,0.8688524590163934,1.386384048577115,-212.62848205287582,142.7415313720703,193.55918884277344,194.94398498535156,193.83689880371094,-1.1071966886520386,0.6054540276527405,0.049300841987133026,75.07232898398068,335.1010927402531,73.0,1.0
100,1245.5556853907183,3.235209572443424,385.0,1.0792781028568281,0.3498075800733661,0.9324675324675324,1.3864975120240124,222.72792523111752,269.6614990234375,257.26837158203125,257.9129638671875,258.5182189941406,0.6052099466323853,0.4064123034477234,0.018073661252856255,-0.951816482815297,1246.5075018735336,14.0,1.0
101,1014.4755221586674,3.0648807315971824,331.0,1.0936272558016316,0.36171376091275226,0.9033232628398792,1.3998015637122407,98.58536717062384,244.31236267089844,243.67616271972656,244.5796356201172,244.6432342529297,0.06362983584403992,0.29173606634140015,0.009181104600429535,29.565357165867425,984.9101649928,178.0,1.0
102,1155.406573973596,3.236432980318196,357.0,1.0681758124329535,0.35132602154234654,0.9299719887955182,1.3837152463710403,188.02794242146933,263.2279052734375,244.78282165527344,245.50489807128906,245.7152099609375,0.21020835638046265,0.6573759317398071,0.02151370421051979,167.13305242191228,988.2735215516839,80.0,1.0
103,302.77072912454605,2.259483053168254,134.0,1.0730187498135872,0.3554476375388391,0.9552238805970149,1.3991636853125473,-222.99519958948417,120.90648651123047,168.33470153808594,170.24147033691406,170.577392578125,0.3359399735927582,0.8974663615226746,0.03070003353059292,80.52904981678196,222.2416793077641,112.0,1.0
104,1412.8702300330624,3.4460249513001524,410.0,1.093757178624669,0.35761989728832516,0.9219512195121952,1.3957444762941238,340.53431933107413,288.1710205078125,252.4562530517578,253.03990173339844,253.22071838378906,0.18076084554195404,0.7043213844299316,0.006667064968496561,55.42597261233767,1357.4442574207246,65.0,1.0
105,1152.346827114001,3.1745091656033084,363.0,1.0785029117656353,0.3509404592865599,0.9366391184573003,1.3892925362449278,173.0862394317012,261.73382568359375,228.35858154296875,229.1350555419922,228.8573760986328,-0.277697890996933,0.5976413488388062,0.04585631191730499,133.49841633679682,1018.8484107772041,121.0,1.0
106,670.8280790257268,2.738073791941742,245.0,1.074958282710222,0.3489433771125231,0.9346938775510204,1.3855377356729828,-74.7540380965039,195.55638122558594,196.7017364501953,197.9486541748047,198.77308654785156,0.8245177268981934,0.06088896095752716,0.01100922655314207,0.20555456067083064,670.6225244650559,14.0,1.0
107,726.4986039996147,2.837885171873495,256.0,1.0824100375066574,0.35495504009562256,0.90625,1.3723431107592368,-40.86709936126647,204.5419464111328,221.79296875,223.03009033203125,223.1697998046875,0.13966473937034607,0.0704212561249733,0.00453744363039732,72.39041125526971,654.108192744345,133.0,1.0
108,588.8625796735287,2.777653677705324,212.0,1.0875128016214768,0.3544985730919083,0.8726415094339622,1.3591570734626066,-91.36877873275057,186.80311584472656,225.1909637451172,226.3391571044922,225.2226104736328,-1.1164933443069458,0.449262797832489,0.024279041215777397,174.1106886449541,414.75189102857456,147.0,1.0
109,1132.3820399865508,3.1281271822832895,362.0,1.0942343863432198,0.35935546515404326,0.9281767955801105,1.4100019561490373,155.10177832594673,252.5662384033203,236.1829833984375,236.92327880859375,237.2650146484375,0.34165990352630615,0.47035086154937744,0.025155534967780113,315.889156576707,816.4928834098438,122.0,1.0
110,1603.641135893762,3.2861498686347583,488.0,1.0974729900969442,0.3615751899270719,0.9139344262295082,1.3995458988623755,376.8397954995248,287.2821350097656,254.10630798339844,254.57411193847656,254.385009765625,-0.18910455703735352,0.9136680364608765,0.01319271419197321,228.28575779227248,1375.3553781014896,138.0,1.0
111,764.8948596324772,2.7220457638166446,281.0,1.0935472411001854,0.3594563904181849,0.9217081850533808,1.3851884835610384,-51.97899427079142,208.57505798339844,229.1436309814453,230.0021209716797,230.37403869628906,0.37195727229118347,0.41581249237060547,0.01973419263958931,19.7787601868673,745.1160994456098,31.0,1.0
112,1230.7350840121508,3.1236931066298244,394.0,1.0968862185379082,0.36061721155311605,0.9213197969543148,1.3869038197618693,190.08438965729056,259.79498291015625,251.0638427734375,251.6553497314453,251.7776336669922,0.1222277358174324,0.34955692291259766,0.01831509917974472,215.851648925342,1014.8834350868087,105.0,1.0
113,544.608713068068,2.593374824133657,210.0,1.1028084985080426,0.36473625422924727,0.8904761904761904,1.380692650985687,-131.66199329482015,174.44154357910156,202.7327117919922,203.8848419189453,203.68373107910156,-0.20105266571044922,0.013563835993409157,0.010446781292557716,80.39179102192557,464.2169220461425,130.0,1.0
114,469.7912267949432,2.5812704768952925,182.0,1.0437612927669773,0.335437123593789,0.9230769230769231,1.3824276551653127,-151.03035096047097,165.24166870117188,179.8522491455078,181.4522705078125,180.5622100830078,-0.8900715708732605,0.3234230875968933,0.031373802572488785,112.34672121117934,357.4445055837639,95.0,1.0
115,664.9181681466289,2.617788063569405,254.0,1.1065345169338558,0.36920406830732666,0.8937007874015748,1.3850864195108532,-98.48688317086135,186.8452606201172,220.72216796875,222.24195861816406,222.666748046875,0.4247637093067169,0.42911553382873535,0.020759359002113342,40.429889855787245,624.4882782908417,110.0,1.0
116,1026.6270897239447,3.218266738946535,319.0,1.0798972492987688,0.35204810618480464,0.9278996865203761,1.3753408279581885,134.500846996247,250.86363220214844,234.8463897705078,235.6616973876953,235.58062744140625,-0.08111380785703659,0.1923292726278305,0.011801159009337425,-2.5190086072512585,1029.1460983311958,10.0,1.0
117,642.4549808502197,2.5393477503961255,253.0,1.0979596611583144,0.36665400218022853,0.9407114624505929,1.385772746999251,-118.96974444557497,185.52285766601562,221.763427734375,222.9097900390625,223.9241485595703,1.014366626739502,0.41552555561065674,0.032846495509147644,95.34379929620331,547.1111815540164,128.0,1.0
118,1387.8211692702025,3.1047453451234954,447.0,1.0953516258972202,0.3585466491152226,0.9194630872483222,1.3920001324018334,242.2131957654808,266.7971496582031,246.3650360107422,247.0318145751953,247.62330627441406,0.5915012359619141,0.4015868604183197,0.012276588007807732,368.6406235371064,1019.1805457330961,156.0,1.0
119,503.94530245661736,2.6805601194500923,188.0,1.0635903934365154,0.3435075206464117,0.9361702127659575,1.3861234935988491,-128.7582314289698,169.8072967529297,173.70982360839844,175.3112030029297,175.201171875,-0.10998481512069702,0.6190619468688965,0.06820198893547058,4.378604192882508,499.56669826373485,16.0,1.0
120,960.8669996970566,3.0311261820096425,317.0,1.092122660102533,0.3582671604850785,0.9305993690851735,1.3998979416246407,72.70140901274999,236.383056640625,224.967041015625,225.7316131591797,226.2017822265625,0.47015392780303955,0.1859234720468521,0.009268814697861671,0.9129870945663421,959.9540126024903,14.0,1.0
121,1157.6941248178482,3.154479904135826,367.0,1.1229807956583322,0.3666306651529596,0.896457765667575,1.4084436667265912,170.51223304876657,255.2021942138672,246.84861755371094,247.6945037841797,247.4687957763672,-0.22571420669555664,0.6866763830184937,0.011967774480581284,268.1119315555535,889.5821932622947,121.0,1.0
122,528.9919174611568,2.5190091307674134,210.0,1.093686391723845,0.3612826626886436,0.8952380952380953,1.3904045725877363,-147.27878890173133,170.72682189941406,226.61279296875,227.73731994628906,226.8114471435547,-0.9258906245231628,0.47783365845680237,0.04302600398659706,250.06253313595047,278.92938432520634,159.0,1.0
123,265.12498025479726,1.2447182171586726,213.0,1.101821419022873,0.3653882478452125,0.9295774647887324,1.3766714624077434,-417.0867041731774,84.83834075927734,185.6175994873047,187.3154754638672,186.57789611816406,-0.7375454902648926,0.507709801197052,0.019479498267173767,5.917890112266683,259.2070901425306,26.0,1.0
124,610.3245268603787,2.5861208765270285,236.0,1.1272473660852187,0.3759388615981357,0.8940677966101694,1.3920725818320336,-117.43465606659242,185.8173370361328,223.64210510253906,224.6873016357422,224.0483856201172,-0.6388879418373108,0.5388241410255432,0.05972207710146904,276.4994012549438,333.8251256054349,182.0,1.0
125,641.7350468933582,2.852155763970481,225.0,1.078274131652798,0.3531898609023645,0.92,1.366749442459222,-64.24054979496248,197.01864624023438,229.32421875,230.41197204589844,230.44044494628906,0.02842389978468418,0.35729026794433594,0.051791898906230927,63.525339142191875,578.2097077511663,121.0,1.0
126,428.85316010937095,2.6636842242818073,161.0,1.0883955264446605,0.35935344151992493,0.8944099378881988,1.3776505328152904,-150.38157119043774,156.3665008544922,191.33192443847656,192.8883514404297,191.23094177246094,-1.6573854684829712,0.649446964263916,0.05270010977983475,162.76872779131565,266.0844323180553,81.0,1.0
127,1045.3789173923433,3.2364672365088025,323.0,1.0813338268670194,0.3556640360002085,0.9380804953560371,1.3676215620994545,145.33137057786348,255.03855895996094,240.53236389160156,241.24867248535156,241.0388946533203,-0.20976471900939941,0.47329461574554443,0.016597077250480652,75.10595581562552,970.2729615767178,125.0,1.0
128,1063.8760593002662,3.2141270673724054,331.0,1.0927813980927068,0.35365451453634644,0.9063444108761329,1.3763754872714078,147.9859043122226,256.275634765625,239.70680236816406,240.57720947265625,240.21856689453125,-0.35862040519714355,0.2673240005970001,0.012876015156507492,63.49779105870404,1000.3782682415622,108.0,1.0
129,685.2090469151735,2.891177413144192,237.0,1.099071044801777,0.36444243194149606,0.9156118143459916,1.3705115757294084,-44.53046203349322,205.01036071777344,214.1485137939453,215.3714599609375,215.1695556640625,-0.20179744064807892,0.27179843187332153,0.011676328256726265,204.05757107046387,481.1514758447097,91.0,1.0
130,684.9924222826958,2.665340164524108,257.0,1.0914225772176354,0.3586058405443275,0.9455252918287937,1.41627115057243,-84.35360709988095,194.01133728027344,220.97657775878906,221.87977600097656,221.7877960205078,-0.09204711765050888,0.07578325271606445,0.019661789759993553,246.6650681462569,438.3273541364389,149.0,1.0
131,1352.3927581384778,3.2666491742475308,414.0,1.1109621664448597,0.36428521978677303,0.9130434782608695,1.4069713793229335,272.13554334970763,273.72320556640625,256.56817626953125,257.2977294921875,258.0339050292969,0.7361558079719543,0.8224331140518188,0.036214012652635574,117.36257062352124,1235.0301875149567,123.0,1.0
132,590.061685513705,2.634203953186183,224.0,1.0923492048176784,0.35652426248379054,0.9196428571428571,1.3781013470089971,-113.93358515292016,183.34852600097656,199.0786895751953,200.66632080078125,200.4789276123047,-0.18734979629516602,0.4248395562171936,0.02663358673453331,6.262858897816442,583.7988266158886,15.0,1.0
133,483.4581714645028,2.5992374809919507,186.0,1.1165536113740526,0.3657503724621344,0.8655913978494624,1.4182784442395173,-145.2847103776934,163.30992126464844,201.73167419433594,203.1319580078125,203.3154754638672,0.18352854251861572,0.20923154056072235,0.02758326381444931,29.35342183270592,454.1047496317969,55.0,1.0
134,596.4320496758446,2.7110547712538393,220.0,1.1140454307247885,0.3657930436668473,0.9272727272727272,1.4169922972317974,-99.64191690399855,187.2115020751953,199.77154541015625,201.00880432128906,200.1658172607422,-0.8430521488189697,0.6262399554252625,0.023959241807460785,-2.266844042033882,598.6988937178785,11.0,1.0
135,644.4742771096062,2.9030372842775054,222.0,1.0927762564492258,0.3579139661416813,0.8873873873873874,1.3701232471015021,-55.56034151362792,198.67506408691406,208.6705322265625,209.78643798828125,209.04322814941406,-0.7431959509849548,0.28033509850502014,0.007755486760288477,253.3014835096347,391.1727935999715,159.0,1.0
136,133.52262966893613,1.6283247520601967,82.0,1.1092890294076316,0.35974249114070417,0.9512195121951219,1.4366370188807984,-289.266345916928,59.15345764160156,159.27354431152344,163.26356506347656,163.4075164794922,0.1439560204744339,0.25663816928863525,0.05002390593290329,51.56579732758817,81.95683234134796,73.0,1.0
137,624.4093237873167,2.8774623216005377,217.0,1.0850245508792726,0.3582760728467378,0.8940092165898618,1.4003717276339642,-65.72366472744,194.67507934570312,228.11451721191406,229.32666015625,228.57618713378906,-0.7504861950874329,0.19533026218414307,0.01222043577581644,133.52269605294236,490.8866277343743,69.0,1.0
138,668.9878472462296,2.7305626418213453,245.0,1.1198200101817462,0.36810989512841785,0.8938775510204081,1.3972990744882936,-76.59426987600102,197.80332946777344,214.6814422607422,215.8124542236328,215.008544921875,-0.803896427154541,0.13125649094581604,0.036024268716573715,156.2260177846122,512.7618294616175,92.0,1.0
139,295.3405421897769,2.1401488564476585,138.0,1.1201910389844845,0.38123859362429285,0.8840579710144928,1.40132441965425,-238.34669061103523,117.94112396240234,169.15557861328125,171.6131134033203,171.0511474609375,-0.5619497299194336,0.7497106790542603,0.036511003971099854,14.169761327657797,281.1707808621191,31.0,1.0
140,598.4637516178191,2.8096889747315448,213.0,1.105051476399049,0.3630211792424604,0.8967136150234741,1.3898825212018524,-83.74793281015559,188.10108947753906,223.35154724121094,224.5184326171875,223.9798126220703,-0.5386024713516235,0.21641823649406433,0.020740102976560593,233.72805625595174,364.73569536186733,125.0,1.0
141,979.9430775229848,0.9799430775229848,1000.0,1.1230156489868595,0.3811929806508173,0.879,1.386023629287485,-1260.7851859793482,88.8923568725586,96.05561065673828,96.2088623046875,97.2950210571289,1.086165428161621,0.5933308601379395,0.16467763483524323,11.073580208951116,968.8694973140337,23.0,1.0
142,1425.392471820116,3.146561747947276,453.0,1.104316046089672,0.36321624838754796,0.9205298013245033,1.397438326965826,267.90254218522136,268.92578125,258.7630615234375,259.37420654296875,260.30340576171875,0.9293329119682312,0.3332577645778656,0.021856168285012245,161.0728410107893,1264.3196308093268,100.0,1.0
143,536.4525556564331,2.7231094195758025,197.0,1.088908223176416,0.36011043222827527,0.9035532994923858,1.3808641423306047,-114.07391242441349,177.72967529296875,235.38182067871094,236.4993133544922,235.2616729736328,-1.2375895977020264,0.40129584074020386,0.032430026680231094,113.14722937242432,423.3053262840088,108.0,1.0
144,1116.2999248588458,3.322321204937041,336.0,1.1285496454288446,0.3712115959886952,0.9047619047619048,1.394322186271062,190.50813976232462,264.80670166015625,234.95452880859375,235.7354736328125,235.25209045410156,-0.483394056558609,0.2826341986656189,0.009204347617924213,213.04623408335877,903.253690775487,97.0,1.0
145,841.3801972623914,3.0819787445508844,273.0,1.088440516943498,0.3583280584247986,0.9084249084249084,1.3703869700521238,40.34895153268667,228.58306884765625,213.68064880371094,214.92869567871094,213.7551727294922,-1.173521637916565,0.16921080648899078,0.0159122534096241,34.86892666745726,806.5112705949342,52.0,1.0
146,1125.7337521016598,3.310981623828411,340.0,1.1230782465146332,0.3675445430429867,0.9382352941176471,1.4233639170556458,192.0206629183565,267.9798278808594,235.355224609375,236.1483917236328,235.39845275878906,-0.7499091625213623,0.34096598625183105,0.021902238950133324,51.119982689238554,1074.6137694124213,115.0,1.0
147,823.6341735441238,3.0392404927827443,271.0,1.0804362406446544,0.3526725978098682,0.9372693726937269,1.391813036740447,26.563579857810055,227.4189453125,225.25096130371094,226.1984405517578,225.1759796142578,-1.0225237607955933,0.6249071955680847,0.08378172665834427,244.3145365611681,579.3196369829557,130.0,1.0
148,594.1980910170823,2.676567977554425,222.0,1.092870445354947,0.36134821235534115,0.8873873873873874,1.370410952803282,-105.83652760615178,184.92335510253906,220.5584259033203,221.6922607421875,221.8906707763672,0.19831876456737518,0.40682148933410645,0.016715195029973984,192.1183097688285,402.0797812482538,98.0,1.0
149,1043.7880086898804,3.097293794331989,337.0,1.1335812748667375,0.3702232758144956,0.9198813056379822,1.426047918071523,116.01589757166357,245.2277374267578,243.18690490722656,243.90191650390625,244.0828094482422,0.181011363863945,0.3061762750148773,0.018133990466594696,92.64064210479908,951.1473665850813,138.0,1.0
150,452.1747987829149,2.4844769163896423,182.0,1.0678121443876425,0.34969007939414976,0.9010989010989011,1.3634589189960384,-168.6467789724993,158.00755310058594,197.8477325439453,199.2465057373047,197.881591796875,-1.3649353981018066,0.0917975902557373,0.03920843452215195,18.521966501637564,433.6528322812773,32.0,1.0
151,1092.5775632709265,3.2614255620027657,335.0,1.0609667607704578,0.3434453240112142,0.9402985074626866,1.4114989874215722,168.76610419610074,261.7024230957031,223.4490203857422,224.3015899658203,223.7351531982422,-0.5665358901023865,0.27716395258903503,0.011758238077163696,18.283274154515787,1074.2942891164107,55.0,1.0
152,521.891291147098,2.6901612945726696,194.0,1.0839916997618775,0.356159003394509,0.9329896907216495,1.3861664042420787,-122.69419886866217,174.1455841064453,208.20542907714844,209.3408966064453,210.24415588378906,0.9032471179962158,0.11867201328277588,0.040167443454265594,42.28303477328683,479.6082563738111,107.0,1.0
153,529.4987080469728,2.7015240206478204,196.0,1.1159109359883523,0.3658720556659256,0.9285714285714286,1.408264328880195,-119.04743401217843,172.890625,190.316162109375,191.89532470703125,191.86572265625,-0.02952978014945984,0.0088986000046134,0.01099911518394947,54.08875228675223,475.4099557602205,68.0,1.0
154,418.1720321364701,2.417179376511388,173.0,1.1319974009879499,0.37626531174243116,0.9132947976878613,1.38890763276866,-184.82661142368465,145.83973693847656,196.82391357421875,198.3107147216797,197.43580627441406,-0.8748729825019836,0.2335197925567627,0.008534420281648636,74.72912072005053,343.4429114164195,127.0,1.0
155,998.4565607234836,2.728023389954873,366.0,1.083277494734793,0.35277670015042506,0.9234972677595629,1.380215352161385,13.25499497609735,224.6092071533203,228.5916290283203,229.39561462402344,230.20933532714844,0.8137128353118896,0.3714587092399597,0.015052937902510166,18.49858412071471,979.9579766027689,32.0,1.0
156,463.20933589339256,2.5877616530357126,179.0,1.108063606740665,0.3609645356992897,0.9441340782122905,1.405443967375034,-151.67126379693514,161.08518981933594,193.0728302001953,194.89894104003906,195.716796875,0.8178173899650574,0.5503365993499756,0.013057422824203968,147.13079523348236,316.07854065991023,118.0,1.0
157,229.85178251564503,2.052248058175402,112.0,1.122895114415378,0.3758123539851762,0.9017857142857143,1.4128574209704783,-252.34697372108417,94.69691467285156,187.73329162597656,190.2120361328125,188.86341857910156,-1.3485475778579712,0.8503218293190002,0.05750879645347595,-2.2203459490083364,232.07212846465336,12.0,1.0
158,551.1968200318515,2.662786570202181,207.0,1.0852900181326546,0.3576912735345145,0.8888888888888888,1.3537047634615547,-119.13290826595016,179.31211853027344,206.51904296875,207.81748962402344,206.1807098388672,-1.6367368698120117,0.09711961448192596,0.014021388255059719,5.577988318570901,545.6188317132807,27.0,1.0
159,1037.2153804553673,1.0372153804553672,1000.0,1.1316557102385794,0.38509797138231805,0.877,1.3880713023294389,-1203.5128830469657,94.01227569580078,103.19622039794922,103.37942504882812,104.72348022460938,1.3440700769424438,0.8758902549743652,0.12415441125631332,14.378845704499279,1022.8365347508679,28.0,1.0
160,1541.4847158745397,3.2181309308445507,479.0,1.0806274420192432,0.35671553334957895,0.918580375782881,1.370888757479774,332.5063096755621,278.55120849609375,265.0321350097656,265.5557861328125,266.9326477050781,1.376875877380371,0.5239993333816528,0.022974850609898567,316.74680058638796,1224.7379152881517,155.0,1.0
161,786.6383270472288,2.968446517159354,265.0,1.1148257519605393,0.3672536535143893,0.9245283018867925,1.4039914364397612,1.4496894910880656,220.9398193359375,227.1272430419922,227.97271728515625,226.98985290527344,-0.9828934073448181,0.5239430069923401,0.07034815102815628,154.40477392959502,632.2335531176338,80.0,1.0
162,613.4263427829137,2.57742160833157,238.0,1.1010853317753253,0.36313695932643264,0.9243697478991597,1.4109602847302998,-118.29349218744846,183.72943115234375,219.3100128173828,220.388916015625,220.8848419189453,0.4958634376525879,0.32232505083084106,0.0067209480330348015,139.07047757670242,474.3558652062113,159.0,1.0
163,797.1277178376913,2.867365891502487,278.0,1.0927996634410555,0.35793966781074404,0.9028776978417267,1.395317838388349,-13.805158000490792,215.27645874023438,238.5029296875,239.46311950683594,238.6100311279297,-0.8531396985054016,0.3218936026096344,0.018809247761964798,47.19346356275926,749.9342542749321,140.0,1.0
164,651.1358978301287,2.8811322912837554,226.0,1.1035397332579808,0.36183538596859405,0.911504424778761,1.3963469393621029,-56.82002487988757,197.2913818359375,231.28485107421875,232.3065643310547,231.79429626464844,-0.5122389197349548,0.2707609236240387,0.01265508309006691,-0.46125812217271356,651.5971559523014,12.0,1.0
165,478.4613596852869,2.428737866422776,197.0,1.126545212063508,0.3729798055692992,0.9035532994923858,1.408508487897609,-172.06510839555972,156.2369842529297,221.59071350097656,222.977294921875,223.06671142578125,0.08942806720733643,0.3463566303253174,0.024380702525377274,21.83888421198939,456.62247547329747,27.0,1.0
166,563.7103849127889,2.3586208573756857,239.0,1.0674388987094345,0.3582529518814177,0.895397489539749,1.3511315262534815,-169.98977607926884,169.07797241210938,229.86497497558594,231.1778106689453,230.70362854003906,-0.4741479158401489,0.16274355351924896,0.012122545391321182,-12.25761399453556,575.9679989073244,178.0,1.0
167,762.8916224092245,3.0273477079731133,252.0,1.1184973739444484,0.3720705735418796,0.9047619047619048,1.4052083183109703,3.4472231351253413,215.3529815673828,233.3091278076172,234.3074493408203,234.6961212158203,0.3887224495410919,0.38962188363075256,0.004101489670574665,32.54273993068913,730.3488824785354,52.0,1.0
168,850.526222968474,2.8350874098949133,300.0,1.0871123073388596,0.35592679852580966,0.9233333333333333,1.3973719004345473,-3.9738253470090967,221.58718872070312,207.8789520263672,208.6165008544922,208.239501953125,-0.3769579827785492,0.39168232679367065,0.010696984827518463,33.37165050943198,817.154572459042,39.0,1.0
169,637.9328329153359,2.51154658628085,254.0,1.1000245058091125,0.36425777999442066,0.9212598425196851,1.3792823049476595,-125.47221840215434,187.2089080810547,182.0957794189453,183.088623046875,182.78150939941406,-0.30713334679603577,0.677277684211731,0.0035205543972551823,366.707200320428,271.2256325949079,209.0,1.0
170,928.9342062652577,2.8235082257302664,329.0,1.0746682372151024,0.3519108377445508,0.9513677811550152,1.4033580201577567,17.004703320604904,223.06942749023438,225.3309326171875,226.297119140625,226.874755859375,0.5776801705360413,0.3279000222682953,0.022785469889640808,14.750747931295237,914.1834583339624,128.0,1.0
171,883.9084310792387,2.8421492960747226,311.0,1.1107740588085722,0.3687585881502704,0.909967845659164,1.4041272700584906,7.624796525105012,218.68272399902344,234.22705078125,235.30303955078125,235.95654296875,0.6535031795501709,0.4280278980731964,0.013737048953771591,25.21879642981769,858.689634649421,47.0,1.0
172,622.1948573887348,2.560472664151172,243.0,1.0946033292685675,0.36260489576225663,0.9218106995884774,1.3967864458414683,-119.4266076901049,184.80654907226562,208.17137145996094,209.3691864013672,209.9090118408203,0.5398588180541992,0.3062199354171753,0.037293609231710434,18.542730061893234,603.6521273268415,34.0,1.0
173,1343.9229585174471,3.2461907210566356,414.0,1.1020947639676226,0.36505532125275875,0.9106280193236715,1.401050529545529,263.66574372867694,273.7293701171875,259.1212158203125,259.5694885253906,259.3685302734375,-0.20098213851451874,0.24551177024841309,0.02114170603454113,53.53669821863761,1290.3862602988095,124.0,1.0
174,848.4976832419634,3.1194767766248654,272.0,1.0915885142941641,0.3581875696570433,0.9264705882352942,1.3783811401191415,49.446763533954254,232.90216064453125,231.13861083984375,232.1069793701172,231.9785919189453,-0.1283620148897171,0.379080593585968,0.02607838623225689,123.73299780421925,724.7646854377441,92.0,1.0
175,357.3041803371161,2.3051882602394587,155.0,1.0771546763093078,0.3517327889959673,0.9161290322580645,1.362370871741672,-210.04859483251948,133.41445922851562,174.4966278076172,176.3634033203125,175.8161163330078,-0.5472629070281982,0.697776734828949,0.06099388375878334,0.43014493610413806,356.874035401012,12.0,1.0
176,530.1959215621464,2.637790654538042,201.0,1.0639220753224197,0.3502765422567286,0.9154228855721394,1.36947067785158,-128.25185060548233,173.87095642089844,220.18507385253906,221.31211853027344,220.7858428955078,-0.526228666305542,0.18356464803218842,0.042193736881017685,259.50937237064636,270.68654919150003,162.0,1.0
177,640.7237672060728,2.5940233490124407,247.0,1.0735643966310633,0.34917203601802904,0.9635627530364372,1.392881508069829,-108.81900195954881,187.96267700195312,214.9650115966797,216.13780212402344,216.14820861816406,0.010384460911154747,0.16181515157222748,0.010872219689190388,10.11153638906446,630.6122308170084,27.0,1.0
178,570.187858203426,2.61554063396067,218.0,1.104455954188977,0.35740921305263257,0.9311926605504587,1.4172226789017435,-121.9254563330262,180.38624572753906,203.5580596923828,204.880126953125,204.3800506591797,-0.5000691413879395,0.5967658162117004,0.05743096396327019,84.36234055339149,485.8255176500345,111.0,1.0
179,973.829304728657,2.9332207973754727,332.0,1.0867124804224122,0.35759352555734114,0.9246987951807228,1.3813070774625438,55.958823718917756,235.20407104492188,234.0454864501953,235.0288543701172,234.47772216796875,-0.5511602759361267,0.5699530839920044,0.05763757601380348,149.7049702529151,824.1243344757419,130.0,1.0
180,1375.7180640483275,3.3391215146804067,412.0,1.0842427831392993,0.35659080719225666,0.9271844660194175,1.3957251243204143,299.4215013029484,280.0302734375,254.556396484375,255.1697540283203,255.8311004638672,0.6614066362380981,0.3913012742996216,0.01504870131611824,212.98279041727744,1162.73527363105,146.0,1.0
181,845.29183609553,2.7444540132971755,308.0,1.1080743785045801,0.36199458403091017,0.9155844155844156,1.4053556089432961,-25.050820393517142,217.07498168945312,221.7646942138672,222.53594970703125,221.98529052734375,-0.5506415963172913,0.22672857344150543,0.02224750816822052,37.9670762360956,807.3247598594344,43.0,1.0
182,473.49886552989483,2.287434132994661,207.0,1.098006366665688,0.36147612690042263,0.9082125603864735,1.3922906103661254,-196.83086276790686,155.59425354003906,189.27110290527344,190.5550537109375,190.1046142578125,-0.45047083497047424,0.3628274202346802,0.03854866698384285,380.0734036191391,93.4254619107557,180.0,1.0
183,736.9208148010075,2.801980284414477,263.0,1.0845150150818208,0.355318686589277,0.9239543726235742,1.3714798574597755,-44.307170711742174,208.07156372070312,222.4125518798828,223.2291259765625,222.4091339111328,-0.8199596405029297,0.13667379319667816,0.011965460143983364,36.58313599502193,700.3376788059855,116.0,1.0
184,503.2805770467967,2.607671383662159,193.0,1.1095370740020998,0.36614871816146666,0.9119170984455959,1.404427097161737,-139.32458694726802,166.01698303222656,242.31898498535156,243.3609619140625,242.99037170410156,-0.37059661746025085,0.32709231972694397,0.0480068065226078,135.49421982203023,367.78635722476645,157.0,1.0
185,504.1107333637774,2.3778808177536668,212.0,1.1113425708712972,0.36226693594589554,0.9339622641509434,1.4041145394993653,-176.12062504250184,159.15013122558594,189.5223846435547,191.01849365234375,190.0382537841797,-0.9802280068397522,0.6939381957054138,0.012910104356706142,140.02395682549258,364.0867765382848,81.0,1.0
186,1104.7393834255636,3.36810787629745,328.0,1.0526747468764606,0.3440490433270209,0.9237804878048781,1.3566937484260393,194.79020650260645,267.05560302734375,246.3790283203125,247.1558074951172,246.9109649658203,-0.24479679763317108,0.27762994170188904,0.007909690029919147,166.1249678298799,938.6144155956837,89.0,1.0
187,1216.2516784444451,3.3413507649572667,364.0,1.1037122225243674,0.3584042999989853,0.9368131868131868,1.4019198466978837,235.01076474044999,275.1312255859375,225.9851531982422,226.6593017578125,225.98211669921875,-0.6771275401115417,0.6308906674385071,0.03661471605300903,173.75272065158788,1042.4989577928573,115.0,1.0
188,598.2973580004182,2.612652218342437,229.0,1.0712514788554615,0.3457401803839719,0.9039301310043668,1.3539358478711405,-115.59954277468455,184.55023193359375,198.65110778808594,199.64244079589844,199.49017333984375,-0.15226522088050842,0.11425118148326874,0.005401279777288437,9.075636685868472,589.2217213145497,25.0,1.0
189,1093.6055233739316,3.2547783433747965,336.0,1.1121171077142709,0.3649563671460205,0.9375,1.4013370557172569,167.8137382774105,260.4720458984375,234.9402313232422,235.65992736816406,234.5945587158203,-1.065430998802185,0.4765448272228241,0.017795253545045853,135.97391404559232,957.6316093283393,81.0,1.0
190,496.62817030726,2.4464441887057142,203.0,1.1215314713457156,0.3726050691680649,0.8817733990147784,1.388038713579558,-165.78025390375967,161.23269653320312,225.0544891357422,226.86830139160156,226.7127685546875,-0.15555603802204132,0.30687204003334045,0.014047911390662193,49.71302146753887,446.91514883972116,111.0,1.0
191,1045.7332085287198,3.188211001611951,328.0,1.0741527291533186,0.35266205976296355,0.9359756097560976,1.3950858993564426,135.78403160576272,251.70457458496094,237.7821044921875,238.62413024902344,238.6430206298828,0.018891194835305214,0.29364627599716187,0.01095910556614399,340.6151443881097,705.1180641406102,185.0,1.0
192,1126.8358209356666,3.2012381276581436,352.0,1.0700204291543771,0.3466576286647813,0.9431818181818182,1.3867202200712023,169.35881949201735,259.7427978515625,221.8922576904297,222.71726989746094,221.889892578125,-0.8273584246635437,0.5630775690078735,0.021193381398916245,13.255287199014532,1113.5805337366521,30.0,1.0
193,804.713015894522,2.9156268691830505,276.0,1.1299004510343271,0.378053365365686,0.9347826086956522,1.4156665622869138,-2.2592079002693026,219.33543395996094,241.3837432861328,242.37986755371094,242.98033142089844,0.6004681587219238,0.260498583316803,0.005951878614723682,547.8457566012505,256.86725929327145,212.0,1.0
194,595.4857984185219,2.769701387993125,215.0,1.0657714572660892,0.35244258099755393,0.8930232558139535,1.3368087943176883,-90.68653805284384,186.9619903564453,221.3480987548828,222.6837615966797,222.1739959716797,-0.509730875492096,0.2057386338710785,0.002133638132363558,259.9563464172998,335.52945200122207,114.0,1.0
195,1391.3710452970117,3.176646222139296,438.0,1.0943784420244351,0.35582111314741066,0.9178082191780822,1.3890923770927417,263.58600598754947,271.1468200683594,252.1475372314453,252.73590087890625,252.2471923828125,-0.48869290947914124,0.742711067199707,0.024007808417081833,153.05822869154485,1238.3128166054669,118.0,1.0
196,572.8077449426055,2.8640387247130277,200.0,1.117318890084235,0.36833594697891386,0.91,1.3973615232540129,-83.6597012033277,186.87875366210938,223.16612243652344,224.5541534423828,224.34710693359375,-0.2070513516664505,0.28580859303474426,0.014130502007901669,218.53012284085085,354.2776221017547,130.0,1.0
197,572.633902693633,2.83482130046353,202.0,1.0760051350100917,0.3540883141128625,0.9108910891089109,1.391333506650628,-87.79419549569116,186.0109100341797,216.85401916503906,218.05010986328125,218.3579559326172,0.3078170120716095,0.1110946461558342,0.01374657079577446,192.48582778876843,380.14807490486453,114.0,1.0
198,280.99692163895816,2.0215605873306344,139.0,1.0921245329627112,0.36180559590506883,0.8920863309352518,1.3518397426991968,-254.6706371835495,113.67530059814453,195.9882049560547,197.57398986816406,194.44586181640625,-3.1281425952911377,0.35191506147384644,0.04507306218147278,8.423564787135616,272.57335685182255,28.0,1.0
199,466.148742929101,2.506176037253231,186.0,1.1133378848031266,0.37377216185179807,0.8870967741935484,1.3757851946171666,-162.5941389130952,159.97816467285156,241.6246337890625,243.23939514160156,242.9122314453125,-0.3271337151527405,0.2968321442604065,0.013895733281970024,80.55887446740279,385.5898684616982,116.0,1.0
200,753.0585924014449,2.8204441662975466,267.0,1.064113803314295,0.3457335647734489,0.9213483146067416,1.3716888520697985,-36.09069719808667,207.85354614257812,213.04725646972656,214.1544952392578,213.7080078125,-0.4464528262615204,0.28229525685310364,0.024920659139752388,128.2446235156289,624.813968885816,108.0,1.0
201,820.5461609847844,2.909738159520512,282.0,1.0965856423490778,0.36193322075790135,0.9078014184397163,1.3897764967098054,1.6919810598201366,221.28175354003906,225.76368713378906,226.57948303222656,226.110107421875,-0.46939873695373535,0.2760823965072632,0.01818709261715412,92.7551900541087,727.7909709306757,155.0,1.0
202,890.286591312848,3.0594040938585843,291.0,1.0815286192636668,0.35768364302987093,0.8831615120274914,1.3583989553686238,53.609477192624354,232.83889770507812,231.04638671875,231.91383361816406,232.07879638671875,0.16499066352844238,0.39036184549331665,0.03175359219312668,73.72121489263697,816.5653764202111,132.0,1.0
203,841.2066253423691,2.9107495686587166,289.0,1.069734834225382,0.34814886268731954,0.9273356401384083,1.3993980808378081,8.490163265536466,224.7489013671875,204.56427001953125,205.4254150390625,205.43101501464844,0.005571076646447182,0.19293907284736633,0.01992802321910858,19.683693350507482,821.5229319918616,90.0,1.0
204,1423.1230783779174,3.2270364589068423,441.0,1.0570979342236773,0.34303322906773037,0.9138321995464853,1.3700488824630432,289.39706100336866,275.7787780761719,256.9948425292969,257.58135986328125,258.3791809082031,0.7977373003959656,0.447296679019928,0.006281692069023848,222.51737345836506,1200.6057049195524,171.0,1.0
205,568.6294840760529,2.6083921287892333,218.0,1.0696090084180212,0.34448777451550167,0.926605504587156,1.3870729580891796,-123.4838304603993,177.90431213378906,207.8726806640625,209.17156982421875,209.33197021484375,0.16042546927928925,0.0703260600566864,0.026077834889292717,20.22533133622947,548.4041527398234,39.0,1.0
206,1062.545770674944,2.984679131109393,356.0,1.1412744164332775,0.3794051905561911,0.9213483146067416,1.417006565703624,97.14746514451281,237.5384521484375,237.84217834472656,238.99281311035156,239.95155334472656,0.9587397575378418,0.4517349600791931,0.020671626552939415,59.11777699307416,1003.4279936818698,59.0,1.0
207,1015.9860844947398,3.0787457105901206,330.0,1.077253841829345,0.3551643247324256,0.9121212121212121,1.3779090357508896,102.07625552839158,242.53306579589844,242.52899169921875,243.445556640625,244.20257568359375,0.7570568919181824,0.5085357427597046,0.021373111754655838,118.39633153453045,897.5897529602094,74.0,1.0
208,494.5900741741061,2.6168786993338946,189.0,1.111553870006922,0.3656728824666177,0.9153439153439153,1.3898765197929766,-140.09378573317656,166.89987182617188,212.2955780029297,213.7022705078125,212.7668914794922,-0.9353938102722168,0.18251478672027588,0.0280784722417593,62.05349888539592,432.5365752887102,110.0,1.0
209,858.2430191710591,2.980010483232844,288.0,1.1122313224329043,0.3678995620827697,0.9305555555555556,1.3886473234250702,27.506883115921937,227.14479064941406,231.9113311767578,232.9380340576172,232.23150634765625,-0.7065200805664062,0.18761524558067322,0.041809309273958206,42.07309293624094,816.1699262348181,118.0,1.0
210,940.0541262966581,3.003367815644275,313.0,1.0838532031436,0.35557926942374785,0.9073482428115016,1.3837480257405321,59.80983969913336,238.5913848876953,234.558837890625,235.4677276611328,234.86590576171875,-0.601851761341095,0.13805414736270905,0.005279181059449911,2.297480197401819,937.7566460992563,14.0,1.0
211,1276.058799520135,3.393773402979082,376.0,1.081808951264558,0.3516741495040544,0.9414893617021277,1.3979993810462825,271.0539735557936,276.6289978027344,248.4560546875,249.2082977294922,249.701416015625,0.493153840303421,0.6612759828567505,0.01383815985172987,55.69248675429764,1220.3663127658374,84.0,1.0
212,668.8297821767628,2.8460841794755867,235.0,1.090475190783934,0.3595069524715241,0.9106382978723404,1.3852101684260298,-56.94907472851287,201.75758361816406,210.84083557128906,211.7738037109375,210.9464569091797,-0.8273565173149109,0.25257039070129395,0.01986738294363022,-1.0444637276241977,669.8742459043871,12.0,1.0
213,883.5402774526738,0.8835402774526737,1000.0,1.1412450866216581,0.3868693679056014,0.891,1.3894369879586144,-1357.1879860496592,84.20570373535156,98.37673950195312,98.5331802368164,99.43607330322266,0.9029117226600647,0.34808477759361267,0.10598693042993546,10.411331550910466,873.1289459017632,28.0,1.0
214,347.6263488009572,2.00940086012114,173.0,1.109693396386572,0.3657028767389518,0.9479768786127167,1.4014788303268992,-255.37229475919753,124.01998138427734,135.6200714111328,137.5601043701172,136.3170166015625,-1.2430745363235474,1.3669832944869995,0.006475506816059351,2.4816051942655797,345.14474360669163,13.0,1.0
215,951.5836781598628,2.635965867478844,361.0,1.0841594489650521,0.35539897496929534,0.9030470914127424,1.3748852946393075,-23.716257479045908,218.1646270751953,219.60755920410156,220.277587890625,219.79945373535156,-0.4781150817871094,0.22854232788085938,0.016720492392778397,131.69989685608914,819.8837813037736,168.0,1.0
216,904.3135041440837,0.9043135041440837,1000.0,1.1197757251631268,0.37966376102257343,0.888,1.3865481777141204,-1336.4147593582493,82.7362060546875,107.33443450927734,107.5156021118164,109.04117584228516,1.52556574344635,0.8575335144996643,0.10150764137506485,33.68221805039802,870.6312860936857,46.0,1.0
217,699.7328647561371,2.856052509208723,245.0,1.0970710254335787,0.36108426499175744,0.8979591836734694,1.3821290534659854,-45.84925236609354,206.6077117919922,215.4833221435547,216.7632598876953,216.5038299560547,-0.25939813256263733,0.4655982255935669,0.004126225132495165,140.52883399434924,559.2040307617879,126.0,1.0
218,675.7668977454305,2.875603820193321,235.0,1.1018467889641994,0.36082624717638667,0.9106382978723404,1.3771898854041429,-50.01195915984522,200.991455078125,217.1155548095703,218.2127685546875,217.3251495361328,-0.8876538276672363,0.488140732049942,0.021621236577630043,133.04294074844768,542.7239569969828,130.0,1.0
219,143.3255177438259,1.3915098810080186,103.0,1.1096744384965842,0.3638016131859495,0.9223300970873787,1.3839643446155983,-321.0503042976437,61.09550476074219,214.7942352294922,215.8876495361328,215.8074493408203,-0.0801728144288063,1.3545105457305908,0.09188143908977509,168.66919216409275,-25.343674420266836,103.0,0.0
220,1069.9909902429208,2.8457207187311724,376.0,1.0860524034449905,0.3531096935497101,0.9574468085106383,1.397908302661109,64.98616427857951,233.72650146484375,232.72174072265625,233.3616943359375,233.5030517578125,0.14130710065364838,0.11749417334794998,0.029194090515375137,98.11607619442023,971.8749140485006,161.0,1.0
221,780.8677914068103,2.81901729749751,277.0,1.1050041224708422,0.3653726239703964,0.924187725631769,1.4015419189331177,-28.084758409676397,211.15858459472656,224.95802307128906,226.0677947998047,226.6195526123047,0.5517675280570984,0.21941977739334106,0.027913423255085945,138.93681818489128,641.930973221919,73.0,1.0
222,1023.2444783076644,3.09137304624672,331.0,1.1127474344939252,0.36145273411307915,0.945619335347432,1.406509175481617,107.35432331962079,250.5380401611328,222.5862274169922,223.28273010253906,223.3988037109375,0.11609137803316116,0.28033408522605896,0.020143743604421616,22.240224733394516,1001.0042535742699,29.0,1.0
223,523.0891311913729,2.5641624078008474,204.0,1.0709498426178916,0.3554039399394099,0.9117647058823529,1.3775448271448516,-141.29961904134234,167.2152099609375,219.5580291748047,220.7369842529297,220.1447296142578,-0.5923246145248413,0.1266457736492157,0.023874148726463318,101.4504721361204,421.63865905525245,131.0,1.0
224,570.92581968382,2.5374480874836447,225.0,1.08600599158524,0.3555019537382759,0.9422222222222222,1.3946447794353478,-135.0497770045007,176.1931915283203,224.6396484375,225.6262969970703,225.531982421875,-0.09423565864562988,0.40487992763519287,0.010748757980763912,90.77977933371328,480.1460403501067,105.0,1.0
225,581.837466718629,2.783911324012579,209.0,1.098078168238299,0.3620309358569637,0.8803827751196173,1.3916499617498348,-92.45291362256376,186.04429626464844,212.31336975097656,213.5552215576172,212.5479278564453,-1.0072270631790161,0.40312862396240234,0.046851254999637604,163.43495139804713,418.40251532058187,136.0,1.0
226,714.0504559129477,2.7892595934099518,256.0,1.0874652070406383,0.3611875673246535,0.89453125,1.3694636871133687,-53.31524744793353,207.79824829101562,222.31199645996094,223.430908203125,221.6600799560547,-1.770824909210205,0.1647070348262787,0.01959153823554516,0.18331427196624434,713.8671416409815,14.0,1.0
227,565.2026766687632,2.757086227652503,205.0,1.0707492856736567,0.3538805437743725,0.9463414634146341,1.373495679114443,-101.16639958564747,181.13111877441406,218.16139221191406,219.3413848876953,218.9146728515625,-0.4268268346786499,0.4173412024974823,0.023608803749084473,79.9511050663187,485.25157160244447,106.0,1.0
228,815.5241747200489,3.009314297859959,271.0,1.1087009212639134,0.3641605722340951,0.922509225092251,1.4147277626493369,18.45358103373519,226.4518585205078,234.7597198486328,235.62939453125,235.127685546875,-0.5017073750495911,0.29969555139541626,0.011288590729236603,72.37975611590461,743.1444186041443,119.0,1.0
229,283.38280744850636,1.8892187163233758,150.0,1.1156421852371192,0.36959282305130425,0.9,1.3911212269528968,-274.0683376126518,104.3014907836914,145.4795379638672,147.29493713378906,147.66098022460938,0.366030216217041,0.49785763025283813,0.02227592281997204,199.3694370178123,84.01337043069407,150.0,0.0
230,382.0857744887471,2.0993723873008086,182.0,1.113279499615899,0.36955183213589465,0.9120879120879121,1.3846147172995886,-238.73580326666706,134.86090087890625,177.07691955566406,178.50341796875,178.8304901123047,0.32707950472831726,1.0695401430130005,0.07405585795640945,38.09843617007564,343.9873383186715,53.0,1.0
231,591.710266360722,2.804314058581621,211.0,1.1215337169529127,0.37149843665792154,0.909952606635071,1.407688227314599,-86.54076602386158,188.78225708007812,206.6475067138672,207.90769958496094,207.477294921875,-0.4304322302341461,0.08793022483587265,0.013484506867825985,142.40674158012536,449.30352478059666,129.0,1.0
232,1511.1140035558492,3.1092880731601835,486.0,1.087034039856719,0.3554039218126693,0.9300411522633745,1.3829835345338168,288.273315205003,272.535400390625,250.36094665527344,250.93902587890625,251.77549743652344,0.8365039825439453,0.20133130252361298,0.012340272776782513,9.460287974248914,1501.6537155816002,19.0,1.0
233,1841.5784972533584,3.3241489120096723,554.0,1.079761502558077,0.350522741621442,0.927797833935018,1.3876410265571724,484.075639427218,296.20220947265625,257.2130432128906,257.7079772949219,258.5694885253906,0.8616271018981934,0.42065075039863586,0.010235385037958622,67.18620998108102,1774.3922872722774,66.0,1.0
234,1827.4084622599185,3.2172684194716874,568.0,1.081552082211607,0.35217108248687023,0.9049295774647887,1.3758528413723001,442.1810401300411,287.2886657714844,245.23619079589844,245.760498046875,246.62852478027344,0.8681033253669739,0.33900824189186096,0.017269421368837357,11.928129795952804,1815.4803324639656,28.0,1.0
235,1103.2705325894058,3.0561510598044483,361.0,1.095082577642442,0.3583608393178778,0.9168975069252078,1.388101155767005,127.97059695049711,246.47589111328125,248.5852508544922,249.2192840576172,249.7604217529297,0.5412290096282959,0.33148902654647827,0.008496143855154514,279.2288704612644,824.0416621281413,139.0,1.0
236,12.328010232653469,0.5603641014842485,22.0,1.0400824932440862,0.333544063579404,0.9545454545454546,1.321874961015891,-291.64140405148066,6.397675037384033,222.52764892578125,228.1102294921875,226.26416015625,-1.8460546731948853,0.9005072712898254,0.037757668644189835,15.879110100202926,-3.551099867549457,22.0,0.0
237,732.1328528784215,2.6916649002883144,272.0,1.1093222990804013,0.36798433093827043,0.9007352941176471,1.3856168403586726,-66.91806682958759,204.32249450683594,209.8481903076172,210.9684295654297,209.7306671142578,-1.2377324104309082,0.13736850023269653,0.01650892198085785,-2.2575103160199474,734.3903631944415,7.0,1.0
238,1620.9760970799252,3.356058172008127,483.0,1.104921868292559,0.3611608436417521,0.9337474120082816,1.4125366777519837,404.0763867941655,294.6138000488281,249.27244567871094,249.856201171875,249.93031311035156,0.0741715133190155,0.5741018652915955,0.004724217113107443,5.6674399059530165,1615.3086571739723,20.0,1.0
239,1476.5445348266512,3.3943552524750604,435.0,1.111971334232172,0.36653042185156853,0.9149425287356322,1.4286291981285206,354.70047358227544,289.1499328613281,251.2957305908203,252.01959228515625,252.2844696044922,0.26491764187812805,0.9207240343093872,0.022686362266540527,34.47416718985649,1442.0703676367948,51.0,1.0
240,1164.8764827810228,3.0574185899764377,381.0,1.1063872585987462,0.36376712576010317,0.9081364829396326,1.384265368183105,149.97002670820416,252.65414428710938,245.70350646972656,246.467041015625,246.2403106689453,-0.2266925424337387,0.31256288290023804,0.01088005118072033,-0.8868823585196921,1165.7633651395424,9.0,1.0
241,663.3053336320445,2.9878618632074074,222.0,1.078843598492227,0.3550664409511763,0.9234234234234234,1.3772568851322902,-36.729284991189616,205.60610961914062,214.7089385986328,215.82032775878906,215.7779541015625,-0.042384836822748184,0.1130383089184761,0.013608264736831188,230.02401646554114,433.28131716650336,151.0,1.0
242,546.6668229401112,2.366523043030784,231.0,1.0622323390925001,0.34600052898719885,0.9437229437229437,1.3829433491230363,-171.1907298783825,169.4755859375,147.44386291503906,148.8086700439453,148.30030822753906,-0.5084097981452942,0.6789200901985168,0.03262053802609444,233.35370026448737,313.3131226756238,186.0,1.0
243,585.8784023448825,2.547297401499489,230.0,1.1064866424229218,0.3671388918398103,0.9304347826086956,1.3671182401461361,-129.99882445191565,180.9613494873047,208.7604522705078,209.89735412597656,207.6068115234375,-2.290451765060425,0.1259300708770752,0.016576513648033142,115.96159549826422,469.9168068466183,120.0,1.0
244,974.5078559191898,2.7069662664421936,360.0,1.0933225065515635,0.36067373922037577,0.9194444444444444,1.3744519337302532,1.1882463019765055,225.74923706054688,237.4300079345703,238.12689208984375,238.2857666015625,0.15884380042552948,0.2505732774734497,0.020644649863243103,8.939132388304,965.5687235308858,28.0,1.0
245,886.4649066329002,2.964765574023078,299.0,1.1280528870930882,0.3683404029082764,0.919732441471572,1.397407825321382,33.94518433911253,227.2169189453125,227.93077087402344,228.554931640625,228.8049774169922,0.2500676214694977,0.448978066444397,0.01081959716975689,59.842250709739716,826.6226559231606,92.0,1.0
246,1113.0725669637322,3.041181876950088,366.0,1.0585372773044388,0.34665111943249544,0.907103825136612,1.340569251207917,127.87100121634603,248.0137176513672,237.55799865722656,238.32025146484375,238.32493591308594,0.004776751156896353,0.3047715723514557,0.0077495332807302475,25.182431695194023,1087.8901352685382,51.0,1.0
247,565.7391152700875,2.74630638480625,206.0,1.0907552681762647,0.3609200850550898,0.9271844660194175,1.3801087734475708,-102.61028700601867,183.4949493408203,217.8223114013672,218.7255096435547,217.30531311035156,-1.4202938079833984,0.06909371167421341,0.03426237031817436,307.89358554373234,257.84552972635515,145.0,1.0
248,964.6513796020299,3.05269423924693,316.0,1.0721935957942732,0.3489327019851464,0.939873417721519,1.3785162098823553,78.46611493941873,239.84068298339844,221.3822479248047,222.099853515625,221.5541534423828,-0.5456892848014832,0.17720845341682434,0.0157049298286438,188.9070297131735,775.7443498888564,84.0,1.0
249,25.08347202464938,0.24591639239852334,102.0,1.0508091618449757,0.3344877986355344,0.9215686274509803,1.389478079986585,-437.3120239951248,7.563004493713379,163.7084503173828,165.12147521972656,162.978271484375,-2.143224000930786,0.9826828241348267,0.06567652523517609,12.38288657061998,12.700585454029401,31.0,1.0
250,422.854148497805,2.562752415138212,165.0,1.134879905666095,0.3782568370302518,0.9272727272727272,1.4169231426707918,-164.3018868887857,151.65440368652344,182.920166015625,184.53004455566406,184.927001953125,0.39697492122650146,0.5119335055351257,0.0171969011425972,79.5060207805307,343.3481277172743,93.0,1.0
251,725.6924329707399,2.974149315453852,244.0,1.0523845975753108,0.34205701583239395,0.9426229508196722,1.3755736948293358,-17.909358129795237,214.29991149902344,225.0675048828125,226.0133819580078,225.66465759277344,-0.3487018048763275,0.3519212305545807,0.01847940869629383,667.3978884961608,58.294544474579084,227.0,1.0
252,859.0249014645815,3.12372691441666,275.0,1.1172585872566272,0.36978140592123526,0.9127272727272727,1.4206625186729156,54.033003691485874,237.35000610351562,229.00054931640625,230.10107421875,229.80413818359375,-0.29687079787254333,0.2525814175605774,0.0132878627628088,47.15575419261963,811.8691472719619,118.0,1.0
253,1087.3582598697394,3.1701406993286865,343.0,1.063745943371892,0.34789750977035,0.9300291545189504,1.3754298816909496,147.70419262134965,253.74453735351562,249.51025390625,250.2519073486328,249.9182891845703,-0.3336133062839508,0.7450770139694214,0.025343069806694984,157.03433036891613,930.3239295008233,79.0,1.0
254,836.3874693363905,2.8840947218496225,290.0,1.0757914060143097,0.35462896727806964,0.9620689655172414,1.391782552867165,1.6906812378622362,218.40481567382812,227.57496643066406,228.4340362548828,229.3129119873047,0.8788716197013855,0.13458889722824097,0.014146228320896626,105.6534213970907,730.7340479392998,73.0,1.0
255,1639.9771611494943,3.2931268296174587,498.0,1.0859601076687757,0.351882978472603,0.9437751004016064,1.4016397155831068,393.3725605383022,291.6785888671875,227.44956970214844,227.88414001464844,228.1947479248047,0.31061479449272156,0.47849786281585693,0.0248011015355587,219.95842622582865,1420.0187349236658,115.0,1.0
256,240.58619326353073,1.7308359227592138,139.0,1.0678725322720226,0.3423227201482813,0.935251798561151,1.3842110921792574,-295.0813655589769,93.19356536865234,206.0255584716797,208.1720733642578,207.38037109375,-0.7916725277900696,0.10412964224815369,0.01017751730978489,nan,nan,nan,nan
257,938.3412209735252,0.9383412209735252,1000.0,1.137891345055557,0.38919181757089005,0.896,1.3913767777271313,-1302.3870425288078,86.43995666503906,103.2020263671875,103.35100555419922,104.53316497802734,1.1822305917739868,0.499540776014328,0.15749163925647736,nan,nan,nan,nan
258,705.2705109417439,2.878655146700995,245.0,1.0787684078324724,0.35252489558758443,0.926530612244898,1.3645516833831652,-40.31160618048682,206.92698669433594,219.23667907714844,220.5489959716797,220.54168701171875,-0.007321031764149666,0.1498301774263382,0.011191045865416527,nan,nan,nan,nan
259,772.3360306969844,3.052711583782547,253.0,1.1003689905963492,0.3539817287238342,0.9051383399209486,1.3987509442470698,10.91130540118968,220.3612518310547,212.77012634277344,213.7689971923828,212.33819580078125,-1.4308161735534668,0.09769472479820251,0.006093219388276339,nan,nan,nan,nan
260,1106.4696594253182,2.966406593633561,373.0,1.1029411322345861,0.36270000180350487,0.900804289544236,1.3866105984554242,107.40581152606364,240.17388916015625,260.2799072265625,260.9038391113281,262.0250549316406,1.1211639642715454,0.4140695333480835,0.009056699462234974,nan,nan,nan,nan
261,930.8862064536661,3.1989216716620827,291.0,1.0732219503515865,0.34876621465605684,0.9415807560137457,1.388055364086483,94.20909233344241,247.94223022460938,219.35621643066406,220.2793731689453,219.56884765625,-0.710576593875885,0.49068841338157654,0.011145186610519886,nan,nan,nan,nan
262,1126.485803685151,2.9108160301941886,387.0,1.1019478742112576,0.36072628302852605,0.9328165374677002,1.389791202315083,99.69739148215945,240.2113800048828,245.2723388671875,245.96568298339844,247.3990936279297,1.4334484338760376,0.261274516582489,0.022876029834151268,nan,nan,nan,nan
263,1303.9994283095002,3.0255207153352672,431.0,1.1224565329088787,0.3694924414830879,0.9048723897911833,1.3934935860446693,190.07667115190657,260.1641540527344,243.1534881591797,243.8208770751953,245.0020751953125,1.1811532974243164,0.633878231048584,0.03398565575480461,nan,nan,nan,nan
264,800.440030477941,3.0205284168978905,265.0,1.1424025509534645,0.37232462014262,0.8981132075471698,1.4029034768561528,15.251392921800289,222.60299682617188,220.88134765625,221.8102264404297,221.1736602783203,-0.6365408897399902,0.37722039222717285,0.027749497443437576,nan,nan,nan,nan
265,1040.5836768802255,3.124875906547224,333.0,1.0991219676080561,0.36209162144242163,0.9279279279279279,1.3937844385864964,120.73286984879087,245.50759887695312,247.92176818847656,248.75048828125,249.7285919189453,0.9781153202056885,0.5901662111282349,0.016417132690548897,nan,nan,nan,nan
266,1098.2998621314764,3.2398226021577474,339.0,1.0796155102522358,0.3535741536248239,0.9233038348082596,1.3778660518287988,166.56709896986877,257.4835510253906,246.01153564453125,246.8748016357422,247.38182067871094,0.5069432854652405,0.3201413154602051,0.023068733513355255,nan,nan,nan,nan
267,854.4777957685292,3.118532101344997,274.0,1.0974880341081672,0.3579431272811741,0.8941605839416058,1.3749538203942417,51.46622401712898,233.85662841796875,236.9855194091797,237.84375,236.7436065673828,-1.100212574005127,0.6349092721939087,0.03655921667814255,nan,nan,nan,nan
268,264.93768732994795,1.8657583614785067,142.0,1.057194314112731,0.34548392824873303,0.9507042253521126,1.3612787827562975,-276.6708495576463,99.86187744140625,193.5452117919922,195.28138732910156,193.9373016357422,-1.344091773033142,0.954047441482544,0.06125035136938095,nan,nan,nan,nan
269,1008.9187567867339,3.0027343951986127,336.0,1.0992626939543957,0.36231122261198745,0.9345238095238095,1.4057403966250155,83.12697169021271,237.62353515625,239.4254608154297,240.19960021972656,240.3357696533203,0.13621602952480316,0.4990948736667633,0.03214343637228012,nan,nan,nan,nan
270,472.2897334769368,2.6683035789657445,177.0,1.0926311668443733,0.3630874883306231,0.8983050847457628,1.4043491759788056,-138.63021416999982,164.13809204101562,197.4095001220703,199.17100524902344,200.6590118408203,1.4880489110946655,0.08448576182126999,0.032607048749923706,nan,nan,nan,nan
271,967.4449813812971,3.0138472940227325,321.0,1.092065749939798,0.35673478396579444,0.9096573208722741,1.3973609629486432,71.35808661020837,241.27638244628906,237.20745849609375,238.00645446777344,237.7406463623047,-0.26591089367866516,0.5446231365203857,0.038200896233320236,nan,nan,nan,nan
272,642.9971597641706,2.75964446250717,233.0,1.1101081122799101,0.3693710846988566,0.9141630901287554,1.3981644505270128,-78.82104509771398,195.02679443359375,214.7208251953125,216.11126708984375,215.4540252685547,-0.6572680473327637,0.3753143548965454,0.02490975894033909,nan,nan,nan,nan
273,933.870952680707,3.04192492729872,307.0,1.091384634912066,0.35825890074580113,0.9250814332247557,1.3742743195106317,65.50862221335524,234.7926025390625,236.3447265625,237.11061096191406,236.7086639404297,-0.4019494354724884,0.2690715491771698,0.010241311974823475,nan,nan,nan,nan
274,760.1402492970228,3.0405609971880914,250.0,1.0615375540698322,0.34636949549824925,0.916,1.3816822579418584,4.656502066314715,218.33924865722656,226.83216857910156,228.0825958251953,227.3494110107422,-0.7331695556640625,0.2657710015773773,0.0035630406346172094,nan,nan,nan,nan
275,548.3529363553971,2.4925133470699867,220.0,1.1267084090278368,0.3787534056500369,0.9136363636363637,1.4181257691218772,-147.72103022444605,174.3129119873047,212.6652374267578,213.84295654296875,212.6673126220703,-1.175599217414856,0.5229508280754089,0.055334582924842834,nan,nan,nan,nan
276,968.7877800785936,2.9717416566828025,326.0,1.095175740717955,0.35999061224537193,0.9171779141104295,1.4032320080046945,62.79925519902736,234.34291076660156,235.1531524658203,235.8668212890625,236.30584716796875,0.4391283094882965,0.24999062716960907,0.017866462469100952,nan,nan,nan,nan
277,713.3856737911701,3.1426681664809255,227.0,1.0843528728047849,0.34965088394744537,0.9251101321585903,1.3913664009827431,3.449425059458463,216.11390686035156,210.4252471923828,211.3549346923828,210.6343994140625,-0.7205214500427246,0.38049980998039246,0.013909323140978813,nan,nan,nan,nan
278,591.9279273877619,2.7028672483459446,219.0,1.0964608516207919,0.36426658372240933,0.91324200913242,1.3791280622096438,-102.16571317038574,187.34182739257812,209.8754119873047,211.2391357421875,210.1429443359375,-1.0961753129959106,0.17504867911338806,0.017856614664196968,nan,nan,nan,nan
279,1147.016996614635,3.353850867294254,342.0,1.069389472399079,0.3453917869036068,0.9210526315789473,1.3788182071579789,209.34325538794087,266.8721618652344,227.0159454345703,227.8421630859375,227.8584747314453,0.016268262639641762,0.4249785244464874,0.007394454441964626,nan,nan,nan,nan
280,467.71962864883244,2.448793867271374,191.0,1.0473585013026825,0.3357575714162934,0.93717277486911,1.392282271889681,-170.9248833018412,159.03829956054688,182.9081573486328,183.9910430908203,184.10813903808594,0.11715278774499893,1.0800628662109375,0.03667917847633362,nan,nan,nan,nan
281,1264.1714504086412,3.144705100519008,402.0,1.1184433953273794,0.36622757887782237,0.8930348258706468,1.41145706034794,207.678147880217,262.585205078125,240.2187042236328,240.865966796875,240.9222412109375,0.05630381032824516,0.18070602416992188,0.02419498935341835,nan,nan,nan,nan
282,815.8775457981974,3.1021959916281268,263.0,1.087579047751695,0.3581234600577333,0.9315589353612167,1.4017343753650753,34.649560285447706,226.7953643798828,232.4688262939453,233.501708984375,233.40179443359375,-0.09996064752340317,0.20957772433757782,0.016990534961223602,nan,nan,nan,nan
283,1481.9889898523688,3.271498873846289,453.0,1.0942293042496027,0.357046637188742,0.9426048565121413,1.3973465750437863,324.49906021747415,280.5884704589844,266.1195068359375,266.7276306152344,267.6215515136719,0.8939295411109924,1.023305892944336,0.023892611265182495,nan,nan,nan,nan
284,912.8491523684934,2.963795949248355,308.0,1.0860474340032138,0.35397329483372364,0.922077922077922,1.4013673381321556,42.50649587944622,234.88438415527344,213.0814971923828,214.0490264892578,214.32232666015625,0.27333346009254456,0.0692608654499054,0.034976713359355927,nan,nan,nan,nan
285,340.4043902363628,2.239502567344492,152.0,1.095827635585129,0.3622164502584175,0.9342105263157895,1.3776697032178589,-221.0074068681863,129.3079071044922,197.7561492919922,199.3719482421875,199.44970703125,0.07776496559381485,0.2928309738636017,0.05898982658982277,nan,nan,nan,nan
286,1058.8415869921446,3.141963166148797,337.0,1.0682281265501676,0.34583443807620295,0.9258160237388724,1.364591309840306,131.0694758739278,251.12496948242188,235.22198486328125,235.9745330810547,236.79632568359375,0.8218002915382385,0.24073347449302673,0.0046960124745965,nan,nan,nan,nan
287,715.3345674611628,2.7726146025626464,258.0,1.0802494171647574,0.35294747788721376,0.9108527131782945,1.3863108700443938,-55.99178794310933,205.46900939941406,229.45384216308594,230.3712921142578,228.9907684326172,-1.3805383443832397,0.5189829468727112,0.08217091858386993,nan,nan,nan,nan
288,975.7026686435565,2.0848347620588816,468.0,1.0697046177897087,0.35119953666466414,0.9423076923076923,1.385058830745469,-211.49215131677056,187.31610107421875,200.9619598388672,201.5281982421875,201.5772247314453,0.04905848577618599,0.9967509508132935,0.10336774587631226,nan,nan,nan,nan
289,1451.8929969146848,3.3843659601740903,429.0,1.0732230502011773,0.35123420466576466,0.9230769230769231,1.3692606547892563,341.93089180048196,286.2420654296875,247.74658203125,248.4090118408203,248.37628173828125,-0.032587941735982895,0.8526720404624939,0.031133774667978287,nan,nan,nan,nan
290,644.5946391113102,2.7904529831658453,231.0,1.1101086144923378,0.37050270739565483,0.8658008658008658,1.3705174615102558,-73.26291370718343,197.9525909423828,224.6658477783203,225.8140106201172,225.9588623046875,0.1449292153120041,0.19726306200027466,0.0055229682475328445,nan,nan,nan,nan
291,559.754436865449,2.544338349388404,220.0,1.1051442080272447,0.36806358651722826,0.9136363636363637,1.4136934717590106,-136.3195297143942,174.9940185546875,208.9837188720703,210.2733612060547,210.0587158203125,-0.2146451473236084,0.46771740913391113,0.03476301580667496,nan,nan,nan,nan
292,1021.0161995925009,3.047809551022391,335.0,1.0889994093232547,0.3596465701149285,0.9074626865671642,1.380061843306042,97.20474051767519,242.42942810058594,238.9999237060547,239.9301300048828,239.96044921875,0.030342580750584602,0.24256373941898346,0.007982535287737846,nan,nan,nan,nan
293,737.9966895878315,3.100826426839628,238.0,1.085296847772247,0.35187051266456915,0.9369747899159664,1.3998514789136627,6.276854617469326,218.75291442871094,227.42210388183594,228.37872314453125,227.5541534423828,-0.824587881565094,0.2533527910709381,0.008222094736993313,nan,nan,nan,nan
294,1428.1550635509193,3.3446254415712398,427.0,1.0970149858833962,0.36016043245369667,0.9110070257611241,1.3845456243565266,322.15361048010755,281.3369445800781,257.6799011230469,258.2837829589844,258.3601379394531,0.07637042552232742,0.9350701570510864,0.018901653587818146,nan,nan,nan,nan
295,430.16292660310864,2.5155726701936176,171.0,1.0805814319672673,0.354847242184884,0.9005847953216374,1.3589588885605222,-168.87506491365502,148.67279052734375,221.1627960205078,222.9984893798828,222.9838104248047,-0.014725147746503353,0.47677624225616455,0.002933017909526825,nan,nan,nan,nan
296,566.7382976412773,2.4640795549620753,230.0,1.1066688004485985,0.3631324335516842,0.9173913043478261,1.385904391767642,-149.13892915552083,173.7683868408203,232.53575134277344,233.9086456298828,232.61700439453125,-1.2916585206985474,0.19511845707893372,0.011828290298581123,nan,nan,nan,nan
297,1083.9908587224782,3.4303508187420193,316.0,1.1152365095834207,0.36321602774762357,0.9272151898734177,1.405141536018163,197.80559405986696,268.79095458984375,250.74676513671875,251.5416259765625,251.29518127441406,-0.2464219331741333,0.875455379486084,0.026884250342845917,nan,nan,nan,nan
298,0.5309516713023186,0.05309516713023186,10.0,1.1502867371463146,0.3689201215902964,1.0,1.5565503029387462,-279.6745503524858,-0.6182138323783875,172.26637268066406,190.8311767578125,184.0605926513672,-6.770594120025635,1.022805094718933,0.14426390826702118,nan,nan,nan,nan
299,1621.068069273606,3.5317387130143922,459.0,1.0810643362762453,0.3487164186073732,0.9477124183006536,1.3919721400094394,451.6961835085383,300.61138916015625,258.4588317871094,258.9138488769531,259.6663818359375,0.7526102662086487,0.8386703729629517,0.0161287859082222,nan,nan,nan,nan
300,836.3209594041109,3.0974850348300405,270.0,1.0542641039339657,0.33734821180357055,0.9407407407407408,1.366043418099539,41.23069173949261,232.1361541748047,231.0972137451172,231.91571044921875,231.43446350097656,-0.4811743497848511,0.3699389696121216,0.009407495148479939,nan,nan,nan,nan
301,826.6911533623934,2.8408630699738606,291.0,1.0781264911991661,0.3530538198623469,0.9140893470790378,1.378134021277926,-9.985960757830298,217.31863403320312,244.81956481933594,245.81443786621094,246.08660888671875,0.2721785008907318,0.40400245785713196,0.0031852927058935165,nan,nan,nan,nan
302,820.7916969601065,2.7359723232003548,300.0,1.1038576255481933,0.3612669518068692,0.9033333333333333,1.3983160869445472,-33.708351355376635,214.8224334716797,220.3721466064453,221.2645263671875,221.816162109375,0.5516126751899719,0.3213229477405548,0.027848878875374794,nan,nan,nan,nan
303,776.0077267363667,3.0793957410173283,252.0,1.0842899742800316,0.3539175987248272,0.9206349206349206,1.3935761952697643,16.56332746226758,221.6417694091797,223.8573455810547,224.8695068359375,224.06324768066406,-0.8062413334846497,0.19210271537303925,0.011789942160248756,nan,nan,nan,nan
304,1657.6106045767665,3.431906013616494,483.0,1.0877332510752755,0.35555245511436184,0.9296066252587992,1.380868541193578,440.71089429100675,295.8072509765625,249.1519012451172,249.57177734375,249.9973907470703,0.4255771338939667,0.9282696843147278,0.020521894097328186,nan,nan,nan,nan
305,380.47464659577236,2.125556684892583,179.0,1.1425493056801628,0.37307121658436393,0.8938547486033519,1.4178236819863639,-234.40595309455534,134.39688110351562,211.7335662841797,212.9261932373047,211.0126953125,-1.9135313034057617,0.548660397529602,0.04340893775224686,nan,nan,nan,nan
306,695.5964803360403,2.605230263430862,267.0,1.0911624802974766,0.36025507436625165,0.9063670411985019,1.3716925570956424,-93.55280926349133,196.83673095703125,215.2839813232422,216.47621154785156,215.955078125,-0.521105945110321,0.3282565772533417,0.0266666729003191,nan,nan,nan,nan
307,898.3901139292866,3.185780545848534,282.0,1.1001880708795178,0.3586266270802934,0.9219858156028369,1.374215178359736,79.53593400432237,239.18943786621094,236.19189453125,237.24879455566406,236.4762420654297,-0.7725102305412292,0.19464163482189178,0.010255344212055206,nan,nan,nan,nan
308,2026.0776032730937,3.469310964508722,584.0,1.094252237058511,0.35692303932040526,0.934931506849315,1.3916446616128397,609.1649647960885,309.1827087402344,254.19322204589844,254.6377410888672,254.3468017578125,-0.29106977581977844,0.8757578730583191,0.02252938598394394,nan,nan,nan,nan
309,585.5562051832676,3.0497719019961855,192.0,1.1030164467294379,0.3578359288892696,0.9010416666666666,1.3994598089997894,-55.06863278910157,196.2412109375,187.3102569580078,188.68927001953125,186.7572021484375,-1.9320144653320312,0.17468596994876862,0.011760118417441845,nan,nan,nan,nan
310,521.34952557832,2.673587310658051,195.0,1.100520768978061,0.3620162060042758,0.8923076923076924,1.382453511607315,-125.21629045913573,172.23629760742188,206.7162322998047,208.12677001953125,206.8113250732422,-1.315522313117981,0.5869322419166565,0.05363362282514572,nan,nan,nan,nan
311,485.7703917622566,2.5566862724329296,190.0,1.1261706141326788,0.37157623437560044,0.8947368421052632,1.3873386028630896,-150.8937941667216,163.26654052734375,208.5509490966797,210.11875915527344,210.4647216796875,0.3459925949573517,0.47211650013923645,0.06410036981105804,nan,nan,nan,nan
312,1012.1051984988153,3.1827207499962746,318.0,1.104820100930272,0.3591244408203801,0.9591194968553459,1.4102505562517782,121.95928179281304,250.7618408203125,240.70257568359375,241.53369140625,241.2344207763672,-0.2993692457675934,0.5280888080596924,0.02549286000430584,nan,nan,nan,nan
313,856.563696288038,2.8840528494546738,297.0,1.0835186746250438,0.3495928457112285,0.9393939393939394,1.3924522947530589,8.004626037641401,229.83273315429688,224.8309783935547,225.65234375,225.92431640625,0.27203890681266785,0.37099993228912354,0.03171901777386665,nan,nan,nan,nan
314,713.9330195374787,2.867200881676621,249.0,1.073397581208758,0.34928060194052846,0.9437751004016064,1.395453483552434,-39.570401671534,207.37586975097656,218.9866485595703,220.02171325683594,220.2028350830078,0.18104606866836548,0.18663379549980164,0.008187771774828434,nan,nan,nan,nan
315,738.3755275905132,2.665615623070445,277.0,1.0990245233831135,0.36511439556590336,0.8880866425992779,1.3951143180508805,-70.57702222597345,202.9567108154297,229.2113037109375,230.2088623046875,229.47584533691406,-0.7330493927001953,0.20563162863254547,0.008190860040485859,nan,nan,nan,nan
316,556.3089894670993,2.225235957868397,250.0,1.0553252900135335,0.3429979724988807,0.94,1.34761011652128,-199.1747577636088,161.79856872558594,219.09461975097656,220.268310546875,219.5936737060547,-0.6746192574501038,0.850483775138855,0.021596048027276993,nan,nan,nan,nan
317,991.6684910294134,0.9916684910294135,1000.0,1.1408910561896746,0.3886864767656953,0.888,1.4045102161237684,-1249.0597724729196,89.82373809814453,100.91887664794922,101.10256958007812,101.97216796875,0.8695589900016785,1.1988972425460815,0.2437174916267395,nan,nan,nan,nan
318,429.96415884047747,2.34953092262556,183.0,1.0678822622299662,0.3467895913770963,0.9562841530054644,1.3823638496729684,-192.83774493663213,150.1831817626953,180.7330322265625,182.1728057861328,181.40989685058594,-0.7629478573799133,1.24069082736969,0.07822050899267197,nan,nan,nan,nan
319,535.6620736103505,2.600301328205585,206.0,1.0852840305016842,0.35663934173944034,0.9368932038834952,1.379746157626909,-132.68732866575567,170.0533447265625,223.23646545410156,224.3743896484375,223.437255859375,-0.9370408058166504,0.36798131465911865,0.019968494772911072,nan,nan,nan,nan
320,737.2820717096329,3.0720086321234703,240.0,1.1082772153870952,0.3645500891807186,0.9083333333333333,1.3824312025015317,1.6015846958796374,219.98472595214844,211.20875549316406,212.2883758544922,212.2726287841797,-0.01581588387489319,0.1531158834695816,0.0057608941569924355,nan,nan,nan,nan
321,868.4001009762287,2.8850501693562416,301.0,1.0886706935257122,0.3563267329728949,0.9335548172757475,1.3873055417341673,11.91972663904994,221.92893981933594,241.1440887451172,241.90184020996094,242.3482666015625,0.4463708698749542,0.2298060655593872,0.012491850182414055,nan,nan,nan,nan
322,590.482301523909,2.3339221404107073,253.0,1.0765503442944027,0.35542905378623685,0.924901185770751,1.379869528323987,-170.94242377188573,172.95408630371094,234.4124298095703,235.33226013183594,235.01808166503906,-0.3141384422779083,0.6021515130996704,0.038248348981142044,nan,nan,nan,nan
323,726.8677224768326,2.817316753786173,258.0,1.0842591091403588,0.35793926373445395,0.937984496124031,1.3791735927748945,-44.45863292743957,209.7045440673828,213.23899841308594,214.2988739013672,213.93463134765625,-0.36424389481544495,0.2690056562423706,0.01194306556135416,nan,nan,nan,nan
324,1323.1604565829039,3.203778345237055,413.0,1.0794052866732777,0.3549026214400721,0.9200968523002422,1.3824184364945205,244.8835678158291,270.7077331542969,238.1650390625,238.7888946533203,239.10235595703125,0.31354236602783203,0.4672849178314209,0.02772376500070095,nan,nan,nan,nan
325,933.0956460386515,3.069393572495564,304.0,1.1253133483992193,0.37046165727518027,0.944078947368421,1.4147857428928285,70.67429363638621,236.44737243652344,236.7222900390625,237.69593811035156,237.9559326171875,0.2600354254245758,0.23337723314762115,0.034297309815883636,nan,nan,nan,nan
326,-2.6471476405858994,-0.3308934550732374,8.0,1.0881562637031017,0.3608355941420692,0.875,1.4113563328482408,-278.89199762098303,-2.159651756286621,156.99986267089844,180.17323303222656,170.70335388183594,-9.4699125289917,1.2800569534301758,0.10973381996154785,nan,nan,nan,nan
327,122.79817884555086,0.5247785420750037,234.0,1.1250817539897802,0.37490291597087466,0.9230769230769231,1.391715440073699,-601.0003520380293,20.53671646118164,157.5380096435547,158.69935607910156,158.98098754882812,0.28167012333869934,0.6552336812019348,0.1015823632478714,nan,nan,nan,nan
328,199.28149380069226,1.8624438672961894,107.0,1.1304381371110541,0.3740790489476429,0.8691588785046729,1.3848884507718926,-273.0156323275594,83.51252746582031,188.7640380859375,192.15147399902344,191.79522705078125,-0.3562474548816681,0.8750468492507935,0.04494626820087433,nan,nan,nan,nan
329,931.1010791028384,3.244254631020343,287.0,1.0584853154423548,0.34332119706414016,0.926829268292683,1.3769497986008892,102.34526906939664,247.2345428466797,250.6348114013672,251.3818817138672,251.21974182128906,-0.16216066479682922,0.4493540823459625,0.031576190143823624,nan,nan,nan,nan
330,1274.2692811116576,3.3890140455097275,376.0,1.0860839490780598,0.35866275039455664,0.9308510638297872,1.3676542971943593,269.2644551473163,274.3106689453125,252.3424530029297,253.1276092529297,254.00897216796875,0.8813884258270264,0.5065910816192627,0.021739156916737556,nan,nan,nan,nan
331,410.02944805659354,2.411937929744668,170.0,1.0912761175463792,0.36042387515931923,0.8941176470588236,1.355677593225075,-187.0282174384747,150.7182159423828,177.36883544921875,179.3237762451172,180.06085205078125,0.7371150851249695,0.6473325490951538,0.028863806277513504,nan,nan,nan,nan
332,545.5185492057353,2.610136599070504,209.0,1.091145005468724,0.3656021795554278,0.9043062200956937,1.3635136617078394,-128.77183113545743,173.83827209472656,211.6688232421875,213.1476287841797,212.8199462890625,-0.3276703953742981,0.2052478790283203,0.016907773911952972,nan,nan,nan,nan
333,951.1472376175225,3.000464471979566,317.0,1.1024911865265343,0.36359681863081666,0.9400630914826499,1.3918240762008642,62.98164693321587,240.95391845703125,234.56040954589844,235.52679443359375,234.3762969970703,-1.150495171546936,0.29131171107292175,0.003413160564377904,nan,nan,nan,nan
334,738.25819927454,2.8504177578167567,259.0,1.1318472491218539,0.3741198118299335,0.9266409266409267,1.419555154822331,-35.048482151427834,207.6080780029297,217.4900360107422,218.47137451171875,218.73451232910156,0.2631700336933136,0.4399091899394989,0.025129932910203934,nan,nan,nan,nan
335,2066.8922019042075,3.2912296208665723,628.0,1.0859762829268198,0.35574428105557127,0.9267515923566879,1.3867709257647156,562.8452184726002,294.77752685546875,256.573974609375,257.020263671875,257.8050842285156,0.7850489616394043,0.8439573645591736,0.02459760755300522,nan,nan,nan,nan
336,770.2893892140128,2.985617787651212,258.0,1.0566216466256177,0.34195142359932607,0.9418604651162791,1.3671002822058889,-1.0369661902593634,218.54273986816406,222.11138916015625,223.1802978515625,222.7018280029297,-0.4785137176513672,0.16715887188911438,0.007548612076789141,nan,nan,nan,nan
337,1064.560625648126,3.041601787566074,350.0,1.0749880804354284,0.3519236133347675,0.9314285714285714,1.3670799602128454,111.04427624786786,244.21714782714844,242.40240478515625,243.06781005859375,243.4390106201172,0.37118372321128845,0.5927342772483826,0.029606513679027557,nan,nan,nan,nan
338,695.2461352571845,2.715805215848377,256.0,1.1318906947515561,0.37584027145211013,0.90625,1.4135901309434709,-72.11956810369668,200.9530487060547,218.57810974121094,219.74267578125,219.00193786621094,-0.740746021270752,0.5280857682228088,0.0333915650844574,nan,nan,nan,nan
339,258.78040365106426,2.1211508495988873,122.0,1.0890177894593074,0.35935063552253876,0.9098360655737705,1.4004190346950702,-243.22161280261992,105.31314849853516,158.67095947265625,161.51199340820312,160.9889373779297,-0.5230388641357422,0.2267124354839325,0.04203902184963226,nan,nan,nan,nan
340,543.6568306237459,2.7879837467884405,195.0,1.111439721473264,0.3635663131500184,0.958974358974359,1.4219624539045503,-102.90898541370984,185.4488525390625,160.5869903564453,162.15476989746094,161.77392578125,-0.3808272182941437,0.7426018118858337,0.053178753703832626,nan,nan,nan,nan
341,885.9130175933242,3.0654429674509487,289.0,1.1169788295918828,0.36950917089142593,0.9238754325259516,1.415609127499358,53.19655551649157,233.4383087158203,230.98846435546875,231.9932098388672,232.1142120361328,0.1210472360253334,0.5622797608375549,0.017257003113627434,nan,nan,nan,nan
342,1033.6997309352155,3.0402933262800453,340.0,1.101059641593813,0.3570742437240494,0.9235294117647059,1.4187447583987234,99.9866417519122,245.45831298828125,229.1381072998047,229.970703125,229.74375915527344,-0.2269180864095688,0.2327250987291336,0.02083541825413704,nan,nan,nan,nan
343,534.0479765310884,2.5675383487071555,208.0,1.1187162436691145,0.36980559476876057,0.9134615384615384,1.3970794815307792,-138.26207778840876,176.74928283691406,171.6776885986328,172.8053741455078,172.3192138671875,-0.4861151874065399,0.37575066089630127,0.019911138340830803,nan,nan,nan,nan
344,740.3952180445194,2.742204511275998,270.0,1.09758669312752,0.3626311469966845,0.9148148148148149,1.3742256432410054,-54.69504962009887,207.06365966796875,221.14527893066406,222.2902069091797,221.3889617919922,-0.9012579917907715,0.06005031615495682,0.030374400317668915,nan,nan,nan,nan
345,674.6440599355847,2.9460439298497145,229.0,1.0867841481958458,0.3589318874400738,0.9039301310043668,1.355948278178691,-39.25284083951806,208.49624633789062,181.9846649169922,183.489990234375,184.38043212890625,0.8904523849487305,0.10393701493740082,0.016415299847722054,nan,nan,nan,nan
346,513.069649938494,2.714654232478804,189.0,1.1198570515586725,0.37599786138316005,0.8359788359788359,1.3835199890893908,-121.61420996878871,170.77862548828125,211.4835205078125,213.0540771484375,211.8053741455078,-1.248740553855896,0.2778022289276123,0.01680232398211956,nan,nan,nan,nan
347,1721.405499394983,3.336057169370122,516.0,1.079215218908934,0.35275799784002904,0.9205426356589147,1.379986777641802,439.1550303932718,290.842041015625,253.8575439453125,254.3549346923828,254.66590881347656,0.3109491765499115,0.493428498506546,0.01785331778228283,nan,nan,nan,nan
348,857.292417421937,3.040044033411124,282.0,1.1005927578483437,0.35971515825148737,0.9397163120567376,1.4156498988174184,38.43823749697276,232.12289428710938,229.08848571777344,229.96868896484375,229.9153594970703,-0.0532294325530529,0.23309235274791718,0.015264248475432396,nan,nan,nan,nan
349,958.1376018747687,0.9581376018747687,1000.0,1.1052046084735017,0.37598069898555214,0.878,1.3750154879499652,-1282.5906616275643,89.4384536743164,104.56716918945312,104.7067642211914,105.8770751953125,1.1702508926391602,0.36034417152404785,0.10249485820531845,nan,nan,nan,nan
350,817.4819735661149,3.084837636098547,265.0,1.1103190019024842,0.36376317236426076,0.9283018867924528,1.3891728036781152,32.293336009974155,226.27818298339844,236.08900451660156,237.179443359375,236.6788787841797,-0.5005515217781067,0.6198670268058777,0.022032037377357483,nan,nan,nan,nan
351,478.58963832538575,2.505704912698355,191.0,1.1007532378634055,0.35885067175904956,0.9109947643979057,1.3795547353985476,-160.05487362528788,160.79568481445312,188.87257385253906,190.03086853027344,188.373046875,-1.657806396484375,0.5970291495323181,0.08155741542577744,nan,nan,nan,nan
352,899.8794656377286,2.760366459011437,326.0,1.1317814330833873,0.37462666705394176,0.8926380368098159,1.4161375985953066,-6.109059241837713,220.55136108398438,236.3953094482422,237.2578125,236.7802734375,-0.47750821709632874,0.20332874357700348,0.006275395397096872,nan,nan,nan,nan
353,958.3912562727928,2.9949726758524777,320.0,1.1042590808498916,0.3667260933578291,0.9375,1.4204101385950676,64.28468752339973,232.1408233642578,256.1408386230469,257.05157470703125,258.4325866699219,1.3809499740600586,0.35059621930122375,0.026895394548773766,nan,nan,nan,nan
354,728.7913758875802,2.9625665686487,246.0,1.1108360609871977,0.36451108806604404,0.8943089430894309,1.387204244401785,-18.771067256345987,211.1345977783203,227.8448028564453,228.8542022705078,228.21417236328125,-0.6399927735328674,0.30029577016830444,0.010421493090689182,nan,nan,nan,nan
355,1059.6045902892947,2.968080084843963,357.0,1.0922443598000704,0.3558243915055927,0.938375350140056,1.4051244162309722,92.22595873716796,243.37127685546875,239.0934295654297,239.8042449951172,239.3211212158203,-0.48316511511802673,0.2855949103832245,0.020965341478586197,nan,nan,nan,nan
356,785.0735001824796,2.90767963030548,270.0,1.0820721130579278,0.34832018825948097,0.9444444444444444,1.3928571009789816,-10.016767482138675,218.9685516357422,210.39744567871094,211.5819091796875,210.86688232421875,-0.7150282859802246,0.39032143354415894,0.01944468356668949,nan,nan,nan,nan
357,454.87919133901596,2.472169518146826,184.0,1.072076414984616,0.3496074642826515,0.907608695652174,1.3557138129148163,-169.9030384597893,155.1328125,193.7067413330078,195.1560516357422,195.4583282470703,0.30236420035362244,0.13806641101837158,0.02160600572824478,nan,nan,nan,nan
358,-1.8045234610326588,-0.22556543262908235,8.0,1.2657033133153557,0.43018555714904017,0.875,1.5657447916259872,-278.0493734414298,-1.5372402667999268,160.81028747558594,181.8909912109375,171.3201141357422,-10.570857048034668,1.4150172472000122,0.16566254198551178,nan,nan,nan,nan
359,1340.5144217982888,3.574705124795437,375.0,1.0836959414165166,0.3518771906275587,0.9386666666666666,1.4068811084658435,337.48992185564316,289.1084899902344,255.80084228515625,256.4176940917969,256.9277648925781,0.5101885199546814,0.3554432690143585,0.00853002816438675,nan,nan,nan,nan
360,1344.192057594657,3.1777590014058084,423.0,1.1113299999152322,0.3658016581070691,0.9078014184397163,1.4090559727642529,246.11190861062732,266.580810546875,251.2935791015625,251.8384246826172,252.21568298339844,0.3772154152393341,0.4352549612522125,0.018843958154320717,nan,nan,nan,nan
361,622.8971582115628,2.8058430550070397,222.0,1.1031335552258146,0.3631636061261313,0.8738738738738738,1.3980568733476348,-77.13746041167133,194.09136962890625,199.9233856201172,201.2652587890625,200.91912841796875,-0.34607160091400146,0.05110124126076698,0.019588131457567215,nan,nan,nan,nan
362,-2.8426220044493675,-0.31584688938326305,9.0,1.240044102487974,0.4024613410648372,0.8888888888888888,1.4533215794685275,-281.06779800654203,-1.8230029344558716,163.45249938964844,179.23927307128906,169.80775451660156,-9.431530952453613,1.749675989151001,0.10841372609138489,nan,nan,nan,nan
363,718.6376142427325,2.863098064712082,251.0,1.1354000982498937,0.377046358914629,0.9203187250996016,1.4190599598062636,-38.826459009671225,209.57728576660156,226.80938720703125,227.9858856201172,227.611572265625,-0.3743298053741455,0.5560319423675537,0.022051984444260597,nan,nan,nan,nan
364,716.5530827194452,2.663766106763737,269.0,1.0804596820978274,0.3486952228171438,0.9256505576208178,1.3922589437426938,-76.55685892347742,203.28952026367188,211.6938018798828,212.66339111328125,211.6397705078125,-1.0235427618026733,0.42386630177497864,0.009101683273911476,nan,nan,nan,nan
365,1279.7284535547951,3.272962796815333,391.0,1.064569648306998,0.34923984093486066,0.9028132992327366,1.377858312805896,245.0187372650214,273.2016906738281,261.95751953125,262.7155456542969,263.2369079589844,0.5212898850440979,0.9158884882926941,0.02070494554936886,nan,nan,nan,nan
366,873.0222999490798,2.9493996619901344,296.0,1.1053188105277012,0.3640870243153741,0.9121621621621622,1.3988182411780927,26.443555720378527,227.2187042236328,237.3656463623047,238.19305419921875,238.5354766845703,0.3424014151096344,0.18615834414958954,0.005712992046028376,nan,nan,nan,nan
367,895.2903924547136,2.8880335240474633,310.0,1.1005808491335596,0.3611320547511681,0.9451612903225807,1.401057812927757,20.98708392227536,225.72891235351562,216.9135284423828,217.9039306640625,217.53453063964844,-0.3694298267364502,0.5341219902038574,0.012214165180921555,nan,nan,nan,nan
368,697.8221285222098,2.6135660244277523,267.0,1.0819377413656912,0.35265093584011276,0.9288389513108615,1.3928666629858915,-91.32716107732176,196.3505859375,215.3624267578125,216.3045654296875,216.2643585205078,-0.04016409441828728,0.10775568336248398,0.027434058487415314,nan,nan,nan,nan
369,743.5454429164529,2.9861262767729033,249.0,1.0938650341645064,0.35934608098938614,0.9196787148594378,1.3758145971613782,-9.957978292559801,215.8708038330078,218.2462921142578,219.3422088623047,218.72984313964844,-0.6123581528663635,0.24246841669082642,0.016771821305155754,nan,nan,nan,nan
370,689.4525445215404,2.860798939923404,241.0,1.1054537556948854,0.3641956538014452,0.9087136929460581,1.4274695181304358,-48.20826851390825,205.36624145507812,212.4843292236328,213.532470703125,212.67784118652344,-0.8546042442321777,0.09915792942047119,0.013948017731308937,nan,nan,nan,nan
371,582.9096007524058,2.545456771844567,229.0,1.0855136674338088,0.35857701653913215,0.9126637554585153,1.391237458022328,-130.9873000226969,183.4770050048828,199.91583251953125,201.4822998046875,202.85325622558594,1.3710061311721802,0.606235146522522,0.05519682914018631,nan,nan,nan,nan
372,1101.6732023879886,3.1120711931864085,354.0,1.0708705794142601,0.3489097353892322,0.903954802259887,1.374544692044645,140.2355489009483,250.68048095703125,238.27081298828125,239.01780700683594,239.38685607910156,0.36891674995422363,0.41878223419189453,0.01848944090306759,nan,nan,nan,nan
373,586.1229637386277,2.504798990336016,234.0,1.0661096026694283,0.3451967585551704,0.9401709401709402,1.3744524450716924,-137.67556714495242,175.15097045898438,226.36004638671875,227.35595703125,227.07745361328125,-0.2785016596317291,0.2121291607618332,0.030600858852267265,nan,nan,nan,nan
374,1047.2461101450026,3.3782132585322664,310.0,1.0792866695325725,0.35381565029817064,0.9258064516129032,1.369079889553195,172.94280161256438,260.53009033203125,239.23719787597656,239.9768524169922,239.05702209472656,-0.9197719097137451,0.2931345999240875,0.01376449316740036,nan,nan,nan,nan
375,659.0637159049511,2.865494416978048,230.0,1.1049859712819063,0.362939961232811,0.9130434782608695,1.360087048399434,-56.813510891847045,200.3914031982422,221.7327423095703,223.09605407714844,223.3380584716797,0.24200570583343506,0.47101137042045593,0.04222366586327553,nan,nan,nan,nan
376,627.0814889110625,2.876520591335149,218.0,1.0896548773278276,0.35521552094154407,0.9495412844036697,1.3847311283959274,-65.03182562538973,197.92410278320312,223.18316650390625,224.5284881591797,223.4248046875,-1.1036933660507202,0.22216477990150452,0.017850834876298904,nan,nan,nan,nan
377,336.9076505973935,2.5142361984880113,134.0,1.0543025611032433,0.3451691967297915,0.9029850746268657,1.3482969111892118,-188.8582781166367,134.0243682861328,174.46241760253906,176.6753387451172,176.05828857421875,-0.6170403361320496,0.09104921668767929,0.02365124598145485,nan,nan,nan,nan
378,875.1335351411253,2.9665543564105943,295.0,1.0998066310163472,0.3617631561856514,0.9186440677966101,1.379906558630452,30.535116934119742,229.9877166748047,226.0305633544922,227.2059326171875,227.124267578125,-0.08167899399995804,0.20572103559970856,0.01667650043964386,nan,nan,nan,nan
379,1139.8131708204746,2.842426859901433,401.0,1.0786305337780284,0.35326646828593516,0.9301745635910225,1.3917680459030208,85.30019431374603,241.5173797607422,247.42396545410156,248.1171875,249.1646728515625,1.0474780797958374,0.5191861391067505,0.03051402047276497,nan,nan,nan,nan
380,376.6123919133097,2.2417404280554147,168.0,1.1141574051552834,0.36911338874040034,0.9702380952380952,1.4042297614791528,-216.4846215383675,132.7792205810547,196.9070281982422,198.6591796875,199.3705291748047,0.7114211916923523,1.1404374837875366,0.018826061859726906,nan,nan,nan,nan
381,394.34497837291565,2.44934769175724,161.0,1.0780976930548989,0.349819633837919,0.9130434782608695,1.4002650190922623,-184.88975292689304,141.9171905517578,194.2353057861328,196.3826904296875,197.1103057861328,0.7276096940040588,0.2964465022087097,0.008699441328644753,nan,nan,nan,nan
382,781.1782507374883,3.0278226772770864,258.0,1.0912886516574085,0.35847845745286616,0.9186046511627907,1.3589290280856403,9.851895333216135,220.67227172851562,234.76409912109375,235.6943817138672,234.80690002441406,-0.8874297142028809,0.4308868944644928,0.010289009660482407,nan,nan,nan,nan
383,470.18737111985683,2.5143709685553843,187.0,1.0888693495273531,0.35924870248862384,0.9251336898395722,1.38285035906958,-160.5358367440349,162.36276245117188,206.0711669921875,207.38673400878906,207.256103515625,-0.1306159496307373,0.4425877034664154,0.014623460359871387,nan,nan,nan,nan
384,1350.8764725469518,3.0153492690780177,448.0,1.0913664456529448,0.35736615377915026,0.9174107142857143,1.3808797459213784,203.2881730205347,261.8328552246094,253.412109375,254.2451629638672,254.7425079345703,0.497448205947876,0.6947230696678162,0.018266113474965096,nan,nan,nan,nan
385,817.6034621559083,2.8487925510658827,287.0,1.0890190270228934,0.3604906908805406,0.9094076655052264,1.382664620134638,-11.15234787753343,215.92086791992188,218.9495849609375,219.7909393310547,220.2701873779297,0.47935304045677185,0.26300469040870667,0.03159075975418091,nan,nan,nan,nan
386,781.9501194991171,2.6417233766862065,296.0,1.1237192886460745,0.37574321437368946,0.8918918918918919,1.396734532203804,-64.62862472958409,206.4932098388672,229.55567932128906,230.3423309326172,230.0006866455078,-0.34168049693107605,0.1723242849111557,0.025919955223798752,nan,nan,nan,nan
387,799.3778572492301,2.8346732526568443,282.0,1.0846619594055493,0.3594712775337042,0.9184397163120568,1.3761433437639825,-19.47632267573408,213.53236389160156,242.992431640625,243.79466247558594,244.4603271484375,0.6656939387321472,0.5818470120429993,0.039396122097969055,nan,nan,nan,nan
388,840.3880999460816,2.9079173008514934,289.0,1.0887373652987256,0.35376847502743264,0.9100346020761245,1.3739648384173588,7.671637869249025,218.6483612060547,235.23985290527344,236.1254425048828,235.9009552001953,-0.22456198930740356,0.4715690612792969,0.016541006043553352,nan,nan,nan,nan
389,615.174508780241,2.9862840232050534,206.0,1.0617907636847073,0.351004482614642,0.9320388349514563,1.3810281186160873,-53.17489349586515,198.06942749023438,223.79547119140625,225.0452423095703,223.87562561035156,-1.1695507764816284,0.57362961769104,0.07165451347827911,nan,nan,nan,nan
390,913.7426788825542,2.9763605175327497,307.0,1.067052136961311,0.3476858572453214,0.9446254071661238,1.375219127073089,45.380348415202434,236.0865936279297,222.2349395751953,222.97084045410156,222.77842712402344,-0.1923394650220871,0.42742156982421875,0.01158706285059452,nan,nan,nan,nan
391,700.9846663903445,2.8265510741546147,248.0,1.0934092569759073,0.35811190264791143,0.9274193548387096,1.3927902887478179,-50.53842879697277,205.11770629882812,219.87327575683594,220.82936096191406,219.9658203125,-0.8635552525520325,0.1655137836933136,0.00970019493252039,nan,nan,nan,nan
392,928.6740622334182,2.9575607077497397,314.0,1.1062651208725753,0.3637606132401984,0.9171974522292994,1.4089437585715268,46.4494496141981,232.00521850585938,243.1827850341797,244.09088134765625,243.57879638671875,-0.5120941400527954,0.6572108864784241,0.04196728393435478,nan,nan,nan,nan
393,601.3557831738144,2.4545134007094465,245.0,1.0846348890475688,0.3573196790172785,0.9061224489795918,1.3880004109808919,-144.22633394841625,181.74969482421875,214.6492156982422,215.6356964111328,215.04029846191406,-0.5953888297080994,0.11432057619094849,0.02042575739324093,nan,nan,nan,nan
394,844.900706788525,2.8640701925034744,295.0,1.0898153336633811,0.3558034437519464,0.9322033898305084,1.3821058243878837,0.30228858151940585,220.2936248779297,215.262451171875,216.1149139404297,215.618408203125,-0.496500700712204,0.13542896509170532,0.0031245143618434668,nan,nan,nan,nan
395,1546.7957601230592,3.131165506321982,494.0,1.097969627165926,0.35896945514948486,0.9392712550607287,1.39715174977406,308.1124635986489,274.1156311035156,241.63861083984375,242.32965087890625,241.9407958984375,-0.388826459646225,0.6484032869338989,0.019867848604917526,nan,nan,nan,nan
396,690.0297221578658,2.9362966900334713,235.0,1.0877731436367737,0.3603557283365901,0.8936170212765957,1.3903347716449894,-35.749134747409926,206.9357147216797,222.82379150390625,223.8743438720703,224.08494567871094,0.21052254736423492,0.3032661974430084,0.006363011430948973,nan,nan,nan,nan
397,475.0142750553787,2.423542219670299,196.0,1.0909775982990533,0.3564051878894461,0.9132653061224489,1.392145015710295,-173.5318670037725,158.95896911621094,218.22117614746094,219.48443603515625,218.7957000732422,-0.6887288093566895,0.08881642669439316,0.026529939845204353,nan,nan,nan,nan
398,167.50931109674275,1.642248148007282,102.0,1.12542220651036,0.3683334185290637,0.9117647058823529,1.4135095346833901,-294.8861849230314,66.88884735107422,204.4906768798828,207.4385986328125,206.6250762939453,-0.813479483127594,0.6389526724815369,0.0370309017598629,nan,nan,nan,nan
399,574.5748608894646,2.736070766140308,210.0,1.0647850846222753,0.3481509943800842,0.8952380952380953,1.366128936974408,-101.69584547342356,184.11688232421875,202.01361083984375,203.57708740234375,204.1814422607422,0.6043427586555481,0.16009819507598877,0.01993262581527233,nan,nan,nan,nan
400,824.7671857327223,2.731017171300405,302.0,1.086527908594146,0.3568386849054242,0.9238410596026491,1.4037172346647284,-33.69351462615191,216.83883666992188,218.7564239501953,219.65809631347656,219.27088928222656,-0.38717639446258545,0.18436837196350098,0.024832192808389664,nan,nan,nan,nan
401,778.7406462095678,2.722869392341146,286.0,1.0993896083240156,0.3589671565232514,0.9230769230769231,1.3902197240717822,-48.034837802178345,214.30218505859375,211.69984436035156,212.72735595703125,211.9097137451172,-0.817570686340332,0.1889064460992813,0.007460984401404858,nan,nan,nan,nan
402,1137.7644089609385,3.3170974022184794,343.0,1.0847066645732237,0.3542746201388816,0.9446064139941691,1.3835523874791398,198.1103417125487,265.0843200683594,238.02679443359375,238.9228057861328,239.0714111328125,0.14860843122005463,0.6504936814308167,0.0036727639380842447,nan,nan,nan,nan
403,1096.812795439735,3.0467022095548195,360.0,1.0942020765941158,0.3591196758435453,0.925,1.3928195554893994,123.49318582252181,252.36544799804688,241.88072204589844,242.5688018798828,241.7867889404297,-0.7820169925689697,0.2082996666431427,0.031868353486061096,nan,nan,nan,nan
404,850.1034763418138,2.993322099795119,284.0,1.0779026330423653,0.3520886393228342,0.9119718309859155,1.3783668536802747,27.28864437345851,226.8974151611328,224.8352508544922,225.75439453125,225.47474670410156,-0.2796822786331177,0.3634549677371979,0.02441362291574478,nan,nan,nan,nan
405,511.89803564768954,2.625118131526613,195.0,1.1418789920000587,0.3755070223911809,0.9076923076923077,1.4148246367518666,-134.66778038976622,171.6922607421875,194.4939727783203,196.01795959472656,195.59190368652344,-0.42609652876853943,0.3454722464084625,0.019802480936050415,nan,nan,nan,nan
406,1169.4000608418137,3.239335348592282,361.0,1.066959257836467,0.34748698057802885,0.9335180055401662,1.3889987836796192,194.10012520290502,264.8603820800781,226.2339324951172,226.9080047607422,226.6007843017578,-0.30707207322120667,0.22381970286369324,0.0029368915129452944,nan,nan,nan,nan
407,928.3153761513531,3.201087503970183,290.0,1.0943779461925,0.35861991946358,0.9379310344827586,1.409654717986525,93.61858805282486,244.8859100341797,216.75914001464844,217.7432403564453,217.1457977294922,-0.5974340438842773,0.5668407082557678,0.016061369329690933,nan,nan,nan,nan
408,930.4841668009758,3.111987179936374,299.0,1.1041061280945246,0.3658736348741375,0.8929765886287625,1.3557436437662325,77.96444450718809,240.3120880126953,229.76318359375,230.8294219970703,231.3915557861328,0.5621032118797302,0.3524802029132843,0.008245894685387611,nan,nan,nan,nan
409,488.3895403537899,2.4917833691519893,196.0,1.1347631455777656,0.3772913742860777,0.8826530612244898,1.3883474824884896,-160.15660170536125,166.21067810058594,209.34449768066406,210.75634765625,210.51902770996094,-0.23736317455768585,0.042920492589473724,0.035950422286987305,nan,nan,nan,nan
410,708.662222057581,2.8575089599096004,248.0,1.107704004700753,0.364035436189458,0.9153225806451613,1.38739289734001,-42.86087312973632,208.7593231201172,212.1494140625,213.2896728515625,211.56854248046875,-1.7211494445800781,0.3417016565799713,0.017702767625451088,nan,nan,nan,nan
411,545.9535217136145,2.575252460913276,212.0,1.0543508914263386,0.3495459639606961,0.910377358490566,1.3270485824683345,-134.27783669266478,174.20550537109375,225.26548767089844,226.3828582763672,225.72007751464844,-0.6628101468086243,0.41665515303611755,0.023059144616127014,nan,nan,nan,nan
412,757.2788837440312,3.078369446113948,246.0,1.0674293592455788,0.34513283694542496,0.9552845528455285,1.3797796644233715,9.716440600104988,218.99879455566406,218.6864013671875,219.6279296875,219.0731201171875,-0.5547438859939575,0.3632980287075043,0.02359490841627121,nan,nan,nan,nan
413,1481.4307551756501,3.336555754900113,444.0,1.0613630402813998,0.34551208361189895,0.9391891891891891,1.38880203556899,341.7637597360149,282.2988586425781,252.4962921142578,252.85528564453125,252.8660430908203,0.010649770498275757,0.2031329870223999,0.018343351781368256,nan,nan,nan,nan
414,946.00811253133,2.8666912500949393,330.0,1.1138831668798082,0.3653636237289792,0.9333333333333333,1.401953233063826,32.098283564981784,227.03953552246094,246.16761779785156,246.82420349121094,248.0192108154297,1.195132851600647,0.5520898103713989,0.023342864587903023,nan,nan,nan,nan
415,1368.6420486569405,3.160836140085313,433.0,1.0704350107947782,0.34621983091996655,0.9214780600461894,1.3921757140902395,250.75863945595574,275.12530517578125,238.1151580810547,238.8184356689453,238.1814727783203,-0.6369495391845703,0.09833594411611557,0.02270393818616867,nan,nan,nan,nan
416,692.9548764955252,2.5107060742591494,276.0,1.095760796611653,0.36036580839345994,0.9130434782608695,1.3603462711986465,-114.01734729926602,192.61402893066406,204.55760192871094,205.5944366455078,204.80653381347656,-0.7879001498222351,0.6523086428642273,0.05513995885848999,nan,nan,nan,nan
417,463.36335726082325,2.64779061291899,175.0,1.1120028264842459,0.3669363686464549,0.9142857142857143,1.3982437495421118,-143.59593834272243,160.93460083007812,209.94091796875,211.30958557128906,210.73573303222656,-0.5738996863365173,0.11748628318309784,0.016645774245262146,nan,nan,nan,nan
418,922.1498267799616,3.0944625059730253,298.0,1.0748064384592357,0.3524076057555934,0.8926174496644296,1.385121458269648,71.6104305078693,237.72242736816406,229.1015167236328,229.94090270996094,230.3935546875,0.4526807963848114,0.345947802066803,0.00962463766336441,nan,nan,nan,nan
419,666.1328346435912,2.7988774564856773,238.0,1.0793068516075413,0.3518754367020035,0.9369747899159664,1.3785559985998357,-65.58700032677098,204.7788848876953,199.81532287597656,200.77508544921875,199.98663330078125,-0.7884206175804138,0.08716943114995956,0.014619801193475723,nan,nan,nan,nan
420,1627.9843206480145,3.288857213430332,495.0,1.0895528945895983,0.3562143418167895,0.9111111111111111,1.3877029111315486,387.3206981019089,284.62274169921875,250.34996032714844,251.0240020751953,251.14886474609375,0.1249319389462471,0.22784638404846191,0.01920803263783455,nan,nan,nan,nan
421,1054.5431998893619,3.2547629626214873,324.0,1.0710043496262303,0.34593090288213607,0.9444444444444444,1.405750250964138,152.51532705318664,255.95872497558594,236.0108184814453,236.74000549316406,236.30775451660156,-0.43225958943367004,0.6928053498268127,0.016116546466946602,nan,nan,nan,nan
422,1007.3525210246444,2.98917662025117,337.0,1.0998393455995454,0.3622178824243333,0.9198813056379822,1.4204123857203872,79.58040990642758,239.13369750976562,235.978515625,236.9688720703125,236.76951599121094,-0.19940869510173798,0.24984019994735718,0.008800198324024677,nan,nan,nan,nan
423,930.0409087399021,3.1314508711781213,297.0,1.086393018524653,0.3587428685667385,0.8922558922558923,1.3836286238580353,81.48183848950544,238.63841247558594,231.69390869140625,232.34324645996094,232.9029998779297,0.5598236918449402,0.5598018765449524,0.016823554411530495,nan,nan,nan,nan
424,971.5268439948559,3.0647534510878733,317.0,1.0834662911280208,0.35059450145457804,0.9400630914826499,1.3850965184716495,83.36125331054927,240.3225860595703,236.5874786376953,237.35130310058594,237.4779815673828,0.12668247520923615,0.34733983874320984,0.018733741715550423,nan,nan,nan,nan
425,456.2563464641571,2.2041369394403727,207.0,1.1089686917858264,0.3667772091199095,0.9227053140096618,1.4151118499875088,-214.0733818336446,150.0719757080078,204.60133361816406,205.9490203857422,204.9646759033203,-0.9843090176582336,0.5659360885620117,0.04564572870731354,nan,nan,nan,nan
426,682.6620542295277,2.719769140356684,251.0,1.0885676835586775,0.35846258696090744,0.9482071713147411,1.4130888573998084,-74.80201902287604,202.74078369140625,191.0033416748047,192.19061279296875,190.94017028808594,-1.250535249710083,0.3531038463115692,0.02510419860482216,nan,nan,nan,nan
427,894.6239152811468,3.042938487350839,294.0,1.0819185428409936,0.3542544061472205,0.9115646258503401,1.373192167752672,52.005823095836604,232.01046752929688,222.43035888671875,223.5381317138672,222.6958465576172,-0.8423106074333191,0.11410995572805405,0.01864287629723549,nan,nan,nan,nan
428,1827.24472195399,3.3775318335563584,541.0,1.088198390121745,0.35132676468503926,0.9316081330868762,1.403562276552912,495.48610240989115,299.9571838378906,247.4068603515625,247.88929748535156,247.22418212890625,-0.6651244759559631,0.3904503285884857,0.0057767704129219055,nan,nan,nan,nan
429,766.8604633938521,2.960851210014873,259.0,1.097468160281435,0.36274731684036177,0.8957528957528957,1.3710489483384498,-6.446218032115667,215.79473876953125,232.81561279296875,233.92604064941406,233.25929260253906,-0.666792094707489,0.2117825597524643,0.025796551257371902,nan,nan,nan,nan
430,1757.1469017481431,3.2660723080820504,538.0,1.082564927979402,0.3520345845503664,0.912639405204461,1.3806879357942445,431.3292602691308,282.8674621582031,255.7951202392578,256.3194274902344,256.4621887207031,0.14275099337100983,0.26043200492858887,0.011136019602417946,nan,nan,nan,nan
431,844.3532887920737,2.7414067817924472,308.0,1.0800744259233706,0.35295463517737613,0.9188311688311688,1.369786842747747,-25.98936769697343,214.0038604736328,226.46827697753906,227.5821075439453,228.1013641357422,0.5193269848823547,0.19870880246162415,0.019964532926678658,nan,nan,nan,nan
432,964.6841120757163,2.9774200989991244,324.0,1.0852576729041787,0.3569443675619574,0.9166666666666666,1.3687719742925075,62.65623923954104,234.71206665039062,245.88951110839844,246.9538116455078,246.93846130371094,-0.015317626297473907,0.12137249857187271,0.001420818967744708,nan,nan,nan,nan
433,923.7599948346615,3.1103030129113183,297.0,1.0628954669826287,0.34652429034469745,0.9225589225589226,1.383574444232763,75.20092458426484,240.26544189453125,223.18272399902344,224.17535400390625,224.3533935546875,0.17809893190860748,0.6382576823234558,0.01807378977537155,nan,nan,nan,nan
434,768.1114227073267,2.3418031180101426,328.0,1.0720227622676912,0.3559258478416586,0.9420731707317073,1.3834661426347545,-141.8377542156304,194.569580078125,198.9075164794922,199.8540496826172,200.47418212890625,0.6201016902923584,0.2476634532213211,0.06264972686767578,nan,nan,nan,nan
435,486.12815117836,2.7938399493009194,174.0,1.1224175986445468,0.3717912717783017,0.896551724137931,1.3919167749259145,-118.85081840349017,170.3599395751953,227.3610076904297,229.11553955078125,228.4162139892578,-0.6993062496185303,0.24480314552783966,0.017221549525856972,nan,nan,nan,nan
436,353.15372033417225,2.1403255777828623,165.0,1.090439787349137,0.3489003208987979,0.9090909090909091,1.3878324191311562,-234.00231505241845,128.97755432128906,181.5620880126953,183.03123474121094,182.0479736328125,-0.9832766056060791,0.7332608103752136,0.04700467735528946,nan,nan,nan,nan
437,556.1099898833781,2.7805499494168906,200.0,1.0928595133830978,0.3624462637864053,0.94,1.3991071492082816,-100.35745626255505,179.78257751464844,223.4606170654297,224.87933349609375,224.6109161376953,-0.268323689699173,0.3025687038898468,0.02791491709649563,nan,nan,nan,nan
438,43.384129949845374,0.619773284997791,70.0,1.023622442891332,0.3298092833366051,0.9428571428571428,1.355025290776905,-355.64093337567283,16.209789276123047,198.158447265625,200.9557647705078,197.329345703125,-3.6263997554779053,0.3645921051502228,0.04560880735516548,nan,nan,nan,nan
439,1169.338616244495,3.2302171719461183,362.0,1.1279056411305868,0.3675337282984267,0.9171270718232044,1.4012471315955093,192.05835458389083,259.6084289550781,252.6099853515625,253.3843536376953,254.26617431640625,0.8819758892059326,0.2699187994003296,0.02736651711165905,nan,nan,nan,nan
440,1210.887954853475,3.081139834232761,393.0,1.0747546956143552,0.3476701763361439,0.9338422391857506,1.394413221238273,172.2175865203103,259.13848876953125,237.5428009033203,238.19554138183594,237.97265625,-0.22287385165691376,0.6234606504440308,0.031563255935907364,nan,nan,nan,nan
441,893.114121042192,2.997027251819436,298.0,1.101575348016563,0.3553236480295747,0.9463087248322147,1.410688841378678,42.57472477009969,233.84951782226562,222.3973388671875,223.3576202392578,223.47027587890625,0.11261627823114395,0.24422219395637512,0.02760762721300125,nan,nan,nan,nan
442,670.0768963545561,2.735007740222678,245.0,1.0972910212332245,0.35899583841064237,0.9346938775510204,1.399130488472606,-75.50522076767459,196.53909301757812,223.93951416015625,225.021728515625,224.7047882080078,-0.3169673979282379,0.1431773602962494,0.02086503617465496,nan,nan,nan,nan
443,572.2855726033449,2.6131761306088808,219.0,1.0748982780574599,0.348722965789844,0.954337899543379,1.392288884535243,-121.80806795480271,179.9212646484375,212.799560546875,213.7742156982422,213.2710418701172,-0.5031837224960327,0.4506176710128784,0.025502115488052368,nan,nan,nan,nan
444,795.5233842879534,3.0248037425397465,263.0,1.0817434249712947,0.3480555304224014,0.9277566539923955,1.3936517577206855,14.295398775203694,224.5375213623047,209.83607482910156,210.8938751220703,210.66802978515625,-0.2259230613708496,0.13287439942359924,0.03151118382811546,nan,nan,nan,nan
445,829.8154848366976,2.9014527441842572,286.0,1.1020837339728264,0.3615276518832493,0.8951048951048951,1.3976712824027608,3.0400008249514485,222.39002990722656,238.60328674316406,239.4239044189453,239.1329345703125,-0.29091450572013855,0.22188986837863922,0.019426118582487106,nan,nan,nan,nan
446,651.6045979186893,3.0027861655239136,217.0,1.0995661019252854,0.37161740500261053,0.8940092165898618,1.3730596916732585,-38.528390596067425,204.30831909179688,220.73583984375,222.1667938232422,221.7312774658203,-0.43548384308815,0.5363619923591614,0.011399476788938046,nan,nan,nan,nan
447,828.4803853388876,2.7616012844629587,300.0,1.086201819744567,0.35712184919037904,0.92,1.383635886591343,-26.019662976595555,216.9176788330078,216.6077117919922,217.5254364013672,217.07470703125,-0.4507177770137787,0.07628887891769409,0.008513148874044418,nan,nan,nan,nan
448,596.9174964481499,2.5400744529708508,235.0,1.096548344630535,0.3656635901345772,0.9106382978723404,1.3647196764500014,-128.86136045712578,179.70465087890625,214.510986328125,215.5152130126953,215.4048614501953,-0.11026406288146973,0.18260958790779114,0.009314695373177528,nan,nan,nan,nan
449,1556.852803824935,3.1137056076498704,500.0,1.1134119827828863,0.36287132082089857,0.928,1.4062205570536515,306.2875511703519,274.5029296875,247.86537170410156,248.43141174316406,248.2011260986328,-0.23021012544631958,0.15958638489246368,0.004471096675843,nan,nan,nan,nan
450,1275.4766262099147,3.022456460213068,422.0,1.116183617209048,0.365148755327168,0.9312796208530806,1.4022113637650766,179.37680324758048,256.2044982910156,233.11048889160156,233.84059143066406,233.7257537841797,-0.11488896608352661,0.21495528519153595,0.03320229426026344,nan,nan,nan,nan
451,1737.0740509778261,3.4127191571273596,509.0,1.0676695614199838,0.3445969845770229,0.9410609037328095,1.3934325193875479,468.68586412798345,295.08038330078125,259.8473205566406,260.5124816894531,261.3713684082031,0.8588889241218567,0.8554390072822571,0.025425469502806664,nan,nan,nan,nan
452,2196.1425872147083,3.426119480834178,641.0,1.075223210414581,0.3522843204208217,0.9126365054602185,1.370486794732415,666.3513655010595,309.2339172363281,259.7657165527344,260.1578674316406,260.62200927734375,0.4642554819583893,0.9135060906410217,0.022611934691667557,nan,nan,nan,nan
453,1179.6054192744195,3.3042168607126596,357.0,1.0639468815865358,0.3478457735554988,0.9131652661064426,1.3823198109495785,212.22678772229278,266.8539123535156,238.6265106201172,239.54205322265625,238.7252960205078,-0.8169546127319336,0.35555002093315125,0.01949150301516056,nan,nan,nan,nan
454,1119.6298759449273,3.042472488980781,368.0,1.0858931398931768,0.36001907104667,0.8940217391304348,1.3743867584823946,130.46765815415006,253.3751678466797,233.7779083251953,234.6404571533203,234.6669158935547,0.02643974870443344,0.11557328701019287,0.006429450120776892,nan,nan,nan,nan
455,1993.7311801165342,3.5039212304332765,569.0,1.0736319274230324,0.34998192128168304,0.9244288224956063,1.3786483819392148,606.5234319649614,309.1761169433594,270.4722900390625,270.9231872558594,272.3033142089844,1.3800249099731445,1.0967339277267456,0.01148903463035822,nan,nan,nan,nan
456,685.1768731186166,2.843057564807538,241.0,1.1072243532202763,0.36494686052953995,0.8838174273858921,1.4079520657503806,-52.483939916832014,205.30604553222656,232.9660186767578,234.19140625,233.6765594482422,-0.5148438811302185,0.5100030303001404,0.006196013651788235,nan,nan,nan,nan
457,574.4281798712909,2.748460190771727,209.0,1.0964707392856274,0.3639275676834856,0.9473684210526315,1.3896232924755074,-99.86220046990184,182.80551147460938,226.6207733154297,227.66175842285156,227.43540954589844,-0.22639913856983185,0.34176522493362427,0.004950856324285269,nan,nan,nan,nan
458,941.8249647635967,3.0381450476245053,310.0,1.0539818934906204,0.3434432072876026,0.9225806451612903,1.3612781613452536,67.52165623115843,239.51052856445312,244.14593505859375,244.9269561767578,244.6306610107422,-0.29629263281822205,0.33042651414871216,0.019387738779187202,nan,nan,nan,nan
459,1229.5880964174867,3.036019991154288,405.0,1.1296656880135059,0.373421436712532,0.9012345679012346,1.4039926795997133,167.15381582397595,253.67550659179688,233.58380126953125,234.3451690673828,234.32261657714844,-0.022660814225673676,0.51658695936203,0.018035635352134705,nan,nan,nan,nan
460,587.7564377747476,2.6239126686372662,224.0,1.0657566237555032,0.346488532686895,0.9285714285714286,1.370470639254345,-116.23883289187756,182.25125122070312,209.34071350097656,210.7006072998047,209.1063232421875,-1.5942875146865845,0.4346533417701721,0.07941791415214539,nan,nan,nan,nan
461,191.3413107097149,1.7882365486889242,107.0,1.104193455718766,0.3645994404107448,0.9252336448598131,1.4047814202841378,-280.95581541853676,84.33332824707031,188.59776306152344,191.09654235839844,189.5657196044922,-1.530812382698059,0.35608971118927,0.14561468362808228,nan,nan,nan,nan
462,616.5547927180305,2.9785255686861376,207.0,1.1062425288323339,0.36436399773393885,0.9371980676328503,1.4013573796209056,-53.77493557977118,197.91452026367188,214.02565002441406,215.4200439453125,215.2115478515625,-0.2085902839899063,0.23532481491565704,0.009328288026154041,nan,nan,nan,nan
463,1064.985542120412,3.0341468436478976,351.0,1.0962228660023403,0.36305799261846045,0.886039886039886,1.3782831484393077,109.4888666984582,246.114990234375,244.4029998779297,245.1007080078125,245.91969299316406,0.8189217448234558,0.33073243498802185,0.004900346044450998,nan,nan,nan,nan
464,1586.7049425556324,3.41962272102507,464.0,1.1025634584228423,0.3566126799679223,0.9482758620689655,1.411569685530406,407.43142668208725,295.8655700683594,245.2427520751953,245.86639404296875,245.2762451171875,-0.5901732444763184,0.054776325821876526,0.009092487394809723,nan,nan,nan,nan
465,900.8251604866236,2.6890303298108167,335.0,1.060858394209118,0.3461257931600853,0.9343283582089552,1.3596280921585273,-22.98629858820209,218.67364501953125,233.74745178222656,234.4857635498047,234.74122619628906,0.2554766535758972,0.36407870054244995,0.03152855858206749,nan,nan,nan,nan
466,684.2133602220565,2.839059585983637,241.0,1.1138525720264216,0.36950061755487695,0.8838174273858921,1.3914315283369896,-53.44745281339215,205.623779296875,227.1112518310547,228.3447723388672,228.1700439453125,-0.1747417002916336,0.2111460268497467,0.017645174637436867,nan,nan,nan,nan
467,1396.0804345272481,3.421765770900118,408.0,1.1077563794221268,0.364662228080918,0.928921568627451,1.4116801716968885,327.70517586865094,286.3882141113281,252.02745056152344,252.6734619140625,252.7324981689453,0.058997053653001785,0.70367830991745,0.03001021221280098,nan,nan,nan,nan
468,1350.5838525104336,3.1629598419448093,427.0,1.0955945642470006,0.3617632229754554,0.9039812646370023,1.380040033365195,244.5823994396219,264.8520812988281,249.44129943847656,249.99798583984375,249.8360137939453,-0.161965474486351,0.37649667263031006,0.025411317124962807,nan,nan,nan,nan
469,209.7701820395887,1.651733716847155,127.0,1.0920457748870955,0.34995766649138205,0.9212598425196851,1.4058739156742701,-302.133464522573,82.7948226928711,182.84033203125,185.8595733642578,184.43690490722656,-1.4226981401443481,1.3469367027282715,0.06269622594118118,nan,nan,nan,nan
470,1128.263789407909,3.169280307325587,356.0,1.0941958353285,0.3572025978491923,0.9213483146067416,1.3754666002265652,162.8654838774778,259.64288330078125,230.131591796875,230.7457275390625,230.4715576171875,-0.2742528021335602,0.19142603874206543,0.005967086646705866,nan,nan,nan,nan
471,-0.7421874888241291,-0.07421874888241291,10.0,1.1684521562507344,0.379055589189132,1.0,1.6661414155324394,-280.94768951261227,-1.86294686794281,168.82896423339844,188.017822265625,182.6413116455078,-5.376491546630859,1.2735446691513062,0.07248509675264359,nan,nan,nan,nan
472,1456.7811851538718,3.230113492580647,451.0,1.076819626886091,0.34994587137307753,0.9401330376940134,1.3784498001745802,303.25190756236816,276.6187438964844,242.54090881347656,243.1605987548828,244.4079132080078,1.2474325895309448,0.3191078007221222,0.01823599822819233,nan,nan,nan,nan
473,477.91134326159954,2.5420816130936146,188.0,1.1387630592032516,0.372525992365686,0.8936170212765957,1.4016245487244943,-154.7921906239876,160.891357421875,190.902587890625,192.37403869628906,191.0949249267578,-1.2791186571121216,0.1678285300731659,0.01052314043045044,nan,nan,nan,nan
474,1320.3560918867588,3.4930055340919544,378.0,1.0748864058435263,0.348789054682668,0.9206349206349206,1.390782208468361,311.39061387902666,288.0059509277344,237.65728759765625,238.21803283691406,238.2391815185547,0.020985504612326622,0.40480270981788635,0.011057107709348202,nan,nan,nan,nan
475,1145.667206659913,3.3111768978610203,346.0,1.0724466225107243,0.3495940353107003,0.9219653179190751,1.3918779744432002,200.07216134643681,266.0652770996094,235.2198944091797,236.2037353515625,235.4860076904297,-0.7176286578178406,0.4224684536457062,0.013474471867084503,nan,nan,nan,nan
476,830.2288481630385,2.9972160583503196,277.0,1.0951226588033283,0.36036747959438237,0.8953068592057761,1.40347036294705,21.276298346551812,223.8765869140625,225.7483367919922,226.80194091796875,226.2235565185547,-0.5783111453056335,0.2955426871776581,0.03256189450621605,nan,nan,nan,nan
477,103.57840697444044,0.7729731863764212,134.0,1.0997754101836017,0.3637977684714799,0.9477611940298507,1.3900521923312346,-422.1875217395898,34.24873352050781,189.7095184326172,191.08641052246094,189.6564178466797,-1.429979681968689,0.21170441806316376,0.06383084505796432,nan,nan,nan,nan
478,487.9895367352292,2.5819552208213183,189.0,1.0514118105180625,0.3450695730419748,0.9047619047619048,1.3659276509206735,-146.6943231720535,168.03155517578125,204.79725646972656,206.0581512451172,205.0404815673828,-1.0176607370376587,0.6311630606651306,0.025989502668380737,nan,nan,nan,nan
479,1298.7646504864097,3.070365603986784,423.0,1.102363988469985,0.36270908821968917,0.9148936170212766,1.4005698670938158,200.68450150238004,263.5119934082031,249.8460235595703,250.37156677246094,250.2683563232422,-0.1032334566116333,0.32556045055389404,0.007244689390063286,nan,nan,nan,nan
480,1433.4077620655298,3.4961164928427557,410.0,1.0755714145511912,0.35090144317286237,0.9292682926829269,1.3669997983260962,361.07185136354155,291.8083190917969,247.7781219482422,248.4686279296875,248.7164764404297,0.2479221075773239,0.7952014803886414,0.022498995065689087,nan,nan,nan,nan
481,577.253675237298,2.775258054025471,208.0,1.0908391990728243,0.3600412719779109,0.9086538461538461,1.3786073972562545,-95.0563790821991,185.94284057617188,223.1377410888672,224.40647888183594,224.9730987548828,0.5665962100028992,0.4945327341556549,0.011123322881758213,nan,nan,nan,nan
482,1054.7039712686092,2.905520582007188,363.0,1.093628504972713,0.36071729337668507,0.8925619834710744,1.387225523664575,75.44338358630944,238.29788208007812,237.37225341796875,238.1892852783203,237.6886444091797,-0.5006858706474304,0.2541753053665161,0.012228090316057205,nan,nan,nan,nan
483,557.5974590424448,2.266656337570914,246.0,1.075276752237439,0.35131442145481756,0.9146341463414634,1.357111227318399,-189.96498410148138,168.0402374267578,175.1270294189453,176.1710968017578,175.5419464111328,-0.629080593585968,0.7946280241012573,0.0598486065864563,nan,nan,nan,nan
484,1041.4661733005196,2.807186450944797,371.0,1.0732566919397915,0.3536995335626717,0.9299191374663073,1.3547326951692542,46.362977444655826,232.0036163330078,229.74330139160156,230.65296936035156,230.8583526611328,0.20546643435955048,0.07400160282850266,0.008519173599779606,nan,nan,nan,nan
485,1171.326933491975,3.1487283158386425,372.0,1.092494825049068,0.35799778026012713,0.9301075268817204,1.3882948270468463,174.2434116144159,258.3414611816406,242.65492248535156,243.4959716796875,243.6819305419922,0.18595868349075317,0.6681987643241882,0.024170607328414917,nan,nan,nan,nan
486,419.6927883643657,2.5591023680754006,164.0,1.1038214721670176,0.3621873553924886,0.8963414634146342,1.39292708101016,-165.48292100052947,151.30807495117188,198.2965087890625,200.35520935058594,201.96229553222656,1.6071100234985352,0.8311168551445007,0.04927165433764458,nan,nan,nan,nan
487,866.6621818896383,2.9180544844768965,297.0,1.0878428186732079,0.36053665835110105,0.9057239057239057,1.3834876992774268,18.10311163924166,223.8661346435547,244.85157775878906,245.66796875,245.87200927734375,0.20402292907238007,0.5914565324783325,0.05263432487845421,nan,nan,nan,nan
488,762.3420863896608,2.712961161529042,281.0,1.0867257776402204,0.35983953584674117,0.9074733096085409,1.379691152516231,-54.53176751360775,209.02032470703125,204.8686981201172,205.9020233154297,205.54295349121094,-0.35909947752952576,0.5789635181427002,0.013810506090521812,nan,nan,nan,nan
489,885.6670430856757,2.8386764201463963,312.0,1.1291285397812798,0.37492801822926186,0.9102564102564102,1.4114608755797564,7.403082509846399,225.345947265625,228.2266845703125,229.17063903808594,228.49928283691406,-0.6713059544563293,0.1686207503080368,0.007857231423258781,nan,nan,nan,nan
490,834.1529763489962,3.0113825860974592,277.0,1.1056161568295653,0.36466977938328965,0.9133574007220217,1.3798330468976285,25.200426532509482,230.4705047607422,229.5896453857422,230.53623962402344,229.6258544921875,-0.910350501537323,0.4306286871433258,0.027885878458619118,nan,nan,nan,nan
491,802.4371456429362,3.062737197110444,262.0,1.12155300517674,0.36707474142202656,0.9083969465648855,1.407215398591179,23.189486151881965,226.72283935546875,242.4584197998047,243.60951232910156,243.3728790283203,-0.23672287166118622,0.4702601432800293,0.020145541056990623,nan,nan,nan,nan
492,948.001295093447,3.1082009675194984,305.0,1.0619952870218683,0.3461535345245142,0.9016393442622951,1.364677429677544,83.5996166694863,241.01670837402344,229.4445037841797,230.34068298339844,229.9503936767578,-0.39033243060112,0.25176262855529785,0.016463834792375565,nan,nan,nan,nan
493,651.2225626371801,2.8688218618377976,227.0,1.0832680327682633,0.35999537100923135,0.8854625550660793,1.3636653926841638,-58.71368609453157,199.33834838867188,219.0359344482422,220.2407684326172,220.06065368652344,-0.18010227382183075,0.31686481833457947,0.017959509044885635,nan,nan,nan,nan
494,797.0223370026797,2.8263203439811337,282.0,1.126776843121106,0.37368578643331785,0.9113475177304965,1.3898358608010999,-21.831842922284523,213.0459747314453,240.2716522216797,241.1809844970703,240.8790740966797,-0.30190515518188477,0.274380087852478,0.017725955694913864,nan,nan,nan,nan
495,936.2480253651738,3.0596340698208295,306.0,1.1061952133638409,0.36387051324259134,0.8790849673202614,1.3683276931536523,69.86602091951772,236.31275939941406,234.2296905517578,235.02850341796875,235.0250244140625,-0.003384541952982545,0.23014488816261292,0.02496504597365856,nan,nan,nan,nan
496,1541.7588679371402,3.152881120525849,489.0,1.0776666978967826,0.35599877064839397,0.8977505112474438,1.3846681746060006,312.97720152120746,272.9307861328125,259.0351257324219,259.5502014160156,260.3724365234375,0.8222158551216125,0.40379640460014343,0.015857132151722908,nan,nan,nan,nan
497,393.2321615740657,2.137131312902531,184.0,1.052793113593818,0.34735449511872896,0.8967391304347826,1.3549901604662096,-231.55006822473956,134.33306884765625,186.5166473388672,188.16065979003906,188.1884002685547,0.027728965505957603,0.48935070633888245,0.013700291514396667,nan,nan,nan,nan
498,540.2264769151807,2.5482380986565127,212.0,1.1180214650331977,0.3677765790654241,0.9292452830188679,1.4134478654243878,-140.00488149109856,173.6488800048828,205.106689453125,206.2495880126953,205.24720764160156,-1.002345323562622,0.5627017021179199,0.06968249380588531,nan,nan,nan,nan
499,1249.740210195072,3.040730438430832,411.0,1.1192127422823082,0.36889977307078325,0.9245742092457421,1.4138934765469104,175.4239734713883,256.4237060546875,244.0480194091797,244.6583251953125,245.5228271484375,0.8645181059837341,0.31352242827415466,0.03044695407152176,nan,nan,nan,nan
500,540.4585221037269,2.4566296459260313,220.0,1.0921349600273806,0.36189799697171876,0.8954545454545455,1.3880422257132061,-155.6154444761163,169.68032836914062,225.6923370361328,227.1140899658203,226.5758514404297,-0.5383076071739197,0.34849682450294495,0.022574162110686302,nan,nan,nan,nan
501,1294.2844942002557,3.227642130175201,401.0,1.0634029762591026,0.3423372153241386,0.9476309226932669,1.3742489002487375,239.77151769352713,275.6084899902344,230.0040740966797,230.7855682373047,230.51080322265625,-0.27478155493736267,0.1307249665260315,0.009703808464109898,nan,nan,nan,nan
502,978.3655732348561,3.2503839642354024,301.0,1.0943932914099475,0.355833902948867,0.9136212624584718,1.3966585694004983,121.88519889767736,250.91990661621094,249.4387969970703,250.44195556640625,250.77830505371094,0.3362947404384613,0.5187294483184814,0.0246226005256176,nan,nan,nan,nan
503,442.4518849560991,2.6026581468005827,170.0,1.0590468713945749,0.34510228020189254,0.9117647058823529,1.36479451060876,-154.60578053896916,162.58724975585938,153.619873046875,155.44068908691406,156.30459594726562,0.8638922572135925,0.8148055672645569,0.030024981126189232,nan,nan,nan,nan
504,764.2093976028264,2.9968995984424565,255.0,1.0811924326970785,0.3575404841415553,0.9333333333333333,1.3867441748569882,-1.1759797363592952,216.0026092529297,231.37315368652344,232.5402374267578,232.2926025390625,-0.24759118258953094,0.17166496813297272,0.022783849388360977,nan,nan,nan,nan
505,615.3599397484213,2.722831591807174,226.0,1.0797610324734788,0.3534604192990947,0.9070796460176991,1.3636312520995097,-92.59598296159493,189.93238830566406,221.14971923828125,222.26222229003906,221.59625244140625,-0.6660526394844055,0.3371126353740692,0.0023038925137370825,nan,nan,nan,nan
506,488.0787867680192,2.582427443217033,189.0,1.1276940341639101,0.371381182278481,0.8835978835978836,1.4106212816954764,-146.60507313926348,163.48712158203125,214.3125,215.7921600341797,214.9918212890625,-0.8003525733947754,0.3852688670158386,0.014682927168905735,nan,nan,nan,nan
507,714.0111411139369,3.000046811403096,238.0,1.100212216753563,0.36166275547705173,0.8739495798319328,1.3980541523551164,-17.70869385642527,210.91099548339844,225.34104919433594,226.4851531982422,225.42539978027344,-1.0597524642944336,0.21765123307704926,0.006567469798028469,nan,nan,nan,nan
508,1496.3093429654837,3.4084495283951792,439.0,1.0706275298119552,0.3519643389850331,0.9202733485193622,1.372586445866432,366.543977634326,288.1757507324219,252.0666046142578,252.7245635986328,253.40570068359375,0.6810984015464783,0.904284656047821,0.016125166788697243,nan,nan,nan,nan
509,736.3030855059624,3.0425747334957123,242.0,1.0646718033761218,0.34948496091803,0.9214876033057852,1.372394255358278,-3.3380535511818152,216.03076171875,219.16661071777344,220.1636962890625,220.26023864746094,0.09646075963973999,0.43151238560676575,0.03909902647137642,nan,nan,nan,nan
510,832.8956109862775,2.7949517147190517,298.0,1.0723309477050698,0.35290660762027665,0.9395973154362416,1.3844518342302106,-17.64378528581483,216.0717315673828,251.8843994140625,252.4485321044922,252.73289489746094,0.28434622287750244,0.5782767534255981,0.021767087280750275,nan,nan,nan,nan
511,771.3882287964225,3.0132352687360253,256.0,1.0947031380699475,0.3659038220428859,0.9140625,1.396139853062916,4.022525435541297,217.9465789794922,242.5197296142578,243.7482452392578,243.6134490966797,-0.13473409414291382,0.2134096622467041,0.008229663595557213,nan,nan,nan,nan
512,625.0695085525513,2.717693515445875,230.0,1.1204509049631,0.37232457024645926,0.9304347826086956,1.405593076404151,-90.80771824424687,189.8990478515625,241.37034606933594,242.65087890625,242.30335998535156,-0.34746310114860535,0.47365453839302063,0.035227999091148376,nan,nan,nan,nan
513,685.4351772600785,2.646467865869029,259.0,1.1373231549434986,0.38017753450876957,0.9073359073359073,1.3910687512057005,-87.87150416588929,197.25254821777344,225.23089599609375,226.36595153808594,225.6392822265625,-0.7266541123390198,0.28941282629966736,0.03652716055512428,nan,nan,nan,nan
514,917.1930926851928,2.9682624358744105,309.0,1.1123997309123905,0.36698860776099673,0.9449838187702265,1.3973393325097692,44.87011017445025,231.05723571777344,247.97669982910156,248.8373260498047,248.812255859375,-0.0252352487295866,0.3057946264743805,0.019135186448693275,nan,nan,nan,nan
515,913.8435297757387,2.938403632719417,311.0,1.0985846452814128,0.36315199216048655,0.909967845659164,1.3947005599798192,37.559895221605075,228.62429809570312,242.9880828857422,243.879150390625,244.4815216064453,0.6024883985519409,0.2847832143306732,0.01643926277756691,nan,nan,nan,nan
516,870.5207645650953,2.901735881883651,300.0,1.0984844063395753,0.35595504171202064,0.9133333333333333,1.4042914224680052,16.020716249612178,226.9105682373047,227.1710968017578,228.2261199951172,228.1824493408203,-0.04360164329409599,0.19521062076091766,0.0197704266756773,nan,nan,nan,nan
517,990.8929389826953,3.0489013507159854,325.0,1.1183527730942313,0.3677876595635182,0.9046153846153846,1.4228110103739742,86.8847401248247,239.7263946533203,238.7051544189453,239.663330078125,240.1393280029297,0.4760240316390991,0.5385432839393616,0.03405337035655975,nan,nan,nan,nan
518,588.8882099203765,2.8176469374180697,209.0,1.0859125285573492,0.35118584435892125,0.9043062200956937,1.377256541178458,-85.40217042081622,189.0160675048828,202.3887939453125,203.6009521484375,203.90325927734375,0.30236172676086426,0.5943577289581299,0.025406528264284134,nan,nan,nan,nan
519,1214.267511036247,3.1135064385544795,390.0,1.0923932141043713,0.3563633033751041,0.9307692307692308,1.404621780526982,181.5381207681687,256.6383056640625,237.28529357910156,237.99851989746094,238.1446533203125,0.14607302844524384,0.25195062160491943,0.00816164631396532,nan,nan,nan,nan
520,1549.3692621551454,3.0863929525002898,502.0,1.0984665609334603,0.3577885109624191,0.9123505976095617,1.3913151471913192,294.8433574571711,270.49310302734375,249.69927978515625,250.29937744140625,250.82139587402344,0.5219769477844238,0.5271750688552856,0.024776557460427284,nan,nan,nan,nan
521,989.7252795733511,3.0928914986667224,320.0,1.1118351108893296,0.36407866639826053,0.928125,1.3988718880228144,95.61871082395805,242.94509887695312,216.91758728027344,217.9595489501953,217.3969268798828,-0.5625739097595215,0.3754870891571045,0.015304924920201302,nan,nan,nan,nan
522,487.6162101738155,2.607573316437516,187.0,1.1227265338649377,0.3710934499041269,0.9037433155080213,1.4133853243034606,-143.10699769007624,164.19859313964844,218.5604705810547,219.9080352783203,219.8407440185547,-0.06727076321840286,0.5073502063751221,0.020607346668839455,nan,nan,nan,nan
523,892.9158208270092,3.079020071817273,290.0,1.0746621957106088,0.3508056773205325,0.9275862068965517,1.3935005455743033,58.2190327284809,232.52047729492188,235.78863525390625,236.6504669189453,236.583984375,-0.06654181331396103,0.5302636623382568,0.0003861039876937866,nan,nan,nan,nan
524,732.4447115892544,3.0774987881901446,238.0,1.0759223337430328,0.3519645377376493,0.9243697478991597,1.3902851411120174,0.7248766188922673,216.5850067138672,229.27244567871094,230.49110412597656,229.9320068359375,-0.559005856513977,0.23124605417251587,0.013878784142434597,nan,nan,nan,nan
525,612.0568280406296,2.59346113576538,236.0,1.1065188598974078,0.36499271977075903,0.9110169491525424,1.411014547955902,-115.70235488634148,186.0950469970703,223.38661193847656,224.4075164794922,223.7433319091797,-0.6642110347747803,0.5106951594352722,0.037834178656339645,nan,nan,nan,nan
526,548.466557636857,2.587106403947439,212.0,1.0824497091557195,0.3582946340024103,0.9339622641509434,1.3949202326465024,-131.7648007694222,174.36599731445312,212.69635009765625,213.94927978515625,214.6534423828125,0.7041499018669128,0.5032784938812256,0.012999975122511387,nan,nan,nan,nan
527,1070.1273657036945,3.057506759153413,350.0,1.1351257027285655,0.3780635549798829,0.8971428571428571,1.4028884274857838,116.61101630343637,245.70904541015625,257.6978454589844,258.8339538574219,258.9284973144531,0.09451422840356827,0.2081579864025116,0.03556069731712341,nan,nan,nan,nan
528,1349.6789949703962,3.228897117154058,418.0,1.0714262624525335,0.34775737802225526,0.9497607655502392,1.380603959522683,261.50047609484386,272.66400146484375,236.12940979003906,236.7107391357422,236.7594757080078,0.04874313995242119,0.3157990872859955,0.02338087372481823,nan,nan,nan,nan
529,922.8865084965946,3.0762883616553154,300.0,1.0824865031661342,0.35440975444601563,0.89,1.3732486201566152,68.38646018111149,239.08692932128906,235.02113342285156,236.021484375,235.26060485839844,-0.7608656287193298,0.27547258138656616,0.004984674043953419,nan,nan,nan,nan
530,872.1814263835549,2.966603491100527,294.0,1.095527114926768,0.3577763581552248,0.9387755102040817,1.3899847555528022,29.563334198244775,225.571533203125,248.3920135498047,249.12213134765625,249.44627380371094,0.3240971565246582,0.2904517352581024,0.017481844872236252,nan,nan,nan,nan
531,603.805538225919,2.6835801698929735,225.0,1.138314258721312,0.38146744375496544,0.8711111111111111,1.4015040989905474,-102.1700584624017,186.1271209716797,228.9827423095703,230.49046325683594,229.9844207763672,-0.5060805678367615,0.39467552304267883,0.030832922086119652,nan,nan,nan,nan
532,954.9770671492442,3.215411000502506,297.0,1.0730803107159115,0.3491672212016266,0.936026936026936,1.3670541400941867,106.4179968988476,249.58543395996094,210.51287841796875,211.33538818359375,211.023193359375,-0.3122071325778961,0.2561703324317932,0.015284034423530102,nan,nan,nan,nan
533,1024.6098484620452,3.123810513603796,328.0,1.0736717448873536,0.3519657188796957,0.9054878048780488,1.3796964059934702,114.66067153908807,247.74880981445312,239.51954650878906,240.4173126220703,240.6009063720703,0.1836111694574356,0.15814818441867828,0.01609402894973755,nan,nan,nan,nan
534,2090.6997850239277,3.543558957667674,590.0,1.088768455336056,0.3550486326253168,0.9203389830508475,1.3862098106112313,661.9051904167495,311.9554138183594,254.41200256347656,254.86500549316406,255.4320068359375,0.5670053362846375,0.42456960678100586,0.011629324406385422,nan,nan,nan,nan
535,544.3563545458019,2.6948334383455537,202.0,1.131108512480376,0.3706876080749838,0.9356435643564357,1.4153375647569466,-116.07174364352227,179.41336059570312,187.6192626953125,188.72755432128906,188.2966766357422,-0.43089422583580017,0.46331432461738586,0.04287136346101761,nan,nan,nan,nan
536,1054.3499894752167,3.110176960103884,339.0,1.0622514745018754,0.3455911757596292,0.9174041297935103,1.376141768196237,122.61722631360908,251.1680908203125,248.09361267089844,248.7830047607422,249.00128173828125,0.21829825639724731,0.41435274481773376,0.010648168623447418,nan,nan,nan,nan
537,346.214325793786,1.9127863303524086,181.0,1.0995345450337277,0.3590217817932347,0.9447513812154696,1.3925258175034396,-272.6269259399327,121.49713134765625,180.9334259033203,182.4710235595703,182.24024963378906,-0.23075513541698456,0.1342056542634964,0.047455091029405594,nan,nan,nan,nan
538,639.8507522642612,2.935095193872758,218.0,1.1014228966913147,0.3623341335763725,0.8853211009174312,1.3857341559787517,-52.26256227219096,200.47286987304688,210.58241271972656,211.84283447265625,212.78062438964844,0.9378705024719238,0.14806866645812988,0.008104503154754639,nan,nan,nan,nan
539,629.7776572052389,2.875697064864105,219.0,1.114161144703539,0.36377145929810095,0.9360730593607306,1.4297833299490217,-64.31598335290869,198.3839569091797,223.1197509765625,224.4227294921875,224.0413360595703,-0.38143691420555115,0.5051226615905762,0.017448771744966507,nan,nan,nan,nan
540,254.26231437921524,1.9558639567631941,130.0,1.1211366007225447,0.3736206053565137,0.8923076923076924,1.3939821189115924,-263.58231024803285,100.43197631835938,187.130126953125,188.9083709716797,189.8468017578125,0.9384685158729553,0.9626441597938538,0.015416719950735569,nan,nan,nan,nan
541,1153.7580210976303,2.8140439538966593,410.0,1.0928665241682751,0.36132388755341244,0.9170731707317074,1.3784904227148789,81.422110395642,234.1216278076172,241.9751434326172,242.73963928222656,243.4321746826172,0.6925100684165955,0.21469520032405853,0.0148659348487854,nan,nan,nan,nan
542,831.2628219923936,3.18491502679078,261.0,1.0952192528526943,0.35089709678443864,0.9233716475095786,1.4179670416100139,53.995488523034965,234.50157165527344,201.2203369140625,202.0713653564453,201.48109436035156,-0.5903053283691406,0.5005530714988708,0.030794093385338783,nan,nan,nan,nan
543,646.177083786577,2.299562575752943,281.0,1.0837553721979973,0.3580929722458034,0.9181494661921709,1.3836472419632404,-170.6967701166916,175.50155639648438,223.6945343017578,224.47166442871094,224.15589904785156,-0.315815269947052,0.05996204912662506,0.04638458415865898,nan,nan,nan,nan
544,643.691055893898,2.810877973335799,229.0,1.0507632922503338,0.3435835403954852,0.9301310043668122,1.3721021504730733,-70.20584488120471,198.99330139160156,183.90948486328125,185.28416442871094,185.0216827392578,-0.2625417709350586,0.7481582760810852,0.03336543217301369,nan,nan,nan,nan
545,1450.8066776376218,3.366140783381953,431.0,1.0955573452045466,0.36027627482703095,0.9234338747099768,1.39018806378953,336.8839204800281,286.58447265625,245.2422637939453,245.75677490234375,246.0838623046875,0.3270980417728424,0.7557721138000488,0.03393888846039772,nan,nan,nan,nan
546,846.0096936523914,3.0000343746538705,282.0,1.095619641749526,0.35922680696425463,0.8794326241134752,1.3710441856045157,27.155513727427206,227.8510284423828,241.5516815185547,242.21861267089844,241.31739807128906,-0.9012951850891113,0.19500061869621277,0.02208026684820652,nan,nan,nan,nan
547,598.089507330209,2.6464137492487123,226.0,1.1111775347600124,0.36491213167538855,0.9026548672566371,1.4137647573954546,-109.86641537980722,184.87600708007812,197.0879364013672,198.5067901611328,198.4745330810547,-0.03222552686929703,0.544386625289917,0.04528110846877098,nan,nan,nan,nan
548,265.2094103358686,2.009162199514156,132.0,1.1004803367602132,0.36704190284026394,0.8787878787878788,1.3716372538207404,-256.59586633477056,103.87493896484375,186.232421875,188.99053955078125,187.5375518798828,-1.453014850616455,0.3202087879180908,0.04940575733780861,nan,nan,nan,nan
549,753.6369049903005,3.0266542369088376,249.0,1.1115549329630774,0.36499684458081716,0.9156626506024096,1.4154627599994654,0.13348378128785043,217.4882354736328,218.3658447265625,219.32366943359375,219.1215057373047,-0.20219285786151886,0.16699621081352234,0.010218099690973759,nan,nan,nan,nan
550,288.8671039734036,1.6412903634852476,176.0,1.1034600009145021,0.36064911123839644,0.8693181818181818,1.3580802843571151,-320.07251765183764,99.81547546386719,212.52197265625,214.1676025390625,213.1055450439453,-1.0619841814041138,0.8414540886878967,0.015322134830057621,nan,nan,nan,nan
551,465.77637280803174,2.6464566636819984,176.0,1.0606125909565456,0.346860438035671,0.9147727272727273,1.3614160634880987,-143.16324881720948,159.7208709716797,209.28919982910156,210.7039337158203,210.2098846435547,-0.49407315254211426,0.08097494393587112,0.018303656950592995,nan,nan,nan,nan
552,979.2466994710267,2.905776556293848,337.0,1.106168291766534,0.3631149983962731,0.9465875370919882,1.3974233272295136,51.47458835280986,234.0249481201172,237.03843688964844,237.9056396484375,237.9216766357422,0.016064463183283806,0.2727638781070709,0.010936054401099682,nan,nan,nan,nan
553,727.323123101145,2.944628028749575,247.0,1.0936927905075555,0.36124098180056713,0.9230769230769231,1.3699808326417064,-22.219646064476592,213.81825256347656,217.3071746826172,218.35353088378906,218.0552978515625,-0.29826268553733826,0.2802830934524536,0.02048550173640251,nan,nan,nan,nan
554,676.6910517141223,2.8313433126113905,239.0,1.112881641902551,0.3683115819648832,0.9288702928870293,1.3877924498883192,-57.00910927793541,203.6781768798828,209.3759765625,210.4117431640625,209.2615203857422,-1.1502293348312378,0.3887704014778137,0.014782640151679516,nan,nan,nan,nan
555,1559.7799709960818,3.222685890487772,484.0,1.0868478018702463,0.3578496093856908,0.9214876033057852,1.3850198841037948,340.8999346886267,278.84075927734375,252.36297607421875,252.9601287841797,254.41114807128906,1.4510267972946167,0.7021424174308777,0.03598122298717499,nan,nan,nan,nan
556,1005.8212190736085,3.286997447952969,306.0,1.0676690511560043,0.3445666090004229,0.9248366013071896,1.377844858188317,139.43921462795242,257.998779296875,223.0462646484375,224.0082550048828,224.08399963378906,0.07573907822370529,0.7253190875053406,0.012446749955415726,nan,nan,nan,nan
557,560.0601577088237,2.7589170330483923,203.0,1.1147452515543452,0.3668224730965496,0.9113300492610837,1.3997923468161364,-102.348266502196,179.8824920654297,217.7289276123047,219.13372802734375,218.97486877441406,-0.1588195115327835,0.35377538204193115,0.02471574768424034,nan,nan,nan,nan
558,496.80264835897833,2.5875137935363455,192.0,1.0518778024626758,0.3381458566262457,0.9114583333333334,1.3589722553573236,-143.82218961339083,163.9007110595703,219.15394592285156,220.5760040283203,220.60032653808594,0.024280881509184837,0.2899094521999359,0.034739308059215546,nan,nan,nan,nan
559,425.0610722992569,2.014507451655246,211.0,1.086808726534204,0.35893060226410134,0.919431279620853,1.3872666305044352,-253.18996008532667,136.51382446289062,177.66241455078125,178.80848693847656,177.76519775390625,-1.0432024002075195,0.4153482913970947,0.025587119162082672,nan,nan,nan,nan
560,1034.1188990646042,2.848812394117367,363.0,1.1001891566859776,0.3622233244646905,0.9090909090909091,1.380378239246404,54.858311382304464,237.8230743408203,223.96885681152344,224.8204345703125,224.5801544189453,-0.2401549071073532,0.4017386734485626,0.017190534621477127,nan,nan,nan,nan
561,1252.8399396110326,3.2882938047533665,381.0,1.0670245183992728,0.3413465630823218,0.9396325459317585,1.3863576113939744,237.93348353821398,272.98773193359375,236.4864044189453,237.25457763671875,237.18165588378906,-0.07290694117546082,0.5776155591011047,0.006450473330914974,nan,nan,nan,nan
562,1046.1847210675478,3.1511587983962284,332.0,1.088920761692859,0.35621557874320975,0.9156626506024096,1.4004204391696577,128.31424005780855,255.66275024414062,211.34263610839844,212.09507751464844,211.37269592285156,-0.7223503589630127,0.42853233218193054,0.013405770063400269,nan,nan,nan,nan
563,888.6727304682136,2.8033840077861627,317.0,1.128183459453576,0.3705841860267898,0.943217665615142,1.4196421033575621,0.5071397839069505,226.79855346679688,221.5867919921875,222.4808807373047,221.81983947753906,-0.6610458493232727,0.09565289318561554,0.012945791706442833,nan,nan,nan,nan
564,1335.6284264791757,3.28164232550166,407.0,1.0882405659951175,0.356266749035098,0.9041769041769042,1.3951477667553205,269.2334938422739,274.294921875,252.25384521484375,252.89646911621094,253.1127166748047,0.21616601943969727,0.8066929578781128,0.023469392210245132,nan,nan,nan,nan
565,648.6448404453695,2.9218236056097724,222.0,1.0747755386503153,0.35364251594791923,0.9144144144144144,1.3587893057844322,-51.38977817786463,199.24046325683594,214.8439483642578,216.2509765625,216.2086639404297,-0.042315419763326645,0.27770039439201355,0.011851421557366848,nan,nan,nan,nan
566,1100.715826883912,3.066060799119532,359.0,1.1241616560028957,0.3657158905383634,0.9136490250696379,1.4114579717970663,129.3765432883945,244.94325256347656,237.26220703125,237.93138122558594,237.8101348876953,-0.12115776538848877,0.25397127866744995,0.00879750307649374,nan,nan,nan,nan
567,612.4389752075076,2.734102567890659,224.0,1.089333179912367,0.35804147105270767,0.90625,1.3523554931169488,-91.55629545911756,189.91392517089844,232.42144775390625,233.7178955078125,233.8769989013672,0.15905998647212982,0.4825650453567505,0.01952478103339672,nan,nan,nan,nan
568,704.7349655777216,2.973565255602201,237.0,1.0812698794160571,0.3565731313734206,0.9113924050632911,1.371114039274777,-25.004543370945157,210.04400634765625,224.96217346191406,226.1986083984375,225.6472625732422,-0.5513976216316223,0.40112143754959106,0.006264346651732922,nan,nan,nan,nan
569,1014.9881536327302,3.066429467168369,331.0,1.0751116081365821,0.35593124540059146,0.9063444108761329,1.3674825139270235,99.09799864468664,242.6311798095703,256.7845458984375,257.804931640625,258.4884948730469,0.6835481524467468,0.8073409199714661,0.019676972180604935,nan,nan,nan,nan
570,986.3865404576063,3.0072760379805072,328.0,1.0758229906455905,0.3464794486648227,0.9115853658536586,1.4036393669373604,76.4373635346492,236.01690673828125,228.34779357910156,229.0553436279297,228.7471923828125,-0.30818191170692444,0.2722102105617523,0.017609909176826477,nan,nan,nan,nan
571,1926.4039963446558,3.502552720626647,550.0,1.0799809715795337,0.3518595280549242,0.9345454545454546,1.3836350199273275,576.8224426052975,307.41387939453125,255.49546813964844,255.94593811035156,256.4922180175781,0.5462551116943359,0.6704559326171875,0.011460037901997566,nan,nan,nan,nan
572,1213.165256138891,2.9092691993738393,417.0,1.1071343401554807,0.3630250975568064,0.9184652278177458,1.3919236146061849,126.96706328503433,242.68963623046875,241.4761505126953,242.125,242.93145751953125,0.8063719868659973,0.47060301899909973,0.02479964680969715,nan,nan,nan,nan
573,576.1519606634974,2.549344958688042,226.0,1.1024062238582906,0.3649610520088441,0.911504424778761,1.3721332677690916,-131.8039620465188,178.66845703125,242.6477813720703,243.53076171875,242.15419006347656,-1.3766478300094604,0.4819520115852356,0.02158207818865776,nan,nan,nan,nan
574,1383.2764075249434,3.080793780679161,449.0,1.0874034827136008,0.3539461205088939,0.9220489977728286,1.3913147146010676,233.70778197683057,263.4504699707031,238.85516357421875,239.51502990722656,239.72755432128906,0.21246226131916046,0.296282023191452,0.01454111747443676,nan,nan,nan,nan
575,841.8451283087488,2.8061504276958296,300.0,1.0817637802814553,0.3518148145959519,0.9233333333333333,1.3894744962229235,-12.6549200067343,218.1348114013672,207.732421875,208.5576629638672,207.75836181640625,-0.7993189692497253,0.48870739340782166,0.02241261675953865,nan,nan,nan,nan
576,642.6119220070541,2.818473342136202,228.0,1.1100053054685979,0.3649709469713482,0.9166666666666666,1.4021614772574278,-69.3046527463531,194.59083557128906,221.49656677246094,222.63694763183594,222.469482421875,-0.16748575866222382,0.23765800893306732,0.00958841573446989,nan,nan,nan,nan
577,1904.3406390245073,3.6273155029038233,525.0,1.0672700146009113,0.34145216425872477,0.9504761904761905,1.3935643683512717,604.2672358275365,318.572509765625,243.7770233154297,244.32801818847656,244.6417694091797,0.31376567482948303,0.3234424591064453,0.0032593351788818836,nan,nan,nan,nan
578,786.1777221858501,2.869261759802373,274.0,1.0997243228564046,0.3621742596671777,0.9452554744525548,1.4008498367230853,-16.833849565550054,217.05752563476562,231.406494140625,232.2736053466797,232.3466339111328,0.07310622930526733,0.4549580514431,0.011770403012633324,nan,nan,nan,nan
579,712.1358894202858,2.8485435576811433,250.0,1.0948985953485992,0.35533277167946414,0.904,1.3846171800953575,-43.34785781042228,209.53375244140625,199.3448028564453,200.54518127441406,199.8205108642578,-0.7247090339660645,0.281065970659256,0.019236933439970016,nan,nan,nan,nan
580,-2.4886535685509443,-0.27651706317232716,9.0,1.150658929176707,0.3750086432253873,1.0,1.4463195173563697,-280.7138295706436,-1.854665994644165,160.4789276123047,181.7100372314453,175.8483428955078,-5.86172342300415,0.18469975888729095,0.06264340877532959,nan,nan,nan,nan
581,893.8768053501844,2.81980064779238,317.0,1.1062738776676986,0.36901326536947177,0.917981072555205,1.3917545376939895,5.711214665877833,224.61888122558594,234.63279724121094,235.3995819091797,234.5157928466797,-0.8838446140289307,0.2455688863992691,0.009317141026258469,nan,nan,nan,nan
582,756.5832161307335,2.9554031880106777,256.0,1.1250657258180086,0.3743932818877056,0.8984375,1.3963539577745823,-10.782487230147694,213.13217163085938,236.834228515625,237.759765625,237.13507080078125,-0.6247518062591553,0.3488890826702118,0.005704329814761877,nan,nan,nan,nan
583,794.0962946712971,2.930244629783384,271.0,1.0736629050007005,0.34777114758248523,0.9261992619926199,1.3915457481509654,-2.9742990150166406,219.97662353515625,223.33238220214844,224.29241943359375,223.4327392578125,-0.859660804271698,0.5662747621536255,0.08059970289468765,nan,nan,nan,nan
584,815.5369152538478,3.124662510551141,261.0,1.0910161434912946,0.35636774480752026,0.9386973180076629,1.3952763419310257,38.26958178448922,229.6632537841797,232.93994140625,234.03538513183594,234.0774383544922,0.042049139738082886,0.3741695284843445,0.016067231073975563,nan,nan,nan,nan
585,551.1907664872706,2.460673064675315,224.0,1.1081256102830006,0.36710080150823204,0.9196428571428571,1.3979524705451423,-152.80450417935458,173.91812133789062,170.5733642578125,171.752197265625,170.76573181152344,-0.9865065217018127,0.48624399304389954,0.012416559271514416,nan,nan,nan,nan
586,506.6797540560365,2.3899988398869647,212.0,1.100783224236965,0.359237160283813,0.9433962264150944,1.3744131179499657,-173.55160435024277,161.58224487304688,209.76776123046875,211.09275817871094,210.4605712890625,-0.6321848034858704,0.38742437958717346,0.012451114133000374,nan,nan,nan,nan
587,990.7441125065088,0.9907441125065088,1000.0,1.127300892920963,0.38456868758318885,0.886,1.3832602506373792,-1249.9841509958242,90.93063354492188,99.45834350585938,99.6457748413086,100.5508041381836,0.9050467014312744,0.5154264569282532,0.09440180659294128,nan,nan,nan,nan
588,1192.651621364057,3.2946177385747433,362.0,1.1294418671483961,0.3724179481198834,0.8977900552486188,1.3998661109329815,215.37135970345298,271.9593505859375,239.6468048095703,240.4459686279297,240.10040283203125,-0.3455013334751129,0.37292155623435974,0.010540558956563473,nan,nan,nan,nan
589,1662.396701048594,3.448955811304137,482.0,1.0922209051575162,0.35580107209378625,0.9253112033195021,1.3973909096067851,447.4773167845299,299.4532775878906,255.5909881591797,256.1857604980469,256.2008361816406,0.015131157822906971,0.5192299485206604,0.007568869274109602,nan,nan,nan,nan
590,760.3124253624119,3.0291331687745493,251.0,1.0842759308956178,0.35926905790499103,0.900398406374502,1.3724027611317187,2.848352110008136,219.84486389160156,225.50433349609375,226.4691619873047,225.06494140625,-1.4042311906814575,0.2894745171070099,0.0276199821382761,nan,nan,nan,nan
591,473.67772441357374,2.588402865647944,183.0,1.1324028228100913,0.3760653708263924,0.9453551912568307,1.3984710253949764,-149.12417936353586,164.8794708251953,184.8447265625,186.27435302734375,185.095703125,-1.1786116361618042,0.6038612723350525,0.03342750668525696,nan,nan,nan,nan
592,948.7000187970698,3.021337639481114,314.0,1.089590482423046,0.355870983895416,0.9076433121019108,1.3952919287165564,66.47540617784966,236.30067443847656,245.0181884765625,245.9250946044922,246.4770050048828,0.551976203918457,0.5147761106491089,0.025526098906993866,nan,nan,nan,nan
593,363.3782861456275,2.125019217225892,171.0,1.0661566189870362,0.3456435863307149,0.9122807017543859,1.3686787772752653,-235.65970537113617,129.94325256347656,194.1602783203125,195.447265625,194.859619140625,-0.5876693725585938,1.3348296880722046,0.038036976009607315,nan,nan,nan,nan
594,795.1879652403295,3.0007093027936964,265.0,1.065745393410768,0.34766652109518753,0.9132075471698113,1.3808432026450712,9.999327684188756,221.67709350585938,218.6444549560547,219.470947265625,219.3635711669922,-0.10737600177526474,0.017232418060302734,0.01629154197871685,nan,nan,nan,nan
595,851.4077581744641,3.1650846028790487,269.0,1.0822550873622332,0.35698297262726103,0.9219330855018587,1.3755226405815284,58.29781653154146,234.68826293945312,237.0934600830078,237.88575744628906,237.14613342285156,-0.7395815253257751,0.25217121839523315,0.0021054325625300407,nan,nan,nan,nan
596,805.6862580776215,3.1107577531954496,259.0,1.091699904184855,0.3545791067403937,0.9343629343629344,1.3706045102767135,32.37957665165368,228.7457733154297,242.5606231689453,243.4952392578125,243.8920135498047,0.39676475524902344,0.7188515663146973,0.026428867131471634,nan,nan,nan,nan
597,1142.613999903202,3.0715430104924786,372.0,1.0933260459558571,0.3579598664377873,0.9354838709677419,1.3996430081717548,145.53047802564288,254.175048828125,248.45037841796875,249.13877868652344,249.52638244628906,0.3877328336238861,0.323000431060791,0.015196816995739937,nan,nan,nan,nan
598,497.1375424005091,2.3339790723028595,213.0,1.0840740772335014,0.3581991377466975,0.9295774647887324,1.3716899979993844,-185.07414202746554,159.40135192871094,215.20091247558594,216.57220458984375,217.00372314453125,0.43155303597450256,0.4059103727340698,0.026154296472668648,nan,nan,nan,nan
599,987.3329647206701,2.8701539672112504,344.0,1.1149528066872896,0.3656300889886679,0.9011627906976745,1.398136810086446,45.69857145058495,230.37718200683594,231.1002655029297,231.93833923339844,232.0030975341797,0.0646960437297821,0.3230818212032318,0.03444233909249306,nan,nan,nan,nan
600,1014.4957949519157,2.833787136737195,358.0,1.1033618126845748,0.36196187109188044,0.9078212290502793,1.372784928626085,45.13683737809356,232.21543884277344,239.6422882080078,240.4431915283203,241.2883758544922,0.8451924324035645,0.15021395683288574,0.01673271507024765,nan,nan,nan,nan
601,928.1274637375027,3.2226648046441064,288.0,1.0758503031169218,0.34878309938585517,0.9236111111111112,1.3772225942386973,97.3913276823655,241.87939453125,229.9995574951172,231.02308654785156,231.54283142089844,0.5197360515594482,0.6073049902915955,0.02573837898671627,nan,nan,nan,nan
602,679.9028323665261,2.6455363127102185,257.0,1.1209968427006025,0.37144647353378896,0.8949416342412452,1.3980711123362701,-89.44319701605059,195.76109313964844,218.8616485595703,220.2432403564453,219.2428436279297,-1.0003697872161865,0.24226082861423492,0.024841921404004097,nan,nan,nan,nan
603,264.8523539695889,1.9765101042506632,134.0,1.0842655181629473,0.35301584516019463,0.917910447761194,1.3928435118952054,-260.91357474444135,100.0291976928711,186.1119842529297,188.0293731689453,188.91896057128906,0.8896107077598572,1.452431321144104,0.023470375686883926,nan,nan,nan,nan
604,361.38867629133165,2.0533447516552936,176.0,1.1103421089760048,0.3681484268831396,0.9147727272727273,1.3923086312538266,-247.55094533390957,127.75424194335938,198.5335693359375,199.92388916015625,200.14439392089844,0.220529243350029,0.2397005558013916,0.022297652438282967,nan,nan,nan,nan
605,664.2403450571001,2.965358683290625,224.0,1.121437229494052,0.3664801292566803,0.9419642857142857,1.4312872031174897,-39.75492560952512,205.3361053466797,213.39939880371094,214.5196990966797,214.3665008544922,-0.15319471061229706,0.3190101087093353,0.011034168303012848,nan,nan,nan,nan
606,1036.36988549307,3.0214865466270258,343.0,1.0917250228115236,0.35249495447137114,0.9358600583090378,1.3966652329804363,96.71581824468012,243.79617309570312,233.96498107910156,234.72259521484375,234.5322265625,-0.19036948680877686,0.22147198021411896,0.01470621582120657,nan,nan,nan,nan
607,760.9628595467657,2.839413655025245,268.0,1.1081441603674276,0.36455954983953526,0.9328358208955224,1.4361205619246882,-30.166756074461546,214.4343719482422,231.2188720703125,232.3314971923828,231.5453338623047,-0.7861120700836182,0.5241938233375549,0.054601240903139114,nan,nan,nan,nan
608,448.4445445649326,2.533584997541992,177.0,1.114265508358623,0.36926234220764614,0.9096045197740112,1.3882182590305387,-162.47540308200405,157.13430786132812,202.73402404785156,204.150146484375,205.66847229003906,1.518302083015442,0.4808993339538574,0.032238103449344635,nan,nan,nan,nan
609,1129.2324037626386,3.172001134164715,356.0,1.0689878065723821,0.3502774385331863,0.901685393258427,1.3516596729302075,163.83409823220745,255.97630310058594,250.1673126220703,250.8446044921875,250.510498046875,-0.3340547978878021,0.35950779914855957,0.018303362652659416,nan,nan,nan,nan
610,287.49020478874445,1.3187624072878186,218.0,1.1069881185490082,0.36682302950591633,0.926605504587156,1.3965641713564072,-404.62310974770776,87.31138610839844,170.7367706298828,172.35838317871094,172.2678985595703,-0.09051743894815445,0.9624350666999817,0.0426168255507946,nan,nan,nan,nan
611,1034.5870188102126,3.125640540212123,331.0,1.1187601251812327,0.36840625817247435,0.9154078549848943,1.4112314880039054,118.69686382216901,249.4723663330078,245.0865020751953,245.74774169921875,245.7436981201172,-0.0041006882674992085,0.26250332593917847,0.018802566453814507,nan,nan,nan,nan
612,588.7568954452872,2.8860632129670942,204.0,1.0986187856511271,0.3651078233700414,0.9117647058823529,1.3814548236640218,-75.63185478742798,189.58203125,222.4925079345703,223.94664001464844,222.9257354736328,-1.0209120512008667,0.4828885495662689,0.030979489907622337,nan,nan,nan,nan
613,997.5303224548697,2.9600306304298805,337.0,1.0536065010315667,0.34330551828046785,0.9317507418397626,1.373298137828166,69.75821133665295,237.16575622558594,222.95709228515625,223.8490753173828,224.61512756347656,0.7660389542579651,0.37255677580833435,0.02632826194167137,nan,nan,nan,nan
614,1020.6987189408392,1.0206987189408392,1000.0,1.1248411276755292,0.382512466978534,0.894,1.3850152162923917,-1220.0295445614938,91.42405700683594,98.17660522460938,98.3526611328125,99.56338500976562,1.2107499837875366,0.881250262260437,0.12452424317598343,nan,nan,nan,nan
615,528.7104354798794,2.5297150022960735,209.0,1.1040892987179034,0.3631508261633018,0.9186602870813397,1.4026107816716866,-145.57994486131338,165.42494201660156,199.12066650390625,200.64910888671875,201.0596160888672,0.41043272614479065,0.15455050766468048,0.011581772938370705,nan,nan,nan,nan
616,438.38553757965565,2.271427655853138,193.0,1.1302398193630019,0.3756533623182429,0.9533678756476683,1.4141575633548895,-204.21962641440905,147.0186767578125,210.71771240234375,212.0302276611328,213.1821746826172,1.151957631111145,1.16813063621521,0.05932789668440819,nan,nan,nan,nan
617,1286.6865267716348,3.0929964585856604,416.0,1.0663912365378183,0.3486843210706493,0.90625,1.3475215582101556,202.46865993947358,258.25946044921875,253.0982208251953,253.7850341796875,254.0929718017578,0.3080097436904907,0.6778647899627686,0.027775757014751434,nan,nan,nan,nan
618,401.8006213036133,2.160218394105448,186.0,1.1041480899756975,0.3674810188070339,0.9354838709677419,1.4002943128487981,-226.9422605385829,136.46543884277344,219.4791717529297,221.2049560546875,219.61761474609375,-1.5873733758926392,0.3729928731918335,0.10476941615343094,nan,nan,nan,nan
619,813.2488842755556,3.0345107622222223,268.0,1.1057712242321196,0.36271168782232555,0.9440298507462687,1.4017492179285131,22.11926865432838,224.6611785888672,234.77500915527344,235.88243103027344,236.09234619140625,0.20987777411937714,0.20295213162899017,0.029786309227347374,nan,nan,nan,nan
620,830.5524987857789,2.571369965281049,323.0,1.0951496071461437,0.3570745719878891,0.9411764705882353,1.3985242820262498,-69.49504802870092,204.27210998535156,206.4148712158203,207.4911651611328,208.5245819091797,1.0333805084228516,0.467154324054718,0.02710316888988018,nan,nan,nan,nan
621,1120.8107142411172,3.1133630951142144,360.0,1.0650487924196037,0.34801923838093457,0.9166666666666666,1.3873304876972958,147.491104623904,248.5384521484375,238.52685546875,239.341552734375,238.93182373046875,-0.40976682305336,0.3086443245410919,0.01588442176580429,nan,nan,nan,nan
622,1093.9234698731452,2.980717901561704,367.0,1.0828085858721186,0.35697384847820374,0.9046321525885559,1.3784513515042793,106.74157810406359,243.87840270996094,241.3545684814453,242.2311248779297,242.54298400878906,0.3118726313114166,0.6305072903633118,0.007688402663916349,nan,nan,nan,nan
623,357.6186371408403,2.1543291394026522,166.0,1.1322402229583244,0.3788957597211426,0.8975903614457831,1.397668197438166,-231.51772426744583,129.45620727539062,190.3466033935547,191.9633331298828,192.0784454345703,0.11505836248397827,0.28683894872665405,0.006055106874555349,nan,nan,nan,nan
624,865.0575508698821,2.772620355352186,312.0,1.0978171541553474,0.36205052713598385,0.9102564102564102,1.3853433165253892,-13.20640970594718,213.98532104492188,234.1263427734375,235.12876892089844,236.11444091796875,0.9856697916984558,0.2262023240327835,0.06534116715192795,nan,nan,nan,nan
625,489.29791471362114,2.363758042094788,207.0,1.0935657690967557,0.36058204224125645,0.9371980676328503,1.362019585290762,-181.03181358418055,157.55575561523438,220.8152618408203,222.20689392089844,223.075439453125,0.8686115741729736,0.3710134029388428,0.04028395935893059,nan,nan,nan,nan
626,903.3169223531149,0.9033169223531149,1000.0,1.1370123438663793,0.3837715364376587,0.889,1.4028000261177567,-1337.411341149218,81.30789947509766,104.98190307617188,105.13909912109375,105.74800872802734,0.6089407801628113,0.3508065640926361,0.09508945047855377,nan,nan,nan,nan
627,600.128961160779,2.871430436175976,209.0,1.08642771543186,0.3591535140071777,0.9043062200956937,1.3721556249169775,-74.16141918041376,192.9136962890625,220.1409149169922,221.33824157714844,220.91680908203125,-0.42140403389930725,0.33456143736839294,0.03584901615977287,nan,nan,nan,nan
628,1360.3507402811665,3.163606372746899,430.0,1.1256867446866647,0.37195814070637,0.9093023255813953,1.396357592145236,248.40830914526828,269.072265625,248.8936309814453,249.3955535888672,249.25270080566406,-0.14285726845264435,0.35332366824150085,0.014238492585718632,nan,nan,nan,nan
629,549.2375411875546,2.615416862797879,210.0,1.0928085961392033,0.35847785132271903,0.919047619047619,1.3691154327049684,-127.03316517533358,176.15040588378906,200.0836181640625,201.37030029296875,200.1295623779297,-1.240775227546692,0.5760867595672607,0.0684032291173935,nan,nan,nan,nan
630,657.187605060637,2.7156512605811445,242.0,1.0767065161396188,0.350708856045603,0.9380165289256198,1.3985761500889466,-82.45353399650719,196.58267211914062,198.91590881347656,199.96693420410156,198.62049865722656,-1.3464123010635376,0.5340237021446228,0.062455035746097565,nan,nan,nan,nan
631,922.4275381118059,3.0747584603726863,300.0,1.102270808769933,0.3612281483245574,0.9033333333333333,1.3981739467910659,67.92748979632279,238.34434509277344,235.6387481689453,236.6060333251953,236.22206115722656,-0.3839511573314667,0.4888724982738495,0.014784240163862705,nan,nan,nan,nan
632,1027.7211234793067,3.0227091867038434,340.0,1.0724638364363603,0.34729396795201134,0.9411764705882353,1.3842018356749068,94.00803429600342,244.3533935546875,220.0865478515625,220.8704376220703,220.3363037109375,-0.5341156721115112,0.40796518325805664,0.024418579414486885,nan,nan,nan,nan
633,505.68035169597715,2.7187115682579415,186.0,1.090771523984771,0.3581654173210927,0.8978494623655914,1.3736301937917492,-123.06253014621905,170.45372009277344,222.89488220214844,224.27207946777344,223.60487365722656,-0.667212188243866,0.46681374311447144,0.04299844056367874,nan,nan,nan,nan
634,1017.848664729856,1.017848664729856,1000.0,1.1376681285638746,0.38670810604088185,0.891,1.391515077526216,-1222.879598772477,91.48797607421875,95.69366455078125,95.88592529296875,96.93606567382812,1.0501866340637207,0.3069439232349396,0.0598561055958271,nan,nan,nan,nan
635,524.8275266177952,2.7477880974753677,191.0,1.0750815964063147,0.34253265156880364,0.9319371727748691,1.3887433488749958,-113.8169853328784,178.14544677734375,172.9740753173828,174.4488067626953,173.59954833984375,-0.8492771983146667,0.6093476414680481,0.021088970825076103,nan,nan,nan,nan
636,1516.7145185396075,3.282931858310839,462.0,1.1093845707389443,0.36393769282670746,0.9069264069264069,1.3870774066981013,341.4016547094534,279.09228515625,250.55393981933594,251.0972442626953,252.14231872558594,1.045039176940918,0.8121071457862854,0.038277529180049896,nan,nan,nan,nan
637,931.5222528409213,2.9856482462850042,312.0,1.0600840682295547,0.345954393293623,0.8974358974358975,1.3645646995617313,53.258292265091995,234.40975952148438,232.9666290283203,233.7681121826172,233.8029022216797,0.03472581505775452,0.1942838579416275,0.017201807349920273,nan,nan,nan,nan
638,668.4165150141343,2.8935779870741745,231.0,1.1139518774711652,0.3656105302557454,0.9134199134199135,1.406293589461339,-49.441037804359325,205.09548950195312,222.1981658935547,223.42845153808594,223.8848114013672,0.4563876688480377,0.5563219785690308,0.014831527136266232,nan,nan,nan,nan
639,1043.3366591893137,1.0433366591893136,1000.0,1.1328111049261422,0.38565343480043035,0.894,1.3849227214441744,-1197.3916043130193,94.44280242919922,95.49689483642578,95.68817901611328,96.59026336669922,0.9021212458610535,0.6489567160606384,0.11756815761327744,nan,nan,nan,nan
640,1030.7898232918233,2.9877965892516616,345.0,1.0984938156415187,0.35927773435432225,0.9217391304347826,1.3939395018579772,87.17510400004267,239.00509643554688,214.0484619140625,215.0647430419922,215.4298553466797,0.36511746048927307,0.43758678436279297,0.005904873833060265,nan,nan,nan,nan
641,707.1721921227872,2.619156267121434,270.0,1.0877957354969892,0.35507825399119475,0.9185185185185185,1.3940664653250199,-87.91807554183106,198.77537536621094,220.9464569091797,222.1470184326172,221.21385192871094,-0.933201014995575,0.13891424238681793,0.01694219745695591,nan,nan,nan,nan
642,615.0155435055494,2.9426581028973655,209.0,1.0761445483305803,0.3526130514659442,0.8899521531100478,1.345294648501909,-59.27483683564333,197.96458435058594,219.4390869140625,220.69215393066406,220.4885711669922,-0.20358778536319733,0.2549442946910858,0.02637699991464615,nan,nan,nan,nan
643,924.4828195677837,2.9726135677420698,311.0,1.0851923961631054,0.3508470822735201,0.9131832797427653,1.381335471176412,48.199185013650094,232.15969848632812,224.13909912109375,224.9575958251953,225.1224365234375,0.16488003730773926,0.09120624512434006,0.0262957401573658,nan,nan,nan,nan
644,853.1348705904093,3.014610850142789,283.0,1.109303153459151,0.36071691626048147,0.9187279151943463,1.411187388997938,32.30036464374962,228.11927795410156,237.67921447753906,238.5604248046875,239.04119873046875,0.48085376620292664,0.3970271646976471,0.011780574917793274,nan,nan,nan,nan
645,498.1285900780931,2.7673810559894063,180.0,1.0525376361476413,0.3388334465987067,0.9333333333333333,1.391444178953744,-118.73233563393,176.01805114746094,202.4165802001953,203.7128448486328,203.4625701904297,-0.2502380311489105,0.13706669211387634,0.06505076587200165,nan,nan,nan,nan
646,992.522366642952,3.072824664529263,323.0,1.120465017475032,0.36351790418031443,0.9164086687306502,1.4232847132586504,92.47481982847216,247.22044372558594,221.193603515625,222.22068786621094,221.0838165283203,-1.1368650197982788,0.0760393813252449,0.027364110574126244,nan,nan,nan,nan
647,1410.331616749987,3.326253813089592,424.0,1.0914220496860918,0.3593089569171438,0.9033018867924528,1.37831310771075,310.27114174426174,278.9085998535156,246.4908447265625,247.14027404785156,247.15660095214844,0.016324548050761223,0.7389327883720398,0.031828030943870544,nan,nan,nan,nan
648,566.6682720929384,2.737527884506949,207.0,1.0867643504233244,0.35830203947336897,0.9082125603864735,1.3989862550051884,-103.66145620486327,180.0299072265625,234.56578063964844,235.7970733642578,235.475341796875,-0.3217709958553314,0.43165382742881775,0.008996428921818733,nan,nan,nan,nan
649,703.4665564391762,2.8949241005727417,243.0,1.0824635219581877,0.3531956152482002,0.9176954732510288,1.416228003967125,-38.15490863966352,210.33056640625,200.9527130126953,202.179443359375,201.9300537109375,-0.2494327425956726,0.4611549377441406,0.012171330861747265,nan,nan,nan,nan
650,910.670407243073,2.863743419003374,318.0,1.0936978262001615,0.35719247979799723,0.9088050314465409,1.3716852876269214,20.524490537070733,226.34422302246094,235.3168487548828,236.24681091308594,235.4284210205078,-0.8184724450111389,0.24641133844852448,0.024706346914172173,nan,nan,nan,nan
651,1075.34555167472,3.2195974601039516,334.0,1.0853229236210433,0.35285273513943977,0.9221556886227545,1.3958430819474834,153.5144186215898,252.9793701171875,243.94970703125,244.7357177734375,244.9181365966797,0.18244987726211548,0.13042142987251282,0.012132964096963406,nan,nan,nan,nan
652,623.6367611959577,2.8091745999817914,222.0,1.0714948576180408,0.3471067611232271,0.9279279279279279,1.3814604488294633,-76.39785742727645,192.8103485107422,211.1422882080078,212.31251525878906,211.24903869628906,-1.0634644031524658,0.4661130905151367,0.035666074603796005,nan,nan,nan,nan
653,628.0364061556756,2.7912729162474474,225.0,1.098644225465249,0.3561763372723686,0.9022222222222223,1.3865504261525223,-77.93919053264506,192.3858184814453,221.85638427734375,223.1383514404297,222.86602783203125,-0.2723234295845032,0.1893923282623291,0.01595548912882805,nan,nan,nan,nan
654,797.2935136593878,2.74928797813582,290.0,1.0698301047894536,0.353601492047524,0.9310344827586207,1.376035429285837,-37.40327443914043,211.40174865722656,233.48731994628906,234.60791015625,234.38401794433594,-0.2239256054162979,0.22320164740085602,0.011264040134847164,nan,nan,nan,nan
655,1042.1374564021826,2.98606721032144,349.0,1.079108197094481,0.35055445308373206,0.9169054441260746,1.3948156136757655,90.60143302361985,239.17105102539062,237.2285614013672,238.021240234375,238.271728515625,0.25053340196609497,0.24321317672729492,0.025425679981708527,nan,nan,nan,nan
656,1114.0612189732492,3.002860428499324,371.0,1.1078328375767295,0.3679352815998073,0.9002695417789758,1.3808332821237375,118.95802311738544,244.2009735107422,246.66102600097656,247.45086669921875,248.05320739746094,0.6023158431053162,0.356198251247406,0.011141953058540821,nan,nan,nan,nan
657,1312.0985230123624,3.381697224258666,388.0,1.0612489161849026,0.3469854678171401,0.9381443298969072,1.3789689251538573,283.3297847876752,279.6876220703125,259.7656555175781,260.4779052734375,261.5993957519531,1.1214133501052856,0.8174206018447876,0.006702995393425226,nan,nan,nan,nan
658,791.7635399065912,2.848070287433781,278.0,1.0511233982014832,0.3403544356155643,0.9280575539568345,1.3586788978774025,-19.169335931590922,218.76516723632812,218.22071838378906,219.28868103027344,218.9993133544922,-0.2893639802932739,0.23658470809459686,0.023806501179933548,nan,nan,nan,nan
659,1055.2778766471893,3.1595146007400876,334.0,1.0657542829803042,0.3459958295490084,0.9131736526946108,1.3664549146837035,133.44674359405917,254.0528564453125,236.0763397216797,236.9625701904297,236.7708740234375,-0.19180049002170563,0.6776252388954163,0.03237009048461914,nan,nan,nan,nan
660,910.824395570904,2.9765503123232158,306.0,1.0926570526516626,0.36105634600153874,0.9248366013071896,1.3964952134441528,44.44239112524792,230.4112091064453,239.6208953857422,240.5619354248047,240.60511779785156,0.043279051780700684,0.18474246561527252,0.016708072274923325,nan,nan,nan,nan
661,668.3246532417834,2.750307214986763,243.0,1.1471527924412832,0.38300956197150704,0.9218106995884774,1.4129752864050436,-73.29681183705634,194.3019256591797,220.79051208496094,222.07164001464844,221.9526824951172,-0.11900520324707031,0.1615263670682907,0.019502410665154457,nan,nan,nan,nan
662,1365.4413403831422,3.182846947280052,429.0,1.097847661995645,0.3593045774889873,0.9324009324009324,1.3853249423151666,255.47923526893942,266.3555603027344,252.6881866455078,253.2157745361328,253.13323974609375,-0.08255216479301453,0.6812536120414734,0.014029523357748985,nan,nan,nan,nan
663,1566.9726743772626,3.2919593999522325,476.0,1.0661411913763204,0.3455015890665824,0.9222689075630253,1.3757576752201044,363.93524624337147,284.9957275390625,245.48008728027344,246.025634765625,246.0905303955078,0.06489334255456924,0.7022073864936829,0.00594055000692606,nan,nan,nan,nan
664,230.72413923719432,1.8025323377905806,128.0,1.089549746071246,0.35107811179962783,0.9296875,1.3983046317393395,-283.1598333466628,87.14102935791016,190.1437530517578,192.8647918701172,193.0078125,0.1430455446243286,0.0939655676484108,0.02390715479850769,nan,nan,nan,nan
665,1530.237525050994,3.2013337344163055,478.0,1.073591509600041,0.34854463967082255,0.9309623430962343,1.3801166490696406,323.2394448737118,282.0894775390625,246.490234375,247.1617889404297,246.92726135253906,-0.23463177680969238,0.23622675240039825,0.020199686288833618,nan,nan,nan,nan
666,959.2584936842322,3.1554555713297114,304.0,1.095385053149027,0.3560099548683451,0.9276315789473685,1.4012801624749067,96.83714128196698,248.30044555664062,217.7606964111328,218.7451629638672,219.2758331298828,0.5306859016418457,0.6161178946495056,0.019309911876916885,nan,nan,nan,nan
667,1053.5772133357823,3.3660613844593685,313.0,1.0935735399052315,0.3553907264915917,0.9297124600638977,1.4016235076647463,173.33292673825758,260.9952392578125,232.2327117919922,233.11595153808594,233.09324645996094,-0.022615402936935425,0.6502491235733032,0.0219805259257555,nan,nan,nan,nan
668,679.5367791010067,2.9417176584459166,231.0,1.103517239641168,0.36256225767568,0.9393939393939394,1.3951290292304241,-38.320773717486986,209.11766052246094,205.30357360839844,206.44322204589844,205.7262420654297,-0.7169691920280457,0.2506067156791687,0.00720724044367671,nan,nan,nan,nan
669,1011.4570940881968,3.074337672000598,329.0,1.0983620897366855,0.3618711795291613,0.9088145896656535,1.3748030517627932,99.52759114354399,246.36099243164062,238.78187561035156,239.61962890625,238.7988739013672,-0.8207527995109558,0.4720747470855713,0.005874462425708771,nan,nan,nan,nan
670,1425.3986671157181,3.246921792974301,439.0,1.071030596677524,0.35065108640993664,0.9157175398633257,1.3725267809104325,295.63330178456044,280.4392395019531,251.0584716796875,251.6402587890625,250.437255859375,-1.2029976844787598,0.8448622226715088,0.05959172546863556,nan,nan,nan,nan
671,893.2766354177147,2.853918962995894,313.0,1.0886865471855485,0.36022139548203047,0.9201277955271565,1.366957245849212,13.032348820190009,226.26292419433594,248.25462341308594,249.026123046875,249.4142303466797,0.388132244348526,0.16640616953372955,0.007422053255140781,nan,nan,nan,nan
672,743.852960022632,2.765252639489338,269.0,1.0729919735528277,0.35465187952443544,0.895910780669145,1.354843022609728,-49.25698162029062,207.48294067382812,198.2009735107422,199.3578338623047,199.4037628173828,0.04597395658493042,0.6348774433135986,0.057262979447841644,nan,nan,nan,nan
673,424.44342701137066,2.5880696768986016,164.0,1.1189599867882856,0.36697688137798196,0.9207317073170732,1.4090959927894318,-160.7322823535245,153.0760955810547,223.98277282714844,225.06903076171875,226.0517120361328,0.9826779961585999,0.23578324913978577,0.023801909759640694,nan,nan,nan,nan
674,469.7860158327967,2.5393838693664685,185.0,1.1265098547579278,0.3695210170960431,0.9351351351351351,1.4180739300590326,-156.97653998770397,159.84898376464844,202.8268585205078,204.2665557861328,203.9971466064453,-0.2694629430770874,0.1139446571469307,0.024554377421736717,nan,nan,nan,nan
675,613.6799576273188,2.789454352851449,220.0,1.111206172695454,0.3640449557805726,0.8772727272727273,1.3892618653410125,-82.39400895252436,193.4475860595703,221.0174102783203,222.2494354248047,221.70884704589844,-0.5405590534210205,0.3059077560901642,0.013221018947660923,nan,nan,nan,nan
676,1728.8738147616386,3.4926743732558356,495.0,1.094800886824306,0.35768130431676864,0.9131313131313131,1.3878277696494108,488.21019221553297,304.35870361328125,257.8973693847656,258.52935791015625,259.0687561035156,0.539345920085907,0.4828997552394867,0.008354985155165195,nan,nan,nan,nan
677,1399.2788136657327,3.239071327929937,432.0,1.0855758902303456,0.3535675530953916,0.9351851851851852,1.3922444063553494,283.37573048644344,270.7686767578125,261.6147766113281,262.17608642578125,263.2192077636719,1.043031096458435,0.5480306148529053,0.026269035413861275,nan,nan,nan,nan
678,628.9139946848154,2.845764681831744,221.0,1.1140179984743093,0.36682912535703993,0.9049773755656109,1.3883789115761282,-69.14029791672328,196.05564880371094,215.61529541015625,216.82763671875,215.9176483154297,-0.9099802374839783,0.4446943700313568,0.04071687161922455,nan,nan,nan,nan
679,1384.7310893721879,3.3206980560484123,417.0,1.0764837341331785,0.3507100638320136,0.9088729016786571,1.3673747111276717,298.5328965183312,277.2787170410156,265.0733642578125,265.8168640136719,267.1626892089844,1.3458894491195679,0.4540771543979645,0.019112158566713333,nan,nan,nan,nan
680,1448.5296778418706,3.408305124333813,425.0,1.0708050083452978,0.3505109524460254,0.92,1.3619478109070409,346.4888768144499,286.5201110839844,243.43162536621094,244.2273712158203,244.2376708984375,0.010300070978701115,0.738797128200531,0.029510008171200752,nan,nan,nan,nan
681,943.2262378558517,3.2413272778551603,291.0,1.0974608621759854,0.3583878683672262,0.9209621993127147,1.3912159213563011,106.54912373562797,248.8811798095703,218.1616973876953,219.22315979003906,218.9620361328125,-0.2611168324947357,0.4394342005252838,0.034931279718875885,nan,nan,nan,nan
682,1400.9744801968336,3.2656747790135983,429.0,1.0739481524207297,0.3498266689792009,0.9230769230769231,1.3784707789658326,291.0123750826308,276.05596923828125,266.1619567871094,266.8240966796875,267.63262939453125,0.8085009455680847,0.7458567023277283,0.021203313022851944,nan,nan,nan,nan
683,1247.5316335633397,3.1266456981537334,399.0,1.1208240862729224,0.36686335951089377,0.9097744360902256,1.3963418151538878,196.97930910000196,262.791259765625,239.1397247314453,239.96217346191406,239.9976348876953,0.0354209840297699,0.1393139511346817,0.03206656873226166,nan,nan,nan,nan
684,717.6698044613004,3.0028025291267797,239.0,1.098878190179459,0.36541684505906713,0.9037656903765691,1.383174556815161,-16.03035653075733,213.6737060546875,228.64208984375,229.94422912597656,229.2547149658203,-0.6895747184753418,0.5385420918464661,0.007249164395034313,nan,nan,nan,nan
685,1438.6212471425533,3.299590016382003,436.0,1.0706041838978453,0.34969842025176384,0.9174311926605505,1.375052501167699,314.79685987648213,277.1279296875,249.78631591796875,250.4683837890625,251.38665771484375,0.9182074666023254,0.6017203330993652,0.0239260233938694,nan,nan,nan,nan
686,1018.4573747217655,2.9435184240513452,346.0,1.0909506468677517,0.35733129390558455,0.9219653179190751,1.3975929268566136,72.86232940828927,238.94459533691406,230.60926818847656,231.5664825439453,230.97068786621094,-0.5957298874855042,0.33552995324134827,0.017261948436498642,nan,nan,nan,nan
687,743.1979520618916,2.783512929070755,267.0,1.0797457333323406,0.3533511528391106,0.9176029962546817,1.386875901447387,-45.95133753764003,207.6266632080078,237.02940368652344,237.9143829345703,237.22190856933594,-0.6924708485603333,0.12944066524505615,0.018136849626898766,nan,nan,nan,nan
688,796.4400276765227,2.982921451971995,267.0,1.1182369466267936,0.36793749868278547,0.9063670411985019,1.4081628018441326,7.290738076991147,217.92100524902344,227.7135467529297,228.63002014160156,228.5537109375,-0.07637811452150345,0.46070119738578796,0.010447055101394653,nan,nan,nan,nan
689,785.1248005107045,3.054960313271224,257.0,1.1001753027728671,0.3584904123510472,0.9377431906614786,1.412371672711718,15.7787711281278,219.70596313476562,218.52296447753906,219.75401306152344,218.76605224609375,-0.9879592061042786,0.36564114689826965,0.03347148001194,nan,nan,nan,nan
690,29.118860041722655,0.7102160985786014,41.0,1.183616214897525,0.3946128507103105,0.9024390243902439,1.4374132466974874,-312.476748654626,12.381814002990723,237.6406707763672,240.79144287109375,236.4873809814453,-4.304068088531494,0.7247706055641174,0.10998301208019257,nan,nan,nan,nan
691,601.6506597134285,2.837974809969002,212.0,1.0645578647592528,0.351825188204494,0.9528301886792453,1.363713283574989,-78.58069869285077,190.88592529296875,205.4255828857422,206.56187438964844,206.3672637939453,-0.19457310438156128,0.46827197074890137,0.03684920817613602,nan,nan,nan,nan
692,759.9000123529695,3.192857194760376,238.0,1.1204396539968895,0.36976033260976354,0.9285714285714286,1.4015549724624328,28.180177382607326,225.78897094726562,214.54718017578125,215.515625,214.95570373535156,-0.559890866279602,0.6596865057945251,0.009861419908702374,nan,nan,nan,nan
693,515.13498711586,2.1198970663204113,243.0,1.0972296699725135,0.35129177672915046,0.9382716049382716,1.4011806975058556,-226.48647796297973,155.97286987304688,177.71437072753906,178.82179260253906,177.88853454589844,-0.9332907199859619,0.8494696021080017,0.06508571654558182,nan,nan,nan,nan
694,574.2229657992721,2.760687335573423,208.0,1.0854642765817937,0.3582792915780234,0.8990384615384616,1.3666418115483039,-98.08708852022505,188.89401245117188,185.69508361816406,187.1210479736328,186.4229736328125,-0.6981020569801331,0.889057993888855,0.0292002372443676,nan,nan,nan,nan
695,1622.3332769721746,3.36583667421613,482.0,1.0796663173602838,0.3530950073241561,0.91701244813278,1.3731716021348308,407.41389270811055,290.47198486328125,257.2503967285156,257.7489318847656,257.8407287597656,0.0916692391037941,0.3722812235355377,0.024893242865800858,nan,nan,nan,nan
696,192.49355914629996,1.765995955470642,109.0,1.1171564660128437,0.362314681059023,0.908256880733945,1.3867932799722564,-283.76421902534275,79.3610610961914,197.9591064453125,199.81524658203125,199.0535430908203,-0.7617446780204773,0.9795607328414917,0.01609792746603489,nan,nan,nan,nan
697,1239.556693624705,3.3411231634089087,371.0,1.087870761342801,0.35306318049124125,0.9433962264150944,1.3943051340069437,244.45349776884132,271.7113952636719,259.3605651855469,260.0778503417969,260.5674743652344,0.4895772933959961,0.10940353572368622,0.015713678672909737,nan,nan,nan,nan
698,797.987545825541,3.057423547224295,261.0,1.1003834912494992,0.36210789394060616,0.9042145593869731,1.40299491837738,20.7202123561824,224.36817932128906,230.5676727294922,231.6320037841797,230.8324737548828,-0.7994751334190369,0.22591355443000793,0.006589940749108791,nan,nan,nan,nan
699,1324.6976160667837,3.5231319576244244,376.0,1.0735018261005904,0.35083927999116993,0.9148936170212766,1.379761951900869,319.69279010244236,290.679443359375,262.56219482421875,263.246826171875,263.9537048339844,0.7067856788635254,0.25953349471092224,0.01252622902393341,nan,nan,nan,nan
700,190.87141948193312,1.631379653691736,117.0,1.1399145191877749,0.36859977538690797,0.9401709401709402,1.447769375973862,-301.2289668632735,73.7998046875,213.1214141845703,214.1842041015625,212.9066162109375,-1.2775927782058716,1.3832886219024658,0.0856010913848877,nan,nan,nan,nan
701,208.07497967034578,1.8578123184852302,112.0,1.101120402078632,0.3649715112149438,0.9017857142857143,1.377918657243871,-274.1237765663834,83.40582275390625,200.17405700683594,202.9497528076172,202.61387634277344,-0.33586451411247253,0.8421814441680908,0.020262259989976883,nan,nan,nan,nan
702,1151.7231015916914,3.0712616042445102,375.0,1.0810572504843636,0.35239097328897984,0.9173333333333333,1.3929161819347864,148.6986016490457,252.9876251220703,235.087890625,235.7081298828125,235.05364990234375,-0.6543490886688232,0.20932112634181976,0.008456815034151077,nan,nan,nan,nan
703,751.1071783974767,2.8668212915934226,262.0,1.10789956797629,0.36589827424778903,0.9312977099236641,1.3905127080146589,-28.14048109357759,209.1802215576172,228.0365753173828,228.9864959716797,229.74383544921875,0.7572989463806152,0.1985708475112915,0.016980377957224846,nan,nan,nan,nan
704,698.1111798463389,2.8378503245786137,246.0,1.0719743548445528,0.3456916066981678,0.9146341463414634,1.4050452887657852,-49.451263297587275,205.34629821777344,216.3761749267578,217.42259216308594,216.2619171142578,-1.1606279611587524,0.19821089506149292,0.017505057156085968,nan,nan,nan,nan
705,1266.3906053081155,3.2223679524379527,393.0,1.0947829201464743,0.3580407248565056,0.8982188295165394,1.3950602083770873,227.7202369749507,268.7068176269531,260.3056945800781,261.2025451660156,261.8056945800781,0.6031584143638611,0.19840823113918304,0.009325085207819939,nan,nan,nan,nan
706,1649.9612269848585,3.2352180921271736,510.0,1.1033606113918977,0.3621756310004808,0.9156862745098039,1.3791930903992649,379.5927141133202,280.5384826660156,251.2943572998047,251.776611328125,252.9032440185547,1.1267212629318237,0.3152090013027191,0.005927012301981449,nan,nan,nan,nan
707,1112.8587042689323,3.126007596261046,356.0,1.1133307586755792,0.36787934285672064,0.8960674157303371,1.3849544736628765,147.46039873850123,255.70948791503906,248.2112579345703,248.8758544921875,248.2220001220703,-0.6539172530174255,0.704108715057373,0.027175715193152428,nan,nan,nan,nan
708,868.6978261750191,3.037404986625941,286.0,1.1049724124103923,0.3647770258765733,0.9020979020979021,1.3987601471841793,41.922342163273015,232.0923309326172,226.93849182128906,227.8539581298828,226.96083068847656,-0.8931393027305603,0.29051756858825684,0.02292550727725029,nan,nan,nan,nan
709,533.6078258045018,2.641622900022286,202.0,1.095670325340529,0.36595855083965106,0.9158415841584159,1.373471581805797,-126.82027238482237,175.27305603027344,225.19309997558594,226.28346252441406,226.1595916748047,-0.12380721420049667,0.4981122314929962,0.01095975749194622,nan,nan,nan,nan
710,857.804524956271,3.177053796134337,270.0,1.108024631047933,0.3646266243272507,0.9259259259259259,1.394089761840198,62.71425729165276,234.86753845214844,227.2334442138672,228.1558074951172,227.03271484375,-1.123178482055664,0.5606169700622559,0.04543580487370491,nan,nan,nan,nan
711,950.1614478230476,3.265159614512191,291.0,1.0989467775154782,0.3586028428790389,0.9072164948453608,1.386632612973488,113.48433370282396,247.70228576660156,231.1199951171875,232.14512634277344,231.78453063964844,-0.36053141951560974,0.2881755530834198,0.004925712943077087,nan,nan,nan,nan
712,1014.0946285817772,3.0823544941695356,329.0,1.094817368174299,0.3618537950026178,0.9148936170212766,1.3813435735917563,102.16512563712445,243.53057861328125,243.35682678222656,244.1076202392578,243.60279846191406,-0.5048137307167053,0.3527248799800873,0.023473765701055527,nan,nan,nan,nan
713,709.3944045845419,2.8262725282252665,251.0,1.0926863546120933,0.35894949783625635,0.9243027888446215,1.3858368007631385,-48.06966866786183,204.4659881591797,217.9713897705078,219.01953125,218.4412078857422,-0.5783374905586243,0.50965815782547,0.04247550666332245,nan,nan,nan,nan
714,733.9585771933198,2.901022044242371,253.0,1.094715846536271,0.3604312354895257,0.9090909090909091,1.3943876631973333,-27.466148102474904,212.8403778076172,214.51307678222656,215.67669677734375,214.83717346191406,-0.8395309448242188,0.4070552885532379,0.027285359799861908,nan,nan,nan,nan
715,521.6729470863938,2.608364735431969,200.0,1.0831362151505122,0.3587756152714913,0.925,1.3675387741687546,-134.79449905953936,167.77027893066406,213.0194854736328,214.64813232421875,214.5459747314453,-0.10222304612398148,0.3356330394744873,0.015364129096269608,nan,nan,nan,nan
716,776.0548068955541,2.895726891401321,268.0,1.0760975621102875,0.3504802023680669,0.9029850746268657,1.3645919059871081,-15.074808725673165,216.17881774902344,233.86924743652344,234.9348602294922,235.2237548828125,0.2888467013835907,0.26483654975891113,0.016004880890250206,nan,nan,nan,nan
717,693.9266897793859,2.9528795309761104,235.0,1.0845128045005368,0.35498583406186823,0.9574468085106383,1.369823821247353,-31.852167125889764,206.08224487304688,229.5561981201172,230.4568634033203,230.17063903808594,-0.2862308919429779,0.20224058628082275,0.028600361198186874,nan,nan,nan,nan
718,989.6799720823765,3.2448523674832015,305.0,1.0974009825248578,0.35561606136450924,0.9377049180327869,1.4027347077820493,125.2782936584158,249.5547637939453,225.51507568359375,226.4258270263672,225.5192108154297,-0.9066903591156006,0.2428070604801178,0.00714507233351469,nan,nan,nan,nan
719,799.2546065393835,2.6730923295631555,299.0,1.0875204978602142,0.35160620175777035,0.9331103678929766,1.4008002728766975,-53.26511575440418,210.5697479248047,226.6482696533203,227.3724822998047,227.20738220214844,-0.16508695483207703,0.19279496371746063,0.03055257350206375,nan,nan,nan,nan
720,318.48721757531166,2.2428677294036032,142.0,1.1101015818450095,0.3729400193693659,0.8661971830985915,1.3890260701188395,-223.1213193122826,121.2208251953125,188.17498779296875,190.10784912109375,188.96864318847656,-1.1392170190811157,0.6812915802001953,0.01664801873266697,nan,nan,nan,nan
721,774.821294143796,3.003183310634868,258.0,1.0849964910132734,0.35805942962049236,0.9031007751937985,1.381232330965319,3.494938739523832,218.96142578125,233.14183044433594,234.23912048339844,234.3794403076172,0.1403280645608902,0.2448887825012207,0.012898717075586319,nan,nan,nan,nan
722,399.8444613441825,2.3112396609490315,173.0,1.1217866433650503,0.3682946533959284,0.9421965317919075,1.392240277353964,-203.15418221597224,138.31561279296875,197.609375,199.5977020263672,199.9284210205078,0.3307984173297882,0.38588738441467285,0.013969140127301216,nan,nan,nan,nan
723,843.3883936852217,3.170633058966999,266.0,1.1481032799014108,0.3752177088307847,0.8984962406015038,1.4101905133216377,56.219430107385506,232.63723754882812,223.20326232910156,224.24049377441406,223.48121643066406,-0.7591915726661682,0.21409200131893158,0.014112427830696106,nan,nan,nan,nan
724,1101.3169452622533,2.8457802203159,387.0,1.0954342054198976,0.35888689194636864,0.9483204134366925,1.3973510022672087,74.52853305926169,236.4907989501953,233.9616241455078,234.63661193847656,235.2737579345703,0.6372162103652954,0.30952852964401245,0.022368649020791054,nan,nan,nan,nan
725,548.9123481065035,2.677621210275627,205.0,1.0808393972886277,0.3590581734975178,0.9219512195121952,1.3772475267856388,-117.45672814790714,177.54710388183594,222.5290069580078,223.72265625,224.5900421142578,0.8673418164253235,0.42901942133903503,0.00431141396984458,nan,nan,nan,nan
726,434.40013797208667,2.3737712457491074,183.0,1.1355856321740336,0.38053678207623515,0.912568306010929,1.4084403856568797,-188.40176580502293,147.76998901367188,222.02549743652344,223.97296142578125,223.4739227294922,-0.49907198548316956,0.21716392040252686,0.010954814963042736,nan,nan,nan,nan
727,1077.8239922076464,3.0794971205932753,350.0,1.0776831968776412,0.3504991407303273,0.9428571428571428,1.381739455494232,124.30764280738822,244.15013122558594,246.4387969970703,247.3604278564453,248.2744140625,0.9140365719795227,0.3720707297325134,0.025594471022486687,nan,nan,nan,nan
728,1262.034221533686,3.2359851834197073,390.0,1.1002841678228596,0.36121698686651316,0.9153846153846154,1.3997143119445197,229.30483126560762,266.0047607421875,245.06982421875,245.82810974121094,246.08815002441406,0.26013967394828796,0.763698935508728,0.01654846780002117,nan,nan,nan,nan
729,537.6440455727279,2.648492835333635,203.0,1.1416034741772805,0.3790457886705356,0.8916256157635468,1.4276500663006462,-124.76437863829176,174.13885498046875,200.52410888671875,201.9168701171875,201.2406005859375,-0.6763124465942383,0.015611330047249794,0.01056490559130907,nan,nan,nan,nan
730,882.0987354256213,3.0417197773297286,290.0,1.0895600240874221,0.35682081179920816,0.9206896551724137,1.4033694100534575,47.40194732709301,230.4713134765625,223.383544921875,224.3091583251953,224.86997985839844,0.5608101487159729,0.2697570025920868,0.01974630355834961,nan,nan,nan,nan
731,790.820019710809,2.814306119967292,281.0,1.113343833770679,0.3707946079684679,0.9181494661921709,1.3913306271453267,-26.05383419245959,213.7618408203125,236.3894500732422,237.4345703125,236.3359375,-1.0986019372940063,0.22657521069049835,0.01242082566022873,nan,nan,nan,nan
732,863.4033758314326,3.029485529233097,285.0,1.0761787632097126,0.35108113087487697,0.9333333333333333,1.3823680744570161,38.60821784138193,232.26239013671875,223.12144470214844,224.1899871826172,223.37413024902344,-0.8158225417137146,0.23790717124938965,0.0074365269392728806,nan,nan,nan,nan
733,386.182774707675,2.0325409195140787,190.0,1.1030154584039653,0.3701883105699508,0.9157894736842105,1.4121288052520784,-250.48141122130323,132.75413513183594,144.5876922607422,146.19044494628906,145.2444610595703,-0.9460153579711914,2.043346405029297,0.14543001353740692,nan,nan,nan,nan
734,2725.1313708443195,3.566925878068481,764.0,1.0799870369469038,0.3498846277440971,0.930628272251309,1.3867731159114014,951.7600484621241,326.9547119140625,257.6836853027344,258.078125,258.8084411621094,0.7302023768424988,0.5431634187698364,0.008969789370894432,nan,nan,nan,nan
735,791.9068459607661,2.9996471437907806,264.0,1.1131552577387012,0.36695856521824183,0.9090909090909091,1.3756505585728678,8.698534426320975,219.33706665039062,246.0354461669922,247.00709533691406,247.39195251464844,0.3847971260547638,0.3810826241970062,0.026132043451070786,nan,nan,nan,nan
736,266.07296408712864,1.9709108450898418,135.0,1.0721791374048901,0.3481451599531014,0.9037037037037037,1.3747535095521297,-261.673290648597,102.28376007080078,200.8620147705078,202.95030212402344,202.983642578125,0.03334164246916771,0.1278192102909088,0.036623626947402954,nan,nan,nan,nan
737,1284.6903726370074,3.235995900848885,397.0,1.08175203151948,0.3544271630109168,0.9193954659949622,1.3970909696229887,238.0987002170607,270.3646240234375,236.6483917236328,237.2527313232422,237.4381103515625,0.1853346824645996,0.27583903074264526,0.006971252616494894,nan,nan,nan,nan
738,795.6521899439394,3.095922918069803,257.0,1.1087106399875017,0.3612247949386309,0.933852140077821,1.395539584149973,26.30616056136273,224.94451904296875,213.3142547607422,214.2327423095703,213.50352478027344,-0.7292630076408386,0.34747353196144104,0.0246153324842453,nan,nan,nan,nan
739,880.3887985963374,2.6438102059950075,333.0,1.066796318515471,0.35268283682713125,0.9459459459459459,1.3681189845012527,-39.46200843509723,213.64804077148438,216.31224060058594,217.02818298339844,217.2275848388672,0.1993608921766281,0.3639271557331085,0.04571635648608208,nan,nan,nan,nan
740,985.4192095827311,3.220324214322651,306.0,1.1274046250678607,0.3693002431394993,0.9379084967320261,1.4100407216037913,119.03720513707503,254.13455200195312,202.9567413330078,203.7021026611328,203.1146697998047,-0.5874497890472412,0.30508220195770264,0.019891873002052307,nan,nan,nan,nan
741,701.4656508490443,2.7508456896040956,255.0,1.1153652095371198,0.36927751900218847,0.9137254901960784,1.4070596643603954,-63.91972649014133,205.0257110595703,216.67872619628906,217.87738037109375,216.4815216064453,-1.3958581686019897,0.3845386207103729,0.018822932615876198,nan,nan,nan,nan
742,1169.7324035111815,2.976418329544991,393.0,1.0827475559475535,0.35456550376579316,0.9287531806615776,1.4062831992195457,131.06203517801669,243.6188507080078,246.7791748046875,247.3450164794922,248.2545166015625,0.909480094909668,0.2534533143043518,0.021338826045393944,nan,nan,nan,nan
743,872.0165327675641,3.1367501178689357,278.0,1.0659347927726128,0.3496152533322117,0.9280575539568345,1.3759877789657136,61.08365692938196,233.86602783203125,224.7452392578125,225.9478759765625,226.19866943359375,0.25082874298095703,0.21267381310462952,0.03353967145085335,nan,nan,nan,nan
744,1072.7712766434997,2.9716655862700825,361.0,1.1003090740931842,0.3608231472187734,0.9141274238227147,1.3877541912645277,97.47134100459107,242.0430450439453,240.9282989501953,241.6412811279297,241.2335662841797,-0.4076569378376007,0.4431535005569458,0.008607962168753147,nan,nan,nan,nan
745,785.8287111446261,3.1183679013675643,252.0,1.0997689477840664,0.36194264042571483,0.8928571428571429,1.4019508363351787,26.38431187052697,224.5578155517578,222.0653533935547,223.11236572265625,223.5404052734375,0.42804813385009766,0.19527442753314972,0.011884980835020542,nan,nan,nan,nan
746,981.6848922893405,2.719348732103436,361.0,1.0896114190192288,0.3590885799966199,0.925207756232687,1.395017349586154,6.384956650431832,226.4290771484375,236.3846893310547,237.1780242919922,237.659423828125,0.4814319908618927,0.3450329899787903,0.02856631577014923,nan,nan,nan,nan
747,635.8781411424279,2.8772766567530677,221.0,1.0800420981382175,0.35563353499886474,0.9004524886877828,1.3664518499203673,-62.17615145911077,196.77590942382812,218.1519775390625,219.4421844482422,218.11717224121094,-1.3249931335449219,0.09179394692182541,0.010139704681932926,nan,nan,nan,nan
748,1172.549545450136,3.160510904178264,371.0,1.0745639172701353,0.35156506932497095,0.9272237196765498,1.396971660974662,177.4463495942723,260.0235595703125,232.52500915527344,233.6134033203125,232.73948669433594,-0.8739376664161682,0.2744313180446625,0.009995507076382637,nan,nan,nan,nan
749,1139.4081603151863,3.200584719986478,356.0,1.1173905247428413,0.3673849891242702,0.9382022471910112,1.4150005179066194,174.00985478475513,261.54248046875,238.3778533935547,239.1144256591797,239.1797637939453,0.06533566117286682,0.958781361579895,0.018080798909068108,nan,nan,nan,nan
750,649.1211683899164,2.7505134253810017,236.0,1.1040766872434822,0.3645803448003368,0.902542372881356,1.389715751114344,-78.63801453705469,193.04269409179688,235.7537078857422,236.83631896972656,236.6943817138672,-0.14195190370082855,0.48063892126083374,0.025388864800333977,nan,nan,nan,nan
751,1188.6197306602262,3.3482245934090877,355.0,1.0873755415890012,0.35934497584630365,0.9183098591549296,1.3790442035569865,225.2017511514905,269.77410888671875,252.6006622314453,253.4031219482422,254.4979248046875,1.0947632789611816,0.47424352169036865,0.010046062991023064,nan,nan,nan,nan
752,966.7248339566868,0.9667248339566867,1000.0,1.1201086023789097,0.3804294557434866,0.901,1.387942731029281,-1274.0034295456462,88.82770538330078,100.65007781982422,100.8249740600586,102.19580841064453,1.370744228363037,0.888358473777771,0.10625847429037094,nan,nan,nan,nan
753,798.5256651863456,2.914327245205641,274.0,1.0866492634864926,0.35612522519754847,0.9379562043795621,1.4047752951638557,-4.48590656505462,219.45822143554688,230.1980438232422,231.15057373046875,230.6908721923828,-0.45967331528663635,0.2887992560863495,0.009171116165816784,nan,nan,nan,nan
754,340.94036542996764,1.8135125820742959,188.0,1.0781152164045325,0.3500963958665144,0.925531914893617,1.3853333327727302,-291.7631684556195,118.01016235351562,142.6127166748047,144.44041442871094,142.5989990234375,-1.8413969278335571,0.6028680801391602,0.0854201540350914,nan,nan,nan,nan
755,1683.0502070663497,3.151779413981928,534.0,1.090788950671045,0.3571221068617815,0.9157303370786517,1.4064875447504799,365.1538696741195,278.640380859375,251.77349853515625,252.33587646484375,252.5808868408203,0.24498383700847626,0.8725341558456421,0.028022926300764084,nan,nan,nan,nan
756,1168.9195131659508,3.1764117205596487,368.0,1.0900951611238092,0.35729962843483454,0.907608695652174,1.39564106913391,179.7572953751735,261.8584899902344,242.63592529296875,243.4586944580078,243.44737243652344,-0.011320839636027813,0.324441134929657,0.01756802573800087,nan,nan,nan,nan
757,801.8733719713055,2.8844365898248396,278.0,1.088275763200536,0.3563261846646028,0.9244604316546763,1.392779902274283,-9.05950386687664,216.5374298095703,233.37034606933594,234.405517578125,233.3819580078125,-1.0234959125518799,0.3659038245677948,0.021305494010448456,nan,nan,nan,nan
758,1120.6140995062888,3.375343673211713,332.0,1.0954313921749643,0.35981658426097995,0.9186746987951807,1.3950672751208655,202.74361849654952,268.28680419921875,238.2203369140625,239.10447692871094,238.2943115234375,-0.8101069331169128,0.7681086659431458,0.03043387271463871,nan,nan,nan,nan
759,1306.428131379187,3.3158074400486983,394.0,1.0893242116765653,0.35589921100412236,0.9187817258883249,1.3998013890742103,265.7774370243269,273.54681396484375,241.7146453857422,242.45703125,242.59886169433594,0.14175237715244293,0.6796322464942932,0.03462205454707146,nan,nan,nan,nan
760,1235.2097913213074,3.259128736995534,379.0,1.1115418735278058,0.36685120273209865,0.9261213720316622,1.4055983904384532,224.26398729187963,270.0885009765625,240.56639099121094,241.27923583984375,241.14405822753906,-0.13520774245262146,0.7164243459701538,0.021456025540828705,nan,nan,nan,nan
761,665.6477876529098,2.8086404542316865,237.0,1.0928436003296502,0.35810857072399543,0.9029535864978903,1.3878914352866936,-64.091721295757,201.79322814941406,223.012939453125,224.04884338378906,223.27268981933594,-0.7760990262031555,0.34993255138397217,0.010981962084770203,nan,nan,nan,nan
762,614.0517671164125,2.7050738639489538,227.0,1.100488060997064,0.36497240961086896,0.9162995594713657,1.395731969333049,-95.88448161529914,187.46307373046875,232.34661865234375,233.3892822265625,232.6458740234375,-0.7433236241340637,0.18927797675132751,0.024144543334841728,nan,nan,nan,nan
763,572.3501397892833,2.5665925551088935,223.0,1.0806217174025414,0.3497641277152339,0.9192825112107623,1.4008640867467954,-129.66480485564648,177.5779266357422,189.1768341064453,190.4682159423828,189.63677978515625,-0.831508219242096,0.5872982144355774,0.04617008939385414,nan,nan,nan,nan
764,933.8283238969743,3.0517265486829226,306.0,1.0615482609571762,0.3481136422025035,0.9215686274509803,1.3612529357159906,67.44631945131823,234.58460998535156,242.78338623046875,243.6080780029297,243.9646453857422,0.35655477643013,0.30000245571136475,0.01675735041499138,nan,nan,nan,nan
765,831.7895105704665,2.99204859917434,278.0,1.0682684748473603,0.34825812614617374,0.9136690647482014,1.3737200758608665,20.85663473228442,228.07626342773438,219.83984375,220.74755859375,220.18408203125,-0.5635444521903992,0.5103282928466797,0.012533215805888176,nan,nan,nan,nan
766,853.9929330796003,2.763731175014888,309.0,1.108250754085965,0.36318033601589,0.9546925566343042,1.3981014538670062,-18.330049431142243,220.21240234375,219.65428161621094,220.5340118408203,219.523193359375,-1.0107780694961548,0.10435228794813156,0.02452993392944336,nan,nan,nan,nan
767,1533.752718910575,3.305501549376239,464.0,1.1013540260284325,0.3638304295801108,0.9288793103448276,1.393149169818204,354.4792030370297,280.7768859863281,250.7338104248047,251.271484375,251.6724090576172,0.40091338753700256,0.45051637291908264,0.01282408181577921,nan,nan,nan,nan
768,761.16582852602,3.0692170505081453,248.0,1.0980888468412144,0.35724669924273117,0.9153225806451613,1.378302437541533,9.642733338702783,222.68809509277344,224.66099548339844,225.76226806640625,224.9523162841797,-0.8099533915519714,0.2053036242723465,0.001317802001722157,nan,nan,nan,nan
769,808.5237611290067,2.9616254986410504,273.0,1.1038453122859497,0.3617383211606136,0.9377289377289377,1.404528398536039,7.492515399301965,220.1246795654297,222.15875244140625,223.25779724121094,223.4541473388672,0.1964208036661148,0.28821101784706116,0.024755652993917465,nan,nan,nan,nan
770,615.296320926398,2.5744615938343016,239.0,1.0786041573840552,0.35641728266084016,0.9330543933054394,1.3699237916002696,-118.40384006565967,182.25074768066406,229.7421417236328,230.7505645751953,230.5408172607422,-0.20970983803272247,0.1747279316186905,0.02312961220741272,nan,nan,nan,nan
771,726.1205734256655,2.881430846927244,252.0,1.104078661266202,0.362157132023226,0.9087301587301587,1.4014051441005155,-33.32382584843367,208.23062133789062,222.07264709472656,223.2669219970703,221.8523406982422,-1.4146289825439453,0.3870795667171478,0.022547002881765366,nan,nan,nan,nan
772,1024.439528873656,1.0244395288736559,1000.0,1.1316983740877997,0.3862192166474512,0.893,1.3843080823666292,-1216.288734628677,93.60511779785156,100.6224365234375,100.78665924072266,101.81798553466797,1.0313043594360352,0.49075818061828613,0.09092090278863907,nan,nan,nan,nan
773,602.8471489697695,2.511863120707373,240.0,1.112452230028962,0.360687498960437,0.9208333333333333,1.4053833730259315,-132.83333804398376,179.96102905273438,191.1105194091797,192.3094482421875,191.40220642089844,-0.907235860824585,0.5928193926811218,0.006843957118690014,nan,nan,nan,nan
774,1426.8288741190918,3.2281196247038277,442.0,1.0822715728803762,0.35644439840250336,0.920814479638009,1.3768447818643024,291.1225307228476,273.1436462402344,260.6713562011719,261.3209533691406,261.6085510253906,0.28766849637031555,0.8311815857887268,0.024460699409246445,nan,nan,nan,nan
775,826.5663561560214,3.0277155903150965,273.0,1.0890453907524609,0.3644957074021889,0.9304029304029304,1.394279829849223,25.535110426316578,229.06500244140625,233.2542724609375,234.1705780029297,233.5326690673828,-0.6378769874572754,0.2081020325422287,0.021185973659157753,nan,nan,nan,nan
776,737.8921478483826,2.743093486425214,269.0,1.1022048193468874,0.3625056932545717,0.9033457249070632,1.3861908912599294,-55.21779379454006,207.9084930419922,199.5808868408203,200.51087951660156,199.685546875,-0.8253726959228516,0.28943929076194763,0.02916944958269596,nan,nan,nan,nan
777,838.3448844063096,3.0596528627967503,274.0,1.066277033843248,0.3456353284697583,0.8978102189781022,1.3591560603605102,35.33331265490938,231.1460418701172,220.9529571533203,222.07008361816406,221.2505340576172,-0.819529116153717,0.5248086452484131,0.03477645292878151,nan,nan,nan,nan
778,597.8403925714083,2.916294597909309,205.0,1.0895088123955443,0.35545632408702804,0.9073170731707317,1.3899145093259577,-68.52868368300233,193.97219848632812,207.97959899902344,209.3165283203125,207.748779296875,-1.5677528381347656,0.4783279597759247,0.06908650696277618,nan,nan,nan,nan
779,494.4722117315978,2.5620321851378125,193.0,1.123024147521993,0.36833809920392013,0.9222797927461139,1.4180677980561722,-148.13295226246692,165.5557861328125,214.7755126953125,216.06349182128906,216.50445556640625,0.4409472942352295,0.45749515295028687,0.008302719332277775,nan,nan,nan,nan
780,136.00108021497726,1.2592692612497896,108.0,1.0366736895969562,0.33761885092566063,0.9259259259259259,1.346628500652356,-338.2763719349699,54.91413497924805,183.0619354248047,184.8494415283203,184.94879150390625,0.09932706505060196,1.6646754741668701,0.05819254741072655,nan,nan,nan,nan
781,651.4143377058208,2.748583703400088,237.0,1.0927139320342976,0.3578401370892241,0.9409282700421941,1.3832282706746202,-78.32517124284595,196.53082275390625,218.8434295654297,220.11851501464844,219.49476623535156,-0.6237760186195374,0.37384748458862305,0.019163990393280983,nan,nan,nan,nan
782,926.0999075546861,2.939999706522813,315.0,1.0992805024360346,0.36405362310306855,0.8920634920634921,1.3870997349966183,41.8949689137703,234.72467041015625,235.502197265625,236.55389404296875,236.37525939941406,-0.17861051857471466,0.423305481672287,0.012002003379166126,nan,nan,nan,nan
783,742.8849896704778,2.824657755401056,263.0,1.0963153842521403,0.3598955338127339,0.9277566539923955,1.3804879978882776,-38.342995842271876,211.06175231933594,227.4241485595703,228.4324951171875,227.4177703857422,-1.0148018598556519,0.4756695032119751,0.026424076408147812,nan,nan,nan,nan
784,589.0762776713818,2.6298048110329546,224.0,1.1041948532744865,0.3590049523240201,0.9330357142857143,1.4114993890424103,-114.91899299524334,183.79898071289062,196.1949462890625,197.44090270996094,196.7880859375,-0.6528680324554443,0.3983671963214874,0.016081178560853004,nan,nan,nan,nan
785,966.063877524808,0.966063877524808,1000.0,1.1334260140027494,0.383728831615755,0.893,1.3933085649717964,-1274.664385977525,87.8935317993164,102.119873046875,102.29557037353516,103.55266571044922,1.2569714784622192,0.8832624554634094,0.11225272715091705,nan,nan,nan,nan
786,231.98202642053366,1.7983102823297183,129.0,1.0344062683792419,0.3350273950626467,0.9147286821705426,1.3792851497488732,-283.882272185019,90.73580169677734,201.5948028564453,203.8494415283203,203.84498596191406,-0.004426959902048111,0.8440871834754944,0.05716251954436302,nan,nan,nan,nan
787,1595.1787942498922,3.3094995731325567,482.0,1.0840705361782246,0.3533315944033432,0.9273858921161826,1.392855105426851,380.25940998582814,286.09906005859375,274.9499816894531,275.44720458984375,276.3575744628906,0.9104912877082825,0.4927399456501007,0.026102030649781227,nan,nan,nan,nan
788,763.1112751625478,2.9463755797781768,259.0,1.110326881243438,0.3624455487164411,0.9266409266409267,1.3951015475293211,-10.195406263419954,213.71405029296875,233.048828125,234.0693359375,234.3748016357422,0.3054114878177643,0.23055492341518402,0.014240054413676262,nan,nan,nan,nan
789,1078.620029065758,3.0045126157820556,359.0,1.0989922340171154,0.363231677095013,0.9192200557103064,1.4008477726778166,107.28074547024039,243.32327270507812,242.9103240966797,243.69837951660156,243.771728515625,0.07330866158008575,0.2761412560939789,0.016262995079159737,nan,nan,nan,nan
790,1160.4974648691714,3.241613030360814,358.0,1.0822853696390735,0.3540064719383882,0.9078212290502793,1.3600378391790033,191.1385072953492,262.5565490722656,240.69683837890625,241.5167999267578,241.6943359375,0.17745690047740936,0.14868010580539703,0.009825014509260654,nan,nan,nan,nan
791,837.5093578547239,2.8780390304286048,291.0,1.0734243608417102,0.35027757311288643,0.9209621993127147,1.385811483792524,0.8322437345002527,221.3702392578125,225.6703643798828,226.7593994140625,226.2587890625,-0.5005738735198975,0.5435650944709778,0.024136308580636978,nan,nan,nan,nan
792,885.3111428655684,2.902659484805142,305.0,1.0641743879744938,0.3481443484795987,0.9442622950819672,1.3823353732849606,20.909464441607724,226.53370666503906,235.2850799560547,236.0692596435547,236.512451171875,0.44318056106567383,0.23868703842163086,0.013486489653587341,nan,nan,nan,nan
793,1261.356718737632,2.9539969993855553,427.0,1.1137033678520551,0.3657030078611115,0.9133489461358314,1.4070842999675908,155.3552656668203,251.6855926513672,242.48199462890625,243.14332580566406,243.1475067138672,0.004182200413197279,0.5518314838409424,0.010338854044675827,nan,nan,nan,nan
794,1376.5386786796153,3.277473044475274,420.0,1.1004770920725722,0.3604958351877276,0.9380952380952381,1.404743785754792,284.3995077606721,279.4494934082031,232.6344757080078,233.39015197753906,233.41477966308594,0.02454579621553421,0.7012568712234497,0.01408460084348917,nan,nan,nan,nan
795,826.2869234252721,2.90946099797631,284.0,1.0825712151913895,0.3534331282708294,0.9330985915492958,1.4028016890894932,3.4720914569168144,222.09115600585938,227.2661590576172,227.9306182861328,227.6774139404297,-0.2532585561275482,0.16012799739837646,0.022268975153565407,nan,nan,nan,nan
796,510.78944744355977,2.4795604244833,206.0,1.0845211211975831,0.3591556394642538,0.941747572815534,1.390314249434676,-157.5599548325464,165.48126220703125,206.0172882080078,207.4093017578125,207.30731201171875,-0.10198093205690384,0.5477792024612427,0.07089800387620926,nan,nan,nan,nan
797,905.2176607698202,2.939018379122793,308.0,1.1030727552401096,0.3682911000329799,0.8701298701298701,1.3685536442680548,34.875004280773055,232.40170288085938,241.840576171875,242.90447998046875,243.4600067138672,0.5554684400558472,0.26206013560295105,0.003676206571981311,nan,nan,nan,nan
798,846.8864558897913,3.046354157876947,278.0,1.086198330721635,0.3556758933340836,0.9460431654676259,1.3805595405253248,35.95358005160915,225.88536071777344,223.2568817138672,224.40875244140625,223.9222412109375,-0.48655614256858826,0.24901777505874634,0.009071921929717064,nan,nan,nan,nan
799,622.5222949497402,2.978575573922202,209.0,1.087126694760769,0.351834403631033,0.9234449760765551,1.3801044118291148,-51.76808539145259,197.40858459472656,197.1959686279297,198.4639892578125,196.8516387939453,-1.6123404502868652,0.5008580684661865,0.09957752376794815,nan,nan,nan,nan
800,581.8908934593201,2.6815248546512445,217.0,1.0993319227089648,0.36324368849716443,0.9078341013824884,1.3941095707872981,-108.24209505543661,183.6945037841797,223.0767364501953,224.30616760253906,223.98033142089844,-0.3258148431777954,0.38591518998146057,0.011241265572607517,nan,nan,nan,nan
801,762.1548948436975,2.942682991674508,259.0,1.093940610839271,0.357740824300524,0.9111969111969112,1.3815649126318439,-11.151786582270233,216.5067596435547,228.1053009033203,228.9591064453125,230.28135681152344,1.3222445249557495,0.4325296878814697,0.029040049761533737,nan,nan,nan,nan
802,619.3290946744382,2.7648620297965993,224.0,1.0580750622372952,0.3485235071459014,0.9419642857142857,1.3647403411301176,-84.66617599218694,192.9040985107422,221.3468780517578,222.53077697753906,222.4649200439453,-0.065821073949337,0.5196993350982666,0.007573803421109915,nan,nan,nan,nan
803,744.2174679338932,2.629743702946619,283.0,1.0709880254034017,0.35081142615339056,0.9151943462897526,1.3820457511956024,-76.61703801276644,201.92889404296875,230.1737823486328,231.01318359375,230.4729766845703,-0.540153443813324,0.15400822460651398,0.014704868197441101,nan,nan,nan,nan
804,854.0630507469177,2.965496703982353,288.0,1.0991347594838183,0.3573771903670772,0.9097222222222222,1.3946236625085364,23.32691469178053,223.56790161132812,235.8505401611328,236.7510986328125,236.78759765625,0.036524560302495956,0.539535641670227,0.01658475771546364,nan,nan,nan,nan
805,883.9808057956398,2.870067551284545,308.0,1.1233551607822982,0.3710680697540384,0.9415584415584416,1.4240773489493694,13.638149306592595,226.71435546875,234.91802978515625,235.70704650878906,236.15806579589844,0.4510399103164673,0.2628345787525177,0.02270093373954296,nan,nan,nan,nan
806,541.0582279339433,2.760501162928282,196.0,1.0638170021586226,0.349353700473138,0.9030612244897959,1.3592528062979263,-107.48791412520791,177.3336181640625,217.6134033203125,218.8284454345703,219.3915252685547,0.5630627274513245,0.2143215388059616,0.0327635295689106,nan,nan,nan,nan
807,951.1501946039498,3.0485583160383007,312.0,1.0909732965879952,0.35881535056667524,0.9134615384615384,1.3794041326101245,72.8862340281205,238.10508728027344,233.4187469482422,234.3455047607422,234.8908233642578,0.5452681183815002,0.2807866334915161,0.006426809821277857,nan,nan,nan,nan
808,1389.6923984736204,3.4398326694891592,404.0,1.106601758457718,0.35799077464272266,0.9034653465346535,1.386605732430521,329.2384439018051,285.3299865722656,249.28086853027344,249.90899658203125,249.650390625,-0.258590966463089,0.4059582054615021,0.006824841722846031,nan,nan,nan,nan
809,390.8149332217872,2.7522178395900507,142.0,1.1050360188169648,0.3628106071734517,0.8591549295774648,1.3412595618077998,-150.79360366580704,154.9666748046875,176.3503875732422,178.1755828857422,177.2788543701172,-0.8967351913452148,0.15704147517681122,0.01845414750277996,nan,nan,nan,nan
810,537.1050130166113,2.569880445055557,209.0,1.0780586720152354,0.34982801361051813,0.9186602870813397,1.3927900021933808,-137.18536732458142,172.14520263671875,187.47406005859375,188.68235778808594,188.4214324951172,-0.26094678044319153,0.4452361464500427,0.031472813338041306,nan,nan,nan,nan
811,672.4374021738768,2.9622793047307345,227.0,1.0760405534083473,0.3523965275343152,0.9074889867841409,1.3736817535495165,-37.498846557834895,204.2587890625,218.9059295654297,219.9688720703125,219.06809997558594,-0.9007843136787415,0.6329734921455383,0.06961321830749512,nan,nan,nan,nan
812,1182.514571852982,3.284762699591617,360.0,1.093313184098162,0.3585590160478778,0.9166666666666666,1.3937145245200753,209.1949622357688,264.39556884765625,259.7656555175781,260.61383056640625,261.996826171875,1.382909893989563,0.7680021524429321,0.020920205861330032,nan,nan,nan,nan
813,1252.281217686832,3.375421071932162,371.0,1.0898167369638476,0.3540240627584744,0.9245283018867925,1.3920065061290514,257.1780218309682,280.1949768066406,239.6558074951172,240.50465393066406,240.01171875,-0.4929560124874115,0.38336965441703796,0.00868273712694645,nan,nan,nan,nan
814,800.6694516986609,2.9875725809651525,268.0,1.1193688328147815,0.36726773084130887,0.8917910447761194,1.4182185384331363,9.53983607743362,221.31077575683594,237.4103240966797,238.42584228515625,238.5996551513672,0.17384527623653412,0.20954301953315735,0.04169406741857529,nan,nan,nan,nan
815,1029.8710868246853,3.2798442255563227,314.0,1.0877999295990861,0.3551521649985634,0.9331210191082803,1.3835674739981223,147.6464742054652,256.2614440917969,241.6630401611328,242.5065155029297,242.1956787109375,-0.3108161389827728,0.46652570366859436,0.02213219180703163,nan,nan,nan,nan
816,1068.9362838882953,2.8056070443262344,381.0,1.0944928333512933,0.360610116125303,0.9396325459317585,1.3911639057230532,54.029827815476665,233.75839233398438,249.0121307373047,249.7423858642578,250.650390625,0.9080231785774231,0.21166148781776428,0.030945220962166786,nan,nan,nan,nan
817,1171.7147316890769,3.083459820234413,380.0,1.0973175603512202,0.35998636005204293,0.9289473684210526,1.3902888542724625,158.78860163795366,256.0343017578125,236.218994140625,236.9516143798828,237.3992462158203,0.447602778673172,0.3675370514392853,0.01779727078974247,nan,nan,nan,nan
818,497.4010991305113,2.810175701302324,177.0,1.0990575481167506,0.3569945330867937,0.9378531073446328,1.3801996252968374,-113.51884851642535,171.9616241455078,214.5870819091797,216.137939453125,216.346923828125,0.2090112715959549,0.1287071704864502,0.007988748140633106,nan,nan,nan,nan
819,2181.686823256314,3.6120642769144267,604.0,1.0703862651792093,0.3462385614962504,0.9354304635761589,1.3853837623564458,725.1676643453986,323.2977600097656,249.67713928222656,250.1992950439453,250.47508239746094,0.27578097581863403,0.816470205783844,0.024426670745015144,nan,nan,nan,nan
820,1034.1518501378596,3.2934772297384063,314.0,1.0978990114465168,0.3624702384088617,0.9171974522292994,1.3988274847269877,151.92723751863946,257.04205322265625,244.001708984375,244.89881896972656,244.7615966796875,-0.13730280101299286,0.3588702082633972,0.010017000138759613,nan,nan,nan,nan
821,708.0217766351998,2.9136698626962954,243.0,1.1037093593161298,0.3613764619804785,0.9094650205761317,1.3804619774154931,-33.599688443639934,207.70001220703125,217.82139587402344,219.0667266845703,218.6487274169922,-0.417961984872818,0.5088454484939575,0.050242405384778976,nan,nan,nan,nan
822,738.2693575210869,3.0133443164125997,245.0,1.1026898214542473,0.35949848524293215,0.9020408163265307,1.3876255933408281,-7.312759601143739,213.09039306640625,220.1466522216797,221.281982421875,219.90586853027344,-1.3761600255966187,0.21897989511489868,0.010000307112932205,nan,nan,nan,nan
823,1503.6263127677666,3.2475730297359973,463.0,1.0505683421593313,0.3439260241888159,0.9308855291576674,1.3549741345304689,326.3331229159169,276.1878967285156,252.4228973388672,252.9501190185547,253.74835205078125,0.7983341217041016,0.7304511666297913,0.031059499830007553,nan,nan,nan,nan
824,879.329339697957,2.892530722690648,304.0,1.098891080019567,0.3629007214549347,0.9243421052631579,1.3766580120848717,16.907987295691782,226.47589111328125,221.9674530029297,222.8780059814453,222.70542907714844,-0.17258667945861816,0.3170480728149414,0.0156453475356102,nan,nan,nan,nan
825,693.1931103244424,2.7184043542134995,255.0,1.0973861813139738,0.36131485880967357,0.8862745098039215,1.3863329210562132,-72.19226701474327,198.3177032470703,245.09686279296875,246.20872497558594,246.18190002441406,-0.026786046102643013,0.33050239086151123,0.017306506633758545,nan,nan,nan,nan
826,2378.030367977917,3.3587999547710696,708.0,1.0768373296832197,0.35114842402282775,0.9392655367231638,1.376442291553199,715.5573028106699,304.47528076171875,257.88458251953125,258.25732421875,258.4253845214844,0.16795681416988373,0.4163072407245636,0.022867592051625252,nan,nan,nan,nan
827,712.0499410033226,2.918237463128371,244.0,1.0716643961826744,0.3522333878431535,0.8934426229508197,1.3665060585314894,-31.551850097212537,212.36817932128906,213.984130859375,214.94618225097656,213.64588928222656,-1.3003009557724,0.22642767429351807,0.017262594774365425,nan,nan,nan,nan
828,743.0764844119549,2.9962761468223986,248.0,1.0964400740963027,0.35666737538591525,0.9435483870967742,1.4196243752287414,-8.446610775362387,216.96795654296875,226.2111358642578,227.25474548339844,226.1747589111328,-1.0799661874771118,0.4988076388835907,0.07352618873119354,nan,nan,nan,nan
829,1321.063771840185,3.2699598312875864,404.0,1.090191356511522,0.3562134607671174,0.9405940594059405,1.3880032928061738,260.6098172683696,274.7475280761719,248.8455810546875,249.65838623046875,250.0006866455078,0.34223079681396484,0.7524809837341309,0.00894451979547739,nan,nan,nan,nan
830,170.38054374605417,1.7747973306880642,96.0,1.14744304332718,0.37599301266426566,0.90625,1.4182986969517792,-280.13299614354696,73.40350341796875,197.27696228027344,199.46282958984375,199.6334228515625,0.1706177443265915,0.43524569272994995,0.024858763441443443,nan,nan,nan,nan
831,399.41176999663,2.4655047530656176,162.0,1.121479604812277,0.37270416238214893,0.8703703703703703,1.381918832911364,-181.8032873248742,141.98666381835938,209.9297637939453,211.4410400390625,211.17845153808594,-0.26253941655158997,0.4007624387741089,0.008609896525740623,nan,nan,nan,nan
832,610.7213718742132,2.763445121602775,221.0,1.0926080891018806,0.3597561136175363,0.9276018099547512,1.4266602228705343,-87.33292072732547,190.10772705078125,206.6759490966797,207.8087158203125,207.69700622558594,-0.11168229579925537,0.16200213134288788,0.014206401072442532,nan,nan,nan,nan
833,445.21248503774405,2.31881502623825,192.0,1.100917850131792,0.3586418040940771,0.9479166666666666,1.4164051363429444,-195.41235293462512,147.72373962402344,200.25732421875,201.66648864746094,201.53343200683594,-0.133067324757576,0.5700778961181641,0.03736455366015434,nan,nan,nan,nan
834,533.9610537488479,2.752376565715711,194.0,1.096367817895343,0.35948203068198176,0.9123711340206185,1.3904688445594702,-110.6244362669122,177.95339965820312,206.8910675048828,208.19810485839844,207.3635711669922,-0.8345363736152649,0.27654626965522766,0.018973423168063164,nan,nan,nan,nan
835,851.6701380163431,3.1082851752421283,274.0,1.1098816706623482,0.36534301251663187,0.9051094890510949,1.3959237171124301,48.65856626494292,231.5654754638672,233.00909423828125,233.9004364013672,233.44451904296875,-0.4559708833694458,0.45936262607574463,0.011647290550172329,nan,nan,nan,nan
836,199.62904375232756,1.8314591169938308,109.0,1.0974718549030023,0.35706801348812994,0.9357798165137615,1.3769823211892516,-276.62873441931515,80.04706573486328,191.7876739501953,195.09259033203125,194.6166534423828,-0.47592028975486755,1.281042218208313,0.04043795168399811,nan,nan,nan,nan
837,1036.1885091261938,1.0361885091261938,1000.0,1.1492045610035468,0.3938379748219352,0.87,1.3995661898828553,-1204.5397543761392,93.30564880371094,90.87674713134766,91.06034088134766,92.03772735595703,0.9773378372192383,0.4169134199619293,0.07920805364847183,nan,nan,nan,nan
838,1026.1404492799193,1.0261404492799193,1000.0,1.1387407299022825,0.38923271861865455,0.899,1.3959803181097559,-1214.5878142224137,92.15186309814453,102.1462173461914,102.33037567138672,103.9461669921875,1.615723729133606,0.8606479167938232,0.11814064532518387,nan,nan,nan,nan
839,775.0219423770905,2.891872919317502,268.0,1.1015753544812534,0.3621161175668845,0.9365671641791045,1.405886381974728,-16.107673244136777,218.4543914794922,221.62510681152344,222.8538818359375,222.4365997314453,-0.4171770513057709,0.4475535750389099,0.035291001200675964,nan,nan,nan,nan
840,1407.9749250803143,3.4764812964946032,405.0,1.1051253477347438,0.36045271200875256,0.9259259259259259,1.3879769470021825,345.54064448680356,289.5580749511719,245.50743103027344,246.19654846191406,246.2041015625,0.007534959819167852,0.35448601841926575,0.0058646611869335175,nan,nan,nan,nan
841,895.5160944964737,3.056368923196156,293.0,1.1028123035396107,0.36426338591755314,0.9044368600682594,1.3802240910313552,54.87832833285893,230.9114227294922,237.9298858642578,238.77943420410156,238.451171875,-0.32825183868408203,0.5117736458778381,0.009362762793898582,nan,nan,nan,nan
842,431.5236970335245,2.508858703683282,172.0,1.1222322326134602,0.372726962855176,0.877906976744186,1.419623256928076,-169.4946205049347,153.4868927001953,181.7819366455078,183.512939453125,184.3864288330078,0.8734800219535828,0.6130818128585815,0.045813675969839096,nan,nan,nan,nan
843,1575.5904276445508,3.4030030834655527,463.0,1.0952088281147823,0.35436177779633976,0.937365010799136,1.419106092500866,398.297237792701,292.0782470703125,247.55906677246094,248.1390380859375,248.3508758544922,0.2118263840675354,0.8340422511100769,0.01596440002322197,nan,nan,nan,nan
844,761.5523005020805,2.998237403551498,254.0,1.1112347180107873,0.36915256249552764,0.9173228346456693,1.4070041888979905,-1.8527508154097632,216.72874450683594,233.84112548828125,235.02464294433594,235.0734100341797,0.04871075227856636,0.5386887192726135,0.01072069350630045,nan,nan,nan,nan
845,603.561707880348,2.303670640764687,262.0,1.1160143537827925,0.37255263616646844,0.8816793893129771,1.3989367435215234,-175.6859516107063,174.233154296875,232.26670837402344,233.22625732421875,233.1809844970703,-0.045286279171705246,0.1123591884970665,0.00908543448895216,nan,nan,nan,nan
846,1342.4485602071509,3.1887139197319496,421.0,1.1002667933796562,0.35695955022865433,0.9311163895486936,1.3951916274401985,248.3290632665121,269.1973571777344,244.00245666503906,244.6703338623047,244.55738830566406,-0.11299846321344376,0.45591163635253906,0.009868273511528969,nan,nan,nan,nan
847,664.567462362349,2.769031093176454,240.0,1.0959005446293244,0.3598823339574058,0.8666666666666667,1.391533888605646,-71.1130246514042,197.17994689941406,219.96533203125,220.9847869873047,220.12782287597656,-0.8568699955940247,0.1830071657896042,0.024106303229928017,nan,nan,nan,nan
848,707.5043568238616,3.023522892409665,234.0,1.0880725985647761,0.35851141402922093,0.9316239316239316,1.371314796818489,-16.294174059718557,212.96275329589844,218.97340393066406,220.2666473388672,219.57647705078125,-0.6901988983154297,0.21879559755325317,0.004718019627034664,nan,nan,nan,nan
849,506.29533486813307,2.376973403136775,213.0,1.0676930202586636,0.3507205463971098,0.8967136150234741,1.3763109724890865,-175.9163495598416,163.72607421875,206.12139892578125,207.6041717529297,208.298583984375,0.6943583488464355,0.20488516986370087,0.004823387134820223,nan,nan,nan,nan
850,1247.8856241255999,3.2079321956956295,389.0,1.0827891728601566,0.3526612629999314,0.922879177377892,1.3747238965828568,217.1365598792172,264.1655578613281,257.723876953125,258.298095703125,258.38311767578125,0.08501070737838745,0.3671630620956421,0.012401031330227852,nan,nan,nan,nan
851,696.4805653914809,2.9764126726131663,234.0,1.1298747318561913,0.3755008880530696,0.905982905982906,1.4157510790623478,-27.317965492099233,208.5419464111328,224.4573974609375,225.5083770751953,224.96856689453125,-0.5398746132850647,0.2213781177997589,0.01419015508145094,nan,nan,nan,nan
852,1071.0862617343664,3.2164752604635627,333.0,1.0695510778585626,0.34737117552907915,0.9279279279279279,1.3856818882689705,151.23545470293175,256.9581604003906,236.61248779296875,237.35203552246094,237.24951171875,-0.10251978039741516,0.3321269750595093,0.029772160574793816,nan,nan,nan,nan
853,920.0389125458896,3.1400645479381897,293.0,1.0784657053488613,0.35605215616332847,0.9385665529010239,1.3811997499940527,79.40114638227487,242.14964294433594,234.5459747314453,235.4474334716797,234.5971221923828,-0.8503316044807434,0.6226601004600525,0.028340185061097145,nan,nan,nan,nan
854,352.9356567431241,2.1133871661264916,167.0,1.1466304521414337,0.3872046154892833,0.8682634730538922,1.4070662573996449,-238.18103068685753,127.45128631591797,204.535400390625,206.44622802734375,205.0695343017578,-1.3767123222351074,0.12777966260910034,0.006900876294821501,nan,nan,nan,nan
855,596.1174421031028,2.82520114740807,211.0,1.0875527686259803,0.35963384992385833,0.909952606635071,1.3767308652036099,-82.13359028148079,187.16302490234375,215.25389099121094,216.8609161376953,215.8706512451172,-0.9902588725090027,0.2996330261230469,0.045825086534023285,nan,nan,nan,nan
856,735.3167553506792,3.001292878982364,245.0,1.079742825190875,0.35012862432504954,0.9306122448979591,1.3849309568668835,-10.265361771551511,215.53988647460938,221.7255401611328,222.7816925048828,221.97145080566406,-0.8102522492408752,0.5398433208465576,0.0884053036570549,nan,nan,nan,nan
857,1219.4360285373405,3.2260212395167738,378.0,1.0779253227674543,0.3535678504689636,0.9206349206349206,1.3688124436386808,210.47055052960832,264.5664978027344,242.8250274658203,243.34031677246094,243.64634704589844,0.3060065507888794,0.6511819958686829,0.022548416629433632,nan,nan,nan,nan
858,664.2055860459805,2.5844575332528423,257.0,1.1224812747071102,0.36922970074624545,0.9182879377431906,1.4093295311929015,-105.14044333659626,193.29495239257812,221.2950439453125,222.5706329345703,220.882568359375,-1.688071608543396,0.2691930830478668,0.02226843126118183,nan,nan,nan,nan
859,625.6832310780883,2.7685098720269394,226.0,1.0868292610536165,0.36105940705702705,0.9292035398230089,1.3515858412310684,-82.27269163192796,191.91123962402344,228.3837127685547,229.1145477294922,228.8852996826172,-0.2292170375585556,0.3504694998264313,0.05508318915963173,nan,nan,nan,nan
860,576.6588647272438,2.3252373577711443,248.0,1.0534056838720103,0.33708848860946855,0.9556451612903226,1.402044357434702,-174.8642304600735,171.31814575195312,203.4885711669922,204.49932861328125,204.9042205810547,0.40493425726890564,0.7274786233901978,0.029428765177726746,nan,nan,nan,nan
861,1521.6641144156456,3.482068911706283,437.0,1.1019213302163184,0.3627099824980643,0.9130434782608695,1.4106898223874718,395.859401127879,294.1502380371094,253.72508239746094,254.44276428222656,254.7142791748047,0.2715570032596588,0.28687015175819397,0.007298915181308985,nan,nan,nan,nan
862,1269.0365954171866,3.237338253615272,392.0,1.0835932166284645,0.35228864622285677,0.9438775510204082,1.4020859246487951,232.34655310571748,267.38006591796875,247.5373992919922,248.40431213378906,248.93885803222656,0.5345036387443542,0.2911735475063324,0.03384045138955116,nan,nan,nan,nan
863,685.8788137286901,2.689720838151726,255.0,1.1002387902308837,0.35987476188437617,0.8862745098039215,1.3843066774749795,-79.5065636104955,195.508544921875,220.78370666503906,221.70579528808594,221.91285705566406,0.2070961445569992,0.4053526222705841,0.02320990525186062,nan,nan,nan,nan
864,676.2473320625722,2.7158527392071172,249.0,1.073884129488636,0.3551062003379299,0.9156626506024096,1.3907482766596388,-77.25608914644044,196.39044189453125,232.02549743652344,233.0239715576172,233.4583282470703,0.4343792200088501,0.5571310520172119,0.03704984486103058,nan,nan,nan,nan
865,936.7355773374438,3.051255952239231,307.0,1.0842870589955003,0.3539286618866166,0.9315960912052117,1.3936546197025936,68.37324687009209,238.31253051757812,224.13111877441406,224.9333038330078,223.75001525878906,-1.1832529306411743,0.3516816794872284,0.008537528105080128,nan,nan,nan,nan
866,788.3387068510056,2.997485577380249,263.0,1.0984841021146015,0.36250092882936125,0.8973384030418251,1.385434552741896,7.110721338255871,221.95042419433594,227.1979522705078,227.99530029296875,226.97119140625,-1.0241228342056274,0.21371324360370636,0.008106759749352932,nan,nan,nan,nan
867,1502.8496410250664,3.354575091573809,448.0,1.0774041952409024,0.35307951582342956,0.9129464285714286,1.3671960048401937,355.26134149864924,284.06201171875,254.59642028808594,255.2339324951172,255.9307861328125,0.6968323588371277,0.8715819716453552,0.004725689068436623,nan,nan,nan,nan
868,987.4233239591122,3.2696136554937487,302.0,1.105802387441064,0.3607857037821598,0.9271523178807947,1.4003673534941785,128.96262360023798,253.15899658203125,240.95863342285156,241.75999450683594,241.369873046875,-0.39010491967201233,0.30949628353118896,0.01772800274193287,nan,nan,nan,nan
869,1428.1567210610956,3.253204375993384,439.0,1.105796730322909,0.3624496549737968,0.9157175398633257,1.405190264791251,298.3913557299379,273.04681396484375,265.3310546875,265.9296875,266.7334899902344,0.8038237690925598,0.45661816000938416,0.022212615236639977,nan,nan,nan,nan
870,1229.2469631754211,3.2779919018011228,375.0,1.1048682995779264,0.360903168016786,0.92,1.3907996974583834,226.22246323277545,269.0246276855469,243.05284118652344,243.94117736816406,243.8177032470703,-0.12340707331895828,0.29466623067855835,0.022485563531517982,nan,nan,nan,nan
871,536.7191249897005,2.5928460144429977,207.0,1.112111919781722,0.3716982249208035,0.9178743961352657,1.3940584528056101,-133.6106033081012,171.58473205566406,225.3950653076172,226.75877380371094,226.3089599609375,-0.4498901665210724,0.2882450520992279,0.038849085569381714,nan,nan,nan,nan
872,1873.4939554296434,3.463020250332058,541.0,1.0913331809741347,0.35383395625790526,0.933456561922366,1.382029662500711,541.7353358855446,304.0023193359375,247.2364959716797,247.74903869628906,247.80950927734375,0.06041659042239189,0.3536936044692993,0.011609090492129326,nan,nan,nan,nan
873,169.65191623568535,1.5855319274363118,107.0,1.0421145789212158,0.3404708484918853,0.897196261682243,1.3611930347632728,-302.6452098925663,73.16780090332031,194.86822509765625,196.4685821533203,196.30494689941406,-0.1636379212141037,1.058746099472046,0.04195163771510124,nan,nan,nan,nan
874,220.4548514187336,2.249539300191159,98.0,1.1355126869164838,0.39020366237346765,0.8775510204081632,1.3697411512620905,-234.0193405142586,96.55671691894531,166.02113342285156,169.36041259765625,169.3466339111328,-0.013792206533253193,1.059197187423706,0.04274894297122955,nan,nan,nan,nan
875,602.6132466005511,2.6782810960024492,225.0,1.0712073916379017,0.3449359294444461,0.92,1.3979767820855284,-103.36235008776964,188.78602600097656,214.71165466308594,215.9567413330078,215.07139587402344,-0.8854271769523621,0.1933634728193283,0.025995958596467972,nan,nan,nan,nan
876,962.4399839043617,0.9624399839043617,1000.0,1.1276511527140796,0.38316088195033565,0.891,1.393113343500056,-1278.2882795979713,88.41216278076172,102.62735748291016,102.79791259765625,103.71987915039062,0.9219576716423035,0.5692195296287537,0.147653728723526,nan,nan,nan,nan
877,916.4040500186384,2.9278084665132216,313.0,1.0846138982931233,0.3512379767971893,0.9329073482428115,1.3846984482169988,36.15976342111367,232.05076599121094,207.5309295654297,208.443359375,208.4385528564453,-0.004810506943613291,0.6006767153739929,0.06643278151750565,nan,nan,nan,nan
878,611.6166030466557,2.8580215095638115,214.0,1.076460760482314,0.3510757881883373,0.9205607476635514,1.3990660808715756,-72.57540740301454,192.33453369140625,209.54005432128906,210.40704345703125,209.4583282470703,-0.9487175941467285,0.4196666479110718,0.05794569477438927,nan,nan,nan,nan
879,575.6362267956138,2.581328371280779,223.0,1.0985357637009652,0.36033369526990955,0.9103139013452914,1.3952511753553918,-126.37871784931599,179.93394470214844,220.61236572265625,221.97340393066406,222.12640380859375,0.15302307903766632,0.17100375890731812,0.033258575946092606,nan,nan,nan,nan
880,1284.6162367016077,3.285463520975979,391.0,1.0860249154423804,0.3548283263301963,0.9258312020460358,1.3652110765814218,249.90652041183398,271.89886474609375,243.7752227783203,244.58551025390625,245.4972381591797,0.9117264747619629,0.8046887516975403,0.04489897936582565,nan,nan,nan,nan
881,1188.1239229738712,3.3003442304829758,360.0,1.0691552146226775,0.34801028636798875,0.9388888888888889,1.3960813591897567,214.80431335665799,266.4207458496094,247.25836181640625,247.9158172607422,247.9999237060547,0.08417874574661255,0.37446922063827515,0.01759854517877102,nan,nan,nan,nan
882,913.2083374783397,3.044027791594466,300.0,1.0826169228244948,0.3533154519861435,0.9266666666666666,1.4030356806098718,58.708289162856545,232.92994689941406,218.67913818359375,219.7084197998047,219.65733337402344,-0.05099833011627197,0.16198280453681946,0.005472386255860329,nan,nan,nan,nan
883,1046.963371500373,3.1346208727556073,334.0,1.0954738335341088,0.3636707564710269,0.9191616766467066,1.3808856400431189,125.1322384472428,247.2593994140625,237.51283264160156,238.31028747558594,238.2217254638672,-0.08850354701280594,0.2879778742790222,0.006917315535247326,nan,nan,nan,nan
884,1375.5832181423903,3.298760714969761,417.0,1.09686298981223,0.35906666458984887,0.9136690647482014,1.3891680277009724,289.3850252885336,276.034423828125,269.3036193847656,270.0101623535156,270.5969543457031,0.5868006348609924,0.9238166809082031,0.034872617572546005,nan,nan,nan,nan
885,1043.4367942623794,3.1523770219407234,331.0,1.103341790332808,0.3627841176433735,0.9214501510574018,1.3984224967816483,127.5466392743358,253.70980834960938,238.44793701171875,239.3378143310547,238.79705810546875,-0.5408346652984619,0.6323733329772949,0.01223039161413908,nan,nan,nan,nan
886,671.5524219423532,2.958380713402437,227.0,1.125333574671681,0.37430669363509805,0.9295154185022027,1.4115151024298933,-38.38382678935841,204.17088317871094,217.18592834472656,218.46104431152344,217.4035186767578,-1.0575448274612427,0.1638317108154297,0.018588576465845108,nan,nan,nan,nan
887,490.77538177371025,2.429581097889655,202.0,1.0885538569562037,0.35589865133592885,0.9306930693069307,1.3765476459629464,-169.6527164156139,161.38427734375,174.9262237548828,176.1826934814453,176.84397888183594,0.6612927317619324,0.7028184533119202,0.018724791705608368,nan,nan,nan,nan
888,814.6567912455648,2.8685098283294534,284.0,1.0634001120211065,0.34959011850946914,0.9436619718309859,1.3587750126825258,-8.158040722790474,218.21481323242188,241.1231231689453,242.01918029785156,241.80738830566406,-0.21166835725307465,0.23821698129177094,0.035521283745765686,nan,nan,nan,nan
889,1109.7519871853292,2.889979133295128,384.0,1.1049910294353913,0.36022651983997395,0.9244791666666666,1.407017878913677,88.90455304742409,240.76177978515625,238.9562530517578,239.7078857421875,240.25115966796875,0.5432505011558533,0.12264975160360336,0.03689797967672348,nan,nan,nan,nan
890,1960.63486610353,3.3630100619271523,583.0,1.1041323707770423,0.36283476805828807,0.9313893653516295,1.3925612450508689,545.7025536482201,299.9235534667969,265.6070556640625,266.0544128417969,266.6058654785156,0.5514898300170898,0.5456698536872864,0.004211673978716135,nan,nan,nan,nan
891,2206.870180308819,3.491883196691169,632.0,1.1025204053060307,0.3610612543064999,0.930379746835443,1.3960334407127684,694.9018927904294,313.8741455078125,269.7401428222656,270.1687927246094,270.8575744628906,0.6888224482536316,1.0796382427215576,0.032913122326135635,nan,nan,nan,nan
892,268.6292624771595,1.5801721322185853,170.0,1.084450272833042,0.35614796875828797,0.9235294117647059,1.4334929595274286,-328.42840301790875,97.31686401367188,168.9585723876953,171.0340576171875,170.6402587890625,-0.3937814235687256,1.6483407020568848,0.04711127653717995,nan,nan,nan,nan
893,972.6099803652614,2.694210471925932,361.0,1.099493553182874,0.3594548940065045,0.9196675900277008,1.3964773624995064,-2.6899552736472288,224.7106170654297,230.1009063720703,230.93336486816406,230.20948791503906,-0.7238089442253113,0.2007938176393509,0.020242182537913322,nan,nan,nan,nan
894,922.7587530054152,3.0155514804098535,306.0,1.0698613169358093,0.34284888508379374,0.954248366013072,1.3886880962953032,56.37674855975911,237.88186645507812,217.07945251464844,217.8714141845703,218.2221221923828,0.35069456696510315,0.1903524100780487,0.016541164368391037,nan,nan,nan,nan
895,688.560683041811,3.0068152097895675,229.0,1.066257764429971,0.3444365941559465,0.925764192139738,1.3733493745318863,-25.336217733291733,208.2565155029297,213.52418518066406,214.71043395996094,213.57569885253906,-1.1347332000732422,0.571512758731842,0.07972495257854462,nan,nan,nan,nan
896,590.7155170030892,2.535259729626992,233.0,1.1095987048967284,0.3706051949054807,0.9227467811158798,1.4002602969026414,-131.10268785879543,180.26243591308594,209.4328155517578,210.79962158203125,210.260498046875,-0.5391054749488831,0.08184666186571121,0.012138440273702145,nan,nan,nan,nan
897,523.2812079105643,2.6973258139719807,194.0,1.0943844959537483,0.3593693373883239,0.9175257731958762,1.3946036112501823,-121.30428210519585,176.76361083984375,184.85980224609375,186.1676025390625,185.0106964111328,-1.1569052934646606,0.8648449182510376,0.040774062275886536,nan,nan,nan,nan
898,610.6492859721184,2.7261128838040998,224.0,1.119289217047028,0.3714775569787889,0.9285714285714286,1.4264500635734367,-93.3459846945068,187.8400115966797,222.40733337402344,223.69529724121094,223.20594787597656,-0.48937204480171204,0.05807130038738251,0.025616368278861046,nan,nan,nan,nan
899,1286.0153246298432,3.2639982858625465,394.0,1.0806346055348717,0.35151534877904034,0.9314720812182741,1.3733956550166269,245.36463027498303,272.0569763183594,238.88134765625,239.55126953125,239.7735137939453,0.2222214937210083,0.6068879961967468,0.03486330807209015,nan,nan,nan,nan
900,590.6001913547516,2.6723990559038535,221.0,1.0684472121832302,0.3503623191879355,0.9411764705882353,1.384051925080607,-107.4541012467871,185.99423217773438,196.88233947753906,198.16790771484375,198.14808654785156,-0.01978284679353237,0.07582192867994308,0.010856255888938904,nan,nan,nan,nan
901,1440.768724001944,2.9645446995924774,486.0,1.1058726740618163,0.36561603399472054,0.9074074074074074,1.3946839750987619,217.92803565109784,258.86041259765625,246.7213897705078,247.23626708984375,247.8074493408203,0.5712441802024841,0.0975852981209755,0.013190610334277153,nan,nan,nan,nan
902,1038.2652956470847,3.2244263839971574,322.0,1.1004978127258884,0.35818955025890664,0.9316770186335404,1.4059350700968694,140.19807485430056,252.40052795410156,242.0611114501953,242.9005126953125,242.5804901123047,-0.32003912329673767,0.6967062950134277,0.013373679481446743,nan,nan,nan,nan
903,984.2896777242422,3.164918577891454,311.0,1.0935727557010486,0.35947977464474473,0.9421221864951769,1.388457559215324,108.00604317010857,245.28521728515625,230.05287170410156,230.8098907470703,230.28736877441406,-0.5224838852882385,0.44394978880882263,0.023524772375822067,nan,nan,nan,nan
904,818.8566620498896,3.032802452036628,270.0,1.075166143379861,0.3515656309570243,0.9259259259259259,1.3903812385029883,23.76639438527127,224.4066619873047,222.1209716796875,223.135986328125,223.7967987060547,0.6608121991157532,0.4717194139957428,0.03150539472699165,nan,nan,nan,nan
905,606.574261055328,2.7697454842709037,219.0,1.1050058540388359,0.36032414511487565,0.958904109589041,1.4132149638224516,-87.51937950281967,189.37400817871094,220.8979949951172,222.0973358154297,222.68865966796875,0.59128737449646,0.15818606317043304,0.013232973404228687,nan,nan,nan,nan
906,708.8804646134377,2.905247805792777,244.0,1.0627936688892219,0.34810534403189447,0.9221311475409836,1.3656135745061484,-34.721326487097485,211.22865295410156,220.890625,221.9235382080078,220.9911346435547,-0.9323751926422119,0.6731455326080322,0.051710501313209534,nan,nan,nan,nan
907,803.0887500923127,2.857967082179049,281.0,1.0753208743862446,0.3504661571873575,0.9181494661921709,1.3654504264837113,-13.785103810955889,220.28890991210938,222.0539093017578,222.952392578125,222.03431701660156,-0.9180181622505188,0.24853616952896118,0.02200644090771675,nan,nan,nan,nan
908,539.0192465223372,2.695096232611686,200.0,1.0527700984081916,0.342068115996905,0.93,1.3703687006818912,-117.448199623596,176.51206970214844,201.2877960205078,202.7438201904297,201.8079376220703,-0.9359108805656433,0.20978744328022003,0.008445747196674347,nan,nan,nan,nan
909,922.1960316700861,3.0536292439406822,302.0,1.0917398434466565,0.3588032712864383,0.9006622516556292,1.3836841729970177,63.735331311211894,235.8501434326172,232.42576599121094,233.36366271972656,233.019287109375,-0.344380646944046,0.41100701689720154,0.019176973029971123,nan,nan,nan,nan
910,508.45712877064943,2.620913034900255,194.0,1.1214050162597093,0.3766147349781078,0.8969072164948454,1.4152539352810787,-136.12836124511068,168.62013244628906,228.6858673095703,229.8914031982422,229.7840576171875,-0.10725494474172592,0.17407530546188354,0.018070273101329803,nan,nan,nan,nan
911,1145.2826422471553,3.272236120706158,350.0,1.0559057382422095,0.34184289849529576,0.9342857142857143,1.360950503190073,191.76629284689716,265.0652770996094,237.39158630371094,238.0123291015625,238.22491455078125,0.2125568836927414,0.6418352723121643,0.04512498527765274,nan,nan,nan,nan
912,382.6073416043073,2.406335481788096,159.0,1.0892934521486217,0.35269925094222304,0.9056603773584906,1.3533558095413367,-192.66673765211044,140.05282592773438,187.2146759033203,188.6594696044922,187.6107177734375,-1.048758625984192,0.3739947974681854,0.03906988725066185,nan,nan,nan,nan
913,879.4013627953827,3.042911289949421,289.0,1.069122717934241,0.35131139566691116,0.9100346020761245,1.3664263390004243,46.684900718550125,231.36343383789062,229.29197692871094,230.22308349609375,229.8712158203125,-0.3518742322921753,0.3632388114929199,0.0036952111404389143,nan,nan,nan,nan
914,688.3248833343387,2.6993132679777987,255.0,1.115716062397799,0.3685009207853476,0.9411764705882353,1.4067238028472853,-77.06049400484699,200.5076904296875,213.7248992919922,214.8728485107422,213.89292907714844,-0.9799365401268005,0.16398483514785767,0.04831678420305252,nan,nan,nan,nan
915,559.8982895612717,2.6286304674238106,213.0,1.0946898187846585,0.36083175318919747,0.9295774647887324,1.3838170700839034,-122.31339486670299,180.32965087890625,217.85009765625,219.3297882080078,219.5582733154297,0.2283949851989746,0.442777156829834,0.02317781001329422,nan,nan,nan,nan
916,854.9696704261005,2.978988398697214,287.0,1.0747275134973844,0.34195421544327803,0.9303135888501742,1.3841023763329046,26.213860392658717,230.11441040039062,194.81976318359375,195.86936950683594,195.20916748046875,-0.6601704955101013,0.19199006259441376,0.005614906549453735,nan,nan,nan,nan
917,570.6559971813112,2.8111132866074446,203.0,1.1111690628135857,0.3698687694565552,0.896551724137931,1.3652223853078518,-91.75242702970843,185.0067901611328,224.49578857421875,225.8411407470703,225.321533203125,-0.5196408033370972,0.2579960227012634,0.012544172815978527,nan,nan,nan,nan
918,702.8557752259076,3.0165483915275004,233.0,1.0664399867547534,0.35151687429335005,0.9484978540772532,1.3622751148483307,-18.96242963597706,211.38063049316406,218.7523956298828,220.02854919433594,219.5704345703125,-0.4581373631954193,0.1808435171842575,0.007114635780453682,nan,nan,nan,nan
919,608.2056139409542,2.7771945842052705,219.0,1.0993767470913265,0.36460155887245127,0.8858447488584474,1.400923151742741,-85.88802661719342,189.31527709960938,232.89305114746094,233.8968048095703,233.10020446777344,-0.7966234683990479,0.23612402379512787,0.006600613705813885,nan,nan,nan,nan
920,866.7577804103494,2.8325417660468934,306.0,1.0906600421446564,0.3563479090314019,0.9215686274509803,1.4009649881648363,0.37577596469327545,219.04315185546875,224.2005615234375,224.9761199951172,226.13323974609375,1.1571471691131592,0.08231301605701447,0.01621771603822708,nan,nan,nan,nan
921,693.9017005413771,2.952773193793094,235.0,1.0674711437745277,0.3432877913536009,0.9319148936170213,1.3786740472291672,-31.87715636389862,205.68565368652344,217.3374481201172,218.6915740966797,218.76023864746094,0.06859856843948364,0.3081256151199341,0.03500708192586899,nan,nan,nan,nan
922,812.5846394337714,3.211796993809373,253.0,1.0594295473222233,0.3390681059891174,0.9130434782608695,1.38595325870506,51.15991413797667,236.93312072753906,208.9652099609375,209.9759521484375,208.66082763671875,-1.3151127099990845,0.7393283843994141,0.058805081993341446,nan,nan,nan,nan
923,586.5772278299555,2.97754937984749,197.0,1.071137709485093,0.345921525176297,0.9390862944162437,1.3692797273359634,-63.94924025089108,193.09481811523438,216.24755859375,217.5548553466797,216.60809326171875,-0.9467522501945496,0.06750551611185074,0.001123706460930407,nan,nan,nan,nan
924,1029.9449312873185,3.169061327037903,325.0,1.0558921214706274,0.3410826429949315,0.9384615384615385,1.3805691158175606,125.93673242944783,252.71669006347656,226.6488494873047,227.5424041748047,227.4706573486328,-0.07169118523597717,0.24498435854911804,0.009371000342071056,nan,nan,nan,nan
925,1108.7054696716368,3.2418288586889967,342.0,1.0616364110636916,0.3488576330041041,0.9385964912280702,1.345808107728743,171.0317284449427,259.7774658203125,240.4593048095703,241.3285675048828,241.8105926513672,0.4820040762424469,0.8056323528289795,0.016307607293128967,nan,nan,nan,nan
926,956.9798125326633,2.9812455219086087,321.0,1.066930066075195,0.3469474467124366,0.9190031152647975,1.3651923334341725,60.89291776157461,236.0164794921875,227.4468231201172,228.3104705810547,227.72914123535156,-0.5812713503837585,0.3071023225784302,0.014763612300157547,nan,nan,nan,nan
927,614.2245855173096,2.5592691063221236,240.0,1.0995864593448492,0.359595165052047,0.9333333333333333,1.401346242358995,-121.45590149644363,186.72509765625,205.83436584472656,207.13995361328125,205.3229217529297,-1.8170127868652344,0.495661199092865,0.07539833337068558,nan,nan,nan,nan
928,916.4453809708357,2.965842656863546,309.0,1.07779786515314,0.354097305909029,0.9449838187702265,1.3832999554493146,44.12239846009311,232.32809448242188,227.4981231689453,228.5356903076172,228.8045196533203,0.26891353726387024,0.5129150152206421,0.022737842053174973,nan,nan,nan,nan
929,895.2489169985056,2.897245686079306,309.0,1.0863023211756428,0.357541407429349,0.912621359223301,1.3903576022308592,22.925934487763016,228.5889434814453,233.16944885253906,234.031005859375,233.95233154296875,-0.0786769688129425,0.24967920780181885,0.039855796843767166,nan,nan,nan,nan
930,1378.2405130099505,3.305133124724102,417.0,1.06742702115195,0.34886953912575436,0.9256594724220624,1.372200989811449,292.04232015609387,276.53021240234375,240.3508758544922,241.0667724609375,241.46875,0.4019582271575928,0.7627032399177551,0.007769014220684767,nan,nan,nan,nan
931,1250.2884193868376,3.2815969012777892,381.0,1.100842342812057,0.36157285735430317,0.9133858267716536,1.3637748810997834,235.381963314019,267.9561767578125,235.1522216796875,235.9456787109375,235.633056640625,-0.3126407563686371,0.25722628831863403,0.008250445127487183,nan,nan,nan,nan
932,1847.9873488806188,3.353879036080978,551.0,1.0857145229160994,0.3550536905669455,0.911070780399274,1.3693127900833981,496.42546911956515,296.2078552246094,263.8572692871094,264.3195495605469,265.1358337402344,0.8162853121757507,0.6463629007339478,0.0361209474503994,nan,nan,nan,nan
933,578.3447331935167,2.8350232019290034,204.0,1.0557410873768873,0.34298693864248514,0.9019607843137255,1.3624637822702874,-86.04401703919848,192.26332092285156,192.9188690185547,194.20037841796875,193.10986328125,-1.0904951095581055,0.4924030005931854,0.002134383423253894,nan,nan,nan,nan
934,506.7327987793833,2.5085782117791253,202.0,1.0832036474533475,0.3533415026255236,0.9108910891089109,1.3705953647849947,-153.69529940994084,166.0057373046875,208.5624237060547,210.0724639892578,210.20481872558594,0.13231121003627777,0.21435943245887756,0.010287187993526459,nan,nan,nan,nan
935,1162.592970058322,3.067527625483699,379.0,1.0717886403934156,0.3484676906465501,0.9445910290237467,1.3882589592562868,151.64716602889416,254.82009887695312,225.5174102783203,226.3653564453125,226.46559143066406,0.10021085292100906,0.4880155622959137,0.03210771828889847,nan,nan,nan,nan
936,977.2873823530972,3.152539943074507,310.0,1.0775645617587248,0.3550278612772398,0.9,1.3805158856828839,102.98407382065898,247.0390167236328,222.8369140625,223.7583770751953,222.99462890625,-0.7637583613395691,0.20234964787960052,0.011511195451021194,nan,nan,nan,nan
937,684.4695625798777,2.694762057401093,254.0,1.1260823867266363,0.37408936181575614,0.8661417322834646,1.39439591870216,-78.93548873761256,194.765869140625,238.5662384033203,239.70191955566406,239.48455810546875,-0.21736431121826172,0.4251566231250763,0.044969189912080765,nan,nan,nan,nan
938,1307.0599218255375,3.2676498045638436,400.0,1.0910549465102732,0.3584433517100599,0.9325,1.3923164683592393,254.52727134050429,269.9390563964844,251.9005126953125,252.6189727783203,253.15838623046875,0.5393183827400208,0.1448858380317688,0.03493453562259674,nan,nan,nan,nan
939,316.45636263489723,2.4531500979449397,129.0,1.1003895877389362,0.3642603073844287,0.9147286821705426,1.379740838886292,-199.40793597065544,126.3332290649414,173.4146270751953,175.49891662597656,174.05445861816406,-1.4444503784179688,0.28985273838043213,0.09005723893642426,nan,nan,nan,nan
940,1606.3171729650348,3.264872302774461,492.0,1.1112175511120634,0.36325576453157987,0.9288617886178862,1.3979610798800874,371.59452848401565,282.7585144042969,237.0868377685547,237.7068328857422,237.45086669921875,-0.25591984391212463,0.4818076491355896,0.005486789625138044,nan,nan,nan,nan
941,206.17100726813078,1.9450095025295357,106.0,1.097102542541889,0.36158715329784974,0.9339622641509434,1.4160449237786514,-264.1457928384254,86.86441802978516,175.5081024169922,177.8411407470703,175.74578857421875,-2.0953845977783203,0.5786917209625244,0.13876734673976898,nan,nan,nan,nan
942,598.0113497078419,2.7431713289350546,218.0,1.0933118625029516,0.36469358824701154,0.9220183486238532,1.3869268010910472,-94.10196482861033,188.84144592285156,226.85784912109375,228.1071014404297,228.3609619140625,0.2538251578807831,0.22352460026741028,0.014129996299743652,nan,nan,nan,nan
943,1574.852809369564,3.4161666146845207,461.0,1.08772139830912,0.3559123574103217,0.9327548806941431,1.3894629848012283,401.52027156110535,289.5425109863281,263.3027038574219,263.8362121582031,264.2944641113281,0.4583544433116913,0.947152853012085,0.03141869232058525,nan,nan,nan,nan
944,198.1605488397181,1.8348198966640565,108.0,1.0660280602448708,0.3432957893029074,0.8981481481481481,1.3817603316349254,-276.1169033102291,84.26224517822266,188.63768005371094,190.93968200683594,190.80267333984375,-0.13700421154499054,0.9813159704208374,0.053613558411598206,nan,nan,nan,nan
945,1201.8565552532673,3.1298347793053836,384.0,1.1184102093303159,0.36562991937540174,0.8932291666666666,1.3978154558067455,181.00912111536218,258.3612976074219,230.583984375,231.3876190185547,231.56134033203125,0.17372937500476837,0.2304196059703827,0.0014316592132672668,nan,nan,nan,nan
946,317.81932138837874,2.133015579787777,149.0,1.086328091274916,0.35069901165000317,0.9194630872483222,1.3475799521147305,-237.6514976510839,119.17682647705078,183.9407958984375,185.3087615966797,183.4402313232422,-1.8684800863265991,1.3266746997833252,0.0578814335167408,nan,nan,nan,nan
947,766.9067717045546,3.09236601493772,248.0,1.0680059155533315,0.3484989846192058,0.8911290322580645,1.3728471228419052,15.38367651723729,220.9719696044922,226.0323028564453,227.0034637451172,226.49183654785156,-0.5116882920265198,0.23458023369312286,0.03286901116371155,nan,nan,nan,nan
948,667.859498783946,2.568690379938254,260.0,1.0764098363973387,0.3509659691349579,0.9307692307692308,1.364214506882523,-107.42750866371716,192.71949768066406,219.4137725830078,220.46351623535156,220.0376434326172,-0.42589011788368225,0.1587495058774948,0.007839865051209927,nan,nan,nan,nan
949,1037.4447768011596,1.0374447768011597,1000.0,1.1443496413258571,0.38940948300510353,0.88,1.3954994732979626,-1203.2834867011734,93.15869903564453,108.9150390625,109.0604019165039,109.43218994140625,0.3718126714229584,1.227330207824707,0.2605985403060913,nan,nan,nan,nan
950,674.0550896599889,2.5727293498472856,262.0,1.1088149324528067,0.3649199914867245,0.916030534351145,1.3841059011239625,-105.19256983106538,186.1700897216797,231.9459991455078,232.9822235107422,233.3358612060547,0.35370683670043945,0.3541049659252167,0.035272568464279175,nan,nan,nan,nan
951,1353.3934523854405,3.2300559722802875,419.0,1.0784666448150555,0.35323514971106373,0.9451073985680191,1.3899052180252278,263.23460748819275,272.6058654785156,257.9648742675781,258.7050476074219,258.77197265625,0.0669492855668068,0.7548449039459229,0.025274891406297684,nan,nan,nan,nan
952,606.8001111149788,2.6155177203231843,232.0,1.0925936431163341,0.36373341926663744,0.8879310344827587,1.383495866900373,-113.03776772521041,185.18528747558594,221.5296173095703,222.5435791015625,222.62139892578125,0.07783636450767517,0.15282942354679108,0.013252269476652145,nan,nan,nan,nan
953,586.5455428629139,2.903690806252049,202.0,1.0637942196914743,0.34609224568270974,0.9455445544554455,1.3819006027520224,-73.88255532641028,190.3279266357422,194.9896697998047,196.23277282714844,196.2431182861328,0.01036361325532198,0.4228028357028961,0.04675515741109848,nan,nan,nan,nan
954,894.7158460468054,2.8135718429144823,318.0,1.099023705515033,0.3595875591452175,0.9245283018867925,1.3822220643288357,4.569929340803128,220.49505615234375,224.56983947753906,225.5404510498047,224.9427490234375,-0.5977650284767151,0.03991735726594925,0.010612551122903824,nan,nan,nan,nan
955,1055.7780430286657,3.1515762478467635,335.0,1.0813881445631925,0.35370596141316374,0.9074626865671642,1.3560784716319627,131.96658395383997,247.40118408203125,240.16375732421875,240.9056396484375,241.58843994140625,0.6828446388244629,0.38994163274765015,0.016242191195487976,nan,nan,nan,nan
956,985.7021169811487,3.0143795626334824,327.0,1.1010754493146553,0.3695218593268902,0.8960244648318043,1.3929025033156788,77.73326607988702,240.15025329589844,238.8167724609375,239.6727752685547,239.9335174560547,0.26068904995918274,0.16892103850841522,0.03336574137210846,nan,nan,nan,nan
957,1198.2256527841091,3.433311326028966,349.0,1.0999430645216,0.3576309167954105,0.9398280802292264,1.4139427544577579,246.68962940554638,275.367431640625,232.3369598388672,233.03271484375,232.87928771972656,-0.15340164303779602,0.28023290634155273,0.002095812698826194,nan,nan,nan,nan
958,944.7462624162436,3.1077179684744856,304.0,1.0849477261676312,0.3527150123797439,0.9375,1.3674419421233988,82.3249100139783,238.80401611328125,239.68011474609375,240.64727783203125,240.70465087890625,0.0572737455368042,0.4732406437397003,0.036639463156461716,nan,nan,nan,nan
959,1382.7204761505127,3.142546536705711,440.0,1.0931496840749633,0.3548244082346862,0.9181818181818182,1.3902506558321654,250.9747847976596,269.0016174316406,246.3249969482422,247.02313232421875,246.56105041503906,-0.4620974063873291,0.3417014181613922,0.027111485600471497,nan,nan,nan,nan
960,1007.6706831902266,3.100525179046851,325.0,1.0949538153675673,0.3573271005232938,0.9261538461538461,1.388238877836107,103.66248433235592,245.98587036132812,243.50840759277344,244.51080322265625,244.41461181640625,-0.0961282029747963,0.24524572491645813,0.025652341544628143,nan,nan,nan,nan
961,327.6846447372809,1.8306404733926307,179.0,1.0954526747599425,0.35938384778970184,0.9162011173184358,1.3742233379617121,-287.1959549530468,113.75198364257812,123.13214111328125,125.11822509765625,124.1755599975586,-0.9426422119140625,0.9296319484710693,0.040221814066171646,nan,nan,nan,nan
962,882.7140077566728,2.9922508737514333,295.0,1.0787511373602927,0.35482784457982247,0.911864406779661,1.3743914712350844,38.11558954966722,227.5507354736328,241.58839416503906,242.54685974121094,242.9705047607422,0.4235903024673462,0.6463859677314758,0.02049725502729416,nan,nan,nan,nan
963,992.9494633357972,3.1825303312044784,312.0,1.0870695277757276,0.35868049540736563,0.9102564102564102,1.38221365906975,114.6855027599679,250.34280395507812,234.2501220703125,235.1897735595703,234.6706085205078,-0.5192034840583801,0.27924057841300964,0.007035645190626383,nan,nan,nan,nan
964,682.1963973981328,2.8663714176392134,238.0,1.1137071443761142,0.3694308422866516,0.9033613445378151,1.3734804756237102,-49.52343757222934,202.48341369628906,215.41680908203125,216.7718505859375,217.25714111328125,0.48526111245155334,0.33506593108177185,0.027442215010523796,nan,nan,nan,nan
965,1015.2237955860946,1.0152237955860945,1000.0,1.1297390379704615,0.38479331443304055,0.881,1.376274223498955,-1225.5044679162384,94.36062622070312,106.57748413085938,106.7553482055664,107.15059661865234,0.39528587460517883,0.5575292110443115,0.0798720046877861,nan,nan,nan,nan
966,1520.958872050047,3.4102216862108676,446.0,1.096821786501277,0.359527680708026,0.9327354260089686,1.3836253510766154,377.3312245670206,291.1349182128906,248.38658142089844,249.0223388671875,249.3052215576172,0.2828815281391144,0.37666991353034973,0.009060313925147057,nan,nan,nan,nan
967,845.1505031883717,3.3405158228789396,253.0,1.080484173203195,0.35204268769300956,0.9604743083003953,1.3927948748294416,83.72577789257696,240.9004364013672,222.90667724609375,223.84149169921875,223.4366455078125,-0.4048561155796051,0.5923085808753967,0.02347230724990368,nan,nan,nan,nan
968,429.3325418494642,2.6020154051482676,165.0,1.0777163675772257,0.35274668389747876,0.9333333333333333,1.3788516515724514,-157.82349353712652,160.7227020263672,163.62953186035156,165.2417755126953,166.83384704589844,1.5920510292053223,0.7040374875068665,0.03524410352110863,nan,nan,nan,nan
969,1826.7829059436917,3.4209417714301344,534.0,1.0684793283049292,0.34733769113984053,0.9288389513108615,1.3753874845478737,508.88656855146155,298.0600280761719,253.4684295654297,253.97154235839844,254.7092742919922,0.7377453446388245,0.3900877833366394,0.007786162663251162,nan,nan,nan,nan
970,653.8926852676086,2.056266305872983,318.0,1.083152750022819,0.3570424288464478,0.9276729559748428,1.3870672449248767,-236.25323143839364,164.6184844970703,214.4051513671875,215.32762145996094,215.36756896972656,0.039969246834516525,0.32087087631225586,0.027740541845560074,nan,nan,nan,nan
971,535.0715074557811,2.42113804278634,221.0,1.0892778725819963,0.36709660871061855,0.9004524886877828,1.3738105483701573,-162.9827851457576,167.461181640625,221.7851104736328,223.35765075683594,224.04241943359375,0.6847422122955322,0.13782605528831482,0.02401001937687397,nan,nan,nan,nan
972,963.4571047183126,3.179726418212253,303.0,1.0840926071061254,0.3527114463021581,0.933993399339934,1.4000818230778878,103.01607833774301,243.72035217285156,228.93544006347656,229.92218017578125,229.8797149658203,-0.042457301169633865,0.3603318929672241,0.011510212905704975,nan,nan,nan,nan
973,855.135673718527,2.7147164245032602,315.0,1.09687668411878,0.35750094458840237,0.9206349206349206,1.416410615282167,-29.06926492238881,212.00111389160156,226.7108917236328,227.76026916503906,228.23622131347656,0.4759348928928375,0.27185043692588806,0.04052508622407913,nan,nan,nan,nan
974,743.0258720256388,2.9840396466893124,249.0,1.1590122477754903,0.3872726577330366,0.8714859437751004,1.420296387770929,-10.477549183373867,213.9992218017578,223.37139892578125,224.2935333251953,224.06463623046875,-0.2288239449262619,0.22451800107955933,0.01597386971116066,nan,nan,nan,nan
975,735.1389422360808,3.050369054921497,241.0,1.103041401089952,0.3596508538821921,0.9253112033195021,1.4054253675097719,-2.521870799367889,215.66403198242188,224.1133270263672,225.1109161376953,224.7487030029297,-0.3621778190135956,0.33264413475990295,0.01928512193262577,nan,nan,nan,nan
976,1266.0742967044935,3.2630780842899316,388.0,1.0960297145562605,0.35598877397150785,0.9175257731958762,1.394189320340501,237.30555847980622,269.0959777832031,252.01751708984375,252.6307830810547,253.23345947265625,0.6026225686073303,0.4757942259311676,0.0046793739311397076,nan,nan,nan,nan
977,524.9010320622474,2.5857193697647656,203.0,1.0955056538809924,0.35975485914070443,0.916256157635468,1.3747429080389026,-137.50739214877228,170.19577026367188,219.51214599609375,220.73097229003906,221.1680450439453,0.4371234178543091,0.28897392749786377,0.02057971991598606,nan,nan,nan,nan
978,873.4912058152258,2.7996513006898263,312.0,1.1234854807377517,0.3745118041915081,0.907051282051282,1.402151943129498,-4.772754760603448,216.55992126464844,234.7104949951172,235.7266845703125,235.3761444091797,-0.3506263792514801,0.46577954292297363,0.020503519102931023,nan,nan,nan,nan
979,334.98411763459444,2.0551172861018063,163.0,1.1126268819124379,0.3663766160007406,0.9141104294478528,1.3869503200992817,-248.2112657086052,125.70751953125,160.88339233398438,162.7234344482422,163.0029754638672,0.27957239747047424,0.37137213349342346,0.013390995562076569,nan,nan,nan,nan
980,930.896516084671,2.803905168929732,332.0,1.1091398945476696,0.36256490022688703,0.9307228915662651,1.3964469481951831,13.02603507493177,224.49635314941406,235.432861328125,236.20579528808594,237.02662658691406,0.8207385540008545,0.5536288022994995,0.014113837853074074,nan,nan,nan,nan
981,654.5905905757099,2.607930639743864,251.0,1.1331930220395814,0.37957926071840303,0.852589641434263,1.3877732985921678,-102.87348267669381,190.69630432128906,239.23822021484375,240.1889190673828,239.57920837402344,-0.6096895933151245,0.22833146154880524,0.022198963910341263,nan,nan,nan,nan
982,2320.0478126704693,3.4269539330435292,677.0,1.0955573840048456,0.35806484048772724,0.9217134416543574,1.3859525628852105,718.9648541757824,310.8813781738281,267.1417541503906,267.5205993652344,268.7800598144531,1.2594149112701416,0.9823558330535889,0.07423901557922363,nan,nan,nan,nan
983,1595.274913057685,3.37267423479426,473.0,1.0995541916975218,0.3610856373583492,0.9344608879492601,1.391391827291951,398.17846298888026,288.0725402832031,254.0299072265625,254.64012145996094,255.4901885986328,0.8499972224235535,0.9426825046539307,0.02559872716665268,nan,nan,nan,nan
984,791.0599504716229,3.139126787585805,252.0,1.0853442382512655,0.34940147905057833,0.9126984126984127,1.389338853090279,31.6155511975237,228.5907440185547,217.2972412109375,218.29444885253906,217.7638702392578,-0.5306162238121033,0.4182490110397339,0.05123817175626755,nan,nan,nan,nan
985,1216.0364074038807,3.2777261655091126,371.0,1.1135667140519683,0.36629945791400675,0.9191374663072777,1.3929230560319876,220.93321154801697,268.63671875,260.2106628417969,261.037109375,261.697021484375,0.6598364114761353,0.5346804261207581,0.01691579446196556,nan,nan,nan,nan
986,1043.4760945215821,2.95602293065604,353.0,1.0754652958093442,0.3469526088932649,0.9121813031161473,1.3884288602367099,84.0187670562375,244.713623046875,233.590087890625,234.27467346191406,233.0629425048828,-1.2116795778274536,0.5067906379699707,0.06177125871181488,nan,nan,nan,nan
987,1539.9606509339064,3.1686433146788198,486.0,1.1065033728247735,0.35894400587834446,0.9238683127572016,1.4162049700168888,317.1199625830602,277.384765625,245.2626190185547,245.77439880371094,246.4168243408203,0.6424477100372314,0.6424832940101624,0.02126179076731205,nan,nan,nan,nan
988,1468.0280342027545,3.110228886022785,472.0,1.1044522820361817,0.36378387494705283,0.9173728813559322,1.3825823656934864,272.9119101556453,268.00164794921875,249.1207275390625,249.61773681640625,250.08265686035156,0.4649379253387451,0.3122326135635376,0.005803585983812809,nan,nan,nan,nan
989,1099.2315316807944,3.028186037688139,363.0,1.1129956091465785,0.3651065633947494,0.928374655647383,1.3955830863963083,119.9709439984947,252.34263610839844,241.42967224121094,242.23516845703125,242.22450256347656,-0.010683287866413593,0.2720828950405121,0.005532922688871622,nan,nan,nan,nan
990,1561.5720782130957,3.4095460222993355,458.0,1.1092446049691365,0.3622320127874823,0.925764192139738,1.3879193280387452,394.18051846972344,291.4997253417969,250.3170166015625,250.8549041748047,250.7894744873047,-0.06551972776651382,0.4247220456600189,0.00784054584801197,nan,nan,nan,nan
991,1392.0046189166605,3.100233004268732,449.0,1.0825944546818278,0.3578553012192043,0.9153674832962138,1.3781611073190738,242.43599336854777,262.15399169921875,266.4565734863281,267.0692138671875,268.3346862792969,1.265357494354248,0.2908252477645874,0.012462119571864605,nan,nan,nan,nan
992,1121.5347283482552,3.1771522049525642,353.0,1.0882344600660028,0.35936478754174406,0.8895184135977338,1.3662176293860457,162.07740088291052,256.55706787109375,245.13697814941406,245.9158477783203,245.7196044921875,-0.1962236911058426,0.23020067811012268,0.014138823375105858,nan,nan,nan,nan
993,1615.061156898737,3.4436272002105266,469.0,1.0793220999418194,0.35297790783411626,0.9211087420042644,1.3765522366057648,425.8860109167142,293.71112060546875,247.9145050048828,248.45851135253906,249.0574188232422,0.5987429022789001,0.45726102590560913,0.008097566664218903,nan,nan,nan,nan
994,947.3219221122563,2.951158635863727,321.0,1.1166068400921236,0.3668455831951141,0.9065420560747663,1.3978700574907639,51.23502734116755,236.0708770751953,230.7332000732422,231.5507049560547,230.9370574951172,-0.6136870384216309,0.5180172920227051,0.018360324203968048,nan,nan,nan,nan
995,1096.95608679438,3.216880019924868,341.0,1.0787053082555433,0.3535399312543046,0.9090909090909091,1.380718266708181,161.2626715893814,256.34869384765625,231.996337890625,232.8641357421875,233.14195251464844,0.2779030203819275,0.29316309094429016,0.004579263273626566,nan,nan,nan,nan
996,530.5353884174547,2.4561823537845124,216.0,1.102929796743614,0.36585118560649366,0.9212962962962963,1.4027962530224205,-157.61727407560647,170.47067260742188,209.29949951171875,210.77294921875,210.26145935058594,-0.5114895701408386,0.09297909587621689,0.011973765678703785,nan,nan,nan,nan
997,1195.3980742450804,3.357859759115394,356.0,1.0932124993985244,0.3592964209866374,0.9213483146067416,1.3787210672648909,229.99976871464924,270.4872131347656,242.32286071777344,243.13134765625,243.2808837890625,0.14944030344486237,0.3470240533351898,0.01192180160433054,nan,nan,nan,nan
998,699.2479331493378,2.9380165258375537,238.0,1.1073298716335251,0.36590218620679044,0.9369747899159664,1.4021271426612707,-32.4719018210244,209.85809326171875,222.1624755859375,223.42039489746094,221.9496307373047,-1.470686912536621,0.29388627409935,0.013259926810860634,nan,nan,nan,nan
999,193.550930082798,1.9163458424039406,101.0,1.0918827956009587,0.35896301155728544,0.9108910891089109,1.3740194519491806,-266.8642399152807,79.5272216796875,189.69293212890625,193.1966094970703,192.1869659423828,-1.009691834449768,0.8927021026611328,0.02107125334441662,nan,nan,nan,nan
1000,1695.5438717741054,3.2795819570098748,517.0,1.0945644312078193,0.362009704386744,0.9148936170212766,1.3877267992306035,411.31307675069866,284.52178955078125,254.001220703125,254.6764678955078,255.5296173095703,0.8530614376068115,0.35808447003364563,0.010867957957088947,nan,nan,nan,nan
1001,1609.391108635813,3.476006714116227,463.0,1.0985254680028225,0.3594413008247526,0.9352051835853131,1.406318277624933,432.0979187839632,299.14910888671875,271.21282958984375,271.7701110839844,272.3026428222656,0.5325383543968201,0.3099360167980194,0.012470893561840057,nan,nan,nan,nan
1002,968.4749182462692,3.084315026262004,314.0,1.0899656956367172,0.35639114103114655,0.9203821656050956,1.3787069077971443,86.2503056270491,242.44989013671875,238.29486083984375,239.14772033691406,238.70233154296875,-0.4452216923236847,0.271384596824646,0.008030693978071213,nan,nan,nan,nan
1003,2127.022478096187,3.5215603941989855,604.0,1.093083774153512,0.35830943576598717,0.8990066225165563,1.3915596165202537,670.503319185272,315.47796630859375,258.6490173339844,259.1377258300781,259.2792663574219,0.14162452518939972,0.9847887754440308,0.028382042422890663,nan,nan,nan,nan
1004,788.5011400356889,2.7378511806794754,288.0,1.1329760636137505,0.3749571805893976,0.9340277777777778,1.4167985181286638,-42.23499601944832,212.92453002929688,224.62054443359375,225.43963623046875,224.0811004638672,-1.3585411310195923,0.08381824940443039,0.03270011022686958,nan,nan,nan,nan
1005,1161.8802927373908,3.4072735857401493,341.0,1.1143927337853452,0.3606767767515634,0.9325513196480938,1.4023472257963019,226.18687753239215,272.92919921875,237.24432373046875,238.052734375,238.00941467285156,-0.04321615770459175,0.5228077173233032,0.0011281856568530202,nan,nan,nan,nan
1006,423.2993040252477,2.2636326418462445,187.0,1.1072420101305507,0.3668579353182908,0.9197860962566845,1.4092158551658371,-207.42390383864404,141.82785034179688,211.58348083496094,213.03163146972656,214.69317626953125,1.661467432975769,0.8537696599960327,0.0780571699142456,nan,nan,nan,nan
1007,791.9992033913732,2.7985837575666896,283.0,1.1160294766144894,0.37056867573727703,0.9328621908127208,1.404171831204486,-28.83530255528649,216.18753051757812,231.27740478515625,232.21929931640625,232.5836944580078,0.3643869459629059,0.36264699697494507,0.014571165665984154,nan,nan,nan,nan
1008,1430.1699933707714,3.3337295882768565,429.0,1.1025178481485938,0.36218800996695255,0.9090909090909091,1.3852596003603075,320.2078882565686,285.4504089355469,247.0293731689453,247.6304473876953,246.9856719970703,-0.6447170376777649,0.4760421812534332,0.005256303120404482,nan,nan,nan,nan
1009,463.3117525745183,2.662711221692634,174.0,1.0832635917780693,0.35364610261093804,0.9252873563218391,1.3744813972433825,-141.66721700733183,165.6970672607422,182.36541748046875,183.76060485839844,182.8271942138672,-0.9333855509757996,0.14065644145011902,0.04200885072350502,nan,nan,nan,nan
1010,262.1436992958188,1.899592023882745,138.0,1.0643091045363708,0.3474254022379955,0.8985507246376812,1.3642310538865579,-271.5435335049933,104.15643310546875,196.4497833251953,198.8262939453125,197.2713623046875,-1.5548839569091797,0.6274359822273254,0.02291387878358364,nan,nan,nan,nan
1011,1368.8194414712489,3.3965742964547117,403.0,1.1056934729557362,0.360577698397177,0.9007444168734491,1.4050554977496315,310.3458129211292,282.83660888671875,248.9879913330078,249.64378356933594,248.93919372558594,-0.7046523690223694,0.24511076509952545,0.014569309540092945,nan,nan,nan,nan
1012,971.6869990285486,3.175447709243623,306.0,1.1192340580811908,0.3714097823107144,0.8986928104575164,1.4014209765412233,105.3049945828925,243.1594696044922,246.6444854736328,247.54884338378906,248.41920471191406,0.8704063892364502,0.3404151201248169,0.011306582018733025,nan,nan,nan,nan
1013,271.2371051479131,1.6952319071744568,160.0,1.1046044101995889,0.36523856653778547,0.95625,1.3896840976752867,-306.01730013020006,101.43355560302734,194.6014404296875,196.155517578125,195.3240966796875,-0.8314623832702637,0.24711033701896667,0.00885823369026184,nan,nan,nan,nan
1014,1249.6416808487847,3.323515108640385,376.0,1.0940814829863958,0.3595144273282866,0.9069148936170213,1.3801314896134695,244.63685488444344,274.74774169921875,227.19598388671875,227.78843688964844,227.4898681640625,-0.2986638844013214,0.5385509729385376,0.010687076486647129,nan,nan,nan,nan
1015,802.834166187793,2.8570610896362743,281.0,1.1040378787836678,0.36301727324761757,0.9252669039145908,1.3951743286321243,-14.039687715475566,216.7764434814453,230.15733337402344,230.92999267578125,230.216552734375,-0.7134259343147278,0.25266751646995544,0.03481190651655197,nan,nan,nan,nan
1016,1563.816333372146,3.3414878918208246,468.0,1.1166759225187348,0.3704967899453638,0.9230769230769231,1.4120114278150073,376.6215134118188,286.3108825683594,259.0407409667969,259.6848449707031,260.3568115234375,0.6720344424247742,0.9585444927215576,0.028173094615340233,nan,nan,nan,nan
1017,614.3301142156124,2.7797742724688344,221.0,1.1096540014198166,0.36592225515454674,0.8778280542986425,1.3928028205978866,-83.72417838592628,190.06224060058594,204.9481658935547,206.41912841796875,205.0232696533203,-1.3957785367965698,0.13605014979839325,0.0048552160151302814,nan,nan,nan,nan
1018,926.3289781622589,3.140098231058505,295.0,1.0891253897257838,0.35714410258875373,0.9457627118644067,1.373354309194165,81.73055995525328,240.9597930908203,244.5555419921875,245.5860595703125,245.6304168701172,0.04428907111287117,0.12740959227085114,0.04469919577240944,nan,nan,nan,nan
1019,710.5500299967825,2.732884730756856,260.0,1.092356581463828,0.350794644079351,0.9346153846153846,1.400117825615706,-64.73697745088066,205.02024841308594,204.5674591064453,205.6406707763672,204.99224853515625,-0.6484699249267578,0.31883132457733154,0.025041040033102036,nan,nan,nan,nan
1020,403.58749085851014,2.360160765254445,171.0,1.1384672085747514,0.3826520219517846,0.9181286549707602,1.395764439431889,-195.45050065825353,141.32110595703125,189.17005920410156,190.7123565673828,190.31983947753906,-0.3925289213657379,0.6122307181358337,0.017785700038075447,nan,nan,nan,nan
1021,647.4668465736322,2.664472619644577,243.0,1.095171046075937,0.3614083973362541,0.9382716049382716,1.406263351521239,-94.15461850520751,193.7198486328125,227.9768829345703,229.0582733154297,229.3987579345703,0.3404478132724762,0.28139787912368774,0.027794746682047844,nan,nan,nan,nan
1022,1086.1600221432745,3.094472997559187,351.0,1.0874656990278915,0.35436638733978487,0.9401709401709402,1.385664411913477,130.66334672132075,246.49969482421875,238.3240509033203,239.0081787109375,239.18450927734375,0.17629985511302948,0.24723635613918304,0.023302992805838585,nan,nan,nan,nan
1023,1417.9346957094967,3.2079970491165084,442.0,1.103326763738988,0.3608103400815509,0.9004524886877828,1.4008944520388715,282.22835231325257,276.8259582519531,236.80181884765625,237.34083557128906,237.31480407714844,-0.026019150391221046,0.23303820192813873,0.016913892701268196,nan,nan,nan,nan
1024,663.7176212742925,2.885728788149098,230.0,1.0894330400373478,0.3587984782078622,0.9043478260869565,1.3683746441120834,-52.15960552250567,203.28668212890625,221.61802673339844,222.62347412109375,221.5398406982422,-1.0836362838745117,0.42801186442375183,0.024421146139502525,nan,nan,nan,nan
1025,586.1446774806827,2.664293988548558,220.0,1.1271977475768924,0.3738703205024428,0.8954545454545455,1.3981345440584334,-109.92928909916043,181.646484375,235.0048065185547,236.057861328125,235.9114990234375,-0.1464114785194397,0.26549336314201355,0.02344447933137417,nan,nan,nan,nan
1026,1257.1651639603078,3.256904569845357,386.0,1.0665983056500596,0.34884751315827006,0.917098445595855,1.3624168535712413,232.35707777901166,266.307373046875,240.05413818359375,240.8229522705078,241.2043914794922,0.38148340582847595,0.6586782336235046,0.029528863728046417,nan,nan,nan,nan
1027,944.7955481465906,2.925063616552912,323.0,1.0957142048814779,0.36239798373456944,0.9442724458204335,1.3811992200656122,44.74800133211079,230.1170196533203,238.2406463623047,239.16748046875,239.4365997314453,0.2692190408706665,0.5387101769447327,0.02988347038626671,nan,nan,nan,nan
1028,648.1057946570218,2.4549461918826583,264.0,1.1008489561187353,0.36006658567419786,0.928030303030303,1.4000637480105262,-135.10251687742334,185.43431091308594,184.8162078857422,185.97633361816406,185.5032958984375,-0.472988098859787,0.24055631458759308,0.011868331581354141,nan,nan,nan,nan
1029,1206.9992227153853,3.071244841514975,393.0,1.0848210383540264,0.3535053606491763,0.916030534351145,1.3960782648656345,168.32885438222047,255.0226287841797,245.1743927001953,245.8168487548828,246.3741912841797,0.5573651194572449,0.31335896253585815,0.0016361705493181944,nan,nan,nan,nan
1030,558.4426196143031,2.460099645877987,227.0,1.1164041030583756,0.36935672530163016,0.9162995594713657,1.3999591568687217,-151.49362911740855,173.90721130371094,222.19805908203125,223.4611358642578,222.5038299560547,-0.9573438167572021,0.1878906935453415,0.016472389921545982,nan,nan,nan,nan
1031,830.9177823886275,2.835896868220572,293.0,1.1136729870862219,0.3619818907970012,0.9180887372013652,1.407733939925481,-9.719983774987213,218.82469177246094,216.28961181640625,217.0825653076172,216.8129425048828,-0.26968860626220703,0.42468008399009705,0.027139516547322273,nan,nan,nan,nan
1032,958.0190744455904,2.706268571880199,354.0,1.0984015651322454,0.36418058248287205,0.9293785310734464,1.3816988591920647,-3.4185790414499024,223.74771118164062,244.73399353027344,245.4912872314453,246.3588104248047,0.8675899505615234,0.3657817840576172,0.031082797795534134,nan,nan,nan,nan
1033,504.84184565395117,2.5116509734027423,201.0,1.098705188489187,0.35767480013251096,0.8805970149253731,1.3811177538605435,-153.60592651367756,162.393310546875,202.77610778808594,204.0678253173828,203.78053283691406,-0.287331223487854,0.44856271147727966,0.03784211352467537,nan,nan,nan,nan
1034,1299.7503105222713,3.2332097276673415,402.0,1.074346384885258,0.3517904207811697,0.9303482587064676,1.3739724938344076,243.25700799384708,271.9838562011719,251.5018310546875,252.13719177246094,252.2346954345703,0.09748194366693497,0.8114609122276306,0.025869186967611313,nan,nan,nan,nan
1035,714.136989437975,2.8565479577519,250.0,1.1020122640028622,0.35489537331958615,0.936,1.395685231134103,-41.346757792733115,210.8628692626953,219.2418975830078,220.2261962890625,219.03273010253906,-1.193484902381897,0.6194146275520325,0.05893490090966225,nan,nan,nan,nan
1036,793.9686940386891,2.8976959636448507,274.0,1.0893724280005372,0.35834956443164706,0.8978102189781022,1.3792438597678778,-9.04287771271106,219.4443359375,225.17616271972656,226.12261962890625,224.80735778808594,-1.3151942491531372,0.3141663372516632,0.026933778077363968,nan,nan,nan,nan
1037,847.7280434900895,3.1052309285351263,273.0,1.1163285706828006,0.3635707058357574,0.9230769230769231,1.4041809164096337,46.6967977603847,231.3974151611328,226.7211456298828,227.72157287597656,227.7396240234375,0.018011396750807762,0.20367735624313354,0.008336089551448822,nan,nan,nan,nan
1038,472.64504131500144,2.4876054806052705,190.0,1.1292647589456426,0.37828641871808366,0.868421052631579,1.4063667380922318,-164.01914461397678,155.8424835205078,222.451416015625,224.21153259277344,224.2417755126953,0.030193878337740898,0.19298405945301056,0.01579594798386097,nan,nan,nan,nan
1039,920.169372215867,3.1512649733420104,292.0,1.0957965118712572,0.3593724047274491,0.910958904109589,1.3910497682663447,81.51193207394795,239.0368194580078,232.74609375,233.7974853515625,233.6408233642578,-0.15674404799938202,0.25860127806663513,0.002293281489983201,nan,nan,nan,nan
1040,1116.6754789324477,3.22738577726141,346.0,1.0786612705880478,0.3543801452193601,0.9248554913294798,1.387445968900472,171.08043361897148,257.81427001953125,231.79579162597656,232.6186065673828,233.39418029785156,0.775726854801178,0.246383398771286,0.016353975981473923,nan,nan,nan,nan
1041,648.9085512161255,2.8336617957036045,229.0,1.0526240851904245,0.3376287863352756,0.9519650655021834,1.4060969352288286,-64.98834955897723,202.61439514160156,201.3155517578125,202.4619598388672,201.0431671142578,-1.41879141330719,0.4089270830154419,0.045556019991636276,nan,nan,nan,nan
1042,1186.85152515769,3.30599310628883,359.0,1.0628793042991043,0.34326701513705593,0.9164345403899722,1.381613585613363,215.51224156217245,270.44476318359375,245.73724365234375,246.65553283691406,246.9468994140625,0.29135844111442566,0.40188854932785034,0.00712722260504961,nan,nan,nan,nan
1043,1018.9061583578587,2.953351183645967,345.0,1.0904313382204625,0.36019172263579163,0.9130434782608695,1.3876891897919184,75.29143906607806,239.54193115234375,237.7888946533203,238.61004638671875,239.0250244140625,0.4149205684661865,0.19961240887641907,0.017941225320100784,nan,nan,nan,nan
1044,780.3089810293168,3.0362217160673803,257.0,1.092447897637605,0.359866871931572,0.9260700389105059,1.3861528593748602,10.962951646740066,220.65098571777344,234.75340270996094,235.71502685546875,236.02294921875,0.30790936946868896,0.27055707573890686,0.012106970883905888,nan,nan,nan,nan
1045,599.2618809640408,2.6872730088073578,223.0,1.084219700052599,0.3559239802891472,0.9147982062780269,1.4060731980557148,-102.753063680889,183.8893585205078,195.0161895751953,196.2772216796875,196.11334228515625,-0.1639377772808075,0.11502612382173538,0.03063439391553402,nan,nan,nan,nan
1046,389.6257147472352,2.3757665533368,164.0,1.111865538408021,0.3681605625561651,0.9207317073170732,1.3946895315680041,-195.54999461766,139.36695861816406,193.17620849609375,194.94720458984375,195.5113983154297,0.5642265677452087,0.27078911662101746,0.021955793723464012,nan,nan,nan,nan
1047,610.8455506116152,2.76400701634215,221.0,1.0934253018857163,0.3639413873483476,0.9049773755656109,1.3891208083255622,-87.20874198992351,189.1444854736328,210.52000427246094,211.9582977294922,211.94883728027344,-0.00945169199258089,0.060532376170158386,0.021820034831762314,nan,nan,nan,nan
1048,1013.3771922960877,2.9805211538120226,340.0,1.1001201583939846,0.36034895356967944,0.8970588235294118,1.3949436355949751,79.66410311278446,237.473388671875,234.2653350830078,235.18165588378906,235.60345458984375,0.4217538833618164,0.42745307087898254,0.025525642558932304,nan,nan,nan,nan
1049,693.1702903434634,2.876225271134703,241.0,1.1009090662611234,0.35853855024873804,0.9377593360995851,1.3907945477284316,-44.490522691985234,204.806884765625,225.1995849609375,226.27296447753906,225.22837829589844,-1.0445767641067505,0.522085964679718,0.04826323688030243,nan,nan,nan,nan
1050,1367.838796970551,3.264531735013248,419.0,1.0720404424505159,0.3511771264692034,0.9284009546539379,1.3784336441242024,277.6799520733032,273.1231384277344,245.25526428222656,245.92572021484375,246.30836486816406,0.38259783387184143,0.7241429686546326,0.014814290218055248,nan,nan,nan,nan
1051,716.8065685667098,2.8110061512419993,255.0,1.1060056035760446,0.36844094768516544,0.9019607843137255,1.3880993787518692,-48.578808772475895,204.1341552734375,223.2662811279297,224.30711364746094,223.9332733154297,-0.3738168776035309,0.33195072412490845,0.03481427580118179,nan,nan,nan,nan
1052,786.8557529002428,3.085708834902913,255.0,1.071428814112582,0.3500213544130221,0.9450980392156862,1.3798134976583143,21.470375561057153,224.6895294189453,220.5594482421875,221.6875,221.25807189941406,-0.42942699790000916,0.5462493896484375,0.008832658641040325,nan,nan,nan,nan
1053,791.548024924472,2.867927626537942,276.0,1.08273429346776,0.3559144230247059,0.9239130434782609,1.3736438553976413,-15.424198870319287,216.1305694580078,231.70530700683594,232.89634704589844,232.4064483642578,-0.4898834526538849,0.24761062860488892,0.014705046080052853,nan,nan,nan,nan
1054,476.7449812926352,2.3957034235810815,199.0,1.0448585140488185,0.3411526032714711,0.949748743718593,1.369202183692465,-177.74213883160246,155.84071350097656,195.640380859375,196.9392547607422,197.37152099609375,0.4323479235172272,0.6414390802383423,0.03157060220837593,nan,nan,nan,nan
1055,529.7595543675125,2.584192948134207,205.0,1.1431933130245642,0.3801559555385928,0.9170731707317074,1.4117035354807197,-136.60952188689816,172.91424560546875,213.4371795654297,214.79583740234375,213.74554443359375,-1.0502811670303345,0.03849802166223526,0.053445689380168915,nan,nan,nan,nan
1056,236.7928546257317,2.2989597536478805,103.0,1.1175879318789002,0.37644480138528846,0.9320388349514563,1.3925181257149974,-227.58296741573793,103.9105224609375,171.6954803466797,174.0576934814453,172.31455993652344,-1.7431761026382446,0.4477856755256653,0.06751076132059097,nan,nan,nan,nan
1057,791.6241534901783,2.807177849255951,282.0,1.081558014546775,0.35091348581924137,0.9397163120567376,1.3997868681388133,-27.23002643478594,215.9227294921875,225.64739990234375,226.6659393310547,225.95249938964844,-0.713339626789093,0.2704053819179535,0.015776798129081726,nan,nan,nan,nan
1058,771.1734636514448,2.5201747178151788,306.0,1.0984134914940138,0.3601015339311175,0.9215686274509803,1.405807766833214,-95.20854079421133,202.80154418945312,192.739013671875,193.8612823486328,192.7784881591797,-1.082760214805603,0.17335112392902374,0.018932968378067017,nan,nan,nan,nan
1059,561.3936369197909,2.4840426412380125,226.0,1.095828177274476,0.36180885844698435,0.9336283185840708,1.4078069702943619,-146.56228579022536,175.3335723876953,229.8572998046875,230.9673614501953,231.12818908691406,0.16091535985469818,0.21505652368068695,0.026626355946063995,nan,nan,nan,nan
1060,1444.2395298928022,3.066325965802128,471.0,1.0943526335336506,0.36337422230523986,0.9002123142250531,1.3890859897897785,251.10373186738843,262.8898010253906,261.8580322265625,262.3219909667969,263.17327880859375,0.8512170910835266,0.5820986032485962,0.016312461346387863,nan,nan,nan,nan
1061,197.5365173369646,1.763718904794327,112.0,1.1258103761801899,0.36635202102548814,0.9642857142857143,1.4169688286527555,-284.6622388997646,79.4262924194336,193.9211883544922,197.00543212890625,196.63916015625,-0.36624065041542053,0.5764606595039368,0.03141934424638748,nan,nan,nan,nan
1062,1029.208422780037,3.000607646589029,343.0,1.072655561826416,0.34808790079110724,0.9300291545189504,1.375382704820522,89.55435553164716,243.68630981445312,235.48138427734375,236.32098388671875,236.2557830810547,-0.06518054753541946,0.12952955067157745,0.00783681869506836,nan,nan,nan,nan
1063,606.5163407754153,2.0771107560801894,292.0,1.1005734778614351,0.3634141424507887,0.9178082191780822,1.3964265479339062,-232.1410993665038,161.6886444091797,171.7594451904297,172.8540802001953,171.73486328125,-1.119163155555725,0.9439904689788818,0.06974641233682632,nan,nan,nan,nan
1064,959.6366911418736,2.980238171248055,322.0,1.0922139849156483,0.3550870572128232,0.9472049689440993,1.3923427801466997,61.56947034908944,234.73724365234375,241.0844268798828,241.8787078857422,242.28404235839844,0.40530863404273987,0.3864116668701172,0.027288082987070084,nan,nan,nan,nan
1065,1003.4189120648662,1.0034189120648662,1000.0,1.130216949846808,0.38409109241620654,0.871,1.384584807795441,-1237.3093514374668,90.19000244140625,102.49469757080078,102.6673583984375,103.54044342041016,0.8731583952903748,0.4067322611808777,0.10699495673179626,nan,nan,nan,nan
1066,12.098928732797503,0.526040379686848,23.0,1.115175661311787,0.3565444038452014,0.8695652173913043,1.379781186234592,-293.85081157303216,5.570619583129883,226.97406005859375,234.1783905029297,230.3282470703125,-3.850170850753784,0.1356140822172165,0.12385649234056473,nan,nan,nan,nan
1067,1376.5125523470342,3.4412813808675855,400.0,1.104807249199987,0.3633118465504958,0.91,1.4078042824566739,323.97990186200104,283.8375244140625,243.61163330078125,244.32969665527344,243.8695068359375,-0.46022066473960876,0.7427680492401123,0.021069763228297234,nan,nan,nan,nan
1068,874.0287419054657,2.8656680062474287,305.0,1.079494620643188,0.3474839996951734,0.9016393442622951,1.4003299001868283,9.627063481505047,227.0140380859375,204.0467071533203,205.0522003173828,204.3625946044922,-0.6896090507507324,0.2446519285440445,0.014431479386985302,nan,nan,nan,nan
1069,598.7128144381568,2.892332436899308,207.0,1.0899243841654622,0.3553038620663086,0.9082125603864735,1.3741210002329443,-71.61691385964491,192.46229553222656,217.0045623779297,218.1064910888672,217.2788543701172,-0.8276605010032654,0.1886603683233261,0.012884603813290596,nan,nan,nan,nan
1070,957.2267023725435,2.8488889951563796,336.0,1.112557417272102,0.3708196031425576,0.9107142857142857,1.3890700097717588,31.43491727602236,229.65357971191406,236.4066925048828,237.27484130859375,237.0382843017578,-0.23653607070446014,0.25885283946990967,0.006615928839892149,nan,nan,nan,nan
1071,413.21319499611855,2.6319311783192263,157.0,1.1280588768725182,0.37171968507962083,0.9299363057324841,1.4047331277466717,-158.10023221690813,150.27125549316406,211.0331573486328,212.6768341064453,212.2970428466797,-0.3798186480998993,0.12118646502494812,0.026261400431394577,nan,nan,nan,nan
1072,1846.6060593500733,3.571771874951786,517.0,1.068369902045235,0.34190699993071677,0.9497098646034816,1.3972158911212051,562.3752643266666,313.4534606933594,245.6742401123047,246.1573028564453,245.96644592285156,-0.19090187549591064,0.2663399279117584,0.014766119420528412,nan,nan,nan,nan
1073,591.5744120851159,2.4244852954308027,244.0,1.1145034687692272,0.374098010264818,0.9098360655737705,1.3880321453993454,-152.02737901541923,176.98324584960938,238.9391632080078,239.9337615966797,239.2584991455078,-0.6751767992973328,0.5640376210212708,0.031055720522999763,nan,nan,nan,nan
1074,725.9224566295743,2.8806446691649774,252.0,1.1238454454685067,0.3714883837235604,0.9206349206349206,1.4231974302807688,-33.52194264452487,205.30813598632812,228.8347625732422,229.89784240722656,230.1443328857422,0.2465149611234665,0.5318559408187866,0.008512171916663647,nan,nan,nan,nan
1075,976.0868397718295,0.9760868397718295,1000.0,1.1276367073051838,0.3852830479134378,0.894,1.374753120475346,-1264.6414237305034,89.17974853515625,94.80987548828125,94.96692657470703,96.36431884765625,1.3973369598388672,0.31816792488098145,0.06627389788627625,nan,nan,nan,nan
1076,762.9997686892748,3.0766119705212693,248.0,1.0898014266468703,0.35803745111909957,0.9153225806451613,1.3853603545393693,11.47667350195752,218.8306121826172,228.2981414794922,229.46437072753906,229.60789489746094,0.14352653920650482,0.2720796763896942,0.027431746944785118,nan,nan,nan,nan
1077,576.1963398046792,2.717907263229619,212.0,1.1093608600538498,0.3629882518458693,0.9386792452830188,1.4063450270493056,-104.03501860160009,180.7281494140625,222.695068359375,223.7254638671875,223.1788787841797,-0.546501100063324,0.34359538555145264,0.0029090046882629395,nan,nan,nan,nan
1078,1433.047405332327,3.2717977290692395,438.0,1.088294749276787,0.3563264058324327,0.9292237442922374,1.3868882367583548,305.2623660228646,282.3070983886719,235.1229248046875,235.7866668701172,235.5963134765625,-0.1902892142534256,0.1140488013625145,0.00730442488566041,nan,nan,nan,nan
1079,1141.6381157897413,3.2900233884430583,347.0,1.111833939014469,0.36454417135578326,0.9279538904899135,1.4057400440401757,194.0627444545696,262.3440246582031,236.41064453125,237.14500427246094,237.4873504638672,0.3423684537410736,0.2675507068634033,0.004894578829407692,nan,nan,nan,nan
1080,420.1952155828476,2.3344178643491533,180.0,1.0804347641185934,0.35633805601294927,0.9333333333333333,1.3777049839559874,-196.66571012917552,147.40838623046875,193.7658233642578,195.5882110595703,196.31532287597656,0.727103054523468,0.7224197387695312,0.058991916477680206,nan,nan,nan,nan
1081,1278.23453898984,3.4269022493025205,373.0,1.1033582956207044,0.3614024411541742,0.9276139410187667,1.3928209245463206,279.1706910905855,278.1951904296875,245.52528381347656,246.18019104003906,246.00262451171875,-0.1776786595582962,0.37576597929000854,0.001281982404179871,nan,nan,nan,nan
1082,736.9105265252292,2.8898452020597225,255.0,1.0830619079854324,0.35737205862928967,0.9254901960784314,1.3850773151303706,-28.474850813956436,211.5023956298828,236.56846618652344,237.7686309814453,237.8359832763672,0.06737180799245834,0.24289332330226898,0.013916919007897377,nan,nan,nan,nan
1083,501.45772323629353,2.3323615034246212,215.0,1.089067613269668,0.3622891861725645,0.9023255813953488,1.3820772916999102,-184.7146132350722,160.703857421875,195.1138916015625,196.2660675048828,196.02879333496094,-0.23723547160625458,0.0708603709936142,0.013157478533685207,nan,nan,nan,nan
1084,354.3441372811794,2.2426844131720216,158.0,1.0825315114944263,0.3581985151916492,0.8987341772151899,1.3781956731955851,-218.94961595354278,129.2985076904297,196.9109649658203,198.5327911376953,198.0277862548828,-0.5050209164619446,0.418674111366272,0.037679802626371384,nan,nan,nan,nan
1085,871.0715312808752,3.1109697545745543,280.0,1.0931136359949392,0.36269024394118576,0.9142857142857143,1.4043818770367085,56.17800339930204,233.55026245117188,234.6544189453125,235.6773223876953,236.4507598876953,0.773425281047821,0.26928219199180603,0.018068574368953705,nan,nan,nan,nan
1086,564.9798019742593,2.363932225833721,239.0,1.0768697027554786,0.35420965669409415,0.9163179916317992,1.3846872382194322,-168.7203590177984,171.35133361816406,232.2088165283203,233.47621154785156,232.8751220703125,-0.6010489463806152,0.21129491925239563,0.03196795657277107,nan,nan,nan,nan
1087,653.2668108893558,2.7106506675906883,241.0,1.1086577116573486,0.3652987188637388,0.9004149377593361,1.3962258599215491,-84.39400214609282,196.43844604492188,221.9250946044922,223.0135040283203,221.7665252685547,-1.2470335960388184,0.18083800375461578,0.0017886619316413999,nan,nan,nan,nan
1088,820.5391255691648,2.8294452605833267,290.0,1.0792862994670278,0.3552429304881377,0.9206896551724137,1.3762084123721618,-14.157662529363506,215.00677490234375,230.4075164794922,231.3734588623047,231.6829071044922,0.30947086215019226,0.15551413595676422,0.025189947336912155,nan,nan,nan,nan
1089,435.72269563766895,2.3054110880299943,189.0,1.1361687775346627,0.3743441325182841,0.8941798941798942,1.4227163147752886,-198.96116426961373,149.6841583251953,206.4400177001953,208.01454162597656,207.3085479736328,-0.7059568762779236,0.3097595274448395,0.037200167775154114,nan,nan,nan,nan
1090,22.78801168873906,0.7350971512496471,31.0,1.068578131214095,0.3466318827272663,0.9354838709677419,1.4099547420443073,-299.00433679065463,10.118437767028809,229.1289825439453,234.6658477783203,231.8003692626953,-2.865438222885132,0.5637190341949463,0.03398783132433891,nan,nan,nan,nan
1091,1173.7391897607595,3.048673220157817,385.0,1.1259415343702692,0.3714891995650059,0.9090909090909091,1.4008560395180094,150.91142960115872,252.97743225097656,242.9288330078125,243.65907287597656,244.0572967529297,0.39819321036338806,0.19665344059467316,0.004443851765245199,nan,nan,nan,nan
1092,419.3750263005495,2.5887347302503056,162.0,1.0976514568337097,0.3643188606418282,0.9259259259259259,1.4032540606157509,-161.8400310209547,151.73733520507812,177.24754333496094,178.9963836669922,177.9412384033203,-1.0551353693008423,0.7239338159561157,0.04380228742957115,nan,nan,nan,nan
1093,786.0063440259546,2.943843985115935,267.0,1.1239807978423342,0.37376754051138333,0.8951310861423221,1.4091916026107905,-3.1429455735769807,220.33474731445312,232.6029052734375,233.6840057373047,232.89305114746094,-0.7909624576568604,0.6328131556510925,0.05119367316365242,nan,nan,nan,nan
1094,535.645287707448,2.575217729362731,208.0,1.0702526154491294,0.3513693384827023,0.9038461538461539,1.3953964649637467,-136.6647666120491,175.3167266845703,186.4067840576172,187.4258270263672,186.5770721435547,-0.8487875461578369,0.6088904142379761,0.05142911151051521,nan,nan,nan,nan
1095,1707.815456956625,3.3684723016895957,507.0,1.0953301908364201,0.35395411243773983,0.9526627218934911,1.4072145662950606,443.3879221501734,293.8831481933594,252.05567932128906,252.71849060058594,253.112548828125,0.39404383301734924,0.28319141268730164,0.006834982428699732,nan,nan,nan,nan
1096,737.6432481482625,2.7421682087296,269.0,1.1059592739913378,0.36136358887855313,0.9107806691449815,1.4161959701272573,-55.46669349466015,206.7642822265625,207.98606872558594,209.155029296875,207.95985412597656,-1.1951698064804077,0.24567237496376038,0.02216130681335926,nan,nan,nan,nan
1097,779.404243131401,3.1427590448846816,248.0,1.0696372928945979,0.3438443319006104,0.9435483870967742,1.395106065608193,27.88114794408375,226.20545959472656,221.38238525390625,222.30714416503906,221.7703857421875,-0.536763608455658,0.5423688888549805,0.020537130534648895,nan,nan,nan,nan
1098,863.2622920460999,2.997438514048958,288.0,1.076217250371348,0.3474528656914589,0.9444444444444444,1.3955716364828374,32.52615599096271,231.58119201660156,216.75006103515625,217.794921875,216.91705322265625,-0.8777792453765869,0.3915492594242096,0.03191358968615532,nan,nan,nan,nan
1099,982.8298651874065,3.287056405309052,299.0,1.0696397892642746,0.3528002668761173,0.9063545150501672,1.362891686061374,130.31014289361883,254.30526733398438,226.6922607421875,227.5657501220703,227.0137176513672,-0.5520023703575134,0.38013768196105957,0.01496184803545475,nan,nan,nan,nan
1100,886.7595390733331,3.1223927432159617,284.0,1.1067801353097615,0.360020014844243,0.8873239436619719,1.4025227761075911,63.94470710497785,235.15025329589844,232.6055908203125,233.60125732421875,233.65843200683594,0.057176992297172546,0.6073247790336609,0.005953819490969181,nan,nan,nan,nan
1101,466.5878003574908,2.6066357561870994,179.0,1.0922727596661324,0.35993467366519716,0.9441340782122905,1.4168877895131666,-148.29279933283692,164.866943359375,184.80177307128906,186.47447204589844,187.25360107421875,0.779135525226593,0.6488431096076965,0.013877849094569683,nan,nan,nan,nan
1102,550.7913099005818,2.6867868775638137,205.0,1.1182054232547254,0.36977110304353894,0.9219512195121952,1.4287390428759084,-115.57776635382879,178.35220336914062,232.97119140625,234.20423889160156,233.75218200683594,-0.45208290219306946,0.4869113266468048,0.021909745410084724,nan,nan,nan,nan
1103,776.5848156176507,2.941609150066859,264.0,1.0931592917213062,0.3591702867947834,0.9053030303030303,1.3880616698466974,-6.623495916794354,217.888916015625,225.77272033691406,226.8616485595703,226.7667694091797,-0.09484001994132996,0.21969187259674072,0.00845436379313469,nan,nan,nan,nan
1104,492.4684851281345,2.4500919658116143,201.0,1.1037856472533378,0.36645762059025955,0.9353233830845771,1.3735683641182372,-165.97928703949424,162.18711853027344,208.04884338378906,209.6660614013672,207.94386291503906,-1.722197413444519,0.45724380016326904,0.04682255536317825,nan,nan,nan,nan
1105,1392.6411782950163,3.3966858007195517,410.0,1.093917829616573,0.35918550715860775,0.9,1.386555270858471,320.305267593028,283.5986328125,248.4642333984375,248.97486877441406,248.6996307373047,-0.27531445026397705,0.37513312697410583,0.014339503832161427,nan,nan,nan,nan
1106,410.2278392892331,2.317671408413746,177.0,1.0652503562396256,0.35058190788733445,0.8870056497175142,1.3626740343248822,-200.69210835770355,141.69680786132812,189.5508575439453,191.0717010498047,193.0480499267578,1.9763189554214478,0.47725602984428406,0.025774694979190826,nan,nan,nan,nan
1107,1284.7740955743939,3.2280756170210902,398.0,1.047533998421655,0.34156817878863444,0.9396984924623115,1.3640119544610005,236.20209713275176,264.1162109375,247.10105895996094,248.1446533203125,249.06951904296875,0.9248635172843933,0.3656705319881439,0.016447896137833595,nan,nan,nan,nan
1108,555.410134986043,2.6322755212608673,211.0,1.1172122552721713,0.36958394355069274,0.8957345971563981,1.3998624252390979,-122.84089739854062,175.2629852294922,208.81700134277344,210.310302734375,210.13232421875,-0.17795132100582123,0.39806485176086426,0.038186028599739075,nan,nan,nan,nan
1109,502.6054154140875,2.4758887458822043,203.0,1.0998092918737634,0.3636070466545878,0.9113300492610837,1.3892580815807742,-159.8030087969322,164.3877410888672,232.8794403076172,233.69635009765625,233.43309020996094,-0.2632282078266144,0.3714796304702759,0.05301807075738907,nan,nan,nan,nan
1110,848.277444511652,3.0513577140706905,278.0,1.1179150117552725,0.37320907783667134,0.89568345323741,1.3685107771573646,37.344568673469894,228.9218292236328,235.8456573486328,236.7561492919922,236.7216033935547,-0.03456750512123108,0.20614084601402283,0.0019706860184669495,nan,nan,nan,nan
1111,1004.8961367931915,1.0048961367931915,1000.0,1.140972994585377,0.3885987322267223,0.877,1.391696208619816,-1235.8321267091414,90.33269500732422,105.15221405029297,105.3132553100586,106.4765396118164,1.1632862091064453,0.8607925176620483,0.1264747530221939,nan,nan,nan,nan
1112,869.6887293569744,3.1625044703889977,275.0,1.0780987078821287,0.3499342428220464,0.9381818181818182,1.3876905877632904,64.69683158387875,239.39682006835938,225.8108673095703,226.768798828125,226.33258056640625,-0.436178594827652,0.3813513219356537,0.012588119134306908,nan,nan,nan,nan
1113,365.8544318038039,1.6260196969057952,225.0,1.0965061421698235,0.3615918777015543,0.9422222222222222,1.407321205451524,-340.1211648845168,113.86134338378906,148.8240203857422,150.53662109375,149.90565490722656,-0.6310020089149475,0.7442423701286316,0.052158087491989136,nan,nan,nan,nan
1114,727.656917847693,2.6364381081438153,276.0,1.0704671480036734,0.35154229782176627,0.9166666666666666,1.3610101542101531,-79.3153059470983,203.10205078125,213.2689971923828,214.20758056640625,214.49232482910156,0.28468945622444153,0.3798598349094391,0.0051042488776147366,nan,nan,nan,nan
1115,620.6789024174213,2.698603923554006,230.0,1.1030571993999916,0.3594477607121614,0.9260869565217391,1.4018421279135045,-95.1983243793768,186.4205780029297,220.4770050048828,221.6575469970703,221.12889099121094,-0.52863609790802,0.255306601524353,0.02437490038573742,nan,nan,nan,nan
1116,780.4242574628443,2.9561524903895617,264.0,1.112251688341658,0.3632495468423212,0.9090909090909091,1.4118782300886104,-2.784054071600849,217.20179748535156,213.27430725097656,214.22857666015625,213.4514923095703,-0.7770041823387146,0.35045281052589417,0.011712832376360893,nan,nan,nan,nan
1117,1418.7947235954925,2.9313940570154804,484.0,1.0840398224770467,0.3533934918391812,0.9524793388429752,1.4018818628224907,199.91468728803738,259.1634826660156,250.4056396484375,250.9397735595703,252.3421630859375,1.4024267196655273,0.3113712966442108,0.034536853432655334,nan,nan,nan,nan
1118,1060.3532076776028,3.1558131180881035,336.0,1.0927369546066108,0.35786515488172654,0.9166666666666666,1.383997284990831,134.56142258108162,257.0113220214844,245.3033905029297,245.9957733154297,245.39744567871094,-0.5982822775840759,0.7498317956924438,0.055654674768447876,nan,nan,nan,nan
1119,2858.0788298025727,3.472756779833017,823.0,1.0743445333376418,0.34814166996732054,0.9161603888213852,1.3849837324012924,967.8682721403429,324.0966796875,265.7630615234375,266.0105895996094,266.3560485839844,0.34532997012138367,0.26915499567985535,0.01292514055967331,nan,nan,nan,nan
1120,1431.930685389787,3.4671445166822927,413.0,1.1039340532640602,0.3591913287002627,0.9249394673123487,1.4059490283835954,353.6537966227122,289.83001708984375,245.36875915527344,246.19482421875,245.94081115722656,-0.2539801001548767,0.6738409996032715,0.019801808521151543,nan,nan,nan,nan
1121,911.5711036566645,2.875618623522601,317.0,1.0787182846006362,0.3557736094089485,0.9337539432176656,1.3645175390345363,23.405512972357883,228.52833557128906,236.6675567626953,237.40399169921875,237.42852783203125,0.024593165144324303,0.36334726214408875,0.0006618197076022625,nan,nan,nan,nan
1122,1036.8715884387493,3.29165583631349,315.0,1.1157735177296453,0.3714421021587292,0.9047619047619048,1.3913308007584633,152.66664979783354,255.48646545410156,262.2525634765625,263.3165588378906,264.6117858886719,1.295337200164795,0.5693555474281311,0.01444351114332676,nan,nan,nan,nan
1123,677.9954873253591,2.8487205349805005,238.0,1.105050532441796,0.35948295650481316,0.9159663865546218,1.3970247358699899,-53.724347645003036,204.1582794189453,228.11351013183594,229.3125457763672,228.86476135253906,-0.4476872384548187,0.571516215801239,0.05582244694232941,nan,nan,nan,nan
1124,716.9599071145058,2.999832247341028,239.0,1.091252744904066,0.35778575397380386,0.895397489539749,1.3710712688204245,-16.740253877551936,210.54168701171875,221.57830810546875,222.84423828125,223.0289306640625,0.18474538624286652,0.16852185130119324,0.008342966437339783,nan,nan,nan,nan
1125,1119.2560628838837,2.945410691799694,380.0,1.096110105268367,0.3609831448688821,0.9263157894736842,1.3739095344366625,106.3299328327605,235.82228088378906,256.976318359375,257.420166015625,258.4201965332031,1.0000762939453125,0.3769477307796478,0.01831570453941822,nan,nan,nan,nan
1126,739.8458255305886,2.9242918005161607,253.0,1.125660796449283,0.3737560243760536,0.9130434782608695,1.4156935833048476,-21.578899765206074,214.33468627929688,225.2652130126953,226.2083740234375,226.0057830810547,-0.2025429606437683,0.5567147731781006,0.02883586473762989,nan,nan,nan,nan
1127,672.127462733537,2.6152819561616223,257.0,1.0939093034224923,0.35892818974277874,0.8988326848249028,1.3920767450326856,-97.21856664903976,190.5528106689453,218.38348388671875,219.33473205566406,218.41688537597656,-0.9178455471992493,0.19406114518642426,0.006706446409225464,nan,nan,nan,nan
1128,1405.606407031417,3.1445333490635723,447.0,1.0981259868690527,0.3625581574579475,0.9038031319910514,1.3826214268046357,259.9984335266952,269.1556091308594,238.3114013671875,239.0294952392578,239.7067108154297,0.6773510575294495,0.6121408343315125,0.04093819111585617,nan,nan,nan,nan
1129,910.4536389261484,3.1503586122012055,289.0,1.0885802983173096,0.35577714897918056,0.9307958477508651,1.3713987799578682,77.7371768493158,238.5343017578125,230.46531677246094,231.366455078125,230.2500457763672,-1.1164236068725586,0.26982176303863525,0.00621463917195797,nan,nan,nan,nan
1130,566.866604346782,2.519407130430142,225.0,1.0924644589364636,0.3513963470106117,0.9333333333333333,1.4151488761279871,-139.10899234153874,176.9263153076172,188.1634979248047,189.2499542236328,188.0196075439453,-1.230350136756897,0.44870439171791077,0.060360584408044815,nan,nan,nan,nan
1131,759.2673084698617,2.8330869719024694,268.0,1.0521082324843347,0.3395491941077334,0.9067164179104478,1.3659999018179094,-31.862307151365485,211.22271728515625,219.9077606201172,220.73805236816406,219.75157165527344,-0.9864605069160461,0.07562263309955597,0.026219546794891357,nan,nan,nan,nan
1132,621.7945315092802,2.8135499163315845,221.0,1.105176950014223,0.3601840356153525,0.9321266968325792,1.3880332540755551,-76.25976109225849,195.65174865722656,213.53515625,214.5511932373047,214.6254425048828,0.07427505403757095,0.46731799840927124,0.01746184006333351,nan,nan,nan,nan
1133,254.18004749296233,1.7291159693398799,147.0,1.0532899440251848,0.34362481496151104,0.9387755102040817,1.3860367356964134,-297.33011950310936,95.28337097167969,208.2107696533203,210.5442352294922,211.41929626464844,0.875044584274292,0.19398003816604614,0.016466965898871422,nan,nan,nan,nan
1134,1103.6253052651882,3.0071534203411123,367.0,1.1056384240070232,0.36177296904119777,0.8937329700272479,1.4071217563406497,116.44341349610659,246.77735900878906,260.50689697265625,261.3066101074219,261.42156982421875,0.11490573734045029,0.7413051128387451,0.01876179315149784,nan,nan,nan,nan
1135,1037.354680193239,3.1820695711449045,326.0,1.1173994347915113,0.3675879420186489,0.8957055214723927,1.4095268452872096,131.3661553136726,250.1754150390625,246.1000213623047,246.9373321533203,246.5582733154297,-0.3790789544582367,0.7444272637367249,0.040015947073698044,nan,nan,nan,nan
1136,425.0758659020066,2.2255280937277835,191.0,1.119250440433827,0.37457741369271036,0.8691099476439791,1.3798645185409213,-213.568646048667,146.91317749023438,199.69508361816406,201.2421112060547,202.2452392578125,1.003092646598816,0.7192885279655457,0.030619552358984947,nan,nan,nan,nan
1137,648.2830994948745,3.0870623785470213,210.0,1.0674946077817649,0.3440940562831533,0.9380952380952381,1.390913532067038,-27.9876068680137,207.33016967773438,200.7715301513672,202.2160186767578,201.54541015625,-0.6706644892692566,0.5976512432098389,0.02283940091729164,nan,nan,nan,nan
1138,574.3995472919196,2.7222727359806616,211.0,1.1067286758807848,0.36468600289893194,0.909952606635071,1.4108583944153632,-103.851485092664,181.9490203857422,207.19384765625,208.39796447753906,209.0631561279297,0.6652246117591858,0.1588250994682312,0.004851004108786583,nan,nan,nan,nan
1139,1030.7726230099797,3.1141166858307545,331.0,1.1303474405699083,0.37647257480561785,0.9214501510574018,1.423822460206779,114.88246802193612,247.9824676513672,229.2613525390625,230.14697265625,230.2302703857422,0.08335048705339432,0.6978393793106079,0.009354230016469955,nan,nan,nan,nan
1140,2083.002595998347,3.5485563815985466,587.0,1.08795744391379,0.3571405552551506,0.9148211243611585,1.3629152191680085,660.1489794562551,314.1298522949219,261.8263244628906,262.30743408203125,263.2452697753906,0.9377211928367615,0.5584574341773987,0.024520840495824814,nan,nan,nan,nan
1141,395.9798520170152,1.979899260085076,200.0,1.0870599660345683,0.3602289821927358,0.905,1.3725634851293398,-260.487594128918,130.00665283203125,201.41650390625,202.7039794921875,202.51007080078125,-0.19395379722118378,1.0660762786865234,0.0031752614304423332,nan,nan,nan,nan
1142,1566.6645097769797,3.230236102632948,485.0,1.0640572005271636,0.34590463821167733,0.9072164948453608,1.3768941632304046,345.8041474478289,283.7446594238281,241.78965759277344,242.38055419921875,242.7626953125,0.3821725845336914,0.33564600348472595,0.0169171504676342,nan,nan,nan,nan
1143,332.7719041481614,1.315303968965065,253.0,1.0788682480288017,0.3523823492387273,0.9407114624505929,1.3887631677096062,-428.6528211476333,99.7401351928711,165.96946716308594,167.41395568847656,167.77110290527344,0.3570890724658966,0.7523261308670044,0.12588968873023987,nan,nan,nan,nan
1144,615.6601267009974,2.9317148890523685,210.0,1.0758820412058994,0.3510050339864507,0.8952380952380953,1.3909206383632176,-60.610579661890824,197.4039306640625,210.34698486328125,211.705810546875,211.0438995361328,-0.6619195342063904,0.15739472210407257,0.02335420623421669,nan,nan,nan,nan
1145,1034.3815837353468,3.336714786243054,310.0,1.0709456466615144,0.34925282834562776,0.9129032258064517,1.3683487944373895,160.07827520290857,258.1143798828125,232.58595275878906,233.2868194580078,232.4845428466797,-0.8022140860557556,0.5429561734199524,0.006586276926100254,nan,nan,nan,nan
1146,846.8395039439201,2.8041043176950997,302.0,1.0921788218061959,0.360247247402657,0.9139072847682119,1.3814545369894156,-11.621196414954056,213.17538452148438,234.269287109375,235.2369384765625,235.6921844482422,0.455244779586792,0.3957013785839081,0.02134179137647152,nan,nan,nan,nan
1147,668.5221902318299,2.6956539928702816,248.0,1.110249392561854,0.36853083375254136,0.9314516129032258,1.4022677843430396,-83.00090495548739,196.01577758789062,217.81675720214844,219.08482360839844,218.83824157714844,-0.24652916193008423,0.4153708815574646,0.021149350330233574,nan,nan,nan,nan
1148,770.2957015623106,2.683957148300734,287.0,1.0792802968364295,0.3523381178103156,0.9407665505226481,1.3842161032635047,-58.46010847113121,206.76766967773438,222.8656463623047,223.8922576904297,224.94102478027344,1.0487751960754395,0.10596773773431778,0.018066834658384323,nan,nan,nan,nan
1149,1200.583507053554,3.1845716367468277,377.0,1.0704851932378971,0.3501163588580593,0.9336870026525199,1.3673090157719285,193.59835506751733,261.8757019042969,253.9550323486328,254.54942321777344,254.8205108642578,0.2710728049278259,0.39564573764801025,0.02530798874795437,nan,nan,nan,nan
1150,871.8787899691379,2.6026232536392175,335.0,1.0848541930431799,0.35800441536545324,0.9313432835820895,1.4024633211564272,-51.932669105687864,211.33978271484375,221.5125732421875,222.291015625,221.9325408935547,-0.35841163992881775,0.39897316694259644,0.019431712105870247,nan,nan,nan,nan
1151,492.932252636936,2.220415552418631,222.0,1.0918640602510774,0.3581583416843231,0.9324324324324325,1.400819666820049,-207.10236598629808,155.63587951660156,196.5176239013672,197.66632080078125,196.4311981201172,-1.2351492643356323,0.5153940916061401,0.04084555059671402,nan,nan,nan,nan
1152,732.6336001567543,2.4835037293449296,295.0,1.0938930026186569,0.35541491682870097,0.9254237288135593,1.40687420761341,-111.96481805025132,195.5169219970703,224.7469482421875,225.70652770996094,225.37452697753906,-0.3319333791732788,0.42050549387931824,0.0346837155520916,nan,nan,nan,nan
1153,2531.7176378294826,3.5309869425794735,717.0,1.0907180245207941,0.3574474490656582,0.9344490934449093,1.4069228427337548,851.4216384669758,323.3168029785156,273.1852722167969,273.5677185058594,274.3758544921875,0.8082742094993591,1.0400221347808838,0.021166088059544563,nan,nan,nan,nan
1154,729.4355822876096,2.849357743310975,256.0,1.07186625523186,0.34946811079180407,0.91015625,1.368305086356664,-37.93012107327161,206.24618530273438,213.89361572265625,215.1268768310547,214.5471954345703,-0.57962965965271,0.09296116977930069,0.036393698304891586,nan,nan,nan,nan
1155,983.3527886644006,3.1517717585397453,312.0,1.085637816463407,0.35848819060212805,0.9294871794871795,1.3989868525099218,105.08882808857129,245.61984252929688,240.07347106933594,241.1088409423828,241.8268585205078,0.7180131077766418,0.7151439189910889,0.009471165016293526,nan,nan,nan,nan
1156,564.6288181878626,2.6508395220087446,213.0,1.0945012460686385,0.3527903217574179,0.9389671361502347,1.4020803350222621,-117.58286624011203,177.58990478515625,216.96897888183594,217.9318084716797,217.35076904296875,-0.5809479355812073,0.49206528067588806,0.016928983852267265,nan,nan,nan,nan
1157,574.1408714205027,2.6580595899097346,216.0,1.0756842579490735,0.35412867490366035,0.9074074074074074,1.3732096428387826,-114.01179107255848,181.82728576660156,205.0428924560547,206.2724609375,205.3833770751953,-0.8889712691307068,0.3017050623893738,0.02427678555250168,nan,nan,nan,nan
1158,747.500454409048,3.0635264524960983,244.0,1.0687160058269136,0.3506339585303286,0.9139344262295082,1.3625548137216006,3.8986633085128233,217.75669860839844,221.668212890625,222.71282958984375,223.60035705566406,0.8875404000282288,0.2062329649925232,0.014140672981739044,nan,nan,nan,nan
1159,838.6914785839617,3.28898619052534,255.0,1.0655899564777853,0.34535401866290405,0.9529411764705882,1.3965173986488943,73.30610124477607,240.48626708984375,223.4513702392578,224.47059631347656,223.97377014160156,-0.496847003698349,0.5901907682418823,0.054785873740911484,nan,nan,nan,nan
1160,1270.161963429302,3.12079106493686,407.0,1.1072511989190308,0.3657126042816062,0.9361179361179361,1.3986339078799717,203.7670307924002,263.3432922363281,238.5967559814453,239.63134765625,239.53387451171875,-0.09742426872253418,0.35792097449302673,0.018604354932904243,nan,nan,nan,nan
1161,767.7929499596357,2.7718157038254,277.0,1.1114765391585948,0.3667300284856837,0.8989169675090253,1.3842371524160242,-41.159599856850946,210.07933044433594,241.88507080078125,242.787841796875,242.06494140625,-0.7229674458503723,0.5416980385780334,0.02138153463602066,nan,nan,nan,nan
1162,600.2840690761805,2.8050657433466375,214.0,1.0479367823956156,0.33878807831251695,0.9439252336448598,1.361947309571393,-83.90794137348973,189.0042724609375,209.0736541748047,210.3592071533203,209.7863006591797,-0.5729231834411621,0.15066517889499664,0.01602868363261223,nan,nan,nan,nan
1163,419.0002710670233,2.4792915447752857,169.0,1.1320308991800239,0.37740986013013605,0.9289940828402367,1.4128015846043362,-176.07706840634933,145.8333282470703,208.64967346191406,210.33447265625,209.947265625,-0.3872484862804413,0.13133464753627777,0.006093556061387062,nan,nan,nan,nan
1164,260.67296107206494,2.1366636153447947,122.0,1.1025266703952181,0.3613020111919607,0.9508196721311475,1.3970000620242384,-241.32905538161924,104.0062026977539,214.41212463378906,216.44200134277344,216.00608825683594,-0.4358963072299957,0.6901265978813171,0.010101160034537315,nan,nan,nan,nan
1165,687.7128820307553,2.85358042336413,241.0,1.08687948200076,0.35652034740344274,0.9004149377593361,1.3710201027408442,-49.94793100469337,204.921875,233.7813720703125,234.86610412597656,235.3055419921875,0.43942317366600037,0.5592304468154907,0.011526883579790592,nan,nan,nan,nan
1166,554.8781988592236,2.4552132692886,226.0,1.1287035448012281,0.3778026082750987,0.8716814159292036,1.3971245937435028,-153.0777238507926,172.34530639648438,236.3757781982422,237.14540100097656,236.95448303222656,-0.19102345407009125,0.3072054088115692,0.017811410129070282,nan,nan,nan,nan
1167,926.6364237577654,0.9266364237577654,1000.0,1.1322258195788526,0.3844686916661449,0.898,1.3910431252938982,-1314.0918397445676,87.04022979736328,92.59261322021484,92.74959564208984,93.7296142578125,0.980048656463623,0.5270406603813171,0.1330922693014145,nan,nan,nan,nan
1168,1807.6537344641984,3.3107211253923046,546.0,1.1006007772725048,0.3608340108192893,0.9304029304029304,1.398336947358032,465.993484811622,290.8677978515625,252.0050506591797,252.52528381347656,253.7212677001953,1.1959716081619263,0.7036190629005432,0.036762598901987076,nan,nan,nan,nan
1169,350.0163910910487,1.6991086946167413,206.0,1.0864384898378459,0.35208305813866436,0.9271844660194175,1.3915715451958899,-318.33301118505744,113.63167572021484,189.1557159423828,190.6511688232422,189.87074279785156,-0.7804126143455505,0.8559322357177734,0.031066402792930603,nan,nan,nan,nan
1170,1042.3344429954886,2.9115487234510855,358.0,1.1114295652761041,0.3662868857583607,0.9273743016759777,1.4031076559576103,72.97548542166646,234.57498168945312,234.66229248046875,235.2908477783203,236.285400390625,0.9945401549339294,0.17959678173065186,0.0032259116414934397,nan,nan,nan,nan
1171,443.3028915748,2.23890349280202,198.0,1.1032888246348673,0.3667381332226601,0.9040404040404041,1.377277930623026,-209.20390252774223,144.5899658203125,222.1812744140625,223.9167022705078,224.76747131347656,0.8507847189903259,0.6334946751594543,0.016686974093317986,nan,nan,nan,nan
1172,1638.3245826275088,3.3641161860934474,487.0,1.1128561438341966,0.365383951643225,0.917864476386037,1.401794254672996,413.50356825496715,289.27020263671875,253.1417694091797,253.75177001953125,254.0917205810547,0.33993229269981384,0.8572996854782104,0.0394827164709568,nan,nan,nan,nan
1173,1009.3273972403258,1.0093273972403258,1000.0,1.148295678849101,0.39299091706808637,0.869,1.384839974019425,-1231.4008662620072,91.8011245727539,94.33902740478516,94.49962615966797,96.30294036865234,1.8032904863357544,0.9336401224136353,0.1412166953086853,nan,nan,nan,nan
1174,1183.2571578286588,3.3051875917001645,358.0,1.0862113056212392,0.35470888566215364,0.88268156424581,1.3729316554925155,213.89820025483664,266.56781005859375,237.1915283203125,237.99729919433594,238.06866455078125,0.07140056788921356,0.6281025409698486,0.007846455089747906,nan,nan,nan,nan
1175,787.3707406688482,3.028349002572493,260.0,1.130791858038427,0.37206990613459573,0.926923076923077,1.4342278950355045,12.083733221184957,225.59609985351562,206.3195343017578,207.4552764892578,207.3876190185547,-0.0676887109875679,0.6458351016044617,0.031282179057598114,nan,nan,nan,nan
1176,1442.3129558861256,3.292951954077912,438.0,1.0972120841803243,0.35645514082469587,0.906392694063927,1.393155480787857,314.5279165766633,282.9507751464844,226.7924346923828,227.347412109375,227.5735321044922,0.22619777917861938,0.6429751515388489,0.00631878525018692,nan,nan,nan,nan
1177,927.0417576376349,3.1004741058114877,299.0,1.0727146884225338,0.35132770182748113,0.9096989966555183,1.3726847317559108,74.52203534384716,236.3181915283203,242.5722198486328,243.37815856933594,243.1049041748047,-0.2732745110988617,0.2964204251766205,0.014679545536637306,nan,nan,nan,nan
1178,639.8417101446539,2.84374093397624,225.0,1.0931690472263753,0.3641201543181928,0.9333333333333333,1.3859657908403582,-66.13388654366679,197.70370483398438,229.49371337890625,230.8421630859375,229.5679473876953,-1.2742143869400024,0.37381604313850403,0.027044661343097687,nan,nan,nan,nan
1179,411.7170217335224,2.3130169760310246,178.0,1.1251601075190933,0.3726566938447072,0.9044943820224719,1.4233670488402443,-201.18325193510975,142.60037231445312,198.88499450683594,200.12294006347656,199.56565856933594,-0.5572865009307861,0.3729565739631653,0.00985483918339014,nan,nan,nan,nan
1180,565.663895983249,2.514061759925551,225.0,1.1543996231536608,0.3869888064205319,0.8622222222222222,1.4298839800141732,-140.31170070507176,176.87213134765625,224.65757751464844,226.02171325683594,226.700927734375,0.6792047619819641,0.26434871554374695,0.03146332502365112,nan,nan,nan,nan
1181,577.7352721430361,2.6623745260047746,217.0,1.1360327598603823,0.3772431052062437,0.9170506912442397,1.4318494212547415,-112.39771637172055,180.11878967285156,227.09999084472656,228.33192443847656,227.5581512451172,-0.7737913727760315,0.2143120914697647,0.015398559160530567,nan,nan,nan,nan
1182,550.9733290856238,2.5274005921358893,218.0,1.1156368225412256,0.36982586016538144,0.9311926605504587,1.3928250931307387,-141.13998545082836,174.73236083984375,222.8123779296875,224.25193786621094,223.9523468017578,-0.29954102635383606,0.4238481819629669,0.011259566992521286,nan,nan,nan,nan
1183,582.7676280140877,2.7359982535872662,213.0,1.1080775349870744,0.36664135351227617,0.8967136150234741,1.4010516849357335,-99.44405641388698,183.2102813720703,223.1551513671875,224.45655822753906,224.11460876464844,-0.3419574499130249,0.3320016860961914,0.020824817940592766,nan,nan,nan,nan
1184,723.6685554683208,2.815830955129653,257.0,1.094767954326684,0.360665933652639,0.9182879377431906,1.3716301060593425,-45.67747391425587,206.3040771484375,232.5673065185547,233.7684326171875,233.44873046875,-0.31967994570732117,0.22588668763637543,0.00934846792370081,nan,nan,nan,nan
1185,616.709185950458,2.816023680139078,219.0,1.0888290191584555,0.3608428338279273,0.8904109589041096,1.3669480848205402,-77.38445460768958,194.16387939453125,230.999755859375,232.18870544433594,232.25225830078125,0.06356611102819443,0.35954180359840393,0.006221688352525234,nan,nan,nan,nan
1186,1130.750662483275,3.123620614594682,362.0,1.084145372748841,0.35388399002454834,0.914364640883978,1.3822262076450342,153.47040082267085,255.35269165039062,236.06817626953125,236.85877990722656,236.39039611816406,-0.46840643882751465,0.31699711084365845,0.009883199818432331,nan,nan,nan,nan
1187,353.0049573695287,2.3377811746326405,151.0,1.0957181796287419,0.3588455290886703,0.9337748344370861,1.4081612091978026,-206.426513713325,130.71044921875,158.19732666015625,160.2794647216797,160.3394012451172,0.05988554656505585,0.17346341907978058,0.03274964913725853,nan,nan,nan,nan
1188,939.8616414612625,3.1121246406002068,302.0,1.0961336856990433,0.35745696787375536,0.9370860927152318,1.4069329179553192,81.40094110238829,242.3311309814453,226.5930938720703,227.4629364013672,225.9624786376953,-1.5003992319107056,0.34532687067985535,0.03665907308459282,nan,nan,nan,nan
1189,1674.950479194522,3.3701216885201646,497.0,1.1009132890863218,0.3595177440702716,0.9295774647887324,1.3964209075614549,430.32620460502517,289.26873779296875,246.6757049560547,247.3201446533203,247.9860382080078,0.6658298373222351,0.5219232439994812,0.016189979389309883,nan,nan,nan,nan
1190,811.6950600408018,3.1461048838790764,258.0,1.0980694649624632,0.35834690471920094,0.9224806201550387,1.4024554381002035,40.36870463652963,227.2555389404297,240.17991638183594,240.9224853515625,240.7851104736328,-0.13731379806995392,0.573008120059967,0.01408495381474495,nan,nan,nan,nan
1191,695.3526394497603,2.971592476281027,234.0,1.1046774570853368,0.3641500781867999,0.9273504273504274,1.3862204485168004,-28.44589143381984,207.79742431640625,224.2134552001953,225.51470947265625,223.9904327392578,-1.52420175075531,0.23058991134166718,0.020378489047288895,nan,nan,nan,nan
1192,886.1856181845069,3.087754767193404,287.0,1.0951397312362159,0.35616507424349503,0.9163763066202091,1.3754756931982093,57.42980815106512,232.2029571533203,233.78086853027344,234.7764129638672,235.2776641845703,0.5011367201805115,0.2795943319797516,0.027415892109274864,nan,nan,nan,nan
1193,742.8851533937268,2.9715406135749074,250.0,1.1271149618638037,0.36961747710437826,0.916,1.4208166322896185,-12.598593836981308,215.4007568359375,229.307861328125,230.248291015625,229.8575897216797,-0.3906845152378082,0.4987546503543854,0.03376035764813423,nan,nan,nan,nan
1194,623.3176044910215,2.7219109366420153,229.0,1.1123977851279985,0.37179540668339184,0.8864628820960698,1.381244205954363,-90.57929628408124,190.3492431640625,229.1877899169922,230.4300537109375,230.0865478515625,-0.3434758186340332,0.3896787762641907,0.010090495459735394,nan,nan,nan,nan
1195,1019.1580859944224,3.1455496481309333,324.0,1.0655680625174888,0.34776575979459295,0.9290123456790124,1.3769777447562397,117.13021315824722,247.25033569335938,233.74217224121094,234.60890197753906,234.639404296875,0.030347973108291626,0.5809373259544373,0.01866057887673378,nan,nan,nan,nan
1196,1575.9515667408705,3.557452746593387,443.0,1.0998737489743773,0.35830386502203476,0.9142212189616253,1.3881086786107668,438.26489732293066,301.0097351074219,245.42279052734375,245.95152282714844,246.11927795410156,0.16773967444896698,0.32237616181373596,0.0057706343941390514,nan,nan,nan,nan
1197,1051.3202485572547,1.0513202485572546,1000.0,1.1395755004812465,0.38838646822439715,0.866,1.385706460842458,-1189.4080149450783,94.89685821533203,100.67108917236328,100.83929443359375,101.91075897216797,1.0714911222457886,1.1770365238189697,0.25633504986763,nan,nan,nan,nan
1198,794.036806486547,2.747532202375595,289.0,1.0961778145840777,0.3611619920961128,0.9273356401384083,1.3873926393409366,-38.67965559028562,214.76951599121094,207.8081817626953,208.74517822265625,208.4767608642578,-0.2683815062046051,0.14537234604358673,0.023513641208410263,nan,nan,nan,nan
1199,194.53357136249542,1.8527006796428136,105.0,1.0405530729336623,0.3405020143518905,0.9523809523809523,1.3803520451767204,-273.8029027223653,79.31452941894531,201.2130584716797,202.9727325439453,202.09584045410156,-0.8769097924232483,1.095045804977417,0.02518075704574585,nan,nan,nan,nan
1200,709.9797304272652,3.047123306554786,233.0,1.0968869701783321,0.3586357557126736,0.9313304721030042,1.3867411916993473,-11.838474434619457,212.98239135742188,227.71588134765625,228.83787536621094,228.49607849121094,-0.34183183312416077,0.5423396825790405,0.02278967760503292,nan,nan,nan,nan
1201,894.7023819740862,2.992315658776208,299.0,1.0927130716521853,0.3586613281126162,0.9364548494983278,1.4083117985399798,42.18265968029846,230.35733032226562,245.0032196044922,245.8645477294922,246.1681671142578,0.30363786220550537,0.29470980167388916,0.012328731827437878,nan,nan,nan,nan
1202,474.5778570207767,2.4847008220983073,191.0,1.0795872744719308,0.3504592104878742,0.9476439790575916,1.3804737150532458,-164.0666549298969,159.77456665039062,180.3721923828125,181.6828155517578,180.8605499267578,-0.8222532868385315,0.37437763810157776,0.03420734032988548,nan,nan,nan,nan
1203,934.3596120355651,2.8399988207767937,329.0,1.0816837794213792,0.35511219854556964,0.9179331306990881,1.3709523804245274,22.43010909091231,228.94790649414062,225.3741455078125,226.2777862548828,226.49884033203125,0.22104662656784058,0.12727594375610352,0.0058911885134875774,nan,nan,nan,nan
1204,814.7867582142353,2.962860938960856,275.0,1.1094019638936161,0.3683234730240833,0.9018181818181819,1.396571635973327,9.79486044113969,221.8483123779297,236.8101043701172,237.6226348876953,236.8463897705078,-0.7762870788574219,0.5685766339302063,0.03842796012759209,nan,nan,nan,nan
1205,1182.3143658228219,3.1954442319535725,370.0,1.0934132755535542,0.35605016277624746,0.9513513513513514,1.3849041052371216,189.19149598865374,255.75270080566406,242.6312713623047,243.2919921875,243.5449676513672,0.2529119849205017,0.5443519949913025,0.01668851636350155,nan,nan,nan,nan
1206,731.1935120262206,3.0339979752125332,241.0,1.0968627969864178,0.35975925034645656,0.8962655601659751,1.401577000982354,-6.467301009228095,214.38462829589844,213.9243621826172,215.21092224121094,214.57037353515625,-0.6405953764915466,0.31024274230003357,0.0321102999150753,nan,nan,nan,nan
1207,1203.1488958634436,3.1250620671777756,385.0,1.116247128778566,0.36426945664915883,0.9298701298701298,1.423432330206955,180.32113570384286,260.62237548828125,227.2499542236328,227.90306091308594,227.3927001953125,-0.5103729963302612,0.5714893341064453,0.023851869627833366,nan,nan,nan,nan
1208,1068.046681234613,3.1047868640541076,344.0,1.0877374593856608,0.35713497019741075,0.9244186046511628,1.3988556818888056,126.41228796452788,246.8234405517578,227.9419708251953,228.8582305908203,229.1090087890625,0.2508571445941925,0.25799277424812317,0.010071939788758755,nan,nan,nan,nan
1209,790.8909242451191,2.8449313821766875,278.0,1.0930840809014992,0.3542669054923019,0.9280575539568345,1.4012546639748904,-20.041951593063004,215.53880310058594,219.4346466064453,220.53468322753906,220.4507598876953,-0.08394736051559448,0.1556365191936493,0.003765834728255868,nan,nan,nan,nan
1210,778.9788469803752,2.6677357773300523,292.0,1.0885910887059211,0.35612894929537814,0.9246575342465754,1.38435975064365,-59.67859316154386,209.42373657226562,220.0876007080078,220.9348907470703,219.91725158691406,-1.0176728963851929,0.2686808407306671,0.020890047773718834,nan,nan,nan,nan
1211,476.77354724518955,2.1096174656866795,226.0,1.05726642598093,0.3362089918839133,0.9292035398230089,1.4026300363971151,-231.1823754648267,148.19322204589844,192.892822265625,193.5912322998047,191.9058074951172,-1.685477375984192,1.1267050504684448,0.031803395599126816,nan,nan,nan,nan
1212,505.1309549100697,2.416894521100812,209.0,1.0565547226712435,0.34482149920051997,0.9521531100478469,1.3790778469747864,-169.15942543112305,160.64659118652344,212.06187438964844,213.3284149169922,213.1653594970703,-0.16295109689235687,0.5399760603904724,0.057613275945186615,nan,nan,nan,nan
1213,1869.358798891306,3.5072397727791857,533.0,1.0744003094666226,0.3480746644131935,0.9287054409005628,1.3998411984985695,553.4427875207712,307.26513671875,251.5296173095703,252.01258850097656,252.2085723876953,0.19585750997066498,0.8219056725502014,0.023039134219288826,nan,nan,nan,nan
1214,1054.3856357587501,2.9534611645903364,357.0,1.0927712214609233,0.3579960322489285,0.9019607843137255,1.384544071961543,87.00700420662338,241.5641632080078,236.80235290527344,237.5648651123047,237.2163543701172,-0.3485375940799713,0.6257303357124329,0.029584089294075966,nan,nan,nan,nan
1215,1164.244645178318,3.3169363110493393,351.0,1.0783535821104187,0.35273513260854905,0.9458689458689459,1.3793496780552352,208.74796975636423,264.3203430175781,244.96173095703125,245.7159423828125,246.0450439453125,0.32909491658210754,0.3409920930862427,0.019511288031935692,nan,nan,nan,nan
1216,712.0866816237103,3.004585154530423,237.0,1.0746185641286023,0.34828932438893556,0.8987341772151899,1.3644768381179673,-17.652827324956434,214.35813903808594,218.5102081298828,219.6757049560547,219.6017608642578,-0.07391273975372314,0.13431401550769806,0.009065588936209679,nan,nan,nan,nan
1217,597.0429649353027,2.9266812006632485,204.0,1.085683578383337,0.3553588604082785,0.9068627450980392,1.409880536063783,-67.34578529741248,193.1971893310547,213.60125732421875,214.75685119628906,215.54966735839844,0.7928525805473328,0.35448381304740906,0.01872723177075386,nan,nan,nan,nan
1218,1253.4456859817728,3.424714989021237,366.0,1.0868764035016736,0.3536154807601359,0.9207650273224044,1.3855520526630842,268.2441202343866,279.9967956542969,240.9522247314453,241.8026580810547,241.4308319091797,-0.37187251448631287,0.7112343311309814,0.019198816269636154,nan,nan,nan,nan
1219,609.9298315178603,2.6065377415293174,234.0,1.0768562617504693,0.3513102498358385,0.9273504273504274,1.388222020051492,-113.86869936571986,183.74072265625,207.94227600097656,209.11204528808594,208.5965576171875,-0.5155181884765625,0.07622769474983215,0.005314225796610117,nan,nan,nan,nan
1220,881.148810017854,3.113600035398777,283.0,1.1103628075617002,0.3625637469245549,0.9151943462897526,1.4008868787051634,60.31430407119433,238.55877685546875,235.94679260253906,236.9196319580078,236.8865966796875,-0.03297983109951019,0.03658149018883705,0.03400628641247749,nan,nan,nan,nan
1221,1358.1368069536984,3.2107253119472774,423.0,1.104685921499858,0.3614390423649878,0.9148936170212766,1.3890897183710773,260.0566579696688,272.6217041015625,258.635986328125,259.2441101074219,259.3973388671875,0.15311653912067413,0.38068193197250366,0.012721288949251175,nan,nan,nan,nan
1222,826.7319308370352,2.8906710868427803,286.0,1.087703071352382,0.3587773579384047,0.916083916083916,1.3704221016057136,-0.04355317471095077,223.1967315673828,236.7451629638672,237.7020263671875,238.0355987548828,0.3335789740085602,0.23417578637599945,0.004866322502493858,nan,nan,nan,nan
1223,463.73333165282384,2.365986385983795,196.0,1.0701861061980635,0.3462836980771393,0.923469387755102,1.3894584442868039,-184.81281040632734,157.62818908691406,179.610595703125,181.30381774902344,181.72389221191406,0.4200638234615326,0.7684075832366943,0.03214377909898758,nan,nan,nan,nan
1224,561.4624337479472,2.587384487317729,217.0,1.1139561816613923,0.37239287278118516,0.9170506912442397,1.3932330001973432,-128.67055476680946,179.70314025878906,225.8348388671875,226.877197265625,227.0210723876953,0.14387863874435425,0.1437912881374359,0.014857642352581024,nan,nan,nan,nan
1225,1283.6264156401157,3.24148084757605,396.0,1.0818620424527632,0.351483059656995,0.9141414141414141,1.385369215076083,239.01506924186447,269.2820129394531,245.18865966796875,245.8389892578125,245.5961151123047,-0.2429036647081375,0.4091099202632904,0.006798955146223307,nan,nan,nan,nan
1226,1283.1245161574334,2.718484144401342,472.0,1.1134098075479355,0.36710283947053085,0.9322033898305084,1.3951254965649211,88.00839211032417,241.3950958251953,226.1795654296875,226.8623046875,226.6800537109375,-0.18232131004333496,0.12458598613739014,0.023680144920945168,nan,nan,nan,nan
1227,1221.8256253898144,3.365910813746045,363.0,1.0813957729962131,0.35156230959905305,0.9476584022038568,1.4170866434895406,242.56503770751465,274.12469482421875,240.4930877685547,241.4182891845703,241.689697265625,0.2714618444442749,0.15392011404037476,0.00896337628364563,nan,nan,nan,nan
1228,694.1756016481668,3.044629831790205,228.0,1.1017275459142946,0.3626682433278956,0.9254385964912281,1.4123668801639884,-17.740973105240414,209.74151611328125,220.9436492919922,222.0263214111328,222.25267028808594,0.2263328582048416,0.26212403178215027,0.02545146457850933,nan,nan,nan,nan
1229,1077.3568814247847,3.2353059502245785,333.0,1.0876093820774482,0.35674938978697246,0.8978978978978979,1.3756588710412894,157.50607439335,254.4355010986328,237.13438415527344,237.94464111328125,238.548095703125,0.603412389755249,0.42863136529922485,0.017394402995705605,nan,nan,nan,nan
1230,408.9267853051424,2.3367244874579565,175.0,1.1166856147252895,0.36580217848437657,0.9257142857142857,1.4021271644367186,-198.03251029840328,142.20977783203125,196.9900665283203,198.608154296875,198.37554931640625,-0.23256099224090576,0.3579502999782562,0.009757816791534424,nan,nan,nan,nan
1231,1146.63162419945,3.1587648049571624,363.0,1.1171491649815857,0.3664181341754781,0.9146005509641874,1.4096091483552668,167.3710365171503,254.041748046875,249.8118896484375,250.4800262451172,251.96966552734375,1.4896187782287598,0.7559422850608826,0.05142023414373398,nan,nan,nan,nan
1232,339.4520088620484,2.2630133924136557,150.0,1.1236354026592303,0.3835095244195933,0.9066666666666666,1.403394038994248,-217.99913619910978,130.1971893310547,169.4156036376953,171.24998474121094,169.2209014892578,-2.029114007949829,0.4775770604610443,0.027026165276765823,nan,nan,nan,nan
1233,581.2237209937302,2.7287498638203296,213.0,1.0599314902462462,0.34766923474619404,0.9107981220657277,1.366470446185446,-100.98796343424442,182.05340576171875,225.0616455078125,226.1543426513672,226.765869140625,0.6115121245384216,0.45076605677604675,0.003191945841535926,nan,nan,nan,nan
1234,997.490757510066,2.8581397063325675,349.0,1.08122011339804,0.3530788925390089,0.9083094555873925,1.371715577126466,45.9547341315033,235.60520935058594,228.5247039794922,229.36474609375,229.0548553466797,-0.3098323941230774,0.301051527261734,0.02339990995824337,nan,nan,nan,nan
1235,653.1523595703766,2.90289937586834,225.0,1.0897560451355186,0.3541673330326685,0.9466666666666667,1.3871116791257574,-52.82323711794413,200.12899780273438,207.97113037109375,209.2789764404297,209.0358428955078,-0.2431403398513794,0.1540796458721161,0.01844925619661808,nan,nan,nan,nan
1236,1379.6427239105105,3.2927033983544405,419.0,1.058273802714964,0.3436289378510636,0.9355608591885441,1.3649682910172332,289.4838790132628,280.0159912109375,246.1631317138672,246.72393798828125,246.3507080078125,-0.3732376992702484,0.3512774407863617,0.0054947324097156525,nan,nan,nan,nan
1237,828.9657332524657,2.8585025284567784,290.0,1.0903597060371972,0.3559484598380059,0.9172413793103448,1.3739966773796517,-5.731054846062534,218.1608123779297,225.8190155029297,226.8042755126953,226.9676055908203,0.16334404051303864,0.25104349851608276,0.015651823952794075,nan,nan,nan,nan
1238,1382.7062241137028,3.4310328141779225,403.0,1.0433197609818652,0.3368293880033395,0.9305210918114144,1.349504805185029,324.2325955635831,285.5906982421875,244.5418701171875,245.15269470214844,245.3195343017578,0.16687248647212982,0.8124856352806091,0.01154972892254591,nan,nan,nan,nan
1239,190.665291108191,1.7654193621128798,108.0,1.082871876758036,0.3555677287179236,0.9537037037037037,1.3690084565223812,-283.61216104175617,77.30472564697266,189.3137664794922,192.3013458251953,193.6387176513672,1.3373311758041382,0.890999436378479,0.009438615292310715,nan,nan,nan,nan
1240,903.0960266813636,3.0203880491015505,299.0,1.1084586945450747,0.3665231884159124,0.9364548494983278,1.4108479128840312,50.576304387575874,230.3007354736328,227.61395263671875,228.489501953125,228.9559326171875,0.46640172600746155,0.5195936560630798,0.022456901147961617,nan,nan,nan,nan
1241,785.3763239979744,2.876836351640932,273.0,1.083785311491909,0.3537226500189624,0.9084249084249084,1.3770318728184712,-15.654921731730383,218.07418823242188,220.91029357910156,221.75892639160156,221.5157928466797,-0.2431640625,0.1641235500574112,0.01084156148135662,nan,nan,nan,nan
1242,726.9771216888912,2.931359361648755,248.0,1.0860031715608567,0.35591458989512575,0.9153225806451613,1.3734000950760408,-24.545973498426065,212.0082244873047,210.46270751953125,211.3478546142578,210.16954040527344,-1.1782927513122559,0.41250118613243103,0.006953321862965822,nan,nan,nan,nan
1243,1292.201355341822,3.2549152527501812,397.0,1.0699281097003888,0.34996653376541553,0.9345088161209067,1.3809071167236844,245.60968292187522,272.81884765625,243.5341796875,244.1427001953125,243.6561737060547,-0.48651042580604553,0.3935803472995758,0.010425384156405926,nan,nan,nan,nan
1244,971.9814278185368,3.1253422116351666,311.0,1.084484999655386,0.35289070509320614,0.9356913183279743,1.3763159869350066,95.69779326440312,243.20082092285156,240.401611328125,241.20623779296875,240.876708984375,-0.32960543036460876,0.6195343136787415,0.01352049969136715,nan,nan,nan,nan
1245,530.4431110289879,2.65221555514494,200.0,1.084016679172255,0.3500153509985345,0.945,1.3891218028573653,-126.02433511694528,176.52279663085938,192.4207000732422,193.7892608642578,193.74989318847656,-0.03939802944660187,0.6093230247497559,0.04048106446862221,nan,nan,nan,nan
1246,421.557360291481,2.6022059277251914,162.0,1.0879628102280983,0.3531894973262909,0.9444444444444444,1.399497121632424,-159.6576970300232,153.71517944335938,180.4498291015625,181.7681121826172,181.96575927734375,0.19760620594024658,0.7108903527259827,0.029982682317495346,nan,nan,nan,nan
1247,870.3610989288427,3.0116301000998016,289.0,1.1022160107074308,0.36324935917744033,0.9065743944636678,1.387025301425398,37.64463685201008,225.82398986816406,227.59521484375,228.7755889892578,229.54798889160156,0.772362232208252,0.4771381616592407,0.03990554064512253,nan,nan,nan,nan
1248,1554.1126249358058,3.4459259976403676,451.0,1.10034021356156,0.3585881552783005,0.9401330376940134,1.399551587339552,400.5833473443022,291.152587890625,257.6140441894531,258.1526794433594,258.7368469238281,0.5842567086219788,0.27162283658981323,0.013113300316035748,nan,nan,nan,nan
1249,581.0591309498996,2.7669482426185694,210.0,1.1029824419641723,0.3634093356105344,0.9523809523809523,1.4138051746929394,-95.21157541298862,187.80738830566406,203.036865234375,204.3199005126953,203.9541778564453,-0.36568641662597656,0.040286723524332047,0.007590348832309246,nan,nan,nan,nan
1250,809.8468094021082,3.033134117610892,267.0,1.091820948492337,0.35562670719275713,0.9288389513108615,1.3665857913205532,20.697519802576608,224.46995544433594,219.31736755371094,220.3165283203125,220.39158630371094,0.07505059242248535,0.25893375277519226,0.03727877140045166,nan,nan,nan,nan
1251,863.0191984064877,2.955545200022218,292.0,1.0920621427545005,0.3572589019389204,0.9212328767123288,1.3914564395382556,24.361758264568607,228.65528869628906,235.14886474609375,236.1566619873047,235.5324249267578,-0.6242165565490723,0.46165016293525696,0.01444486528635025,nan,nan,nan,nan
1252,1040.4730031192303,3.1529484943006976,330.0,1.0844522212175547,0.3540032931748128,0.9181818181818182,1.3842268267333668,126.56317415288208,254.6488800048828,230.4451141357422,231.1568145751953,229.6327362060547,-1.5240707397460938,0.29975131154060364,0.005816017277538776,nan,nan,nan,nan
1253,635.9383437987417,2.9171483660492736,218.0,1.1006127156570613,0.3576383433331072,0.908256880733945,1.3959919358770096,-56.17497073771051,200.11524963378906,213.76123046875,214.9224395751953,214.22898864746094,-0.6934638023376465,0.4661465585231781,0.03940644487738609,nan,nan,nan,nan
1254,1167.4030603319407,3.072113316663002,380.0,1.0893786902968803,0.3536471237625575,0.9210526315789473,1.3927534873498049,154.47693028081744,256.9078063964844,242.40081787109375,243.0952606201172,243.0241241455078,-0.07108185440301895,0.29964277148246765,0.014395415782928467,nan,nan,nan,nan
1255,450.6804100573063,2.4762659893258587,182.0,1.1113343918944112,0.36720758972950907,0.8736263736263736,1.388681171091089,-170.1411676981079,155.36624145507812,178.2120361328125,179.9544219970703,178.93475341796875,-1.0196396112442017,0.4708698093891144,0.03630184009671211,nan,nan,nan,nan
1256,691.9992259591818,2.932200109996533,236.0,1.067277104636882,0.34515625514000614,0.940677966101695,1.3778869150680855,-35.75995696778932,207.87681579589844,227.39215087890625,228.5828094482422,227.67718505859375,-0.9056510925292969,0.2939803898334503,0.025026513263583183,nan,nan,nan,nan
1257,1974.5630887076259,3.4102989442273333,579.0,1.052113289729492,0.3415632572934166,0.9309153713298791,1.3646360629935737,567.552080339098,303.5851135253906,258.0235900878906,258.40118408203125,258.9168701171875,0.515672504901886,0.4198417663574219,0.011963412165641785,nan,nan,nan,nan
1258,1268.8388727852143,3.1022955324821866,409.0,1.0440501690368134,0.33672897002773405,0.9242053789731052,1.354008699067357,198.4832881049217,266.1112060546875,219.4478302001953,220.0809326171875,219.46363830566406,-0.6173312664031982,0.24173931777477264,0.04012245684862137,nan,nan,nan,nan
1259,1122.7069040928036,3.092856485104142,363.0,1.0642971536132626,0.3477826239083102,0.928374655647383,1.3727416773055805,143.44631641050387,251.51312255859375,260.0986633300781,260.7333068847656,261.8417053222656,1.1084814071655273,0.3667851388454437,0.02358267456293106,nan,nan,nan,nan
1260,1533.2856892459095,3.3116321581985084,463.0,1.090400766429995,0.3587940767116756,0.9244060475161987,1.388628771349772,355.9924993940597,285.74932861328125,251.55665588378906,252.14263916015625,251.9502410888672,-0.1923549771308899,0.7990748882293701,0.014434702694416046,nan,nan,nan,nan
1261,1090.2774573080242,3.1694112131047216,344.0,1.0810433837530233,0.350837440927429,0.938953488372093,1.4047398479371898,148.64306403793898,252.32701110839844,231.446044921875,232.36732482910156,232.7291717529297,0.36174631118774414,0.2720835506916046,0.011896209791302681,nan,nan,nan,nan
1262,214.01574646867812,1.910854879184626,112.0,1.07737922914128,0.3539337743620439,0.9285714285714286,1.4074484442160846,-268.1830097680511,90.9036636352539,184.8597412109375,187.00730895996094,186.38983154296875,-0.6174718737602234,0.9864748120307922,0.044872332364320755,nan,nan,nan,nan
1263,1186.3819167613983,3.3800054608586847,351.0,1.0760441631029276,0.3508652095060876,0.9173789173789174,1.383490170044341,230.88524133944452,272.4019470214844,244.08924865722656,244.84197998046875,245.25938415527344,0.4173407256603241,0.8077007532119751,0.03569234535098076,nan,nan,nan,nan
1264,677.6728217243799,2.8714950073066947,236.0,1.0740181982061603,0.3537832590781605,0.8940677966101694,1.3967303917175722,-50.086361202591206,204.79869079589844,192.7640838623047,193.8178253173828,193.5455780029297,-0.2721782624721527,0.692829966545105,0.019048741087317467,nan,nan,nan,nan
1265,1046.9962137639523,3.211644827496786,326.0,1.1391755681107796,0.3773802625302131,0.8926380368098159,1.4135396748431837,141.00768888438597,252.09461975097656,239.60003662109375,240.5265350341797,240.80796813964844,0.28143179416656494,0.23411180078983307,0.015333243645727634,nan,nan,nan,nan
1266,1167.9704090154264,3.182480678516148,367.0,1.0958189440550063,0.35664428254294117,0.9455040871934605,1.391382421278844,180.78851724634478,260.3332214355469,242.2861328125,242.943359375,243.2447509765625,0.30137205123901367,0.15698350965976715,0.014890298247337341,nan,nan,nan,nan
1267,1169.04462698102,3.1767517037527715,368.0,1.116871988280466,0.36840996710758395,0.8940217391304348,1.3979278384975309,179.8824091902427,259.68359375,236.65614318847656,237.45758056640625,237.17906188964844,-0.2785414755344391,0.5720640420913696,0.029257111251354218,nan,nan,nan,nan
1268,1322.0828769728541,3.2483608770831798,407.0,1.0646738873421768,0.34530661184475914,0.9238329238329238,1.3911840930331354,255.68794433595235,273.5124816894531,243.55677795410156,244.22071838378906,243.9646453857422,-0.2561297118663788,0.16577132046222687,0.022553278133273125,nan,nan,nan,nan
1269,1252.2889088839293,3.1703516680605803,395.0,1.0826376561612472,0.3542677223798819,0.9113924050632911,1.36775631723379,209.65788850737363,262.5850524902344,244.9907989501953,245.57017517089844,245.9318084716797,0.36160826683044434,0.30930382013320923,0.008393998257815838,nan,nan,nan,nan
1270,866.9942748155445,3.042085174791384,285.0,1.1130803958010522,0.36166641027972984,0.9333333333333333,1.4166014494629526,42.199116825493775,229.93394470214844,224.1289825439453,225.17970275878906,225.684814453125,0.5051427483558655,0.148570254445076,0.00921009574085474,nan,nan,nan,nan
1271,451.5704343141988,2.5369125523269593,178.0,1.0865601271918532,0.3562057744990686,0.9269662921348315,1.3770172994057472,-161.32983935443337,157.8974151611328,193.7229461669922,194.98089599609375,194.190673828125,-0.7902042865753174,0.7298122644424438,0.05180021747946739,nan,nan,nan,nan
1272,774.7168075740337,3.002778323930363,258.0,1.0854278877020813,0.3542877302295596,0.9341085271317829,1.381356823941584,3.390452169761602,219.1558074951172,231.72254943847656,232.65863037109375,232.4681854248047,-0.1904088258743286,0.5591371655464172,0.03496696054935455,nan,nan,nan,nan
1273,582.6190384924412,2.8282477596720446,206.0,1.0951915246424608,0.36059514652724034,0.8980582524271845,1.3935855198619445,-85.73036378366498,185.95323181152344,223.60711669921875,224.8340301513672,224.86390686035156,0.029910005629062653,0.4980754554271698,0.01711898483335972,nan,nan,nan,nan
1274,1170.1500513693318,3.223553860521575,363.0,1.1189844334171732,0.36925220386721863,0.8870523415977961,1.398787461782248,190.88946368703205,264.91278076171875,241.301025390625,242.11354064941406,242.284423828125,0.17081935703754425,0.4483707845211029,0.007095192093402147,nan,nan,nan,nan
1275,764.8531715199351,2.5666213809393796,298.0,1.101693305786183,0.364121122220354,0.9362416107382551,1.3998479889892421,-85.68622475215716,202.3824920654297,219.8070526123047,220.5482635498047,219.89710998535156,-0.6511319875717163,0.10366296023130417,0.009529713541269302,nan,nan,nan,nan
1276,1270.5974092877004,1.6165361441319344,786.0,1.088867167169388,0.3556966312193272,0.9325699745547074,1.3812930785952258,-546.3410855717959,146.74037170410156,151.1008758544922,151.40037536621094,150.0088653564453,-1.3914655447006226,0.25217971205711365,0.08339294046163559,nan,nan,nan,nan
1277,1265.0979334935546,2.93526202666718,431.0,1.1102318881664772,0.36460926413535355,0.925754060324826,1.389817387442821,151.17517633596094,253.15260314941406,242.8177947998047,243.4857635498047,244.4195556640625,0.9338126182556152,0.13306915760040283,0.017292670905590057,nan,nan,nan,nan
1278,632.5180679745972,2.3340150109763735,271.0,1.0782286090993023,0.3530415126321858,0.940959409594096,1.4017455488338015,-164.5525257117165,176.96347045898438,214.7102508544922,215.53472900390625,214.8711700439453,-0.6634982228279114,0.5443187355995178,0.043204955756664276,nan,nan,nan,nan
1279,905.8019056878984,3.167139530377267,286.0,1.0719742838328907,0.3470746943469204,0.9090909090909091,1.3794632631445354,79.02642167615227,241.74964904785156,232.9193878173828,233.75636291503906,233.07269287109375,-0.6836869716644287,0.3822954595088959,0.007771911099553108,nan,nan,nan,nan
1280,670.8943623173982,3.0774970748504504,218.0,1.0734120132761005,0.34636510669436044,0.8990825688073395,1.3819476058102682,-21.218952219054017,210.55819702148438,195.0216064453125,196.3950958251953,194.5975341796875,-1.7975035905838013,0.7040839791297913,0.05782277509570122,nan,nan,nan,nan
1281,1173.7602206645533,3.1217027145333867,376.0,1.056914689078191,0.3406176023767433,0.9122340425531915,1.363733874792133,168.75539470021204,260.86767578125,236.2017059326172,236.981689453125,235.7274932861328,-1.254269003868103,0.3007320463657379,0.03450789302587509,nan,nan,nan,nan
1282,500.5469019263983,2.662483520885097,188.0,1.098788155362884,0.3598648915907405,0.9202127659574468,1.4060655156918156,-132.15663195918887,169.29513549804688,198.48521423339844,199.8612060546875,200.322509765625,0.4613625109195709,0.49682432413101196,0.0173350777477026,nan,nan,nan,nan
1283,1204.4479579972103,3.1530051256471476,382.0,1.0817085993164406,0.3552818719176153,0.918848167539267,1.3716986947855232,187.56117590269605,261.8041687011719,244.09861755371094,244.75457763671875,244.61497497558594,-0.13962841033935547,0.22617748379707336,0.024263400584459305,nan,nan,nan,nan
1284,896.8481681812555,3.2494498847146938,276.0,1.0826769274734571,0.35379323516394506,0.9057971014492754,1.390082401957834,89.8759443864642,243.02926635742188,228.4944305419922,229.3626708984375,229.1780548095703,-0.1845344752073288,0.2058221399784088,0.013345720246434212,nan,nan,nan,nan
1285,556.5430684322491,2.8108235779406523,198.0,1.0926607238589854,0.3597786816608032,0.9343434343434344,1.38489074130272,-95.96372567029312,183.33673095703125,213.95855712890625,215.2463836669922,214.43614196777344,-0.8102535605430603,0.14832670986652374,0.014951882883906364,nan,nan,nan,nan
1286,960.143568915315,3.2219582849507216,298.0,1.0501475497067776,0.33732483660891055,0.9530201342281879,1.37706719580711,109.60417264322268,246.19337463378906,245.8262176513672,246.64637756347656,246.9002227783203,0.253830224275589,0.42389050126075745,0.014097290113568306,nan,nan,nan,nan
1287,2248.5538814621978,3.254057715574816,691.0,1.086356849744476,0.3573516467613466,0.9204052098408104,1.3812524589174062,619.7463586637739,298.71636962890625,262.5847473144531,262.9684143066406,263.8223571777344,0.8537704944610596,0.3598460853099823,0.0019490474369376898,nan,nan,nan,nan
1288,726.5636776536703,2.9179264162798004,249.0,1.1038712243475237,0.3651663186460093,0.8835341365461847,1.3893875152570399,-26.939743555342375,209.9571075439453,231.0748291015625,232.27471923828125,231.916015625,-0.35863935947418213,0.24377621710300446,0.013044907711446285,nan,nan,nan,nan
1289,924.1357171479613,2.8879241160873788,320.0,1.0641251224782016,0.343184002815633,0.9375,1.3908496305331748,30.029148398568168,230.61972045898438,223.43931579589844,224.270263671875,224.1256866455078,-0.14455945789813995,0.09860526770353317,0.006083145271986723,nan,nan,nan,nan
1290,982.4285614676774,3.099143727027373,317.0,1.0838641248067944,0.3579893702884335,0.9148264984227129,1.3793809840385867,94.26297078337075,243.72447204589844,255.236083984375,256.16845703125,256.5143127441406,0.34581175446510315,0.1168830394744873,0.04181718826293945,nan,nan,nan,nan
1291,579.3815750181675,2.758959881038893,210.0,1.113794906124829,0.36588670142763663,0.9428571428571428,1.4100328802709403,-96.88913134472068,183.8159637451172,216.050048828125,217.0730438232422,217.6862030029297,0.6131621599197388,0.526695191860199,0.0041019003838300705,nan,nan,nan,nan
1292,589.7841550558805,2.5642789350255675,230.0,1.1497326689487617,0.38242307325244707,0.9043478260869565,1.4341631971050497,-126.0930717409176,184.1650848388672,179.83824157714844,181.09136962890625,180.52256774902344,-0.5688776969909668,0.2082587033510208,0.020815715193748474,nan,nan,nan,nan
1293,739.8260343577713,2.8023713422642853,264.0,1.0724621791895383,0.3416885928579516,0.9621212121212122,1.4094589855639708,-43.382277176673824,211.23025512695312,203.3171844482422,204.3542022705078,203.50341796875,-0.8507494926452637,0.5270020365715027,0.036327064037323,nan,nan,nan,nan
1294,1489.299290546449,3.3392360774584056,446.0,1.0835311244349455,0.3545288234813468,0.9461883408071748,1.3888436884469408,345.6716430634226,284.7630615234375,250.7570037841797,251.3262939453125,251.36859130859375,0.042228709906339645,0.26509904861450195,0.0037912344560027122,nan,nan,nan,nan
1295,1009.437783645466,1.009437783645466,1000.0,1.1091371946128776,0.3783884152595468,0.883,1.3632407917262617,-1231.290479856867,91.63299560546875,97.52981567382812,97.7015151977539,99.0053939819336,1.3038606643676758,0.6141359210014343,0.1173279732465744,nan,nan,nan,nan
1296,1104.2801716551185,3.286548129925948,336.0,1.0816161112363336,0.35018813042644603,0.9166666666666666,1.385932017920813,178.4883865585973,260.60308837890625,229.5522918701172,230.4598388671875,230.2388458251953,-0.22099721431732178,0.23273997008800507,0.009617575444281101,nan,nan,nan,nan
1297,1390.060323920101,3.483860460952634,399.0,1.0764094724488713,0.3490134879758324,0.9197994987468672,1.3825007316859597,339.5079994567632,289.25421142578125,243.0924835205078,243.68190002441406,243.01576232910156,-0.66618812084198,0.10728315263986588,0.01102298405021429,nan,nan,nan,nan
1298,803.2391688600183,2.7987427486411787,287.0,1.0868764291499164,0.3575533695987336,0.89198606271777,1.3757841505174364,-25.516641173423523,215.111328125,219.939453125,220.8328857421875,220.2896270751953,-0.5431668162345886,0.5815131664276123,0.055459510535001755,nan,nan,nan,nan
1299,610.5327739045024,2.7378151296166027,223.0,1.076615769993475,0.35311267779366023,0.9192825112107623,1.3776927215538048,-91.48217074042736,189.10504150390625,212.26832580566406,213.45294189453125,212.9542694091797,-0.4986802041530609,0.14557376503944397,0.01677572727203369,nan,nan,nan,nan
1300,770.656465330394,2.6392344703095683,292.0,1.0869850741144156,0.35166320958356234,0.9452054794520548,1.3955141609646067,-68.00097481152511,203.41885375976562,223.68031311035156,224.5096893310547,224.90289306640625,0.3931722640991211,0.36566781997680664,0.012148965150117874,nan,nan,nan,nan
1301,639.1345968842506,2.892011750607469,221.0,1.107773841501171,0.3621749683177653,0.9140271493212669,1.4025460550092994,-58.91969571728805,198.8163604736328,207.5900421142578,208.8602752685547,209.1407928466797,0.28055956959724426,0.21931058168411255,0.004251817241311073,nan,nan,nan,nan
1302,1161.5477128773928,3.2445466840150634,358.0,1.1138532711942877,0.36108761509385123,0.9162011173184358,1.404344554781903,192.1887553035706,259.21234130859375,238.31141662597656,239.1006622314453,238.63038635253906,-0.47029435634613037,0.22805611789226532,0.01508303452283144,nan,nan,nan,nan
1303,810.6995110213757,3.1544728055306446,257.0,1.1295557528295215,0.3766408654489408,0.9105058365758755,1.4136815235720754,41.35348163879894,227.39434814453125,235.7548065185547,236.88038635253906,236.94024658203125,0.05975604057312012,0.5715746283531189,0.014895357191562653,nan,nan,nan,nan
1304,843.1640089042485,0.8431640089042485,1000.0,1.1253269258153973,0.38249415714634716,0.884,1.3801178495031672,-1397.5642545980845,79.8155517578125,103.6563720703125,103.832275390625,104.6309585571289,0.7986860275268555,0.39812201261520386,0.1236935630440712,nan,nan,nan,nan
1305,978.4313078820705,3.2185240390857586,304.0,1.0830273006241353,0.35171367320729413,0.9177631578947368,1.3820232108873594,116.00995547980528,247.1578369140625,230.4656219482422,231.46473693847656,231.1717529296875,-0.2929978370666504,0.10812162607908249,0.012933827005326748,nan,nan,nan,nan
1306,1427.1739272475243,3.1999415409137315,446.0,1.0903600489586927,0.357332790301618,0.9147982062780269,1.383710365977935,283.54627976449797,272.3656005859375,247.11936950683594,247.82757568359375,247.75682067871094,-0.0707644522190094,0.3535701036453247,0.01805897243320942,nan,nan,nan,nan
1307,837.6162403624039,2.8983260912193907,289.0,1.0902905988874156,0.35379357338981543,0.9342560553633218,1.3804295419625616,4.899778285571301,223.27992248535156,211.51953125,212.2432861328125,211.6258087158203,-0.6175211071968079,0.2889222204685211,0.014343498274683952,nan,nan,nan,nan
1308,644.8601420745254,2.558968817756053,252.0,1.1427956372031338,0.37843970754541084,0.9007936507936508,1.4317229170960362,-114.58425719957381,188.8743133544922,220.5140380859375,221.5553741455078,221.22105407714844,-0.3343421518802643,0.3474835157394409,0.033940285444259644,nan,nan,nan,nan
1309,916.5612658895552,3.204759670942501,286.0,1.121196282917622,0.3692860160266388,0.9230769230769231,1.3977302122687936,89.78578187780909,242.73486328125,225.4857635498047,226.5946044921875,226.11810302734375,-0.47644543647766113,0.6024815440177917,0.036891013383865356,nan,nan,nan,nan
1310,928.2991822138429,2.8475435037234442,326.0,1.1116514034899252,0.36626492231048796,0.9079754601226994,1.3993135660169034,22.310657334276584,225.03997802734375,234.34373474121094,235.0760040283203,235.9154510498047,0.8394485116004944,0.3822578191757202,0.02493976429104805,nan,nan,nan,nan
1311,1540.0484163630754,3.4685775143312507,444.0,1.073486986486548,0.3500067647637425,0.9234234234234234,1.3768655647392964,400.38142092344015,297.0126647949219,243.01499938964844,243.6874237060547,244.69996643066406,1.0125056505203247,0.8952175378799438,0.035291045904159546,nan,nan,nan,nan
1312,203.90926764719188,1.8206184611356417,112.0,1.0888001528421436,0.3536378280840013,0.8928571428571429,1.3660526905315262,-278.2894885895373,82.88553619384766,191.1901092529297,194.07275390625,192.79998779296875,-1.2728434801101685,0.7012032866477966,0.07471854239702225,nan,nan,nan,nan
1313,1164.926140991971,3.209162922842895,363.0,1.082755718859669,0.3510717988635103,0.9228650137741047,1.385889499707608,185.66555330967117,263.94891357421875,233.5320587158203,234.33482360839844,234.07957458496094,-0.25527217984199524,0.29015859961509705,0.00572342611849308,nan,nan,nan,nan
1314,821.0896942634135,2.964222722972612,277.0,1.0806313836146322,0.3561307937937882,0.9350180505415162,1.3847742202907412,12.137144446926868,224.79708862304688,229.7332305908203,230.76243591308594,230.66285705566406,-0.09954077005386353,0.49237918853759766,0.011995798908174038,nan,nan,nan,nan
1315,1221.010869629681,3.2560289856791496,375.0,1.0987127321856662,0.36257429837106936,0.9333333333333333,1.3900255470909468,217.98636968703545,266.8849792480469,237.67822265625,238.49127197265625,238.54039001464844,0.04910731688141823,0.6830540895462036,0.008278584107756615,nan,nan,nan,nan
1316,969.6932185509941,0.9696932185509941,1000.0,1.1323596924728738,0.38654587567632553,0.879,1.3871337897776885,-1271.035044951339,89.84407806396484,99.8538589477539,100.03850555419922,101.85540771484375,1.8168820142745972,1.3421071767807007,0.30169451236724854,nan,nan,nan,nan
1317,192.63572672381997,1.7047409444585837,113.0,1.0320902862259067,0.3375064236080861,0.9469026548672567,1.3891774253846056,-291.5433555346047,78.49756622314453,194.5226287841797,197.2963409423828,196.9440460205078,-0.35234344005584717,1.0467309951782227,0.054688710719347,nan,nan,nan,nan
1318,1047.5454567708075,3.2532467601577872,322.0,1.0809604147333463,0.35300114765994006,0.922360248447205,1.3769763369033041,149.47823597802335,256.1236267089844,227.8333740234375,228.549072265625,228.40586853027344,-0.14332740008831024,0.39999204874038696,0.012439781799912453,nan,nan,nan,nan
1319,1240.310722898692,3.1479967586261215,394.0,1.0771082544718444,0.3514257118970829,0.9390862944162437,1.3938596895680049,199.6600285438317,259.50689697265625,239.14060974121094,239.82142639160156,241.0242156982422,1.202768325805664,0.6260221600532532,0.03475392237305641,nan,nan,nan,nan
1320,477.23654163628817,2.5796569818177737,185.0,1.0963595768794896,0.3604901215706549,0.9351351351351351,1.3894685535694038,-149.5260141842125,161.989990234375,201.68128967285156,203.1141815185547,201.6767578125,-1.4374641180038452,0.14627645909786224,0.052692268043756485,nan,nan,nan,nan
1321,942.9198730420321,3.218156563283386,293.0,1.0773317202085422,0.35225197164152683,0.9180887372013652,1.3898132864528183,102.28210687841738,245.66624450683594,229.6790313720703,230.6730194091797,230.27490234375,-0.39814624190330505,0.276189386844635,0.0022050051484256983,nan,nan,nan,nan
1322,834.4033909849823,3.160618905246145,264.0,1.1250095560484314,0.3711276066455637,0.9204545454545454,1.4007982265807954,51.19507945053715,233.03965759277344,223.28114318847656,224.2541046142578,223.28448486328125,-0.9695532321929932,0.23216301202774048,0.005291949026286602,nan,nan,nan,nan
1323,1580.8358243620023,3.436599618178266,460.0,1.075943429759625,0.3510497127642536,0.9304347826086956,1.3868470695831467,409.483612575239,292.27001953125,248.290771484375,248.892822265625,248.6821746826172,-0.21068017184734344,0.8691442012786865,0.021478665992617607,nan,nan,nan,nan
1324,1289.1786371096969,3.159751561543375,408.0,1.1289238684185552,0.37210331382674094,0.9387254901960784,1.4211652254686327,220.80337845109966,263.0775451660156,242.24432373046875,242.87367248535156,242.94769287109375,0.07399925589561462,0.5637797117233276,0.026250798255205154,nan,nan,nan,nan
1325,936.379859957844,3.2513189581869586,288.0,1.1098966861047537,0.36283920603387676,0.9270833333333334,1.4052657366659667,105.64372390270682,248.20062255859375,215.467529296875,216.34735107421875,216.1661834716797,-0.1811513900756836,0.6521103978157043,0.027566809207201004,nan,nan,nan,nan
1326,419.7726590745151,2.544076721663728,165.0,1.132290648141986,0.3814157195685601,0.8787878787878788,1.3841961326832233,-167.3833763120756,152.0931396484375,204.13966369628906,205.92982482910156,204.88922119140625,-1.0406156778335571,0.38139665126800537,0.011427014134824276,nan,nan,nan,nan
1327,352.3663329016417,2.3335518735208063,151.0,1.0791972043801819,0.35655559051039715,0.8940397350993378,1.3597321053955802,-207.06513818121198,132.70834350585938,168.0841064453125,169.99913024902344,169.4951171875,-0.5039657950401306,0.7501107454299927,0.02597276121377945,nan,nan,nan,nan
1328,360.6820352310315,2.072885259948457,174.0,1.1333269297130193,0.3783614250141734,0.8908045977011494,1.4010247592837362,-244.29693435081867,126.24128723144531,179.60401916503906,181.2691650390625,180.1909942626953,-1.0781751871109009,1.0167386531829834,0.06367125362157822,nan,nan,nan,nan
1329,598.0520488368347,2.658009105941488,225.0,1.059661357586123,0.34278450919435943,0.9288888888888889,1.3859410316279657,-107.92354785148598,184.49989318847656,204.53564453125,205.9799346923828,205.76416015625,-0.21583114564418793,0.5876472592353821,0.030373774468898773,nan,nan,nan,nan
1330,565.9775420520455,2.66970538703795,212.0,1.076998828118721,0.34408332493401744,0.9433962264150944,1.4013011298769495,-114.25381635423378,181.13174438476562,184.78199768066406,186.14404296875,184.8035888671875,-1.340459942817688,0.5955004692077637,0.06470440328121185,nan,nan,nan,nan
1331,765.4263161690906,2.704686629572758,283.0,1.0695192319988875,0.3470025970031152,0.9540636042402827,1.3742152784844948,-55.40818977756908,211.57357788085938,203.2096405029297,204.13807678222656,203.8053436279297,-0.33275505900382996,0.2576529383659363,0.01893860474228859,nan,nan,nan,nan
1332,1602.071554010734,3.482764247849422,460.0,1.0747623574681506,0.348672589562425,0.9152173913043479,1.3822117442392092,430.71934222397067,301.19281005859375,234.84434509277344,235.46441650390625,234.935302734375,-0.5290169715881348,0.4110984802246094,0.018971716985106468,nan,nan,nan,nan
1333,949.9544911682606,2.9229368959023403,325.0,1.0790600030027886,0.35672936644852876,0.9230769230769231,1.3782719709121243,45.946292310389936,232.7238006591797,236.0326385498047,236.8232879638672,237.90953063964844,1.0861183404922485,0.5643945932388306,0.04418552666902542,nan,nan,nan,nan
1334,718.4168794956058,2.680659998117932,268.0,1.0892774414239839,0.35553353645538205,0.8955223880597015,1.3775191473205124,-72.7127361256214,197.8741912841797,220.624267578125,221.6671600341797,221.24583435058594,-0.4212767779827118,0.1069079041481018,0.009944573044776917,nan,nan,nan,nan
1335,3.119929069187492,0.22285207637053514,14.0,1.0683576565456738,0.36048168116914375,1.0,1.4103271554901782,-285.00687704138267,0.11771995574235916,209.82411193847656,220.85438537597656,218.1616668701172,-2.6927568912506104,0.5475628972053528,0.16098172962665558,nan,nan,nan,nan
1336,1281.3665180504322,3.0149800424716053,425.0,1.1049810157622584,0.3618104475543848,0.8988235294117647,1.386700346623745,179.32571702301152,255.3078155517578,246.5748748779297,247.3852996826172,247.5994110107422,0.21410952508449554,0.43719205260276794,0.030894525349140167,nan,nan,nan,nan
1337,-1.5350145250558853,-0.19187681563198566,8.0,1.2948362355108602,0.4146818224035087,1.0,1.5925792172681104,-277.779864505453,-1.4386160373687744,171.762939453125,193.49424743652344,183.84349060058594,-9.650758743286133,1.0298374891281128,0.2720524072647095,nan,nan,nan,nan
1338,1211.1854010019451,3.1541286484425655,384.0,1.100159843426117,0.36035753782319563,0.9270833333333334,1.3876072093143021,190.33796686404003,263.3234558105469,242.87799072265625,243.4857177734375,243.45042419433594,-0.03526310995221138,0.18182586133480072,0.015164862386882305,nan,nan,nan,nan
1339,1038.1602286845446,3.2749534027903615,317.0,1.0726358188089966,0.35449332476054446,0.9274447949526814,1.3891793014432279,149.99463800023796,255.8831787109375,241.25341796875,242.0491180419922,241.2013702392578,-0.8477039337158203,0.7256840467453003,0.031512413173913956,nan,nan,nan,nan
1340,929.4413300454617,3.0776202981637804,302.0,1.1056238031337207,0.3658163547274622,0.9172185430463576,1.4031669926162047,70.98062968658746,238.73887634277344,240.9053192138672,242.1443634033203,242.8486328125,0.7042441368103027,0.17623528838157654,0.03897782415151596,nan,nan,nan,nan
1341,747.6006012428552,2.8976767490033146,258.0,1.0743820169166267,0.35093578626552124,0.9186046511627907,1.3786729536816937,-23.725754161416944,212.1868438720703,227.37872314453125,228.3948211669922,228.25225830078125,-0.1425897181034088,0.4283302426338196,0.014959843829274178,nan,nan,nan,nan
1342,1798.80848364532,3.4132988304465273,527.0,1.0850844157585624,0.3511861767356238,0.9487666034155597,1.3940268257345827,494.77442840495814,298.3876647949219,253.5196990966797,254.0394744873047,254.25440979003906,0.21498394012451172,0.9240290522575378,0.016587281599640846,nan,nan,nan,nan
1343,807.2776907086372,3.034878536498636,266.0,1.0961539809680203,0.359525521403852,0.9398496240601504,1.394911058765639,20.10872713080107,226.14096069335938,228.2390594482422,229.08168029785156,228.42494201660156,-0.6566693782806396,0.5122314691543579,0.005665085278451443,nan,nan,nan,nan
1344,499.3928713412024,2.5479228129653184,196.0,1.1088776169078738,0.3673644887933232,0.9285714285714286,1.3930509936714117,-149.15327071794877,165.42982482910156,200.0819549560547,201.6290740966797,201.1117706298828,-0.5172941088676453,0.08990386128425598,0.01154959388077259,nan,nan,nan,nan
1345,908.1816700454801,2.9582464822328345,307.0,1.068830587670663,0.3445387068371431,0.9120521172638436,1.3685936998311685,39.81933957812839,233.08497619628906,223.33021545410156,224.2108917236328,224.2355194091797,0.024673784151673317,0.2589685320854187,0.018274111673235893,nan,nan,nan,nan
1346,1387.5665393080562,3.576202420897052,388.0,1.0876012930523853,0.3509070244754278,0.9329896907216495,1.3883307164149357,358.797801083369,296.2425842285156,237.8814239501953,238.68092346191406,237.84527587890625,-0.8356278538703918,0.7629719376564026,0.01777384988963604,nan,nan,nan,nan
1347,846.556842122227,2.850359737785276,297.0,1.1257060802428207,0.37429132217137084,0.9090909090909091,1.3963540188581796,-2.0022281281696905,221.0950927734375,237.35986328125,238.27777099609375,237.6571807861328,-0.6205647587776184,0.2750645875930786,0.011297229677438736,nan,nan,nan,nan
1348,976.9048694428056,2.9603177861903203,330.0,1.0932360611978518,0.35654496691141785,0.9363636363636364,1.4110135346936465,62.99504047645746,237.5025634765625,222.7601776123047,223.7349090576172,223.22755432128906,-0.5074184536933899,0.4841083884239197,0.030135510489344597,nan,nan,nan,nan
1349,535.196829944849,2.6626707957455173,201.0,1.084475425081355,0.35630443756785984,0.9303482587064676,1.3832471840664755,-123.25094222277971,173.61380004882812,205.91217041015625,207.47845458984375,208.0714569091797,0.592994213104248,0.4735485017299652,0.023832084611058235,nan,nan,nan,nan
1350,1300.7783877328038,3.1495844739293073,413.0,1.0774956928258552,0.352779293572502,0.9200968523002422,1.3703618836448737,222.50149896572907,267.1296081542969,255.8701934814453,256.4697265625,256.6404724121094,0.17069561779499054,0.8051475286483765,0.021407628431916237,nan,nan,nan,nan
1351,511.887943983078,2.3919997382386824,214.0,1.1081037756979408,0.3652312261710847,0.9439252336448598,1.4133269040357326,-172.3040664665922,162.50396728515625,207.48805236816406,208.62913513183594,210.1461944580078,1.5170822143554688,0.4393378496170044,0.028438543900847435,nan,nan,nan,nan
1352,1165.9047500910237,3.238624305808399,360.0,1.0775719583373398,0.3536763297427064,0.9222222222222223,1.3628044673895299,192.5851404738105,261.06884765625,255.12782287597656,255.8525848388672,256.39422607421875,0.5416885614395142,0.8193588256835938,0.05039281025528908,nan,nan,nan,nan
1353,1012.6951585789211,3.0781007859541676,329.0,1.0760856260773095,0.351235484493483,0.9422492401215805,1.3782957532499331,100.76565563426834,246.44595336914062,209.80763244628906,210.76121520996094,211.5367431640625,0.7754638195037842,0.6370433568954468,0.006219726521521807,nan,nan,nan,nan
1354,607.0470677912235,2.9757209205452133,204.0,1.0946079501593886,0.35749547380506624,0.9509803921568627,1.3974680386784095,-57.341682441491685,197.88986206054688,182.99021911621094,184.1631317138672,184.3287353515625,0.1656332015991211,0.12917496263980865,0.0048276688903570175,nan,nan,nan,nan
1355,767.146196372807,2.973434869662043,258.0,1.0877727836242546,0.35412489917197415,0.9186046511627907,1.3770624462650387,-4.180159031465109,215.08526611328125,230.68133544921875,231.90576171875,230.95684814453125,-0.9489056468009949,0.24764853715896606,0.009964138269424438,nan,nan,nan,nan
1356,1200.6831143556628,3.363258023405218,357.0,1.0776935758359738,0.3532675774654949,0.9131652661064426,1.401892375709312,233.30448280353608,270.46453857421875,244.46083068847656,245.21388244628906,246.18724060058594,0.973344087600708,0.4813188910484314,0.027363283559679985,nan,nan,nan,nan
1357,534.6725014075637,2.419332585554587,221.0,1.1373365100314543,0.3768292058512624,0.8823529411764706,1.4007653933488073,-163.381791193975,169.90219116210938,213.7677001953125,214.9781036376953,215.2170867919922,0.2389502078294754,0.36644840240478516,0.010598232038319111,nan,nan,nan,nan
1358,647.1638054773211,2.889124131595184,224.0,1.0622396667880445,0.34738576874475424,0.9330357142857143,1.3620475236141163,-56.831465189304026,198.14051818847656,220.8695068359375,221.9919891357422,222.1117401123047,0.11973679810762405,0.22546915709972382,0.006847351789474487,nan,nan,nan,nan
1359,480.0766947194934,2.59500916064591,185.0,1.076557949638915,0.34949724801767806,0.9405405405405406,1.3969488603457212,-146.68586110100728,167.65469360351562,189.50042724609375,191.0144805908203,189.71498107910156,-1.2995084524154663,0.9287477731704712,0.02867274358868599,nan,nan,nan,nan
1360,613.791337274015,2.828531508175184,217.0,1.0774535600390953,0.3504855114224148,0.9262672811059908,1.3649219030629764,-76.34165124074173,191.95675659179688,204.28428649902344,205.5621337890625,204.9755859375,-0.5865576863288879,0.1658840775489807,0.00833139382302761,nan,nan,nan,nan
1361,980.5722983703017,3.0932880074772924,317.0,1.0806191643102505,0.3515494770443291,0.8990536277602523,1.396583304344108,92.40670768599512,240.36605834960938,226.5103759765625,227.32090759277344,226.98570251464844,-0.3352137506008148,0.3217400014400482,0.003449999261647463,nan,nan,nan,nan
1362,397.6227993220091,1.8844682432322706,211.0,1.0886847324332278,0.3518304859665421,0.9052132701421801,1.3756023684974832,-280.6282330625745,127.18931579589844,177.2424774169922,178.5400390625,177.66383361816406,-0.8762478232383728,1.0753473043441772,0.02391836792230606,nan,nan,nan,nan
1363,1647.3192218840122,3.26201826115646,505.0,1.1081185790688768,0.36553447888015306,0.9168316831683169,1.403433323042525,386.85233912095146,282.6363220214844,265.0397033691406,265.5175476074219,266.9842834472656,1.4668115377426147,0.7742469906806946,0.01760317012667656,nan,nan,nan,nan
1364,552.8400237411261,2.6967806036152493,205.0,1.1025685757397072,0.3614754182210843,0.8731707317073171,1.3729653214827882,-113.52905251328457,180.036376953125,202.60389709472656,204.1361846923828,203.31773376464844,-0.8185198903083801,0.23260891437530518,0.003121783025562763,nan,nan,nan,nan
1365,935.1506500728428,2.8424031917107686,329.0,1.0874207927020914,0.3585130692580658,0.9331306990881459,1.395366778099909,23.22114712819007,227.7947540283203,235.22430419921875,235.84129333496094,235.79261779785156,-0.04860767722129822,0.17032913863658905,0.01298719272017479,nan,nan,nan,nan
1366,1150.742929790169,3.07685275344965,374.0,1.064317788918298,0.3469803506618348,0.9037433155080213,1.358532650973,149.69875586921876,254.18959045410156,242.9173126220703,243.6116180419922,243.7459259033203,0.13423587381839752,0.264107882976532,0.02529631182551384,nan,nan,nan,nan
1367,1342.5250089243054,3.3396144500604614,402.0,1.1092177561539958,0.36426066566968124,0.917910447761194,1.3824541060338182,286.0317063958812,277.7922058105469,258.4818115234375,259.1737976074219,260.3668212890625,1.1929309368133545,0.44984200596809387,0.03277106583118439,nan,nan,nan,nan
1368,1268.913854593411,3.3747708898760935,376.0,1.0702288564919635,0.3484392133067694,0.9281914893617021,1.3953422833342053,263.9090286290698,274.5408020019531,230.3458709716797,231.1618194580078,230.4019317626953,-0.7598469853401184,0.31295880675315857,0.0019385127816349268,nan,nan,nan,nan
1369,1167.2380136735737,3.0161188983813276,387.0,1.0839814700132713,0.3529791370851482,0.9354005167958657,1.3858680673701738,140.44960147058214,250.18836975097656,256.89141845703125,257.53411865234375,257.5528869628906,0.018817491829395294,0.5048940777778625,0.0058125280775129795,nan,nan,nan,nan
1370,1270.4630184806883,3.0249119487635436,420.0,1.0968907916914228,0.3591638237036513,0.9023809523809524,1.3835848673476188,178.3238475617452,257.911376953125,256.2145080566406,256.84552001953125,257.0122375488281,0.16657410562038422,0.2803151309490204,0.023112455382943153,nan,nan,nan,nan
1371,2283.0469463802874,3.506984556651747,651.0,1.0931709779948455,0.35139260445531,0.9262672811059908,1.4024335054720307,733.4524644496837,317.2435302734375,263.1485290527344,263.5706787109375,264.530517578125,0.9598555564880371,0.5046361088752747,0.024980036541819572,nan,nan,nan,nan
1372,886.9511368926615,2.879711483417732,308.0,1.0595207168365515,0.3464582920561039,0.9025974025974026,1.3608747030807125,16.608480403614294,226.19158935546875,241.3461151123047,242.16502380371094,241.878173828125,-0.2868674099445343,0.5625896453857422,0.022041069343686104,nan,nan,nan,nan
1373,597.6535226069391,2.819120389655373,212.0,1.0969382025198045,0.3574538015172547,0.9433962264150944,1.3976884002866958,-82.57783579934016,192.4917755126953,208.4622039794922,209.5276336669922,208.2449188232422,-1.282742977142334,0.10652320086956024,0.01578696444630623,nan,nan,nan,nan
1374,1045.6024683490396,3.1975610652875828,327.0,1.119813505323355,0.3682003173542567,0.9235474006116208,1.4056590315357167,137.63361744777785,256.1548156738281,243.6099395751953,244.3125457763672,243.68446350097656,-0.6282176375389099,0.4392866790294647,0.024790778756141663,nan,nan,nan,nan
1375,1158.9327935121728,3.311236552891922,350.0,1.0942746593372281,0.3603015163378967,0.8942857142857142,1.3865973509418246,205.41644411191464,267.1607971191406,266.193603515625,267.08270263671875,268.7137756347656,1.631172776222229,0.4346323609352112,0.010135139338672161,nan,nan,nan,nan
1376,444.8057834431529,2.257897377884025,197.0,1.105447181332613,0.36347594994530813,0.9441624365482234,1.3926317235065018,-205.7206846376937,146.6351776123047,193.47576904296875,194.9316864013672,194.2767333984375,-0.6549283266067505,0.3889079689979553,0.0300807673484087,nan,nan,nan,nan
1377,836.8918928410858,2.9159996266239925,287.0,1.0363335354347283,0.33342882838956345,0.9198606271777003,1.3702890082996,8.136082807644016,222.8109893798828,219.1498260498047,220.0940704345703,220.41310119628906,0.31903067231178284,0.3571227788925171,0.0052347565069794655,nan,nan,nan,nan
1378,1501.6507039889693,3.4441529908003883,436.0,1.082567357788532,0.354080966555062,0.9380733944954128,1.4022290089524756,377.8263167228981,293.13629150390625,249.8939666748047,250.48779296875,250.49778747558594,0.009907270781695843,0.31145763397216797,0.0142819220200181,nan,nan,nan,nan
1379,347.12353636790067,2.018160095162213,172.0,1.1054925362005181,0.3656136901022823,0.9186046511627907,1.3835451048609548,-253.89478117055853,121.36984252929688,180.0770263671875,182.06663513183594,181.9213409423828,-0.1452585607767105,0.1766931265592575,0.017477409914135933,nan,nan,nan,nan
1380,1093.5554161388427,3.3544644666835666,326.0,1.1118831398017957,0.36231984425808567,0.8895705521472392,1.390962287749711,187.56689125927642,266.1656188964844,239.0348358154297,239.88677978515625,239.391845703125,-0.49499842524528503,0.13078778982162476,0.011162539944052696,nan,nan,nan,nan
1381,1025.9095481038094,3.2363077227249506,317.0,1.0818991302345506,0.3511778700883896,0.9369085173501577,1.383033581074777,137.74395741950275,252.62648010253906,250.1550750732422,251.13502502441406,251.1937713623047,0.058772291988134384,0.4019841253757477,0.019365975633263588,nan,nan,nan,nan
1382,906.7261839706916,3.084102666566978,294.0,1.0854661370874534,0.3573861546049757,0.9523809523809523,1.3822193405799936,64.10809178538148,239.34762573242188,237.7158966064453,238.7230987548828,238.5416717529297,-0.18154318630695343,0.2820025086402893,0.001728494418784976,nan,nan,nan,nan
1383,973.74225692451,3.1209687721939425,312.0,1.0923480497038174,0.358398027879724,0.907051282051282,1.3736891526576973,95.47829634868071,243.084228515625,239.2329559326172,240.21185302734375,240.0460968017578,-0.1657295972108841,0.26351621747016907,0.00469592958688736,nan,nan,nan,nan
1384,852.0891780522652,2.918113623466662,292.0,1.0916229606823642,0.35004072736269104,0.9246575342465754,1.3922624637513468,13.4317379103461,222.76107788085938,225.989990234375,226.87242126464844,226.7549591064453,-0.11746422201395035,0.06843061745166779,0.01728295348584652,nan,nan,nan,nan
1385,3.7896390184760094,0.27068850131971495,14.0,1.2050200782109408,0.39786796744114594,0.7142857142857143,1.352555539490875,-284.33716709209415,0.8491255640983582,208.61553955078125,218.3573455810547,216.4763946533203,-1.8809255361557007,0.07654070854187012,0.03949354961514473,nan,nan,nan,nan
1386,1511.3668366982602,3.3290018429477097,454.0,1.0882006739709205,0.35683810495254437,0.9162995594713657,1.3778705592813756,351.89658104167006,287.06658935546875,245.7841339111328,246.3459014892578,246.72515869140625,0.3792571723461151,0.2479928582906723,0.03339467942714691,nan,nan,nan,nan
1387,926.412252811715,2.9884266219732742,310.0,1.1046104722026922,0.36739953416825266,0.9129032258064517,1.4100277228404512,52.108944279276784,232.01260375976562,237.42181396484375,238.27825927734375,237.97776794433594,-0.30032584071159363,0.261736661195755,0.007406409364193678,nan,nan,nan,nan
1388,673.6406830176711,2.673177313562187,252.0,1.0895306813791101,0.3581598963908272,0.9166666666666666,1.388365694816232,-85.80371625642806,196.49549865722656,228.6958770751953,229.72923278808594,229.1014404296875,-0.6277312636375427,0.17756223678588867,0.00485458318144083,nan,nan,nan,nan
1389,738.2793342657387,2.9413519293455725,251.0,1.112107717773201,0.36298812096654026,0.8924302788844621,1.392997613837619,-19.184738986665025,212.17616271972656,230.8389434814453,231.84027099609375,231.0950164794922,-0.7452923655509949,0.3956594169139862,0.017357194796204567,nan,nan,nan,nan
1390,745.1311092078686,2.811815506444787,265.0,1.0530867084705977,0.3410352006698842,0.9471698113207547,1.3786234015673446,-40.05752834827217,210.36355590820312,220.23805236816406,221.2530059814453,220.2829132080078,-0.9700762629508972,0.4750324785709381,0.04370901361107826,nan,nan,nan,nan
1391,911.9477166775614,3.1886283799914734,286.0,1.0901861806533997,0.3549712578924321,0.965034965034965,1.3934680621481306,85.17223266581527,241.08233642578125,227.8900909423828,228.94139099121094,228.38246154785156,-0.558935821056366,0.29767435789108276,0.013607710599899292,nan,nan,nan,nan
1392,829.9729420170188,2.912185761463224,285.0,1.114238448120885,0.3688194143348945,0.9368421052631579,1.4153368197383729,5.177784026968084,219.5540008544922,230.6095428466797,231.9499053955078,231.96466064453125,0.014754409901797771,0.20796780288219452,0.011379375122487545,nan,nan,nan,nan
1393,169.00268881674856,1.4824797264627068,114.0,1.0989541846904722,0.35174274591665045,0.9210526315789473,1.3951715601721144,-317.1567194633716,66.79703521728516,204.55499267578125,207.48512268066406,206.49925231933594,-0.9858796000480652,1.3190356492996216,0.0403343066573143,nan,nan,nan,nan
1394,495.71658347395714,2.4785829173697858,200.0,1.1009010174184528,0.3645984077765025,0.925,1.3888535893792966,-160.75086267197605,161.55612182617188,217.8207244873047,219.2520294189453,218.91943359375,-0.3326500952243805,0.4100089371204376,0.019307143986225128,nan,nan,nan,nan
1395,1284.5063640102744,3.187360704740135,403.0,1.079430228389829,0.3545839168916168,0.9230769230769231,1.3730001197017754,226.03273546015475,267.6890563964844,244.98899841308594,245.5661163330078,245.4704132080078,-0.09562790393829346,0.7032366394996643,0.015818089246749878,nan,nan,nan,nan
1396,825.5294146388769,3.046234002357479,271.0,1.0923584246655915,0.3557743241929284,0.9114391143911439,1.3922691826970495,28.4588209525632,230.27735900878906,221.23236083984375,222.2675018310547,221.48548889160156,-0.7819523811340332,0.2552129626274109,0.02503274381160736,nan,nan,nan,nan
1397,1461.3153262548149,3.3287365062752046,439.0,1.1017485842761063,0.36361428914007954,0.9111617312072893,1.4066001872014506,331.5499609236572,285.9117126464844,241.56298828125,242.1960906982422,242.0030517578125,-0.19300206005573273,0.3340388238430023,0.0026207841001451015,nan,nan,nan,nan
1398,316.05167949572206,2.1500114251409665,147.0,1.0773972924074624,0.35641878221369855,0.9319727891156463,1.3614641707513542,-235.45848750034963,121.15016174316406,167.9061737060547,169.35264587402344,169.6575927734375,0.3049202263355255,0.831957221031189,0.0559309646487236,nan,nan,nan,nan
1399,193.72124585323036,1.1812271088611608,164.0,1.0815374586211475,0.35712921393777775,0.8780487804878049,1.3803383167415548,-391.4544635116648,62.444454193115234,186.45127868652344,188.99159240722656,188.20448303222656,-0.7870295643806458,1.5193259716033936,0.10447584092617035,nan,nan,nan,nan
1400,1736.8736131191254,3.5591672399982075,488.0,1.0730443134203678,0.3464224352091911,0.9426229508196722,1.379749762866515,510.0722727248881,306.282958984375,252.0113983154297,252.6344451904297,252.7177276611328,0.0832940861582756,0.46675461530685425,0.014174931682646275,nan,nan,nan,nan
1401,496.96601370722055,2.5099293621576795,198.0,1.0926880076925167,0.3557442009804915,0.9141414141414141,1.3858019442531537,-155.5407803953217,166.9856414794922,218.6067352294922,220.1617431640625,219.3229217529297,-0.8388016223907471,0.3978833556175232,0.006444311235100031,nan,nan,nan,nan
1402,873.0613954421133,3.000210980900733,291.0,1.078586115119914,0.3554016957095507,0.9003436426116839,1.375106557109485,36.3842813218896,228.17453002929688,232.92893981933594,233.91412353515625,233.83148193359375,-0.0825946182012558,0.5549514889717102,0.03491775318980217,nan,nan,nan,nan
1403,726.6485908031464,2.9182674329443627,249.0,1.091585750402944,0.36055314882005124,0.8714859437751004,1.3949379183764483,-26.854830405866323,209.66542053222656,224.5682373046875,225.7910614013672,225.4746856689453,-0.31631526350975037,0.21725580096244812,0.019993122667074203,nan,nan,nan,nan
1404,623.9971202462912,2.621836639690299,238.0,1.109679032087672,0.36450743709960876,0.9117647058823529,1.3847446226176725,-107.72271472407101,184.9490966796875,226.7856903076172,227.84071350097656,227.7908172607422,-0.04994078353047371,0.1363271325826645,0.0010787114733830094,nan,nan,nan,nan
1405,860.1144007109106,2.8386613884848533,303.0,1.09292945120306,0.35725677151938173,0.9273927392739274,1.3903188322249804,-0.3266256696590517,220.29527282714844,221.86358642578125,222.7284393310547,222.5325927734375,-0.19581866264343262,0.10870052129030228,0.03251587972044945,nan,nan,nan,nan
1406,818.0383694730699,2.9639071357719926,276.0,1.0659634419116641,0.3519530225830442,0.9384057971014492,1.3690111078333678,11.066145678278644,222.3577117919922,233.03944396972656,233.9220733642578,234.3015594482422,0.3794630467891693,0.36326631903648376,0.005112043581902981,nan,nan,nan,nan
1407,1193.9915246926248,3.3258816843805703,359.0,1.1021513971126409,0.36064961228699977,0.9220055710306406,1.3883486613800655,222.6522410971072,269.689697265625,243.1719207763672,243.9960479736328,244.89222717285156,0.8961965441703796,0.5619939565658569,0.02871742472052574,nan,nan,nan,nan
1408,1758.5935793332756,3.618505307270114,486.0,1.0584470296039852,0.33992041139234047,0.9300411522633745,1.379497606214051,535.7528909824293,312.2625427246094,255.05609130859375,255.7075653076172,255.9622039794922,0.25471386313438416,0.46609899401664734,0.014676716178655624,nan,nan,nan,nan
1409,581.3375143520534,2.527554410226319,230.0,1.092100863783564,0.3620279334738186,0.9347826086956522,1.4045133666257283,-134.53971244474474,177.37966918945312,224.90814208984375,226.1610565185547,226.66455078125,0.5035438537597656,0.5169536471366882,0.03964519873261452,nan,nan,nan,nan
1410,703.1416778604034,2.7682743222850528,254.0,1.085174487548384,0.34932263671060576,0.937007874015748,1.4170346805732577,-60.2633734570868,203.59951782226562,203.77159118652344,204.6705322265625,204.40013122558594,-0.27042117714881897,0.5190030336380005,0.018284155055880547,nan,nan,nan,nan
1411,706.0576027184725,2.684629668131074,263.0,1.0679399714005213,0.3454147630502619,0.935361216730038,1.3723659649952167,-75.1703827942772,199.87939453125,204.6166534423828,205.7080841064453,204.8238525390625,-0.8842323422431946,0.6933324337005615,0.11146172881126404,nan,nan,nan,nan
1412,558.2240633442998,2.5145228078572064,222.0,1.0942178249450838,0.3643503460949684,0.9099099099099099,1.3831052158993808,-141.81055527893432,172.11465454101562,234.2034912109375,235.1173858642578,234.1954345703125,-0.9219569563865662,0.27474817633628845,0.024439897388219833,nan,nan,nan,nan
1413,704.9606055492768,2.8086079902361627,251.0,1.0925913021192766,0.3643063447257837,0.9322709163346613,1.3894608875860484,-52.503467703126944,204.7071075439453,223.77452087402344,224.80091857910156,224.50970458984375,-0.29121527075767517,0.15234775841236115,0.017414012923836708,nan,nan,nan,nan
1414,3402.4395320788026,3.670377057258687,927.0,1.0739484109496598,0.34964346134532853,0.941747572815534,1.3913552841210206,1306.275068160241,344.3973083496094,282.7591247558594,283.0180358886719,284.19366455078125,1.1756833791732788,0.8520416021347046,0.02345873787999153,nan,nan,nan,nan
1415,350.0637975372374,2.258476113143467,155.0,1.0901653600367713,0.35526011857950196,0.9225806451612903,1.3915117281541503,-217.2889776323982,130.59005737304688,178.1770477294922,179.834716796875,177.26031494140625,-2.574390172958374,0.8624287247657776,0.031237049028277397,nan,nan,nan,nan
1416,623.3050076067448,2.3881417915967234,261.0,1.102724234565349,0.36517629537579455,0.9080459770114943,1.3824686200388405,-153.96232586261385,176.97401428222656,223.93646240234375,225.0806884765625,226.11900329589844,1.0382884740829468,0.463228315114975,0.02741912566125393,nan,nan,nan,nan
1417,1158.5083916503936,3.1566986148512086,367.0,1.0702390602735878,0.3471471220543557,0.9264305177111717,1.3830745899190406,171.32649988131197,259.5751953125,235.38816833496094,236.05885314941406,236.48097229003906,0.42210546135902405,0.534544050693512,0.016772573813796043,nan,nan,nan,nan
1418,376.54958438966423,2.202044353155931,171.0,1.1159004371224193,0.3680675998835036,0.9005847953216374,1.4202014006126493,-222.48840712709944,131.23707580566406,181.3182373046875,182.62290954589844,182.11863708496094,-0.5042448043823242,0.1657191514968872,0.01994696632027626,nan,nan,nan,nan
1419,736.5341367600486,2.922754510952574,252.0,1.105871197265664,0.365074342258229,0.9246031746031746,1.403887274960926,-22.9102625140506,211.8177947998047,210.8253173828125,211.92771911621094,211.04078674316406,-0.886871874332428,0.3429349362850189,0.01552528515458107,nan,nan,nan,nan
1420,779.5049296126235,2.624595722601426,297.0,1.1028517334263823,0.36194897018388433,0.9158249158249159,1.3944036439647576,-69.05414063777312,207.04443359375,179.9832763671875,180.8124542236328,180.34765625,-0.46475040912628174,0.4606795012950897,0.01872558891773224,nan,nan,nan,nan
1421,1522.9173620343208,3.289238362925099,463.0,1.0993218250124857,0.3622858867593809,0.9287257019438445,1.3952875374081168,345.62417218247106,284.81060791015625,244.95440673828125,245.6171112060547,245.83441162109375,0.21741501986980438,0.8707407116889954,0.020621072500944138,nan,nan,nan,nan
1422,851.8013161960989,3.0862366528844163,276.0,1.098926921784964,0.35888232990115454,0.9021739130434783,1.3844658273922037,44.82909240130766,229.80332946777344,228.294189453125,229.2992706298828,228.44361877441406,-0.8556420207023621,0.38058438897132874,0.0052290200255811214,nan,nan,nan,nan
1423,1000.9813602641225,3.177718604013087,315.0,1.085843017375524,0.35836220412864966,0.946031746031746,1.3973476790993387,116.77642162320672,248.87635803222656,249.88780212402344,250.7405548095703,251.8677520751953,1.1271549463272095,0.3727496564388275,0.007499773520976305,nan,nan,nan,nan
1424,1022.0875494889915,3.0972349984514893,330.0,1.099084370799231,0.3557496609309726,0.9212121212121213,1.4058657900953129,108.17772052264331,249.2543487548828,240.43695068359375,241.16639709472656,240.3003692626953,-0.8660366535186768,0.19464458525180817,0.016674451529979706,nan,nan,nan,nan
1425,353.3353941440582,2.194629777292287,161.0,1.105064914283907,0.3683355906167199,0.9192546583850931,1.4167176780645205,-225.89933715575046,126.4665298461914,184.7633514404297,187.0556640625,188.50347900390625,1.4477828741073608,0.9645639657974243,0.010358475148677826,nan,nan,nan,nan
1426,386.54685052856803,2.4464990539782785,158.0,1.1207596970190663,0.36376629645674874,0.9493670886075949,1.4265533856925747,-186.74690270615417,142.01637268066406,185.7939453125,187.6321563720703,188.2325897216797,0.6003668904304504,0.29846468567848206,0.018140608444809914,nan,nan,nan,nan
1427,220.82442088983953,1.9370563235950835,114.0,1.0857899807121578,0.353829154181049,0.8771929824561403,1.3791274222072818,-265.3349873902806,88.72097778320312,205.4234619140625,208.4384765625,207.91119384765625,-0.5272614359855652,0.066041961312294,0.0604884959757328,nan,nan,nan,nan
1428,1350.7653736919165,3.2548563221491964,415.0,1.089511161927442,0.35627435549647624,0.9036144578313253,1.369661761591255,268.5278328814509,273.5837707519531,255.0538330078125,255.61578369140625,255.7388916015625,0.12311702966690063,0.5589362978935242,0.014026143588125706,nan,nan,nan,nan
1429,1074.0551852360368,2.991797173359434,359.0,1.0736630012065058,0.34908653697257946,0.9192200557103064,1.3803085204136372,102.71590164051918,241.86500549316406,245.6839141845703,246.3441925048828,247.360107421875,1.0160082578659058,0.07041554898023605,0.005736855790019035,nan,nan,nan,nan
1430,1175.7231439501047,3.05382634792235,385.0,1.0739194789416238,0.3518217855921313,0.9168831168831169,1.3705895657241165,152.89538379050396,253.0646514892578,231.01210021972656,231.6607208251953,231.76776123046875,0.10697133094072342,0.04372789338231087,0.0037906356155872345,nan,nan,nan,nan
1431,873.959559418261,2.9327501993901377,298.0,1.1212486767650636,0.36969882469601884,0.9228187919463087,1.4139330136882498,23.42016314616876,224.9076690673828,233.71156311035156,234.77618408203125,234.7690887451172,-0.007156756240874529,0.506253182888031,0.03353535011410713,nan,nan,nan,nan
1432,405.8480569124222,2.5052349192124828,162.0,1.13391652806394,0.37654971878174615,0.9259259259259259,1.3998029525146363,-175.36700040908204,144.90234375,211.1983184814453,213.06541442871094,212.8546142578125,-0.21085111796855927,0.3856031596660614,0.010451694019138813,nan,nan,nan,nan
1433,1435.7503577917814,3.4022520326819463,422.0,1.0728454011574087,0.350928360171466,0.9123222748815166,1.3869382002714319,339.6505348294472,284.6790466308594,263.3476867675781,263.9224853515625,265.0451965332031,1.1226593255996704,0.4236365556716919,0.013416817411780357,nan,nan,nan,nan
1434,483.6752854511142,2.519142111724553,192.0,1.0801738307757953,0.3553205642682668,0.9166666666666666,1.3849536785870986,-156.949552521255,158.6057891845703,198.63893127441406,200.38499450683594,200.46630859375,0.0813489630818367,0.8682441711425781,0.0038692057132720947,nan,nan,nan,nan
1435,578.2481804164127,2.8485132040217374,203.0,1.0788180964239156,0.3531042321721605,0.9359605911330049,1.390485068054405,-84.16024379460703,190.00392150878906,202.8148956298828,204.2829132080078,203.47621154785156,-0.8066761493682861,0.4265953302383423,0.04023199900984764,nan,nan,nan,nan
1436,658.7242794930935,2.8150610234747586,234.0,1.1035641400407907,0.36366149765821415,0.9273504273504274,1.4057564684365216,-65.07425139048667,196.66671752929688,215.8167724609375,217.04811096191406,217.68426513671875,0.6361319422721863,0.14178025722503662,0.010565054602921009,nan,nan,nan,nan
1437,664.7682586368173,2.7814571491080224,239.0,1.120092786911179,0.3715197779466752,0.9163179916317992,1.414715172167267,-68.93190235524037,198.36123657226562,231.7499237060547,232.7881622314453,231.9818572998047,-0.8063082098960876,0.5143921375274658,0.055857833474874496,nan,nan,nan,nan
1438,969.77129283268,2.724076665260337,356.0,1.092174297562366,0.3580788389780663,0.9241573033707865,1.3950057463634729,4.37298730224893,224.18521118164062,250.2484130859375,250.8863525390625,251.51806640625,0.6316211223602295,0.19448751211166382,0.019471431151032448,nan,nan,nan,nan
1439,815.2561294808984,2.744970132932318,297.0,1.0959694365782022,0.3625402652618541,0.898989898989899,1.3847212917889273,-33.302940769498264,211.91725158691406,244.1290740966797,244.9627685546875,245.1047821044922,0.14203853905200958,0.27821749448776245,0.018218662589788437,nan,nan,nan,nan
1440,515.3569110445678,2.230982298894233,231.0,1.1345527062006564,0.3754397704123054,0.922077922077922,1.3917693846843573,-202.50064177392585,160.8555908203125,213.9706573486328,215.020263671875,213.5649871826172,-1.4552425146102905,0.10014306753873825,0.007839720696210861,nan,nan,nan,nan
1441,519.4478637985885,2.461838217054922,211.0,1.0578276112322227,0.3428198238786922,0.943127962085308,1.3716516268355072,-158.80316858599508,166.3075714111328,205.5004425048828,206.72607421875,206.0618896484375,-0.6642031669616699,0.2022179365158081,0.023376448079943657,nan,nan,nan,nan
1442,906.1279777754098,2.8857578910044897,314.0,1.0935226194952437,0.3566204088006832,0.9235668789808917,1.4151407228259665,23.903365156189693,231.84568786621094,207.53443908691406,208.4192352294922,207.772705078125,-0.6465068459510803,0.3683536946773529,0.022824648767709732,nan,nan,nan,nan
1443,824.2789468988776,3.0083173244484587,274.0,1.074987492904108,0.3547099582779979,0.9233576642335767,1.3753500602901911,21.267375147477424,218.83282470703125,228.72021484375,229.9910430908203,229.6413116455078,-0.34978607296943665,0.23743899166584015,0.01384385023266077,nan,nan,nan,nan
1444,939.5516165252775,3.0804971033615653,305.0,1.0849257321739476,0.355206797430877,0.9147540983606557,1.3744930031443015,75.14993810131682,240.82400512695312,244.3829345703125,245.29296875,245.5845489501953,0.29158154129981995,0.30611059069633484,0.02376653254032135,nan,nan,nan,nan
1445,765.0879076048732,2.9654570062204386,258.0,1.0744560064110789,0.3516636181521256,0.9108527131782945,1.3818860112344338,-6.238447799398955,218.12779235839844,232.4647216796875,233.67877197265625,233.54852294921875,-0.13024355471134186,0.540046215057373,0.020799780264496803,nan,nan,nan,nan
1446,739.8422798737884,2.651764443992073,279.0,1.1169847324437738,0.3682759779819002,0.931899641577061,1.3838040444973905,-73.07092198608939,200.0529022216797,227.267578125,228.10113525390625,227.31590270996094,-0.7852627635002136,0.48815128207206726,0.04191920533776283,nan,nan,nan,nan
1447,924.6576340869069,3.0021351756068406,308.0,1.0883016252342192,0.3551560274602931,0.9025974025974026,1.3947325083147992,54.31497759785975,236.01329040527344,224.8903045654297,225.88441467285156,224.87196350097656,-1.0124343633651733,0.4965370297431946,0.04322238638997078,nan,nan,nan,nan
1448,1176.929280243814,3.010049310086481,391.0,1.0924872382214974,0.35590331415718823,0.907928388746803,1.3990451649494733,142.21956395404027,246.36016845703125,244.8473358154297,245.52784729003906,246.28985595703125,0.761958122253418,0.3042343258857727,0.027821136638522148,nan,nan,nan,nan
1449,1070.5233764951117,3.0155588070284836,355.0,1.0866896446677852,0.3546258531807607,0.9098591549295775,1.3710808418965006,107.10539698637604,248.52748107910156,229.1468505859375,229.8570556640625,229.645751953125,-0.21140317618846893,0.1247791051864624,0.009795475751161575,nan,nan,nan,nan
1450,1033.6747702471912,3.2302336570224726,320.0,1.0981478274541305,0.3607054675024907,0.8875,1.3813992132159687,139.5682014977981,250.0507354736328,254.1454620361328,255.2895050048828,256.5265197753906,1.2369952201843262,0.4119317829608917,0.023072635754942894,nan,nan,nan,nan
1451,748.560915492475,2.6544713315335993,282.0,1.0849093959038858,0.3556004859822616,0.9219858156028369,1.389138298752366,-70.2932644324892,202.9258270263672,240.03163146972656,241.21253967285156,240.0551300048828,-1.1573879718780518,0.26642271876335144,0.004517544526606798,nan,nan,nan,nan
1452,174.96959532797337,1.620088845629383,108.0,1.1005266507197797,0.3554892373971216,0.8981481481481481,1.4066231442664898,-299.3078568219738,69.9100112915039,193.03794860839844,197.085205078125,195.71534729003906,-1.369834542274475,1.7404643297195435,0.05624856427311897,nan,nan,nan,nan
1453,1276.8923035226762,3.2740828295453235,390.0,1.0984528631439414,0.3575821946693473,0.8948717948717949,1.396396448941312,244.16291325459792,269.3473815917969,237.3367919921875,238.0140838623047,237.8878631591797,-0.12621724605560303,0.4917096793651581,0.006397379096597433,nan,nan,nan,nan
1454,1419.0654288232327,3.354764607147122,423.0,1.094706364571905,0.35560949890078686,0.9290780141843972,1.3989664788186975,320.98527983920303,279.47772216796875,236.1387939453125,236.9866180419922,236.3399658203125,-0.6467065811157227,0.32853183150291443,0.008060463704168797,nan,nan,nan,nan
1455,2717.486188393086,3.7073481424189443,733.0,1.076931551002221,0.3508836993648619,0.9181446111869032,1.3938719804448836,1005.5049726834513,336.5089416503906,268.648681640625,269.0106201171875,270.3763732910156,1.3656538724899292,1.257049560546875,0.04169882833957672,nan,nan,nan,nan
1456,355.6054105996154,1.9755856144423078,180.0,1.0744320395266713,0.34913778526415284,0.9111111111111111,1.3855608277680302,-261.2555151124077,123.06653594970703,181.10520935058594,182.5500030517578,181.3779296875,-1.1720472574234009,1.2420762777328491,0.016280679032206535,nan,nan,nan,nan
1457,1278.0450029335916,3.345667546946575,382.0,1.089059393438383,0.3576879229164564,0.9162303664921466,1.3780722323367978,261.15822083907733,275.7413635253906,248.2428436279297,248.97698974609375,248.5836944580078,-0.3933342397212982,0.3732714056968689,0.008401870727539062,nan,nan,nan,nan
1458,708.7488443888724,2.928714233011869,242.0,1.1449841435352635,0.38195142358671047,0.8801652892561983,1.3963230212273345,-30.892294668271802,208.61911010742188,217.019775390625,218.25291442871094,218.11021423339844,-0.14270679652690887,0.32944878935813904,0.005007320549339056,nan,nan,nan,nan
1459,958.6438962519169,2.8112724230261494,341.0,1.069144718179816,0.34708705466110457,0.9296187683284457,1.3807344518510483,22.950481046918185,225.80599975585938,229.7838592529297,230.69384765625,231.1356658935547,0.44179412722587585,0.27261048555374146,0.029595615342259407,nan,nan,nan,nan
1460,901.9971708878875,3.1538362618457603,286.0,1.1038313288817614,0.3658889113537482,0.9230769230769231,1.4092206756169834,75.22168687614135,235.9238739013672,239.43812561035156,240.4525604248047,240.27008056640625,-0.18246035277843475,0.6289284229278564,0.013076381757855415,nan,nan,nan,nan
1461,709.9827643148601,2.6491894190852987,268.0,1.077950611045863,0.3553671594458662,0.917910447761194,1.372647717255397,-81.14685130636713,198.97357177734375,221.84471130371094,223.01576232910156,223.16099548339844,0.14517349004745483,0.31993386149406433,0.011673794128000736,nan,nan,nan,nan
1462,1140.5901553714648,3.212930015130887,355.0,1.1121068929014624,0.3612886221161327,0.923943661971831,1.3992153976871364,177.1721758627291,258.0054931640625,245.2848663330078,246.10552978515625,246.03001403808594,-0.07548866420984268,0.6377259492874146,0.008814247325062752,nan,nan,nan,nan
1463,472.879037133418,2.251804938730562,210.0,1.0431111088548748,0.3371007480041404,0.9238095238095239,1.3738653842287691,-203.39166922947015,154.5806884765625,188.424560546875,189.626220703125,189.30189514160156,-0.32427671551704407,1.0384351015090942,0.040132034569978714,nan,nan,nan,nan
1464,1038.343415282201,1.038343415282201,1000.0,1.1313872499615925,0.38608598779552267,0.888,1.371895441783908,-1202.384848220132,93.23927307128906,95.2886734008789,95.47528076171875,96.90606689453125,1.4308220148086548,0.9051673412322998,0.12949517369270325,nan,nan,nan,nan
1465,885.7942380867898,3.012905571723775,294.0,1.1224068240806204,0.3704187319783732,0.9115646258503401,1.4048665544533419,43.176145901479686,231.1345977783203,240.7442626953125,241.7090606689453,241.43243408203125,-0.2766745388507843,0.2930184602737427,0.006530918646603823,nan,nan,nan,nan
1466,600.7740428596735,2.888336744517661,208.0,1.0925053553979098,0.35668855234759506,0.9182692307692307,1.3875545119045563,-71.53601145982361,192.19459533691406,208.7216033935547,210.1194305419922,208.98779296875,-1.1316152811050415,0.3012905716896057,0.013210748322308064,nan,nan,nan,nan
1467,1590.0201145112514,3.4490674935168144,461.0,1.1043372358775867,0.3638643376670085,0.8893709327548807,1.3953179028013754,416.68757670279274,297.8290100097656,260.0723876953125,260.68389892578125,260.7982177734375,0.11438214778900146,0.6485271453857422,0.012660461477935314,nan,nan,nan,nan
1468,510.2406701669097,2.4297174769852843,210.0,1.1266501017614647,0.37488330869671205,0.9047619047619048,1.3844331849434197,-166.03003619597848,161.9459686279297,223.8168487548828,225.41087341308594,225.61932373046875,0.20837284624576569,0.3520154356956482,0.013650398701429367,nan,nan,nan,nan
1469,504.6946219485253,2.5109185171568424,201.0,1.0819726395649183,0.35986453513896705,0.900497512437811,1.3634640533426337,-153.75315021910342,164.3096466064453,207.26300048828125,208.72169494628906,209.00262451171875,0.280906617641449,0.11927254498004913,0.024046314880251884,nan,nan,nan,nan
1470,1242.1825549900532,3.1210616959549076,398.0,1.067089166084363,0.3491354554722082,0.9120603015075377,1.376383197881203,193.61055654841107,259.9107971191406,262.2503967285156,262.8260498046875,263.20648193359375,0.3805330693721771,0.8181130290031433,0.023313425481319427,nan,nan,nan,nan
1471,962.4027434326708,3.1657984981337854,304.0,1.0853200665646785,0.34913345010686736,0.944078947368421,1.4015646954435819,99.98139103040558,245.3784942626953,220.68833923339844,221.49354553222656,221.9118194580078,0.4181828498840332,0.15246640145778656,0.007127935066819191,nan,nan,nan,nan
1472,1259.2161380946636,3.1559301706633174,399.0,1.1036536700245332,0.3652582220933659,0.9348370927318296,1.392033633456756,208.66381363132587,259.7176208496094,243.89466857910156,244.71136474609375,244.8475799560547,0.1360970437526703,0.2588825225830078,0.00938879232853651,nan,nan,nan,nan
1473,1157.1048606093973,3.021161515951429,383.0,1.088912672145396,0.3561801333491548,0.9060052219321149,1.3763100724706756,138.2377524931876,250.11756896972656,242.68341064453125,243.36456298828125,243.6355743408203,0.271107941865921,0.2897851765155792,0.020689845085144043,nan,nan,nan,nan
1474,897.599282620009,3.2521713138406123,276.0,1.0742178848419355,0.34478116571822526,0.9384057971014492,1.38871465696934,90.62705882521777,243.32322692871094,235.20274353027344,236.162353515625,236.94480895996094,0.7825632095336914,0.39501211047172546,0.01006112527102232,nan,nan,nan,nan
1475,639.6118116490543,2.687444586760732,238.0,1.0865881557393877,0.35529559638919583,0.9453781512605042,1.3739391421460438,-92.10802332130788,194.325439453125,196.94879150390625,197.9113006591797,198.0465545654297,0.1352459341287613,0.3814867436885834,0.02842654101550579,nan,nan,nan,nan
1476,548.2211439236999,2.6356785765562494,208.0,1.0932600897689448,0.3582863250732584,0.9567307692307693,1.4107691111618006,-124.08891039579726,176.32408142089844,217.65916442871094,219.0780487060547,218.28086853027344,-0.7970742583274841,0.14282307028770447,0.009691438637673855,nan,nan,nan,nan
1477,650.4403909370303,2.7101682955709596,240.0,1.0865932225721395,0.3529516917060795,0.95,1.396363893815345,-85.24009607672292,196.06507873535156,217.45330810546875,218.7035675048828,218.2105712890625,-0.493013858795166,0.25002700090408325,0.023301806300878525,nan,nan,nan,nan
1478,876.5518405511975,2.9513529984888804,297.0,1.1006405361823242,0.3637693490004254,0.9057239057239057,1.3977252623299297,27.992770300800885,231.31045532226562,229.99481201171875,230.78399658203125,230.66943359375,-0.11455825716257095,0.297933965921402,0.007754937279969454,nan,nan,nan,nan
1479,1365.6159601528198,3.2132140238889875,425.0,1.088753220813939,0.3554490001233952,0.9364705882352942,1.3929830839735298,263.57515912539907,272.3370361328125,249.2685546875,249.84083557128906,249.950927734375,0.11019384860992432,0.3776768445968628,0.010647046379745007,nan,nan,nan,nan
1480,605.7953629847616,2.8308194531998208,214.0,1.105747596573513,0.36627531196556495,0.9345794392523364,1.3921246386213568,-78.3966474649086,190.48861694335938,223.8013916015625,225.13372802734375,224.38616943359375,-0.7475346922874451,0.3320330083370209,0.02446904219686985,nan,nan,nan,nan
1481,30.431243621744215,0.25789189509952726,118.0,1.0459630316709405,0.3342437373755742,0.9576271186440678,1.4063577738648028,-463.64946874515795,2.9872183799743652,128.79212951660156,130.31385803222656,127.5126724243164,-2.8012092113494873,4.383196830749512,0.31054046750068665,nan,nan,nan,nan
1482,578.6222457960248,2.8503558906208117,203.0,1.0756363438151126,0.35220098138739253,0.9359605911330049,1.3793400170810135,-83.78617841499488,189.96405029296875,207.1256103515625,208.7113037109375,207.97840881347656,-0.7328801155090332,0.18280339241027832,0.026415705680847168,nan,nan,nan,nan
1483,401.89031054917723,2.0297490431776626,198.0,1.057016099357535,0.33769028786505556,0.9444444444444444,1.3750448131889896,-250.61648355336501,134.98162841796875,179.8578338623047,181.2391357421875,180.9189453125,-0.3202223479747772,0.8258939385414124,0.021627282723784447,nan,nan,nan,nan
1484,679.6330987364054,2.762736173725225,246.0,1.0839597240320935,0.35756813923297964,0.8861788617886179,1.3608843855225037,-67.92934440752083,197.94467163085938,233.7649688720703,234.7812957763672,234.9594268798828,0.1781950145959854,0.47253328561782837,0.005352404434233904,nan,nan,nan,nan
1485,1165.2604023590684,3.1324204364491086,372.0,1.0966963835158052,0.3560845036178328,0.9166666666666666,1.3901320074177355,168.17688048150922,256.9100646972656,237.99497985839844,238.64520263671875,238.32420349121094,-0.321004718542099,0.44182196259498596,0.0067336405627429485,nan,nan,nan,nan
1486,1947.8123879740015,3.593749793309966,542.0,1.091851488648875,0.3542401273919944,0.9298892988929889,1.3873849041092003,614.0734424082073,316.9160461425781,255.6570587158203,256.2153015136719,256.72552490234375,0.5102210640907288,0.49550196528434753,0.010905520990490913,nan,nan,nan,nan
1487,823.797463526018,2.542584763969191,324.0,1.0351300476114227,0.3381017568962729,0.9228395061728395,1.350521860868607,-78.23040931015726,199.32374572753906,234.33396911621094,235.03553771972656,235.09483337402344,0.059356432408094406,0.41374969482421875,0.03792157769203186,nan,nan,nan,nan
1488,181.10867055412382,1.6769321347604058,108.0,1.0559408939075932,0.34298165066722475,0.9629629629629629,1.3929354397649103,-293.16878159582336,70.25260162353516,175.3944091796875,178.69834899902344,179.2975311279297,0.5991356372833252,0.43406400084495544,0.060802970081567764,nan,nan,nan,nan
1489,484.8336506076157,2.308731669560075,210.0,1.1296864190940694,0.3794911964243972,0.919047619047619,1.4127855655594572,-191.43705575527247,155.22056579589844,241.7085418701172,242.78065490722656,243.1091766357422,0.3284822404384613,0.6635432839393616,0.016403544694185257,nan,nan,nan,nan
1490,596.3339459821582,2.5484356665904198,234.0,1.1378201616359453,0.37508819229106327,0.8888888888888888,1.4270487312102098,-127.46458490142197,183.11517333984375,200.05259704589844,201.0656280517578,201.9159393310547,0.8502830862998962,0.3024810254573822,0.017400100827217102,nan,nan,nan,nan
1491,521.8556156149134,2.4615830925231763,212.0,1.0960977022327594,0.3666199782403181,0.8679245283018868,1.355964871165744,-158.37574279136584,165.12716674804688,211.82421875,213.228515625,213.3362274169922,0.10768690705299377,0.09977230429649353,0.012293820269405842,nan,nan,nan,nan
1492,817.2236777646467,2.8775481611431224,284.0,1.1117581699748151,0.37043411247184915,0.897887323943662,1.3901703344631826,-5.591154203708584,221.72540283203125,226.8173828125,227.6016082763672,227.0393829345703,-0.5622551441192627,0.4533670246601105,0.01906312257051468,nan,nan,nan,nan
1493,545.846050798893,2.729230253994465,200.0,1.0913277591185877,0.3613624352859431,0.89,1.3871066709134225,-110.62139534704022,175.5957794189453,208.6888427734375,210.1746368408203,208.88995361328125,-1.284718632698059,0.3879348933696747,0.019959582015872,nan,nan,nan,nan
1494,686.2963841706514,2.883598252817863,238.0,1.0993325576059005,0.36113909830656216,0.8949579831932774,1.409146355848334,-45.423450799710736,201.80406188964844,209.6816864013672,210.93943786621094,210.46263122558594,-0.4767428934574127,0.4649026691913605,0.04522936791181564,nan,nan,nan,nan
1495,897.1637874804437,3.286314239855105,273.0,1.1022638940001563,0.35538568190439407,0.9304029304029304,1.4040090673285992,96.13254175073894,244.27964782714844,216.82313537597656,217.9669952392578,216.8461151123047,-1.1208621263504028,0.5714488625526428,0.05097091943025589,nan,nan,nan,nan
1496,296.064242599532,2.0278372780789864,146.0,1.0884508927671432,0.3624419812936991,0.952054794520548,1.3548106865285268,-253.46559837484415,110.3647232055664,178.1861114501953,180.82542419433594,181.7863006591797,0.9608821272850037,0.7939873337745667,0.02540261298418045,nan,nan,nan,nan
1497,915.69737203978,2.9255507093922684,313.0,1.045731895527813,0.3379020718634951,0.9329073482428115,1.3753015385753193,35.453085442255315,236.30296325683594,202.9111785888672,203.8048095703125,203.1258544921875,-0.678957998752594,0.297128826379776,0.028059791773557663,nan,nan,nan,nan
1498,1310.4110132455826,3.3259162772730524,394.0,1.0931361777183235,0.35853608905607315,0.8984771573604061,1.3882329164179363,269.7603188907224,274.6854248046875,246.0282745361328,246.6390838623047,246.53114318847656,-0.1078999936580658,0.7415565848350525,0.01888967864215374,nan,nan,nan,nan
1499,972.3779918691143,2.92005402963698,333.0,1.0774950943398611,0.35249321584706195,0.8858858858858859,1.3738133921306679,52.52718483767967,235.16920471191406,231.55760192871094,232.33485412597656,232.032470703125,-0.3024022579193115,0.30004850029945374,0.016995469108223915,nan,nan,nan,nan
1500,899.4692226015031,2.9982307420050103,300.0,1.0829013501718392,0.3594294692775131,0.9366666666666666,1.378810518235211,44.96917428602001,233.1176300048828,235.9446258544922,236.888427734375,237.3677520751953,0.4793128967285156,0.41013091802597046,0.029400749132037163,nan,nan,nan,nan
1501,1330.818151193671,3.3104929134170917,402.0,1.1065287717071999,0.36307906210285446,0.9054726368159204,1.384183638097969,274.3248486652467,274.8905029296875,255.20445251464844,255.85430908203125,256.467529296875,0.6132470965385437,0.37123095989227295,0.008465398102998734,nan,nan,nan,nan
1502,538.0326947802678,2.468039884313155,218.0,1.0840240196152644,0.355812411878236,0.9128440366972477,1.3937629142173398,-154.08061975618443,171.21041870117188,202.2163543701172,203.27403259277344,201.3490753173828,-1.9249138832092285,0.24222838878631592,0.03162381425499916,nan,nan,nan,nan
1503,610.4939398793504,2.6314393960316824,232.0,1.0977137750627628,0.36217943660056173,0.8879310344827587,1.3936245786959964,-109.34393896083884,186.23828125,216.3312530517578,217.41368103027344,217.2007598876953,-0.21286308765411377,0.46317601203918457,0.013988664373755455,nan,nan,nan,nan
1504,537.0113039761782,2.7398535917151947,196.0,1.063050113209139,0.3415421923902836,0.923469387755102,1.3695062570975864,-111.53483808297301,175.36251831054688,213.97828674316406,215.2991485595703,214.32643127441406,-0.9727189540863037,0.42219728231430054,0.013177377171814442,nan,nan,nan,nan
1505,877.2193820849061,2.895113472227413,303.0,1.1172674124335964,0.3690936757731305,0.9174917491749175,1.3951387576011882,16.77835570433649,223.61215209960938,245.44140625,246.25587463378906,246.36085510253906,0.10499236732721329,0.2764010727405548,0.010219874791800976,nan,nan,nan,nan
1506,787.2545202793553,2.705341994087132,291.0,1.0690808091838548,0.3473184578940016,0.9209621993127147,1.3758066515100023,-49.42259384086833,208.76918029785156,222.43275451660156,223.330322265625,223.30812072753906,-0.02217353694140911,0.40244582295417786,0.03421834111213684,nan,nan,nan,nan
1507,1012.4714157953858,3.086803096937152,328.0,1.073225490218858,0.35058548287107566,0.8963414634146342,1.3788700529358464,102.52223887242872,245.31021118164062,244.07794189453125,244.7871856689453,244.47216796875,-0.31508103013038635,0.39017122983932495,0.008543775416910648,nan,nan,nan,nan
1508,719.4608875140548,2.97297887402502,242.0,1.0890052001843191,0.3576782845596003,0.9173553719008265,1.3832560523576944,-20.180251543089412,212.2115478515625,225.5204620361328,226.5089569091797,226.54762268066406,0.0387536995112896,0.26124992966651917,0.03203292563557625,nan,nan,nan,nan
1509,1475.3385012969375,3.2640232329578263,452.0,1.091808774344886,0.3580976133293178,0.9292035398230089,1.404860006216215,319.8288976837382,276.728515625,254.2014617919922,254.7043914794922,255.6627960205078,0.958315908908844,0.8302327990531921,0.03995277360081673,nan,nan,nan,nan
1510,585.7310997322202,2.580313214679384,227.0,1.073153125397797,0.34882347363152605,0.9295154185022027,1.3648664934452022,-124.20514899949148,182.0413818359375,224.67921447753906,225.863037109375,225.5347442626953,-0.3282995820045471,0.5427007079124451,0.030855579301714897,nan,nan,nan,nan
1511,785.0859109461308,3.0429686470780264,258.0,1.081759780876221,0.356438398641415,0.8682170542635659,1.353510730683604,13.759555541858617,220.04417419433594,232.0275421142578,232.93873596191406,232.3253631591797,-0.6133785843849182,0.2604624330997467,0.02284008450806141,nan,nan,nan,nan
1512,466.57031201571226,2.666116068661213,175.0,1.0884160573469235,0.357909988937456,0.92,1.3923718931015463,-140.38898358783342,160.8398895263672,209.37176513671875,211.0279998779297,211.1143035888672,0.08629567176103592,0.311515212059021,0.02769748866558075,nan,nan,nan,nan
1513,493.63044157251716,2.5057382820939957,197.0,1.1120093973350091,0.3628355319671413,0.9390862944162437,1.3815644153309294,-156.89602650832944,161.93798828125,207.08349609375,208.2720947265625,206.3089141845703,-1.9631842374801636,0.5608887672424316,0.09998549520969391,nan,nan,nan,nan
1514,999.6581598557532,2.880859250304764,347.0,1.0668421551610352,0.346228782925341,0.9250720461095101,1.3750865762285571,52.082788520581516,234.1927947998047,233.0414276123047,233.76220703125,234.1812744140625,0.4191880226135254,0.20735718309879303,0.03534737974405289,nan,nan,nan,nan
1515,1005.7937203629408,1.0057937203629408,1000.0,1.1194210939401086,0.3810576226555616,0.897,1.3821493621000114,-1234.9345431393922,91.35389709472656,105.8875503540039,106.04312133789062,107.1391372680664,1.0959672927856445,0.8726630210876465,0.1234218180179596,nan,nan,nan,nan
1516,708.4496269077063,2.5301772389560937,280.0,1.0935662646644637,0.3610214069125678,0.925,1.3705822701211163,-106.4439009738669,195.96383666992188,186.69093322753906,187.5367889404297,186.6980438232422,-0.838693380355835,0.026709269732236862,0.027951011434197426,nan,nan,nan,nan
1517,1045.0238513201475,3.0029421014946767,348.0,1.0946358271664012,0.3586809248375792,0.9166666666666666,1.3904699387832398,95.46815396328043,240.9296875,238.25616455078125,238.9310302734375,238.3466796875,-0.5843668580055237,0.29888835549354553,0.012249216437339783,nan,nan,nan,nan
1518,1177.4680787660182,3.1232575033581385,377.0,1.0983151918483325,0.36029080039633765,0.9177718832891246,1.3797111020035984,170.48292677998143,258.13348388671875,236.7510986328125,237.5210418701172,238.3666229248047,0.8454442024230957,0.46185994148254395,0.017182614654302597,nan,nan,nan,nan
1519,402.12954657152295,2.0309573059167825,198.0,1.0380966566646994,0.3330439069821431,0.9444444444444444,1.3837706660956617,-250.3772475310193,136.220703125,180.23016357421875,181.3721466064453,180.98309326171875,-0.38897833228111267,0.4740879237651825,0.03213481232523918,nan,nan,nan,nan
1520,727.9065907746553,2.9832237326830136,244.0,1.121869331932187,0.3684591267899167,0.930327868852459,1.423495778956636,-15.695200325879796,211.8291778564453,223.1894989013672,224.45704650878906,224.5093231201172,0.05229918286204338,0.2905113697052002,0.027546383440494537,nan,nan,nan,nan
1521,1011.2942760400474,3.1116746955078383,325.0,1.0993696144223826,0.3551482365552921,0.92,1.3723255172543238,107.28607718217677,247.3919219970703,227.28831481933594,228.14854431152344,228.1465301513672,-0.002012399258092046,0.21253427863121033,0.006981043145060539,nan,nan,nan,nan
1522,804.6421955842525,2.894396386993714,278.0,1.0787139997334707,0.35446210247389104,0.9244604316546763,1.3890503762709967,-6.290680253929622,220.14657592773438,222.3362274169922,223.36424255371094,222.8636016845703,-0.500579297542572,0.2562914192676544,0.030020475387573242,nan,nan,nan,nan
1523,814.193999197334,3.119517238303962,261.0,1.1126133026958092,0.36996107907950315,0.89272030651341,1.3786110285869941,36.92666572797543,227.9747772216797,242.43992614746094,243.65496826171875,243.7486572265625,0.09365183115005493,0.14514529705047607,0.014901142567396164,nan,nan,nan,nan
1524,537.3757981518283,2.4763861665982874,217.0,1.0379349911004339,0.3329273842515842,0.9447004608294931,1.3762507005745497,-152.75719036292833,169.0155487060547,208.15899658203125,209.28736877441406,209.7478485107422,0.46035531163215637,0.6667773723602295,0.026743099093437195,nan,nan,nan,nan
1525,1059.9109108820558,2.936041304382426,361.0,1.0885098877886883,0.3594143403238155,0.9335180055401662,1.3883034754113603,84.6109752431471,237.02487182617188,254.62823486328125,255.2844696044922,255.2039337158203,-0.08046605437994003,0.26907458901405334,0.010190600529313087,nan,nan,nan,nan
1526,528.6162519585341,2.436019594278959,217.0,1.0896595607598343,0.35961580063454585,0.8894009216589862,1.3820144586383798,-161.51673655622255,167.41233825683594,222.7244873046875,224.2146453857422,223.62628173828125,-0.5882503986358643,0.13562104105949402,0.003951745107769966,nan,nan,nan,nan
1527,395.99940007925034,2.4749962504953147,160.0,1.1467040315426325,0.38329028269048043,0.8875,1.410148466772585,-181.25500519886282,144.96849060058594,187.6176300048828,189.21473693847656,187.95538330078125,-1.2593404054641724,0.12080222368240356,0.03192470595240593,nan,nan,nan,nan
1528,845.797428406775,3.0099552612340745,281.0,1.0772128285614226,0.34978779274743815,0.9110320284697508,1.3858925688546644,28.923574503506416,231.73379516601562,227.5888671875,228.4356689453125,227.7030792236328,-0.732687771320343,0.3861900866031647,0.016842110082507133,nan,nan,nan,nan
1529,907.0962548069656,3.0541961441311973,297.0,1.098631882024225,0.36190576687249787,0.9057239057239057,1.3975933499676023,58.537184556568945,237.1349639892578,229.25579833984375,230.2559051513672,230.0173797607422,-0.23852761089801788,0.3359939157962799,0.012815023772418499,nan,nan,nan,nan
1530,1082.2574089765549,2.8937363876378472,374.0,1.0768265502123258,0.3515483502905779,0.9331550802139037,1.381907779938465,81.21323505560463,241.12245178222656,219.65440368652344,220.3704071044922,220.0193634033203,-0.35101065039634705,0.16948899626731873,0.023064572364091873,nan,nan,nan,nan
1531,831.3703810926527,3.1853271306231905,261.0,1.104268001843936,0.3584750069443274,0.9272030651340997,1.4228752820714816,54.10304762329406,232.4405975341797,221.9285888671875,222.97357177734375,222.823974609375,-0.1496172994375229,0.36269068717956543,0.004836212377995253,nan,nan,nan,nan
1532,1474.4244357943535,3.184502021154111,463.0,1.1061568102986434,0.3621872428356575,0.9308855291576674,1.4001729088383825,297.1312459425037,272.296630859375,252.61964416503906,253.195556640625,254.5302734375,1.3347206115722656,0.569978654384613,0.031305354088544846,nan,nan,nan,nan
1533,1027.7563499147072,3.181908204070301,323.0,1.06999998868234,0.3494358261047249,0.9256965944272446,1.3640231304364379,127.70880310022744,249.05006408691406,226.51275634765625,227.5224609375,227.6219482421875,0.09941470623016357,0.10254576802253723,0.00874509010463953,nan,nan,nan,nan
1534,693.1090116351843,2.9369025916745097,236.0,1.0735956261185922,0.3510310755133968,0.923728813559322,1.3713623634816263,-34.65017129178682,209.0552520751953,207.5067596435547,208.5099639892578,207.37266540527344,-1.1373276710510254,0.0748552456498146,0.018197940662503242,nan,nan,nan,nan
1535,1686.8080467917025,3.4145911878374546,494.0,1.0910613170734909,0.3554432233881931,0.9331983805668016,1.395919864112987,448.12475026729226,295.9794921875,250.47035217285156,250.98143005371094,251.2434844970703,0.26203909516334534,0.832726240158081,0.020234152674674988,nan,nan,nan,nan
1536,1106.1016631219536,2.8655483500568746,386.0,1.0592267485229634,0.3442940573089256,0.917098445595855,1.3747299902786851,81.29357694065743,244.9817657470703,236.13087463378906,236.83677673339844,237.25567626953125,0.418877512216568,0.28923580050468445,0.011171549558639526,nan,nan,nan,nan
1537,957.9964431971312,2.744975481940204,349.0,1.0822374734856208,0.3536278121597708,0.9455587392550143,1.3999524066865277,6.460419818568425,225.55555725097656,222.9395294189453,223.79335021972656,223.9456329345703,0.15223777294158936,0.2701900005340576,0.01951589621603489,nan,nan,nan,nan
1538,906.3854751959443,2.9815311684077117,304.0,1.111835708033673,0.3666032981375458,0.9013157894736842,1.3876731948133842,43.96412279367905,235.8794403076172,241.1147003173828,242.0476837158203,240.7897491455078,-1.2579618692398071,0.22036954760551453,0.011603199876844883,nan,nan,nan,nan
1539,347.23447460657917,2.1302728503471116,163.0,1.1194973446940473,0.3789239016379152,0.9263803680981595,1.3865753649646744,-235.96090873662047,129.39407348632812,189.751953125,191.27476501464844,189.0184326171875,-2.2563183307647705,0.23851731419563293,0.010181766003370285,nan,nan,nan,nan
1540,862.2564930636436,3.2785417987210783,263.0,1.0578303816056431,0.3454684064170542,0.9201520912547528,1.3740825297626535,81.02850755089389,241.3084259033203,215.1070098876953,216.30462646484375,215.92913818359375,-0.3754156529903412,0.2720365822315216,0.004632646217942238,nan,nan,nan,nan
1541,1097.1967661045492,3.345112091782162,328.0,1.061184247079257,0.3437171916181493,0.9451219512195121,1.377047325124338,187.24758918159205,269.4067687988281,223.50120544433594,224.2471923828125,224.08184814453125,-0.1653262972831726,0.8305292129516602,0.03125765919685364,nan,nan,nan,nan
1542,1225.7521549388766,3.367450975106804,364.0,1.073311898263493,0.3487520902377089,0.8873626373626373,1.3788097348747024,244.51124123488148,274.898681640625,242.3378448486328,242.9746856689453,242.12103271484375,-0.8537082672119141,0.5042717456817627,0.0020090811885893345,nan,nan,nan,nan
1543,243.8923175064847,0.8295657058043697,294.0,1.1155566958479253,0.3734350332669817,0.9115646258503401,1.3962936829957537,-598.7257746788255,52.06248092651367,157.34498596191406,158.00460815429688,158.423583984375,0.41896677017211914,1.6378824710845947,0.2532961070537567,nan,nan,nan,nan
1544,682.7053274400532,2.8806131959495915,237.0,1.1137835803659477,0.36833296931147674,0.9071729957805907,1.400822945380533,-47.03418150861353,203.1859893798828,227.02024841308594,228.2425537109375,227.56590270996094,-0.6767558455467224,0.30930984020233154,0.02384224906563759,nan,nan,nan,nan
1545,2080.351412301883,3.41601217126746,609.0,1.0647026453484492,0.34703729969893976,0.9277504105090312,1.379695023596191,613.9306232824904,309.83148193359375,265.8540954589844,266.2558288574219,267.4049987792969,1.1491974592208862,0.6189999580383301,0.022513587027788162,nan,nan,nan,nan
1546,699.415616649203,2.963625494276284,236.0,1.0845312215684961,0.3555908658679489,0.9364406779661016,1.388336129193675,-28.343566277768105,211.1690216064453,208.9520263671875,209.985595703125,209.4004669189453,-0.5851125717163086,0.2330826073884964,0.022418702021241188,nan,nan,nan,nan
1547,800.2796533852816,3.0779986668664674,260.0,1.118040870303406,0.369134181187912,0.8807692307692307,1.3998319799272,24.992645937618363,224.9541778564453,228.8916015625,229.9325408935547,229.3441162109375,-0.5884619951248169,0.34864649176597595,0.004730662330985069,nan,nan,nan,nan
1548,629.8414697358385,2.657558944033074,237.0,1.1102730825952176,0.36606180307898434,0.9029535864978903,1.4148850928194519,-99.89803921282828,190.16946411132812,220.19264221191406,221.1420135498047,220.86534118652344,-0.2767143249511719,0.2577957808971405,0.017682088539004326,nan,nan,nan,nan
1549,340.75912692397833,2.065206829842293,165.0,1.0869547749326935,0.35876709267642876,0.9030303030303031,1.3881962122030087,-246.39690846261237,126.5147933959961,146.4750213623047,148.1470184326172,147.70672607421875,-0.44036611914634705,2.0287961959838867,0.11380844563245773,nan,nan,nan,nan
1550,-2.3986797854304314,-0.2665199761589368,9.0,1.121433839659633,0.3691821521906941,1.0,1.3049076287205759,-280.6238557875231,-1.4271258115768433,155.6193389892578,171.73095703125,161.06414794921875,-10.66679859161377,1.3333781957626343,0.1362498700618744,nan,nan,nan,nan
1551,756.9248842336237,2.9567378290375927,256.0,1.0972994642552942,0.3632507035795432,0.9140625,1.3944544266943066,-10.440819127257441,213.172607421875,227.47581481933594,228.287841796875,226.7205047607422,-1.5673513412475586,0.26213234663009644,0.025599468499422073,nan,nan,nan,nan
1552,649.7890463583171,2.5888009815072395,251.0,1.088522926752119,0.355558286639299,0.9163346613545816,1.3682709336181231,-107.67502689408661,192.25978088378906,212.0821990966797,213.14332580566406,212.12986755371094,-1.0134377479553223,0.3385079503059387,0.02021152898669243,nan,nan,nan,nan
1553,864.5984714087099,2.9609536692079104,292.0,1.069557146513955,0.34861356110969743,0.928082191780822,1.372429658448564,25.941031266790787,229.30259704589844,233.330810546875,234.0252227783203,233.2777099609375,-0.7475497126579285,0.45870721340179443,0.027472931891679764,nan,nan,nan,nan
1554,1262.5630481764674,3.2793845407180973,385.0,1.0976615350874115,0.3579611257644414,0.9402597402597402,1.3936195641232916,239.73528801686666,269.0455322265625,244.4561309814453,245.1846923828125,246.1331024169922,0.9484373927116394,0.3700173497200012,0.007445737719535828,nan,nan,nan,nan
1555,1322.0218008309603,3.248210812852482,407.0,1.0789658646774403,0.3535626524007982,0.9312039312039312,1.3690267866690005,255.6268681940585,269.2784118652344,245.116455078125,245.734619140625,246.1692352294922,0.4346827268600464,0.25189822912216187,0.01100042276084423,nan,nan,nan,nan
1556,527.4783406555653,2.560574469201773,206.0,1.1458658145035978,0.37793708332148096,0.8932038834951457,1.4154724512684027,-140.8710616205409,171.5609893798828,207.07701110839844,208.4703369140625,208.27984619140625,-0.19047336280345917,0.5758029818534851,0.016251271590590477,nan,nan,nan,nan
1557,1552.9784970320761,3.215276391370758,483.0,1.0885185486282585,0.3548972090104308,0.9233954451345756,1.4057183091882846,336.0787867463164,279.70892333984375,237.09117126464844,237.5572052001953,238.07781982421875,0.5206536650657654,0.493890643119812,0.012076836079359055,nan,nan,nan,nan
1558,203.07015714328736,1.8630289646173153,109.0,1.1303218221873668,0.3671622419956251,0.9541284403669725,1.4127984156820521,-273.18762102835535,83.77498626708984,181.11000061035156,183.72706604003906,182.5734100341797,-1.1536144018173218,0.715444803237915,0.03770267218351364,nan,nan,nan,nan
1559,723.2375901453197,2.8141540472580533,257.0,1.1096773661428765,0.36331373056784594,0.9299610894941635,1.3906331872199804,-46.108439237257016,206.07650756835938,227.0527801513672,228.1322021484375,226.63990783691406,-1.492355227470398,0.18641692399978638,0.0043947226367890835,nan,nan,nan,nan
1560,635.5560237392783,2.7753538154553636,229.0,1.1131203198107402,0.36461720292983785,0.9170305676855895,1.3907178644905618,-78.3408770358244,194.35694885253906,216.2653350830078,217.5329132080078,216.00433349609375,-1.528559684753418,0.4354546070098877,0.04677744582295418,nan,nan,nan,nan
1561,1014.7574423411861,3.191061139437692,318.0,1.1052095736923304,0.36057579807359463,0.9150943396226415,1.3972338788251888,124.61152563518385,249.60809326171875,228.3769073486328,229.29066467285156,228.9151153564453,-0.3755188286304474,0.5548115968704224,0.00440721632912755,nan,nan,nan,nan
1562,379.70925860106945,2.207611968610869,172.0,1.072879241729346,0.3568699329236354,0.9011627906976745,1.3659147382202828,-221.30905893738975,133.06500244140625,208.5805206298828,210.5538787841797,211.6951141357422,1.1412233114242554,0.9385250806808472,0.03282885625958443,nan,nan,nan,nan
1563,873.638285594061,2.6235383951773605,333.0,1.0642996989731894,0.3459538124373433,0.933933933933934,1.3809879226950583,-46.21252143737365,211.50192260742188,213.5043182373047,214.26145935058594,214.70904541015625,0.44761887192726135,0.23475781083106995,0.010657071135938168,nan,nan,nan,nan
1564,1300.6568513684906,2.9560382985647515,440.0,1.0725075418020378,0.35172758772526075,0.9318181818181818,1.3729545950336541,168.9111600156375,252.71681213378906,238.66770935058594,239.2351837158203,239.20188903808594,-0.03332852944731712,0.28365054726600647,0.022534988820552826,nan,nan,nan,nan
1565,1471.6826995303854,3.3600061633113825,438.0,1.0691037074771594,0.34875246690886064,0.9360730593607306,1.3769923350377187,343.89766022092317,285.2822265625,258.85791015625,259.4984130859375,260.1887512207031,0.6903554797172546,0.5200057625770569,0.014096660539507866,nan,nan,nan,nan
1566,939.3920396119356,3.152322280576965,298.0,1.0984168067918185,0.3604286300585271,0.8758389261744967,1.3926611600644634,88.85264333984333,245.52694702148438,232.80535888671875,233.6274871826172,232.26153564453125,-1.3659521341323853,0.6770196557044983,0.08505290001630783,nan,nan,nan,nan
1567,1190.1225646175444,3.059441040147929,389.0,1.099809621279398,0.3607120012283441,0.9074550128534704,1.3815711112049633,159.37350037116175,255.39151000976562,246.4886474609375,247.12860107421875,246.7888641357422,-0.33982062339782715,0.663988471031189,0.01838204264640808,nan,nan,nan,nan
1568,707.5408251378685,2.830163300551474,250.0,1.1077206353119018,0.37089420022132497,0.864,1.3858964628638941,-47.94292209283958,205.3644256591797,232.773193359375,233.8124237060547,233.1980743408203,-0.6142200827598572,0.3306354284286499,0.04364905133843422,nan,nan,nan,nan
1569,1111.7106032464653,3.1672666759158554,351.0,1.0795775616002479,0.3489294958122534,0.9287749287749287,1.3869441833280671,156.21392782451153,259.19512939453125,235.20233154296875,235.94923400878906,235.43064880371094,-0.5186329483985901,0.5962334871292114,0.02831313945353031,nan,nan,nan,nan
1570,1016.8025624500588,2.955821402471101,344.0,1.0887513875639057,0.3579626931267873,0.9186046511627907,1.388670799766853,75.16816917997357,239.47860717773438,249.21287536621094,249.89231872558594,249.68849182128906,-0.20378577709197998,0.30897191166877747,0.022232193499803543,nan,nan,nan,nan
1571,1037.2236490370706,3.1719377646393596,327.0,1.0925140277981555,0.35426980822069887,0.9418960244648318,1.4007432019766182,129.25479813580887,253.9286346435547,220.5906524658203,221.40196228027344,221.3755340576172,-0.02648417092859745,0.3002755641937256,0.007674078922718763,nan,nan,nan,nan
1572,657.2581684037577,2.8701230061299463,229.0,1.1137224730614623,0.36527570014354094,0.8995633187772926,1.4088622366318144,-56.638732371344986,198.02694702148438,229.86326599121094,231.24493408203125,231.1822052001953,-0.06270221620798111,0.22211745381355286,0.003628507489338517,nan,nan,nan,nan
1573,752.3691898211837,2.962083424492849,254.0,1.1052072478387331,0.36065095503022526,0.9015748031496063,1.3961902156092176,-11.035861496306552,213.53282165527344,232.0849151611328,233.15675354003906,232.9336700439453,-0.22295606136322021,0.24340613186359406,0.009879082441329956,nan,nan,nan,nan
1574,1134.0377783257227,3.2587292480624215,348.0,1.0554579043801322,0.3401549950022815,0.9454022988505747,1.376582724971503,184.4820809688556,264.3784484863281,232.7467498779297,233.5474853515625,233.9029998779297,0.3555658757686615,0.11367764323949814,0.014802874997258186,nan,nan,nan,nan
1575,574.0139469504356,2.7730142364755346,207.0,1.077541626688872,0.3499102591959296,0.9227053140096618,1.395098284828633,-96.31578134736606,183.143798828125,218.8505096435547,219.9274444580078,220.2675018310547,0.3400486409664154,0.22994399070739746,0.02927372045814991,nan,nan,nan,nan
1576,1171.1221335083246,3.298935587347393,355.0,1.0861880098116385,0.35275768865213597,0.9211267605633803,1.392725793211675,207.70415399958893,263.08538818359375,245.27589416503906,246.0647430419922,246.7070770263672,0.6424443125724792,0.37921765446662903,0.022671904414892197,nan,nan,nan,nan
1577,720.2636405630037,2.8468918599328212,253.0,1.0752635412822276,0.35154516404256597,0.9209486166007905,1.3771657495437513,-41.16108473279098,211.40362548828125,222.5476531982422,223.76556396484375,222.56883239746094,-1.1967591047286987,0.19182875752449036,0.0033115828409790993,nan,nan,nan,nan
1578,270.80084206163883,1.602371846518573,169.0,1.1006386080200405,0.3607814683568806,0.9230769230769231,1.4014353925289238,-324.27649741173377,94.36310577392578,194.1163787841797,195.3436279296875,196.16966247558594,0.8260048031806946,0.21942386031150818,0.03927665576338768,nan,nan,nan,nan
1579,1121.8670269362628,3.1962023559437687,351.0,1.0814928485954545,0.3493057305397989,0.9344729344729344,1.374446224712061,166.37035151430905,264.1174011230469,238.4040069580078,239.1681671142578,238.9322052001953,-0.23604018986225128,0.2074653059244156,0.04412955790758133,nan,nan,nan,nan
1580,412.22352933883667,2.4537114841597423,168.0,1.1034705542539933,0.3574367188478983,0.9285714285714286,1.3973790080762674,-180.87348411284052,146.8592987060547,187.1292724609375,188.6361541748047,188.05458068847656,-0.5815892219543457,0.38556432723999023,0.019143182784318924,nan,nan,nan,nan
1581,719.2012013271451,2.9966716721964377,240.0,1.0586531684409244,0.34540460697337244,0.925,1.3699316504361407,-16.479285686608137,214.72621154785156,212.2924041748047,213.3065185546875,212.66371154785156,-0.6427629590034485,0.48811212182044983,0.0603569820523262,nan,nan,nan,nan
1582,800.3109927251935,2.986235047482065,268.0,1.0789768513942657,0.35184137145143035,0.917910447761194,1.3435381391439905,9.18137710396627,220.65682983398438,219.5994110107422,220.55865478515625,220.6504669189453,0.09179646521806717,0.5429136157035828,0.03855329379439354,nan,nan,nan,nan
1583,941.6152464821935,3.0872631032203066,305.0,1.1239225130618404,0.37095751156018986,0.9147540983606557,1.4033993788383885,77.2135680582328,238.6735382080078,226.3636474609375,227.4065704345703,227.1870574951172,-0.21970917284488678,0.22497780621051788,0.010555108077824116,nan,nan,nan,nan
1584,838.3295864784159,2.9312223303441116,286.0,1.1007479933256585,0.3587360814643051,0.9370629370629371,1.3937282243574136,11.554102466669747,225.04757690429688,218.1863250732422,219.1101837158203,218.82810974121094,-0.2820444405078888,0.16710054874420166,0.04081413149833679,nan,nan,nan,nan
1585,1418.5309043861926,3.2989090799678897,430.0,1.091494709256583,0.3564624599561044,0.9093023255813953,1.3771621975032986,306.5884732502943,278.6589660644531,257.7628173828125,258.5288391113281,258.46435546875,-0.06451370567083359,0.3097412884235382,0.011159077286720276,nan,nan,nan,nan
1586,773.2632153369486,2.267634062571697,341.0,1.129894267511815,0.37536412841020894,0.9266862170087976,1.4160740516717534,-162.43019986805007,189.87294006347656,210.1802520751953,211.067138671875,210.59417724609375,-0.4729505479335785,0.8415372967720032,0.038444846868515015,nan,nan,nan,nan
1587,1811.1260135434568,3.4172188934782204,530.0,1.0770534827132001,0.34732778911725376,0.9207547169811321,1.3856585232686072,501.1509802380085,300.0360107421875,247.7751922607422,248.29034423828125,248.72828674316406,0.4378422200679779,0.38725948333740234,0.012271350249648094,nan,nan,nan,nan
1588,837.6403492265381,2.8108736551226112,298.0,1.1063201425055706,0.36693470667308936,0.8624161073825504,1.3949814212700171,-12.899047045554198,215.23878479003906,232.8633270263672,233.7881317138672,233.7143096923828,-0.07374613732099533,0.4657818078994751,0.016578594222664833,nan,nan,nan,nan
1589,1141.6560528700356,3.3381755931872386,342.0,1.0774645711288247,0.3432286810032301,0.9327485380116959,1.3875845574819392,203.98231164334152,266.5613708496094,237.208740234375,238.0500030517578,236.98822021484375,-1.06171452999115,0.5345858931541443,0.006576383952051401,nan,nan,nan,nan
1590,324.9053093120456,2.005588329086701,162.0,1.0789283182358835,0.35667815659668994,0.9506172839506173,1.3919975982068162,-256.30974800945864,115.911865234375,199.47216796875,201.0287322998047,200.1732940673828,-0.8553965091705322,0.7673211097717285,0.0207061730325222,nan,nan,nan,nan
1591,876.2905862573534,2.940572437105213,298.0,1.0892188267903247,0.36015494712560714,0.9295302013422819,1.369134318347827,25.751189985261135,222.7220001220703,240.51318359375,241.51670837402344,243.25518798828125,1.7384909391403198,0.239174023270607,0.0074673183262348175,nan,nan,nan,nan
1592,509.0309347063303,2.570863306597628,198.0,1.096045740075823,0.36159561938815515,0.898989898989899,1.3821691069979967,-143.47585939621194,169.2901611328125,215.8118438720703,217.0983123779297,216.7917938232422,-0.3065235912799835,0.18559589982032776,0.031273119151592255,nan,nan,nan,nan
1593,1109.0823556780815,3.141876361694282,353.0,1.0843839412151108,0.3534839760594808,0.9348441926345609,1.3688008971895105,149.62502821273688,254.59803771972656,235.52845764160156,236.39381408691406,235.871826171875,-0.5221098065376282,0.5923550724983215,0.019469348713755608,nan,nan,nan,nan
1594,1182.724144011736,3.303698726289765,358.0,1.1064433780268992,0.3621964224370207,0.9273743016759777,1.3949321616191126,213.36518643791374,266.992431640625,241.9043731689453,242.70513916015625,243.1466064453125,0.44138678908348083,0.19084560871124268,0.016073282808065414,nan,nan,nan,nan
1595,617.0833666101098,2.7671899847986987,223.0,1.0804266672931109,0.3576028793147084,0.9192825112107623,1.387956210404986,-84.93157803481995,192.2943115234375,221.0276336669922,222.398681640625,222.1255645751953,-0.27309906482696533,0.3140878975391388,0.030095260590314865,nan,nan,nan,nan
1596,669.2865269347094,2.987886280958524,224.0,1.1290142379570298,0.3715861368352004,0.9241071428571429,1.4035334151761705,-34.708743731915774,204.97946166992188,224.24485778808594,225.5428009033203,225.26422119140625,-0.2784539461135864,0.13662074506282806,0.008133359253406525,nan,nan,nan,nan
1597,1248.617069810629,3.30321976140378,378.0,1.072607209964814,0.3490463189342204,0.9259259259259259,1.3663575517058124,239.65159180289675,271.0146789550781,248.2986602783203,249.1077880859375,249.04722595214844,-0.06046658754348755,0.48475053906440735,0.029324116185307503,nan,nan,nan,nan
1598,499.22451942646876,2.6001277053461913,192.0,1.1192951197453904,0.37039788560812464,0.8958333333333334,1.4007639547114084,-141.4003185459004,165.3772430419922,213.3077392578125,214.780029296875,214.83726501464844,0.05720803141593933,0.49077603220939636,0.02308831736445427,nan,nan,nan,nan
1599,504.96214037016034,2.6576954756324227,190.0,1.109084065272497,0.3692096343892014,0.9,1.393399180271915,-131.70204555881787,167.4554443359375,206.3361053466797,207.9745635986328,207.94384765625,-0.03071475215256214,0.3580125570297241,0.045844484120607376,nan,nan,nan,nan
1600,1221.7910388582386,3.284384513059781,372.0,1.0856460644766213,0.3566553385879871,0.9274193548387096,1.3767038134880167,224.70751698067943,266.2475280761719,234.5426025390625,235.3185272216797,235.3029327392578,-0.015551877208054066,0.3571338355541229,0.02452065795660019,nan,nan,nan,nan
1601,519.3962692767382,2.705188902483011,192.0,1.0621365551986062,0.34917975840653526,0.875,1.3687286381794144,-121.228568695631,171.3739776611328,217.51385498046875,219.0628204345703,219.1139678955078,0.05110049247741699,0.20991122722625732,0.018093997612595558,nan,nan,nan,nan
1602,550.3538782084361,2.5838210244527513,213.0,1.1285925238469892,0.3781898984320171,0.9154929577464789,1.4303643030906545,-131.8578062195386,176.62762451171875,231.7418975830078,232.86859130859375,232.5287628173828,-0.339931458234787,0.45601359009742737,0.028215210884809494,nan,nan,nan,nan
1603,1793.3664704747498,3.2254792634437948,556.0,1.0875546515753964,0.358748614689577,0.935251798561151,1.3752225612830589,431.9029606052186,284.79962158203125,267.49334716796875,267.888671875,268.95404052734375,1.0654009580612183,0.6346979141235352,0.02335374429821968,nan,nan,nan,nan
1604,494.98465510457754,2.591542696882605,191.0,1.1273118801064934,0.37393125002825034,0.9214659685863874,1.4119028113879033,-143.6598568460961,168.82276916503906,203.46002197265625,204.9951171875,203.2351531982422,-1.7600116729736328,0.17072057723999023,0.02484806627035141,nan,nan,nan,nan
1605,863.7567531764507,3.0521440041570695,283.0,1.096239127580038,0.35561708123909597,0.8869257950530035,1.3953978408565146,42.92224722979108,229.92819213867188,231.84375,233.0247039794922,232.3438720703125,-0.6808405518531799,0.2534005343914032,0.005228943191468716,nan,nan,nan,nan
1606,711.097689001821,2.788618388242435,255.0,1.073014050122106,0.35359410858573087,0.9058823529411765,1.3838452654975224,-54.28768833736467,203.2461700439453,209.2308349609375,210.338134765625,210.9082489013672,0.5701631903648376,0.5175439715385437,0.030286183580756187,nan,nan,nan,nan
1607,1215.9081728048623,3.1913600336085626,381.0,1.0907108548552942,0.35624021562105584,0.937007874015748,1.3783982668108234,201.00171673204363,267.5963134765625,236.5135040283203,237.2978973388672,236.9888153076172,-0.30910524725914,0.659214437007904,0.017257045954465866,nan,nan,nan,nan
1608,532.4775099754333,2.7029315227179356,197.0,1.1042580527154413,0.3638760264769477,0.9086294416243654,1.382385731152839,-118.04895810541325,174.48159790039062,215.5444793701172,216.9922332763672,216.13465881347656,-0.8576767444610596,0.35094454884529114,0.0074210939928889275,nan,nan,nan,nan
1609,1745.7560294270515,3.203222072343214,545.0,1.1072546205316771,0.36458603890159874,0.9321100917431193,1.4010398389217247,406.07610579617085,281.802978515625,251.2144317626953,251.7808074951172,252.107666015625,0.326932817697525,0.6792060732841492,0.04200609400868416,nan,nan,nan,nan
1610,512.7083042277955,2.727171830998912,188.0,1.114121910720941,0.3666392001587607,0.9095744680851063,1.4034852105454148,-119.9952296577917,172.2572784423828,188.9039306640625,190.43150329589844,190.14613342285156,-0.2854163646697998,0.19024458527565002,0.043195948004722595,nan,nan,nan,nan
1611,1267.7013530880213,3.4077993362581216,372.0,1.065898435189202,0.34448089838075097,0.9435483870967742,1.3718516102649445,270.6178312104621,276.950927734375,240.03382873535156,240.6611785888672,239.9713134765625,-0.6899307370185852,0.3612251877784729,0.011973720975220203,nan,nan,nan,nan
1612,396.1960298418999,2.276988677252298,174.0,1.114045852351841,0.37084911447975133,0.9080459770114943,1.3798369330770301,-208.78293973995028,136.76187133789062,212.4442138671875,213.8064422607422,215.3419647216797,1.5355100631713867,0.7098928093910217,0.056248828768730164,nan,nan,nan,nan
1613,537.0633982419968,2.419204496585571,222.0,1.078902131501142,0.3516690211722631,0.9099099099099099,1.3782392440545785,-162.97122038123734,170.15086364746094,190.08058166503906,191.1649627685547,189.3094482421875,-1.8555511236190796,0.6851518154144287,0.08167481422424316,nan,nan,nan,nan
1614,189.36137175187469,1.7059583040709432,111.0,1.046947866393233,0.3410275389526271,0.9009009009009009,1.337837593011629,-290.857058463159,77.3790054321289,189.3134765625,192.3339080810547,191.4232940673828,-0.9105647206306458,0.7631296515464783,0.03410082310438156,nan,nan,nan,nan
1615,1132.1408370658755,3.2626537091235606,347.0,1.0692908943787056,0.3487822351737689,0.9250720461095101,1.3472966105371071,184.56546573070386,261.8920593261719,239.52488708496094,240.31968688964844,240.23681640625,-0.0828021764755249,0.7220593094825745,0.03127320483326912,nan,nan,nan,nan
1616,406.64811040461063,2.5737222177507,158.0,1.1309962000437588,0.37499936155160446,0.8544303797468354,1.4020747935317979,-166.64564283011157,148.95751953125,179.6360626220703,181.3142852783203,181.1440887451172,-0.1702490895986557,0.7455481886863708,0.0035052637103945017,nan,nan,nan,nan
1617,433.4368868097663,2.368507578195444,183.0,1.0904959551315245,0.3581141440457268,0.9234972677595629,1.3944844455335956,-189.3650169673433,153.61195373535156,173.78990173339844,175.47955322265625,176.4278564453125,0.9482612609863281,1.0420303344726562,0.07148447632789612,nan,nan,nan,nan
1618,861.0228986889124,3.0000797863725173,287.0,1.1116665283126732,0.36709904385355824,0.8850174216027874,1.365983221602908,32.267088655470616,225.90121459960938,225.3007049560547,226.21881103515625,225.65843200683594,-0.560358464717865,0.48791950941085815,0.027493834495544434,nan,nan,nan,nan
1619,1032.3034426588565,3.2059113126051444,322.0,1.0903008297670829,0.3551100722524216,0.922360248447205,1.4026603414243002,134.23622186607236,252.38145446777344,228.0677947998047,228.8850860595703,229.112060546875,0.22700686752796173,0.5322451591491699,0.0137190455570817,nan,nan,nan,nan
1620,929.2265227995813,3.2264809819429905,288.0,1.0942037392556325,0.3591609020722899,0.9236111111111112,1.3736119105158127,98.4903867444441,246.17306518554688,242.7467498779297,243.72535705566406,243.5452117919922,-0.1801418513059616,0.35721102356910706,0.018274452537298203,nan,nan,nan,nan
1621,837.0878222584724,2.9789602215604,281.0,1.0756211475129485,0.35258853142403157,0.9217081850533808,1.3741379528537494,20.21396835520386,224.82003784179688,222.80259704589844,223.8078155517578,223.522705078125,-0.28497010469436646,0.25771209597587585,0.02973843179643154,nan,nan,nan,nan
1622,519.4511698782444,2.610307386322836,199.0,1.1241843746361984,0.3758008490812651,0.9346733668341709,1.419268698688855,-135.03595024599326,171.23654174804688,224.7159881591797,226.2169189453125,226.2579345703125,0.04097120463848114,0.4555421471595764,0.01935352198779583,nan,nan,nan,nan
1623,1445.6191921532154,3.234047409738737,447.0,1.0868085313718108,0.35537381494089804,0.9217002237136466,1.378789748360294,300.0112186484937,274.1639099121094,251.845947265625,252.3628387451172,252.57232666015625,0.20946036279201508,0.36705705523490906,0.016945021227002144,nan,nan,nan,nan
1624,911.586835809052,2.9124180057797187,313.0,1.0860042052221168,0.3515238730421677,0.9169329073482428,1.376204501049319,31.342549211527285,230.55458068847656,229.4839630126953,230.5005645751953,230.1422119140625,-0.3584394156932831,0.27548953890800476,0.003240625374019146,nan,nan,nan,nan
1625,592.8791370540857,2.979292146000431,199.0,1.10503707775379,0.36061867365088635,0.8944723618090452,1.3784595363992787,-61.60798307015193,194.72157287597656,201.8194122314453,203.2843475341797,201.76878356933594,-1.5155647993087769,0.40589118003845215,0.04202105104923248,nan,nan,nan,nan
1626,1214.415437394753,3.2822038848506843,370.0,1.0634723981054086,0.3468690271464676,0.9081081081081082,1.3671260129480665,221.29256756058498,266.90460205078125,242.3628692626953,243.0949249267578,242.74021911621094,-0.3545951843261719,0.46361044049263,0.018604373559355736,nan,nan,nan,nan
1627,935.1639470756054,3.086349660315529,303.0,1.0857013197697734,0.3555485434617337,0.9207920792079208,1.3777839704771244,74.72292069503578,238.8533935546875,235.6324005126953,236.3643341064453,235.3013458251953,-1.0630334615707397,0.21435731649398804,0.02482151985168457,nan,nan,nan,nan
1628,1027.8031145185232,2.8550086514403423,360.0,1.0471056957879836,0.341766863222788,0.9194444444444444,1.355815496297704,54.48350490130997,236.6126251220703,231.93739318847656,232.78623962402344,233.42535400390625,0.639115035533905,0.17226646840572357,0.005977371241897345,nan,nan,nan,nan
1629,802.0326093360782,2.8954245824407154,277.0,1.0939816942479812,0.35860002370020005,0.9061371841155235,1.3849399516116718,-6.919940480408513,221.39927673339844,216.9296417236328,217.8609161376953,216.32733154296875,-1.5335954427719116,0.4259030222892761,0.010504995472729206,nan,nan,nan,nan
1630,616.6605915268883,2.2671345276723835,272.0,1.0398926455237028,0.33878235383093064,0.9301470588235294,1.3597203925647927,-182.39032818112082,176.1477508544922,205.4467315673828,206.3724822998047,206.9586944580078,0.5862541198730469,0.38704046607017517,0.02507171221077442,nan,nan,nan,nan
1631,585.9785691779107,2.844556161057819,206.0,1.1209137322061853,0.3692358646304106,0.941747572815534,1.4274237498075844,-82.37083309819548,186.27513122558594,212.99806213378906,214.31358337402344,213.8725128173828,-0.44112762808799744,0.12862856686115265,0.010655666701495647,nan,nan,nan,nan
1632,1397.7146770954132,3.52958251791771,396.0,1.062017738442824,0.3448978460359475,0.9393939393939394,1.3753171361270038,353.10333069716194,293.7953186035156,245.8793182373047,246.5629119873047,246.3906707763672,-0.17223326861858368,0.9572065472602844,0.022838570177555084,nan,nan,nan,nan
1633,964.8010284639895,2.8886258337245194,334.0,1.0840016595678161,0.3568053110086726,0.9461077844311377,1.3891565147617468,42.96989541085941,233.240966796875,232.4522247314453,233.33995056152344,233.007080078125,-0.33280953764915466,0.47369682788848877,0.04163374379277229,nan,nan,nan,nan
1634,912.0156797505915,2.8500489992205984,320.0,1.0867223272448245,0.3497221540472916,0.946875,1.3984031821591782,17.909111001198426,227.74160766601562,218.5162811279297,219.18626403808594,219.08457946777344,-0.10171627253293991,0.29551994800567627,0.02790757827460766,nan,nan,nan,nan
1635,866.6639070219826,2.448203127180742,354.0,1.0621309165515647,0.3487024018917794,0.9180790960451978,1.3542128850496737,-94.77374646505768,205.18731689453125,216.60711669921875,217.3255615234375,216.7523956298828,-0.5731905102729797,0.6061146855354309,0.024554872885346413,nan,nan,nan,nan
1636,832.9529178291559,2.8235692129801895,295.0,1.0926015175172565,0.35789645806100945,0.9457627118644067,1.378188309389368,-11.645500377849658,218.4186248779297,227.79803466796875,228.4300537109375,227.33164978027344,-1.0983253717422485,0.37442049384117126,0.009435550309717655,nan,nan,nan,nan
1637,544.0689636124298,2.1006523691599606,259.0,1.1118195699588789,0.37088150622324206,0.8996138996138996,1.3783360871925576,-229.23771781353798,157.57815551757812,211.67138671875,212.8048858642578,213.0935821533203,0.288695752620697,0.6874263882637024,0.04070847108960152,nan,nan,nan,nan
1638,610.601522192359,2.713784543077151,225.0,1.1126381830399021,0.36866011056057346,0.9111111111111111,1.401621188795994,-95.37407449596174,188.98214721679688,221.2546844482422,222.3971710205078,221.26768493652344,-1.1293951272964478,0.3362128734588623,0.0090870950371027,nan,nan,nan,nan
1639,1053.4150744080544,3.0270548115173974,348.0,1.0952534117783819,0.3568417647233169,0.9310344827586207,1.3751976341863024,103.85937705118727,246.61729431152344,231.07395935058594,231.7271270751953,231.52069091796875,-0.20641963183879852,0.256378173828125,0.01202130876481533,nan,nan,nan,nan
1640,1007.0161342052743,3.334490510613491,302.0,1.0879456393514007,0.3567193079662938,0.890728476821192,1.3799921956527625,148.5554338464001,256.7449951171875,246.2781982421875,247.3340301513672,247.4356231689453,0.10171011835336685,0.2853809595108032,0.0264925267547369,nan,nan,nan,nan
1641,762.666297764983,3.0385111464740358,251.0,1.0305530028872945,0.33257471234986,0.9163346613545816,1.3550063739887015,5.202224512579278,220.1598358154297,217.5691375732422,218.6118621826172,219.28614807128906,0.6742887496948242,0.2542847990989685,0.031238531693816185,nan,nan,nan,nan
1642,1090.9008675515652,3.2467287724748966,336.0,1.0885463422912296,0.35394191618032644,0.9345238095238095,1.3944208080988394,165.10908245504402,254.47926330566406,241.36053466796875,242.080078125,242.1759490966797,0.09579896926879883,0.3238990306854248,0.01811719872057438,nan,nan,nan,nan
1643,1170.4495991617441,3.278570305775194,357.0,1.08181490763423,0.353461770674978,0.9159663865546218,1.3908406862088316,203.07096760961736,268.1296081542969,232.3953094482422,233.22328186035156,232.91380310058594,-0.3095230162143707,0.701852023601532,0.028464702889323235,nan,nan,nan,nan
1644,848.2850807746872,2.98691929850242,284.0,1.0905936359115345,0.3611416928843156,0.9190140845070423,1.387359092403695,25.470248806331938,222.0036163330078,249.9774627685547,250.77301025390625,250.63978576660156,-0.13328063488006592,0.3056013584136963,0.012634876184165478,nan,nan,nan,nan
1645,674.9752904772758,2.6891445835748042,251.0,1.083166669623144,0.3557175930115892,0.896414342629482,1.3798062826721513,-82.4887827751279,197.5086212158203,224.1473846435547,225.1786346435547,225.60089111328125,0.42222508788108826,0.30150049924850464,0.0024739354848861694,nan,nan,nan,nan
1646,752.8751268200576,2.999502497291066,251.0,1.0882148889497407,0.3560822627875374,0.9322709163346613,1.3700320826865806,-4.58894643234612,216.20816040039062,229.71177673339844,230.69212341308594,231.1307830810547,0.43863049149513245,0.3177015781402588,0.021750345826148987,nan,nan,nan,nan
1647,994.1580501734279,3.1864040069661153,312.0,1.0655683194070074,0.3425318097738804,0.9326923076923077,1.3627203341910075,115.89408959759862,247.8044891357422,230.0244903564453,230.7057647705078,230.50563049316406,-0.2000841498374939,0.18956542015075684,0.016291065141558647,nan,nan,nan,nan
1648,1048.4932984225452,3.2162371117255986,326.0,1.088801915003065,0.3551977746745601,0.9294478527607362,1.4006460642500156,142.5047735429789,255.56710815429688,238.5676727294922,239.5828857421875,238.5245819091797,-1.0583529472351074,0.3386143743991852,0.015261277556419373,nan,nan,nan,nan
1649,712.0013943891972,2.8031550960204616,254.0,1.074250596823302,0.3492370842539845,0.9291338582677166,1.4036257508843284,-51.403656928293,204.51295471191406,237.0819091796875,238.12744140625,238.1541290283203,0.02669340930879116,0.2636300027370453,0.02876932919025421,nan,nan,nan,nan
1650,214.0967287607491,1.7548912193504025,122.0,1.1098303403638874,0.36656243890864887,0.8770491803278688,1.4035242234418952,-287.9052876929351,82.98127746582031,202.7762451171875,205.59149169921875,206.07713317871094,0.4856542646884918,0.945346474647522,0.017855435609817505,nan,nan,nan,nan
1651,1831.4659168221988,3.3058951567187704,554.0,1.0855009526958757,0.35435268345045035,0.9259927797833934,1.390969121764141,473.9630589960584,293.9898376464844,252.2058563232422,252.6576385498047,252.7040252685547,0.04615071415901184,0.3654884099960327,0.01771409623324871,nan,nan,nan,nan
1652,390.33805815689266,2.1929104390836667,178.0,1.0917375826394917,0.35638252134419185,0.9325842696629213,1.3780110459251074,-222.5622155117395,134.47802734375,175.92994689941406,177.3549041748047,176.02174377441406,-1.3331924676895142,1.124755620956421,0.03099524974822998,nan,nan,nan,nan
1653,998.0638335002586,0.9980638335002586,1000.0,1.1445996510464775,0.38892572390640756,0.873,1.394212657321952,-1242.6644300020744,91.46088409423828,100.28192138671875,100.46276092529297,101.5520248413086,1.0892916917800903,1.1338481903076172,0.25575870275497437,nan,nan,nan,nan
1654,844.1008781194687,3.0146459932838168,280.0,1.081557822424183,0.35419399309044125,0.9321428571428572,1.3863271671330715,29.207350237895525,230.3236083984375,237.0,238.0626678466797,237.98876953125,-0.07389005273580551,0.21801073849201202,0.016470210626721382,nan,nan,nan,nan
1655,508.60026776604354,2.5054200382563723,203.0,1.062096372761124,0.34358783226463274,0.9458128078817734,1.3844639679430988,-153.80815644497613,173.58909606933594,212.54811096191406,214.0078887939453,214.18226623535156,0.17446883022785187,0.2565446197986603,0.02649727277457714,nan,nan,nan,nan
1656,1386.9768034564331,3.181139457468883,436.0,1.1045037603335555,0.36273190565353874,0.9151376146788991,1.3867933210486378,263.1524161903619,271.58538818359375,244.818603515625,245.449462890625,245.650390625,0.20100857317447662,0.41439253091812134,0.010833433829247952,nan,nan,nan,nan
1657,1376.3917720541358,3.277123266795561,420.0,1.0879325011357286,0.3587580275392466,0.9142857142857143,1.3864862544233012,284.25260113519266,274.4960632324219,236.6331329345703,237.38999938964844,237.6478729248047,0.25781986117362976,0.34792062640190125,0.004246476572006941,nan,nan,nan,nan
1658,962.7328596711159,2.8824337115901675,334.0,1.060494962813843,0.3425357006078943,0.9550898203592815,1.3855187492009557,40.90172661798579,228.104736328125,221.888671875,222.62591552734375,222.0256805419922,-0.6004509925842285,0.4801931083202362,0.015046696178615093,nan,nan,nan,nan
1659,289.07870434224606,2.2762102704113865,127.0,1.102716774959033,0.3666759369295369,0.905511811023622,1.3659687806963938,-222.8249422199156,119.0559310913086,184.55677795410156,186.55201721191406,185.05419921875,-1.4978548288345337,0.7791449427604675,0.04888331890106201,nan,nan,nan,nan
1660,2119.886899754405,3.375616082411473,628.0,1.0718055096485186,0.347856865920362,0.9394904458598726,1.3933790112132671,615.8399163227978,303.7583312988281,261.4859924316406,261.8908996582031,263.2666320800781,1.3756908178329468,0.3642290532588959,0.006236879620701075,nan,nan,nan,nan
1661,1545.5885937120765,3.28150444524857,471.0,1.0728618107602743,0.34679144155646047,0.9320594479830149,1.3886599608486472,352.45279568666274,281.40789794921875,246.60418701171875,247.1373748779297,247.86199951171875,0.7245267033576965,0.37682709097862244,0.01854844018816948,nan,nan,nan,nan
1662,745.9656795714982,3.147534512959908,237.0,1.0559143823286543,0.34315905693982157,0.9156118143459916,1.3565409879214725,16.226170622831432,225.16693115234375,214.7311248779297,215.6227264404297,214.4158935546875,-1.2067985534667969,0.45319443941116333,0.03473567217588425,nan,nan,nan,nan
1663,1687.1399322003126,3.3276921739651137,507.0,1.0893407527811945,0.3577070237289077,0.9270216962524654,1.396344429770847,422.712397393861,290.3937072753906,253.3975830078125,253.9110107421875,254.1406707763672,0.22958391904830933,0.505720317363739,0.014506061561405659,nan,nan,nan,nan
1664,1258.636201519519,3.3474367061689336,376.0,1.077543095889273,0.3519060476618061,0.901595744680851,1.354636274203546,253.63137555517778,274.3775329589844,237.8740997314453,238.66064453125,239.64434814453125,0.9837274551391602,0.7149482369422913,0.031050825491547585,nan,nan,nan,nan
1665,579.074730232358,2.668547143927917,217.0,1.0921470209198751,0.36045172240691675,0.9262672811059908,1.383599773352531,-111.0582582823987,180.45579528808594,212.0047149658203,213.26190185546875,213.73492431640625,0.47300514578819275,0.1190844252705574,0.007791316602379084,nan,nan,nan,nan
1666,628.3683408275247,2.7681424706058357,227.0,1.0971192045124647,0.3584524342206802,0.9383259911894273,1.374278054479127,-81.567907904187,192.6172637939453,207.7508544921875,209.25856018066406,209.5712127685547,0.31263038516044617,0.26319828629493713,0.022068537771701813,nan,nan,nan,nan
1667,966.7951244711876,2.965629216169287,326.0,1.1195958737837728,0.37263905871132497,0.8987730061349694,1.3865836323440572,60.80659959162131,236.8590850830078,232.29002380371094,233.0753173828125,232.9596405029297,-0.11576715111732483,0.18583592772483826,0.007374367211014032,nan,nan,nan,nan
1668,829.7879750914872,2.469607068724664,336.0,1.0857742724033441,0.35240486005135435,0.9315476190476191,1.3770792741781204,-96.00381000503398,199.78338623046875,220.3978271484375,221.19378662109375,221.21934509277344,0.025625908747315407,0.03713854402303696,0.034476447850465775,nan,nan,nan,nan
1669,669.6689890800044,2.6261528983529585,255.0,1.084760859425643,0.35138213290647285,0.9294117647058824,1.3839756009766546,-95.71638825918126,191.81446838378906,219.9109344482422,220.9797821044922,220.49876403808594,-0.48102259635925293,0.15034937858581543,0.03576810657978058,nan,nan,nan,nan
1670,1276.5774863436818,2.9079213811928972,439.0,1.0659963022674197,0.3430002328778018,0.9407744874715261,1.3736336518553154,146.81212101252413,251.88980102539062,236.396240234375,237.0147705078125,237.4908447265625,0.47618386149406433,0.34964048862457275,0.013233420439064503,nan,nan,nan,nan
1671,450.6488674171269,2.449178627266994,184.0,1.1111407675523823,0.37327049388524913,0.8641304347826086,1.3928127225424731,-174.13336238167835,151.17994689941406,220.16807556152344,222.02923583984375,223.0454559326172,1.0162240266799927,0.30601730942726135,0.03589968383312225,nan,nan,nan,nan
1672,464.98740116506815,2.409261145932996,193.0,1.0284297185581175,0.328507958506821,0.9637305699481865,1.387162422698658,-177.61776282899655,157.1566619873047,182.28538513183594,183.6176300048828,183.33262634277344,-0.28504982590675354,0.07649067789316177,0.020403577014803886,nan,nan,nan,nan
1673,1698.2365287840366,3.552796085322252,478.0,1.084743998810596,0.3551014706594429,0.9225941422594143,1.377060552440099,491.23844860675445,305.1170349121094,252.53436279296875,253.18994140625,253.6522979736328,0.4623233377933502,0.4255717098712921,0.010138800367712975,nan,nan,nan,nan
1674,975.0120294354856,0.9750120294354856,1000.0,1.1204541837046296,0.38215605005169345,0.889,1.3855149062894845,-1265.7162340668474,89.05394744873047,97.85089874267578,98.03060150146484,99.749755859375,1.7191252708435059,0.907296359539032,0.10994777083396912,nan,nan,nan,nan
1675,1876.8679368570447,3.292750766415868,570.0,1.0857600442610384,0.355020379015736,0.9175438596491228,1.3785745598219528,487.6798626837765,291.98455810546875,264.2052307128906,264.6932373046875,265.7058410644531,1.012652039527893,0.723163366317749,0.023613274097442627,nan,nan,nan,nan
1676,715.1968865729868,3.0177083821645017,237.0,1.0863868611137255,0.35733832919492214,0.9071729957805907,1.3767048062441714,-14.542622375679912,213.47698974609375,220.4143829345703,221.59375,221.18287658691406,-0.4108738899230957,0.2767570912837982,0.027638252824544907,nan,nan,nan,nan
1677,269.39554158225656,2.138059853827433,126.0,1.1454236639155964,0.38038272908630055,0.8888888888888888,1.4138928570186484,-240.52777895820964,106.23684692382812,177.75042724609375,179.72100830078125,179.05726623535156,-0.6637831330299377,0.6038820743560791,0.042392101138830185,nan,nan,nan,nan
1678,186.9869810640812,1.5582248422006766,120.0,1.0957653069980002,0.35649208882952943,0.9166666666666666,1.3856619994218788,-311.054383346212,75.3282699584961,171.29466247558594,174.0631103515625,174.4267578125,0.363715261220932,0.8252129554748535,0.044974807649850845,nan,nan,nan,nan
1679,532.4476188439876,2.7027797910862312,197.0,1.1169203607039844,0.36535284440576804,0.9086294416243654,1.3966699730668493,-118.07884923685901,178.741943359375,189.47967529296875,190.8723907470703,189.9149169921875,-0.9574778079986572,0.03420086205005646,0.004031765274703503,nan,nan,nan,nan
1680,859.9402496386319,3.1157255421689563,276.0,1.0891560263624334,0.3540463818208785,0.9420289855072463,1.4089306030028421,52.96802584384068,233.7536163330078,223.94590759277344,224.94708251953125,224.46240234375,-0.484678715467453,0.3386960029602051,0.036679089069366455,nan,nan,nan,nan
1681,987.7218176424503,3.1158416960329665,317.0,1.1165436383862055,0.3711489293466985,0.9053627760252366,1.394431603359357,99.55622695814372,244.8203582763672,239.25196838378906,240.10304260253906,239.7040252685547,-0.3990650475025177,0.5045704245567322,0.026122646406292915,nan,nan,nan,nan
1682,1630.1849472820759,3.3612060768702596,485.0,1.1055612850914223,0.36128723518905925,0.9237113402061856,1.3866704111485715,409.3245849529251,292.35797119140625,254.19667053222656,254.7887725830078,254.58531188964844,-0.20350782573223114,0.9077425599098206,0.01692296750843525,nan,nan,nan,nan
1683,871.6828797981143,2.9056095993270477,300.0,1.1153808054333418,0.37390787623470206,0.9,1.3895429275804265,17.182831482631173,230.45346069335938,220.73252868652344,221.695556640625,221.0208740234375,-0.6746780872344971,0.2615661323070526,0.021012013778090477,nan,nan,nan,nan
1684,918.4596562311053,2.888237912676432,318.0,1.1016966851274894,0.36414133924397835,0.8805031446540881,1.3809038375719762,28.313739525103074,229.29071044921875,230.54640197753906,231.4336700439453,231.5576171875,0.12392500787973404,0.27131393551826477,0.02582337148487568,nan,nan,nan,nan
1685,1616.7368188351393,3.389385364434254,477.0,1.0903864266267689,0.35597459188545977,0.9203354297693921,1.3898953463803647,411.7190646795525,292.9707336425781,260.4775085449219,261.1027526855469,261.6786193847656,0.5758237242698669,0.44874608516693115,0.03084654174745083,nan,nan,nan,nan
1686,1684.8969036862254,3.6234342014757535,465.0,1.0594973112396853,0.3417616478551561,0.9354838709677419,1.3786156731617019,503.6430617909848,312.95269775390625,245.2815704345703,246.02069091796875,246.03497314453125,0.01430104672908783,0.4887876510620117,0.019397219642996788,nan,nan,nan,nan
1687,751.2181229926646,3.143172062730814,239.0,1.0561158730164735,0.3441784558712207,0.9205020920502092,1.3735263817528405,17.51796200060687,221.9595947265625,213.84613037109375,214.9480743408203,214.3456268310547,-0.6023672223091125,0.2791019082069397,0.030171159654855728,nan,nan,nan,nan
1688,479.6525848712772,2.5927166749798767,185.0,1.0843204206655195,0.3562785274437251,0.9243243243243243,1.356180297721148,-147.10997094922345,165.90333557128906,201.3953094482422,202.3472442626953,201.6332550048828,-0.7139795422554016,0.22387193143367767,0.005446953233331442,nan,nan,nan,nan
1689,1235.7807861343026,3.260635319615574,379.0,1.0729697333467105,0.35323577307780224,0.9050131926121372,1.355371338990201,224.83498210487483,269.76519775390625,238.8280487060547,239.55853271484375,238.93841552734375,-0.6201361417770386,0.47516965866088867,0.019004585221409798,nan,nan,nan,nan
1690,1112.0228465348482,2.9812944947314968,373.0,1.089626634605775,0.357866777208996,0.9088471849865952,1.375657873199043,112.95899863559362,249.6409149169922,229.7172088623047,230.4326171875,230.40203857421875,-0.030632713809609413,0.1824139654636383,0.006724331062287092,nan,nan,nan,nan
1691,832.2078529372811,2.7648101426487743,301.0,1.088196377402966,0.35710550828728305,0.9401993355481728,1.409055040660522,-24.27252139989764,213.98692321777344,225.9515838623047,226.8749237060547,226.362060546875,-0.5129348635673523,0.2743470370769501,0.0251520574092865,nan,nan,nan,nan
1692,1060.8618603739887,3.176233114892182,334.0,1.120771195391203,0.3710059595530497,0.907185628742515,1.397996447980068,139.03072732085866,250.20945739746094,250.9847412109375,251.78363037109375,252.28955078125,0.5059468150138855,0.8152894973754883,0.025195229798555374,nan,nan,nan,nan
1693,482.5373383536935,2.244359713272993,215.0,1.0446920963286903,0.33574822741685173,0.9255813953488372,1.359988648287591,-203.63499811767224,156.8516387939453,194.1293182373047,195.29283142089844,195.6702117919922,0.3773382902145386,0.6406846642494202,0.07465165108442307,nan,nan,nan,nan
1694,1424.840646211058,3.571029188498892,399.0,1.0797619897732993,0.3514385536472216,0.924812030075188,1.3694444234728904,374.28832174772015,296.9603271484375,246.2615203857422,246.9246063232422,246.22137451171875,-0.7030777335166931,0.29377269744873047,0.019756879657506943,nan,nan,nan,nan
1695,954.0344905406237,3.3011574067149607,289.0,1.0862067288644097,0.3538667919780095,0.903114186851211,1.3725381163859032,121.31802846379105,252.40782165527344,229.9727020263672,230.8821258544922,230.2017059326172,-0.6803857684135437,0.26780229806900024,0.0089207012206316,nan,nan,nan,nan
1696,713.4316355730407,2.494516208297345,286.0,1.1194938219140917,0.36788435958069154,0.9370629370629371,1.4027648370062318,-113.34384843870544,194.6632080078125,178.7574920654297,179.58935546875,178.5743865966797,-1.0150004625320435,0.8823458552360535,0.024337638169527054,nan,nan,nan,nan
1697,1517.4639748893678,3.379652505321532,449.0,1.0753567675554723,0.3510346412200852,0.9265033407572383,1.3900962276197055,367.89534934125504,289.220703125,255.6426544189453,256.1929626464844,255.5592041015625,-0.6337465643882751,0.46757689118385315,0.026928342878818512,nan,nan,nan,nan
1698,636.2084901668131,2.918387569572537,218.0,1.114363261723352,0.36820812507620476,0.926605504587156,1.3852762367611349,-55.90482436963907,199.86941528320312,211.0374298095703,212.20982360839844,211.806884765625,-0.4029606282711029,0.25357043743133545,0.024592461064457893,nan,nan,nan,nan
1699,837.570627771318,3.1136454563989515,269.0,1.0797173948198442,0.35219077438911217,0.9405204460966543,1.3877255584779575,44.46068612839531,229.02047729492188,228.1143798828125,229.0156707763672,229.217529296875,0.2018977850675583,0.3522101938724518,0.007829910144209862,nan,nan,nan,nan
1700,1028.4594360571355,2.9638600462741658,347.0,1.0924394156462638,0.3574230142850995,0.9020172910662824,1.3866923352784999,80.8840647219638,241.49578857421875,236.11354064941406,236.8273162841797,236.68055725097656,-0.14673401415348053,0.23930929601192474,0.029349688440561295,nan,nan,nan,nan
1701,522.6369682201184,2.408465291336951,217.0,1.0604842444117384,0.34492573038726393,0.9308755760368663,1.3663636523906169,-167.49602029463824,165.92103576660156,215.5956268310547,216.7061767578125,217.1210174560547,0.4148120880126953,0.5591300129890442,0.03949028626084328,nan,nan,nan,nan
1702,997.7596773542464,3.2500315223265352,307.0,1.1198502033858297,0.36782524618544526,0.9055374592833876,1.409109350077347,129.39734688689464,254.44229125976562,241.1885223388672,242.1717071533203,241.3929443359375,-0.7787815928459167,0.7326390743255615,0.02271132543683052,nan,nan,nan,nan
1703,434.53061681240797,2.3615794391978695,184.0,1.0576585725788699,0.3452717423982298,0.9347826086956522,1.3849119262741996,-190.25161298639728,150.2351531982422,188.5769500732422,189.8154296875,187.9231719970703,-1.8922744989395142,0.464505672454834,0.048712752759456635,nan,nan,nan,nan
1704,559.6239856313914,2.67762672550905,209.0,1.1115092366863053,0.3680017623874735,0.9330143540669856,1.39912830778088,-114.66639470980135,178.78981018066406,213.4102020263672,214.583740234375,214.9367218017578,0.35297390818595886,0.07481152564287186,0.009294846095144749,nan,nan,nan,nan
1705,715.9495483899955,2.91036401784551,246.0,1.0911088315161537,0.3544043026604881,0.9105691056910569,1.377038883586567,-31.612894753930732,209.56088256835938,215.287841796875,216.48597717285156,216.1505126953125,-0.33541083335876465,0.22973431646823883,0.02186885103583336,nan,nan,nan,nan
1706,782.6291669085622,3.0452496766870123,257.0,1.1197352036346997,0.3688192273989992,0.914396887159533,1.4008907027534352,13.283137525985467,220.9639129638672,223.95623779296875,224.9672088623047,224.24664306640625,-0.7205411791801453,0.5549883842468262,0.01878710463643074,nan,nan,nan,nan
1707,568.6278183353133,2.6447805503968063,215.0,1.075225845891256,0.3510372961652935,0.9069767441860465,1.377665233509422,-117.54451813605237,180.56942749023438,201.6770477294922,202.8995819091797,202.5317840576172,-0.3678494989871979,0.11865638196468353,0.01994292065501213,nan,nan,nan,nan
1708,861.0079499431886,2.8137514704025772,306.0,1.108477842950509,0.36639452637972797,0.9248366013071896,1.4012592762658271,-5.374054502467516,219.3655548095703,238.62376403808594,239.085693359375,238.6215057373047,-0.4641401767730713,0.19012683629989624,0.017987394705414772,nan,nan,nan,nan
1709,1025.5884565599263,3.2049639267497696,320.0,1.1136808210468327,0.36657967241286926,0.9125,1.409798527375101,131.48188781053318,250.54110717773438,240.4048614501953,241.11500549316406,240.5257568359375,-0.5891994833946228,0.32720091938972473,0.014475208707153797,nan,nan,nan,nan
1710,781.7605947294505,2.9061732146076227,269.0,1.0880751132385744,0.3606890171988148,0.8847583643122676,1.3704425400750684,-11.349346913472118,215.81430053710938,226.5595245361328,227.4842071533203,227.6869354248047,0.20268456637859344,0.5382702946662903,0.014221352525055408,nan,nan,nan,nan
1711,636.2481187558733,2.447108149061051,260.0,1.0983418546861152,0.35994893612656503,0.9346153846153846,1.3867307792287165,-139.0388886917899,184.5189971923828,222.6719512939453,223.7099609375,223.34886169433594,-0.36114418506622314,0.1711817979812622,0.016030799597501755,nan,nan,nan,nan
1712,1152.759253426455,3.10716779899314,371.0,1.102311364860222,0.3616193148361055,0.9380053908355795,1.3910586794748727,157.6560575705912,251.99183654785156,246.5307159423828,247.2948760986328,247.9692840576172,0.6744821071624756,0.37202030420303345,0.03015298768877983,nan,nan,nan,nan
1713,1487.605411708355,3.3429335094569774,445.0,1.0775853439068108,0.35277501210576445,0.9325842696629213,1.3928795688488371,345.9580902470243,285.282470703125,251.6236114501953,252.2130126953125,252.57427978515625,0.3612648546695709,0.4307177662849426,0.006165385711938143,nan,nan,nan,nan
1714,793.8225008696318,2.6198762404938343,303.0,1.1338367220816752,0.37736178728228287,0.9075907590759076,1.416102606140511,-66.61852551093784,210.4403076171875,232.33302307128906,233.19688415527344,232.093505859375,-1.1034185886383057,0.15898407995700836,0.009078103117644787,nan,nan,nan,nan
1715,581.3947682380676,2.8925112847665058,201.0,1.0685851835205173,0.34211883978120566,0.9402985074626866,1.3985707935764233,-77.0530039295611,187.11546325683594,191.40509033203125,192.66893005371094,192.03895568847656,-0.6299837827682495,0.12410322576761246,0.01737704686820507,nan,nan,nan,nan
1716,540.0177679811604,2.7273624645513155,198.0,1.1173275728768703,0.37084776186933016,0.9141414141414141,1.404320602251079,-112.48902612138181,176.18983459472656,220.14585876464844,221.29759216308594,221.3022003173828,0.004657462704926729,0.318311482667923,0.019499950110912323,nan,nan,nan,nan
1717,993.7231732155196,0.9937231732155196,1000.0,1.1437495401947653,0.38955271165575445,0.906,1.3919675260885278,-1247.0050902868134,89.9256591796875,99.4473648071289,99.6024169921875,100.5908203125,0.9884622097015381,0.42507773637771606,0.10145600140094757,nan,nan,nan,nan
1718,803.9353085807525,2.772190719243974,290.0,1.0881466959902282,0.3567373138596839,0.9241379310344827,1.417497590174327,-30.761479517775797,212.23289489746094,228.0293731689453,228.8914794921875,228.9698486328125,0.07835406064987183,0.21842323243618011,0.010851504281163216,nan,nan,nan,nan
1719,1018.4109770460054,3.152975161133144,323.0,1.0644133576355745,0.3482515108748495,0.9380804953560371,1.3714072761754819,118.36343023152563,251.2452850341797,224.40687561035156,225.3379364013672,225.4401092529297,0.1022837683558464,0.1684683859348297,0.007934308610856533,nan,nan,nan,nan
1720,1361.189276988618,3.4724216249709645,392.0,1.125484409718629,0.3702126527040039,0.9030612244897959,1.4031866194893394,324.49923467714893,286.2174072265625,250.77452087402344,251.4573974609375,251.0521240234375,-0.4053642451763153,0.45661282539367676,0.00966750830411911,nan,nan,nan,nan
1721,1292.6394015476108,3.34880673976065,386.0,1.100070785224756,0.3620847258587136,0.927461139896373,1.3971974619978744,267.8313153663146,273.06005859375,254.51007080078125,255.113525390625,255.2199249267578,0.10643289238214493,0.8228145837783813,0.01764298602938652,nan,nan,nan,nan
1722,548.5850136578083,2.784695500801057,197.0,1.1303790525312973,0.37513561805277523,0.9187817258883249,1.4100856266104944,-101.9414544230383,181.53997802734375,209.53692626953125,210.77838134765625,209.8614044189453,-0.9169313907623291,0.6110207438468933,0.025794552639126778,nan,nan,nan,nan
1723,1040.677795521915,3.231918619633276,322.0,1.1000914830331137,0.3598100267115734,0.9596273291925466,1.3978219352916281,142.6105747291308,252.39523315429688,236.7731170654297,237.6790008544922,237.85467529296875,0.17560933530330658,0.7479671239852905,0.015109596773982048,nan,nan,nan,nan
1724,1080.9174222070724,3.315697614132124,326.0,1.1038860871133596,0.36542874869782427,0.9079754601226994,1.39483032212749,174.9288973275061,261.3981628417969,247.26307678222656,248.05157470703125,247.5056610107422,-0.5458736419677734,0.8047953248023987,0.017399730160832405,nan,nan,nan,nan
1725,577.5992868876783,2.7374373786145894,211.0,1.0943097047596277,0.36422928746905187,0.909952606635071,1.3768956345978447,-100.65174549690528,182.96673583984375,212.9574432373047,214.0440216064453,215.2154541015625,1.1714015007019043,0.4092944264411926,0.018789241090416908,nan,nan,nan,nan
1726,1453.1536320447922,3.214941663815912,452.0,1.1018665539988626,0.3608202544251916,0.9358407079646017,1.406968216148432,297.6440284315929,274.96026611328125,246.2760009765625,246.8145751953125,246.4301300048828,-0.38436397910118103,0.3370950520038605,0.006167825311422348,nan,nan,nan,nan
1727,995.2448750725016,3.1395737383990587,317.0,1.082970165909675,0.35161239515847287,0.9400630914826499,1.3815034401853066,107.07928438819499,245.52780151367188,242.68556213378906,243.48573303222656,244.029052734375,0.5433277487754822,0.34809672832489014,0.01733332872390747,nan,nan,nan,nan
1728,319.3984510973096,1.88993166329769,169.0,1.1351583900305582,0.37595140157015794,0.9585798816568047,1.446084494531488,-275.678888376063,115.450927734375,189.8822784423828,191.73143005371094,191.4388885498047,-0.292567640542984,0.914415717124939,0.02622251771390438,nan,nan,nan,nan
1729,387.1888915784657,2.2775817151674453,170.0,1.1182521905088025,0.3709266026987119,0.9117647058823529,1.4066492461585836,-209.86877391660255,135.1422119140625,185.9803924560547,187.61585998535156,187.1876678466797,-0.4282265901565552,0.520872175693512,0.023486001417040825,nan,nan,nan,nan
1730,418.32518800348043,2.237033090927703,187.0,1.0989808322718586,0.3631252379613906,0.9197860962566845,1.394605068944588,-212.3980198604113,142.5124969482422,191.3648681640625,192.4759063720703,191.5438690185547,-0.9320824146270752,0.7591240406036377,0.008588344790041447,nan,nan,nan,nan
1731,476.6119611263275,2.3024732421561716,207.0,1.0692778696294827,0.3408892516720415,0.9033816425120773,1.38279514944369,-193.71776717147418,155.94793701171875,183.11688232421875,184.23138427734375,182.8485107421875,-1.3829180002212524,0.08866970241069794,0.026072075590491295,nan,nan,nan,nan
1732,925.9822852388024,3.11778547218452,297.0,1.122114068409085,0.3718023521968218,0.9191919191919192,1.4016585805297535,77.42321498840579,237.98892211914062,242.68299865722656,243.6982879638672,243.46241760253906,-0.23592381179332733,0.3096277415752411,0.011991655454039574,nan,nan,nan,nan
1733,558.8767729820684,2.368121919415544,236.0,1.1254949693834335,0.37266367599250116,0.8559322033898306,1.3916246083161639,-168.88240994490275,170.9461669921875,214.22328186035156,215.40618896484375,214.2854766845703,-1.1207445859909058,0.24122698605060577,0.00413424801081419,nan,nan,nan,nan
1734,1107.643582612276,3.0767877294785446,360.0,1.074692759164305,0.35033778412045513,0.925,1.3667118732377428,134.32397299506283,252.2062530517578,234.0608367919922,234.84336853027344,234.51220703125,-0.3312171995639801,0.23869860172271729,0.01904289424419403,nan,nan,nan,nan
1735,502.8055027090013,2.618778659942715,192.0,1.0610577349799126,0.3469841302713677,0.9010416666666666,1.3534742364620538,-137.81933526336786,169.20484924316406,213.1232147216797,214.41896057128906,214.68048095703125,0.26150885224342346,0.2133173942565918,0.012193351984024048,nan,nan,nan,nan
1736,635.8827213868499,2.705883920795106,235.0,1.0737694618223343,0.35550869427949966,0.9531914893617022,1.3773530006893093,-89.89613551842581,189.99807739257812,225.36993408203125,226.6716766357422,226.68357849121094,0.011896130628883839,0.2643866539001465,0.016521044075489044,nan,nan,nan,nan
1737,652.0002577528358,2.7863258878326316,234.0,1.0715451138629408,0.3497689365266034,0.905982905982906,1.3792098182612424,-71.7982731307444,199.13229370117188,216.41600036621094,217.46527099609375,216.4073486328125,-1.0579293966293335,0.38660234212875366,0.02684331126511097,nan,nan,nan,nan
1738,598.0506373569369,2.6698689167720397,224.0,1.096551605781614,0.36384412759714124,0.90625,1.3699475060931035,-105.94463330968824,186.7252960205078,208.6854705810547,209.93023681640625,209.8187255859375,-0.11146750301122665,0.4442004859447479,0.01152526494115591,nan,nan,nan,nan
1739,621.4939020406455,2.7745263483957388,224.0,1.1199072854692103,0.3712838323374074,0.8973214285714286,1.407465466037676,-82.5013686259797,191.65975952148438,204.9574737548828,206.27117919921875,204.91075134277344,-1.3604933023452759,0.1951838582754135,0.0196057315915823,nan,nan,nan,nan
1740,1082.163759469986,3.2207254746130536,336.0,1.0893313199509354,0.3548583325723268,0.9255952380952381,1.3910568416141715,156.3719743734648,255.39053344726562,227.153564453125,227.97999572753906,228.0168914794922,0.03688545152544975,0.4598208963871002,0.008063971064984798,nan,nan,nan,nan
1741,588.6480320347473,2.109849577185474,279.0,1.1009089129919476,0.3654356065231857,0.9139784946236559,1.3909888614665458,-224.26516982513044,161.96463012695312,222.85813903808594,223.96055603027344,224.6023406982422,0.6417977213859558,0.038335010409355164,0.08193084597587585,nan,nan,nan,nan
1742,696.1313817091286,2.8069813778593895,248.0,1.1045335819993676,0.3660685373127513,0.9354838709677419,1.4416879702259935,-55.39171347818865,200.46392822265625,212.53662109375,213.5001220703125,212.6179962158203,-0.88205486536026,0.3029441833496094,0.04197711497545242,nan,nan,nan,nan
1743,1120.1852889731526,3.1116258027032018,360.0,1.0880523411141996,0.3550560952089317,0.9138888888888889,1.3917158294902796,146.8656793559394,253.89700317382812,237.086669921875,237.71588134765625,238.4698028564453,0.7539331316947937,0.635153591632843,0.021219195798039436,nan,nan,nan,nan
1744,322.5581562357256,1.991099729850158,162.0,1.0823007790073755,0.3522011009198249,0.9444444444444444,1.3844364347143698,-258.6569010857786,119.69046783447266,172.9034423828125,174.3872833251953,173.7948455810547,-0.5924293398857117,0.7143679857254028,0.04001028463244438,nan,nan,nan,nan
1745,2685.3520655017346,3.552052996695416,756.0,1.0815738741188479,0.3534584659992844,0.9232804232804233,1.3818981960849632,927.8233512931033,322.8379211425781,257.7500305175781,258.1010437011719,258.8709411621094,0.7701135277748108,0.6453332901000977,0.013397790491580963,nan,nan,nan,nan
1746,435.8447836712003,2.594314188519049,168.0,1.0849986341960154,0.35635805392724695,0.9226190476190477,1.3862507144259353,-157.2522297804769,155.02662658691406,204.9869384765625,206.4047088623047,205.8744659423828,-0.5302409529685974,0.5999994874000549,0.055199772119522095,nan,nan,nan,nan
1747,1414.1211392730474,3.1635819670537972,447.0,1.0943210181987124,0.3597018482428066,0.9261744966442953,1.3771966539829932,268.51316576832573,266.9548034667969,254.99920654296875,255.4972381591797,256.2125244140625,0.7153666615486145,0.6969438195228577,0.031894225627183914,nan,nan,nan,nan
1748,1983.564892324619,3.3506163721699647,592.0,1.0999114468477336,0.3587245013226788,0.9290540540540541,1.3982228328935355,550.8096456740498,298.8272399902344,261.02447509765625,261.4920959472656,262.2610168457031,0.7690250873565674,0.40120506286621094,0.00812626164406538,nan,nan,nan,nan
1749,686.2924549914896,2.619436851112556,262.0,1.0799816004091216,0.3528676034671458,0.9389312977099237,1.36746332975555,-92.95520449956462,196.17376708984375,208.77195739746094,209.70013427734375,208.33497619628906,-1.3650760650634766,0.17285136878490448,0.046165831387043,nan,nan,nan,nan
1750,1004.2221706560813,1.0042221706560812,1000.0,1.1252956030872188,0.3849441614166232,0.883,1.3903291693114834,-1236.5060928462517,90.4690170288086,90.98209381103516,91.1529769897461,92.707763671875,1.5547795295715332,0.5601489543914795,0.17387567460536957,nan,nan,nan,nan
1751,708.8438446586952,2.7797797829752753,255.0,1.0760908528681703,0.35092967021944055,0.8980392156862745,1.3745822836626151,-56.54153268049049,204.90476989746094,208.0887908935547,208.947998046875,208.9832000732422,0.03518290817737579,0.2779039740562439,0.007514360826462507,nan,nan,nan,nan
1752,646.4395077601075,2.860351804248263,226.0,1.1150682242705856,0.36686167314426793,0.9203539823008849,1.383348749719854,-61.51641494990872,196.14559936523438,229.9384765625,231.09104919433594,231.1808319091797,0.08974703401327133,0.29320624470710754,0.010009938850998878,nan,nan,nan,nan
1753,969.1448623763863,0.9691448623763863,1000.0,1.122901539657302,0.38083812716483956,0.881,1.3823716170546827,-1271.5834011259467,86.77979278564453,93.32598114013672,93.51432037353516,94.38631439208984,0.8719637989997864,0.4283958971500397,0.019921422004699707,nan,nan,nan,nan
1754,657.6076501756907,2.684112857859962,245.0,1.076711173148973,0.34178714971913365,0.926530612244898,1.399889881231441,-87.97446694654002,199.76953125,216.10118103027344,216.8345489501953,214.8153533935547,-2.0192835330963135,0.12622544169425964,0.06846050173044205,nan,nan,nan,nan
1755,964.8458420690149,3.082574575300367,313.0,1.0746898554989235,0.3546041269532873,0.8945686900958466,1.3682885646478713,84.6015554714902,240.88653564453125,244.3972625732422,245.33056640625,245.66998291015625,0.3394273519515991,0.3446076810359955,0.025626640766859055,nan,nan,nan,nan
1756,792.7927832757414,3.096846809670865,256.0,1.121898863019129,0.36647052930190205,0.92578125,1.3946267183687868,25.4270799148602,226.92279052734375,227.40089416503906,228.65919494628906,227.4470977783203,-1.2121220827102661,0.6333674192428589,0.07448621839284897,nan,nan,nan,nan
1757,668.7592522837222,2.7075273371810615,247.0,1.1027313665389495,0.3646533170364,0.9311740890688259,1.389792915771559,-80.78351688189946,196.0674591064453,222.1033172607422,223.2449188232422,222.6932373046875,-0.5516096949577332,0.3061066269874573,0.012953189201653004,nan,nan,nan,nan
1758,887.7160356044769,2.882194920793756,308.0,1.0941307802839828,0.35839286254523867,0.922077922077922,1.3802702715115651,17.37337911542977,226.27745056152344,229.385009765625,230.3006591796875,229.00823974609375,-1.2924280166625977,0.20405663549900055,0.01139211468398571,nan,nan,nan,nan
1759,584.2703004684299,2.5513986920018774,229.0,1.0678024753995883,0.3566132854225298,0.9170305676855895,1.3553877373441057,-129.6266003066728,179.91317749023438,228.44110107421875,229.43223571777344,229.3129119873047,-0.1192919909954071,0.1583859622478485,0.0185446385294199,nan,nan,nan,nan
1760,363.46367765776813,2.229838513237841,163.0,1.1159358778037274,0.3727694085624415,0.901840490797546,1.3928935954061026,-219.7317056854315,127.80120086669922,205.44322204589844,207.1566619873047,207.3656768798828,0.209075465798378,0.6874560713768005,0.0825793519616127,nan,nan,nan,nan
1761,712.2458099257201,2.94316450382529,242.0,1.107291226624317,0.36796008758835386,0.8884297520661157,1.389536068829979,-27.39532913142409,210.3723602294922,222.64051818847656,223.62315368652344,222.3981475830078,-1.2250007390975952,0.5766413807868958,0.03547840565443039,nan,nan,nan,nan
1762,619.0484367236495,2.715124722472147,228.0,1.1094265355669368,0.363621378645787,0.9342105263157895,1.4245876837227571,-92.86813802975769,192.89056396484375,183.75599670410156,185.1641845703125,184.1326446533203,-1.0315881967544556,0.0709560289978981,0.015927447006106377,nan,nan,nan,nan
1763,768.5062874257565,3.037574258599828,253.0,1.099488395356802,0.3621709210012763,0.8932806324110671,1.3958837363776277,7.081562129961753,221.10328674316406,229.12583923339844,230.0703582763672,228.6105194091797,-1.4598793983459473,0.27208542823791504,0.009228904731571674,nan,nan,nan,nan
1764,945.3295521829277,3.010603669372381,314.0,1.1184643477072393,0.3655763644410689,0.9331210191082803,1.3929520591416247,63.1049395637076,236.9652099609375,213.4622802734375,214.4736785888672,213.9143829345703,-0.5592821836471558,0.10733728110790253,0.03293847665190697,nan,nan,nan,nan
1765,704.28092584759,2.971649476150169,237.0,1.0738619138759002,0.35141353495541827,0.8945147679324894,1.3662780605958493,-25.458583101076783,212.98081970214844,223.42042541503906,224.6122283935547,224.25514221191406,-0.35711610317230225,0.554726243019104,0.02420768328011036,nan,nan,nan,nan
1766,681.3748925849795,3.0149331530308827,226.0,1.1127374062522655,0.3667644848216876,0.8716814159292036,1.3956307744206566,-26.581030125036705,209.2038116455078,224.8349151611328,225.7032470703125,225.7766571044922,0.07341010123491287,0.2273981273174286,0.012795500457286835,nan,nan,nan,nan
1767,410.9680812843144,2.3893493097925256,172.0,1.0283155607423662,0.33549293105683625,0.9767441860465116,1.3641000495422662,-190.0502362541448,142.50291442871094,210.26744079589844,211.93072509765625,213.90789794921875,1.9772111177444458,0.979160487651825,0.04031004011631012,nan,nan,nan,nan
1768,871.7222302316222,2.945007534566291,296.0,1.088189858533523,0.35876571111208533,0.8918918918918919,1.3514163936433197,25.14348600292101,225.5371856689453,236.6015167236328,237.41375732421875,237.27064514160156,-0.14313863217830658,0.24148918688297272,0.024218488484621048,nan,nan,nan,nan
1769,1130.9795851781964,3.249941336718955,348.0,1.0938162475152053,0.35927776043223913,0.9109195402298851,1.3944077906172945,181.42388782132934,264.5733337402344,240.1910858154297,240.8424072265625,240.0062713623047,-0.8360276222229004,0.17493602633476257,0.009442871436476707,nan,nan,nan,nan
1770,480.65207436680794,2.7783356899815486,173.0,1.0936228570554964,0.35541232495744995,0.9075144508670521,1.4095363280708921,-122.3465691933468,167.89820861816406,192.3744659423828,193.8790740966797,193.38641357421875,-0.4926326274871826,0.6260343790054321,0.03886087238788605,nan,nan,nan,nan
1771,1619.0449285805225,3.401354891975888,476.0,1.069947756165932,0.34935250004933804,0.9264705882352942,1.3678925568298277,416.0075004466314,291.0976257324219,264.4350280761719,264.8785095214844,265.6349182128906,0.7564106583595276,0.9561657309532166,0.03454218804836273,nan,nan,nan,nan
1772,1014.1041594627313,3.120320490654558,325.0,1.0661862185930018,0.34361037808518186,0.9353846153846154,1.3682187755848292,110.0959606048607,248.56454467773438,234.7218780517578,235.4460906982422,234.58062744140625,-0.8654325604438782,0.2849138081073761,0.012500379234552383,nan,nan,nan,nan
1773,825.8072304679081,3.0813702629399558,268.0,1.059006122436504,0.3414270436955284,0.9216417910447762,1.3838084982286947,34.677614846680854,231.9083251953125,204.4999237060547,205.5084228515625,205.20738220214844,-0.30099233984947205,0.19277001917362213,0.020804554224014282,nan,nan,nan,nan
1774,385.85742549132556,2.2697495617136796,170.0,1.1020630315296855,0.3658580099600858,0.8941176470588236,1.3982156276228617,-211.2002400037427,136.328857421875,217.6580047607422,219.1318359375,218.33302307128906,-0.7988224029541016,0.2584424316883087,0.028991786763072014,nan,nan,nan,nan
1775,544.4397532530129,2.4860262705617027,219.0,1.1010666131136462,0.365419660798599,0.9178082191780822,1.40258624647024,-149.65388730513473,172.96328735351562,207.3414764404297,208.63465881347656,207.5950469970703,-1.039626121520996,0.14407825469970703,0.012651353143155575,nan,nan,nan,nan
1776,1478.2098653912544,3.3519498081434342,441.0,1.0697253439799728,0.34840392035998663,0.9342403628117913,1.3831765865665644,344.4838480167057,281.0295715332031,249.34117126464844,249.9426727294922,250.10838317871094,0.1656893640756607,0.776969313621521,0.014089829288423061,nan,nan,nan,nan
1777,1796.770869627595,3.4094323901851897,527.0,1.0724282536952052,0.3484415268570545,0.9411764705882353,1.399397157319452,492.73681438723315,298.18817138671875,255.9841766357422,256.5544738769531,256.8365478515625,0.2821173667907715,0.41371485590934753,0.005847705062478781,nan,nan,nan,nan
1778,1113.02601313591,2.992005411655672,372.0,1.090066931998357,0.35465644386458345,0.9301075268817204,1.3945557928823407,115.94249125835086,248.56607055664062,241.9569549560547,242.5653533935547,242.4797821044922,-0.08553553372621536,0.09489651769399643,0.015290084294974804,nan,nan,nan,nan
1779,1142.8692262601107,2.94553924293843,388.0,1.1256223507666148,0.36660164415784224,0.9097938144329897,1.4221091677691946,114.1004880354235,247.13514709472656,234.6322784423828,235.2725830078125,235.7686767578125,0.4961768090724945,0.0781717598438263,0.01648806221783161,nan,nan,nan,nan
1780,1952.93857133016,3.531534487034647,553.0,1.1126356747055477,0.364688321698783,0.918625678119349,1.4127248787906164,597.4160395257152,313.6354064941406,261.9560852050781,262.4268798828125,263.0527038574219,0.625706672668457,0.5663402676582336,0.014454744756221771,nan,nan,nan,nan
1781,672.190051057376,2.6995584379814295,249.0,1.092641642387699,0.3578874113632259,0.927710843373494,1.3886534197647937,-81.31337015163672,195.87847900390625,225.66453552246094,226.74339294433594,226.87184143066406,0.12846887111663818,0.27925556898117065,0.006831437814980745,nan,nan,nan,nan
1782,866.6590173467994,2.988479370161377,290.0,1.1081407303907298,0.3710735345261985,0.9241379310344827,1.3886387371339057,31.962229248271115,228.36712646484375,238.8341522216797,239.7460174560547,239.2105712890625,-0.5353618860244751,0.667296826839447,0.03574664518237114,nan,nan,nan,nan
1783,396.2423833424691,2.445940637916476,162.0,1.1066304884884142,0.3703934878916691,0.9135802469135802,1.4151577167615645,-184.9726739790351,142.58302307128906,199.7925567626953,201.68812561035156,202.1298370361328,0.44167983531951904,0.21464300155639648,0.044358547776937485,nan,nan,nan,nan
1784,890.9758451457601,0.8909758451457601,1000.0,1.118316078616729,0.37599285088237955,0.914,1.392472195085873,-1349.752418356573,81.4496841430664,107.29842376708984,107.4675064086914,107.69026947021484,0.22275154292583466,0.8292511105537415,0.07470664381980896,nan,nan,nan,nan
1785,1190.4020169284195,3.174405378475785,375.0,1.0881602003162203,0.35406282168223213,0.9306666666666666,1.397167520229456,187.3775169857738,259.8809509277344,239.2903289794922,240.18206787109375,240.8426971435547,0.6605901718139648,0.10939469933509827,0.0038832901045680046,nan,nan,nan,nan
1786,1143.54200436268,3.383260367936923,338.0,1.1046842416948206,0.36437622906263145,0.9230769230769231,1.3861088960271035,213.7895672227678,270.6006164550781,239.26373291015625,240.1643524169922,239.93267822265625,-0.23161645233631134,0.341897577047348,0.006534510757774115,nan,nan,nan,nan
1787,1032.3255749046803,3.1377677048774477,329.0,1.118855637186534,0.3609315506568893,0.9088145896656535,1.4225586504010985,120.39607196002748,249.57501220703125,224.8686065673828,225.6201171875,225.5296630859375,-0.09035999327898026,0.24207745492458344,0.014410123229026794,nan,nan,nan,nan
1788,1107.5777712836862,3.0680824689298785,361.0,1.0996271449387907,0.36134834832425095,0.9002770083102493,1.3851606988924696,132.2778356447775,249.89707946777344,243.231201171875,244.00584411621094,243.0769500732422,-0.92893385887146,0.30753293633461,0.010023443959653378,nan,nan,nan,nan
1789,546.429839049466,2.665511409997395,205.0,1.0914515328310583,0.3545693511109254,0.9463414634146341,1.4042185225881623,-119.93923720494467,173.30984497070312,213.4810791015625,214.7901611328125,214.11351013183594,-0.6766372323036194,0.46813082695007324,0.055769771337509155,nan,nan,nan,nan
1790,816.1763682130259,2.6585549453193025,307.0,1.1124206113245525,0.3665956450282064,0.9153094462540716,1.4026246670556297,-52.18596225432589,210.73529052734375,212.9783172607422,213.93951416015625,213.59765625,-0.3418445289134979,0.13467656075954437,0.014974180608987808,nan,nan,nan,nan
1791,202.55961045250297,1.858345050022963,109.0,1.1404273677531378,0.37637399219151657,0.9357798165137615,1.425544597166512,-273.69816771913975,82.14472961425781,174.4147491455078,177.66978454589844,176.0933074951172,-1.5764909982681274,1.0384764671325684,0.09057439863681793,nan,nan,nan,nan
1792,1426.447640106082,3.4961951963384363,408.0,1.0647003612180612,0.3475664016074316,0.9411764705882353,1.3985594610261507,358.07238144748476,290.85040283203125,248.5072784423828,249.0955047607422,249.16383361816406,0.06834354251623154,0.39957940578460693,0.0027128395158797503,nan,nan,nan,nan
1793,917.313198953867,3.027436300177779,303.0,1.1058411137295132,0.36711733647989986,0.8910891089108911,1.3858172101366517,56.87217257329735,229.84954833984375,231.967041015625,232.8931427001953,233.2939910888672,0.4008413553237915,0.19940266013145447,0.018399054184556007,nan,nan,nan,nan
1794,565.1134099788032,2.500501814065501,226.0,1.0696038674309387,0.348034237462692,0.9424778761061947,1.3716593827962142,-142.842512731213,181.883544921875,196.78810119628906,197.70166015625,196.19691467285156,-1.5047119855880737,0.2927890717983246,0.03480815887451172,nan,nan,nan,nan
1795,1017.5923523250967,1.0175923523250967,1000.0,1.1198595465118488,0.38254595494148086,0.893,1.3800506809464075,-1223.1359111772363,91.71438598632812,100.48800659179688,100.66961669921875,102.57903289794922,1.9093774557113647,0.8755884766578674,0.11745522916316986,nan,nan,nan,nan
1796,592.1483379011042,2.5091031266995945,236.0,1.090761762998644,0.3564226864990851,0.8983050847457628,1.3673334877613608,-135.61084502586687,181.90492248535156,197.95721435546875,199.1650848388672,199.77943420410156,0.6143060326576233,0.4175068140029907,0.007089992053806782,nan,nan,nan,nan
1797,676.9478098899126,2.8089120742320026,241.0,1.0937481802437197,0.3586353970329917,0.941908713692946,1.3926451401581479,-60.71300314553605,202.69410705566406,232.95164489746094,234.0088653564453,233.47755432128906,-0.5313497185707092,0.23956921696662903,0.0315689854323864,nan,nan,nan,nan
1798,1223.1576931402087,3.0810017459451102,397.0,1.1189160842974017,0.3681233502346471,0.9219143576826196,1.3897715151131966,176.56602072026203,257.3021545410156,252.2593231201172,252.9205322265625,253.4185028076172,0.49800944328308105,0.42144203186035156,0.015377861447632313,nan,nan,nan,nan
1799,532.6438168138266,2.7741865459053465,192.0,1.1530462823340388,0.38290060321863467,0.9166666666666666,1.4223049487965163,-107.9810211585426,179.64353942871094,203.121337890625,204.58038330078125,203.16709899902344,-1.4133104085922241,0.4368335008621216,0.028472237288951874,nan,nan,nan,nan
1800,783.3893716763705,2.990035769757139,262.0,1.1519440748536551,0.3818348150437581,0.8549618320610687,1.4001815936468678,4.141712185316237,221.8024444580078,228.14125061035156,229.05419921875,228.40785217285156,-0.6463756561279297,0.29144036769866943,0.012664876878261566,nan,nan,nan,nan
1801,1238.2691534720361,3.275844321354593,378.0,1.131048783436882,0.37621138163551116,0.9206349206349206,1.416457040057375,229.30367546430398,265.8449401855469,246.48939514160156,247.18434143066406,247.17698669433594,-0.00733499601483345,0.7648157477378845,0.03998949006199837,nan,nan,nan,nan
1802,990.2790186274797,3.1739712135496143,312.0,1.1061364928954374,0.36276520969063586,0.9166666666666666,1.395152283670992,112.01505805165039,250.2158966064453,242.98619079589844,243.9272918701172,243.6302490234375,-0.2970212996006012,0.039488643407821655,0.019250361248850822,nan,nan,nan,nan
1803,1494.2620340064168,3.186059774000889,469.0,1.1013837600913596,0.35618958131411177,0.9317697228144989,1.3965905727810877,305.08688802439406,280.4813537597656,225.3853302001953,225.9811248779297,225.49041748046875,-0.49066781997680664,0.1420947015285492,0.0025296343956142664,nan,nan,nan,nan
1804,929.8638665215112,2.9995608597468104,310.0,1.069665361993464,0.34637741296550867,0.9483870967741935,1.4065589034607393,55.560557989073004,233.94882202148438,220.49769592285156,221.4628143310547,221.24737548828125,-0.21531300246715546,0.40877360105514526,0.007447401527315378,nan,nan,nan,nan
1805,990.6500505860895,2.7671789122516466,358.0,1.0771554585724061,0.3533933681858187,0.9357541899441341,1.37304904107655,21.29109301226731,227.1911163330078,231.8390350341797,232.5203857421875,232.90382385253906,0.3833843767642975,0.48059457540512085,0.020581599324941635,nan,nan,nan,nan
1806,598.4632554650307,2.3654674129052595,253.0,1.0958867917777553,0.363695740945636,0.9209486166007905,1.3885373990808572,-162.96146983076403,175.4173583984375,208.8617706298828,209.8639373779297,209.57183837890625,-0.2921319603919983,0.46018555760383606,0.007560394704341888,nan,nan,nan,nan
1807,25.567521383985877,0.23456441636684291,109.0,1.0998741454714933,0.3574218232984247,0.944954128440367,1.400590995417698,-450.69025678765684,-0.8746351003646851,180.30296325683594,182.8972930908203,183.4987335205078,0.6014267206192017,0.6353188157081604,0.17176027595996857,nan,nan,nan,nan
1808,977.9270771853626,3.1444600552584006,311.0,1.0793841148624386,0.3544587247318958,0.9228295819935691,1.386015903747062,101.64344263122894,243.3344268798828,240.78753662109375,241.7497100830078,241.9300537109375,0.18017776310443878,0.2720404863357544,0.0017943013226613402,nan,nan,nan,nan
1809,712.1168722547591,3.0174443739608434,236.0,1.1115957428659573,0.3643653305186341,0.9449152542372882,1.4132523328997482,-15.642310672212034,211.94876098632812,219.0526580810547,220.346923828125,219.0730438232422,-1.273818016052246,0.3745018541812897,0.015401102602481842,nan,nan,nan,nan
1810,329.83073188364506,2.243746475398946,147.0,1.073073983661875,0.3498281647922163,0.8979591836734694,1.379368673333776,-221.67943511242663,127.61383819580078,194.4152069091797,196.2836456298828,195.52696228027344,-0.7567150592803955,0.3444189727306366,0.10534922778606415,nan,nan,nan,nan
1811,1474.3988302429207,3.219211419744368,458.0,1.1058432518346981,0.36338226483625413,0.9475982532751092,1.4040232404768873,307.00727049954844,276.3019104003906,257.9568176269531,258.5884704589844,258.98468017578125,0.3962974548339844,0.5548005700111389,0.02124244160950184,nan,nan,nan,nan
1812,707.0058640308562,3.034359931462902,233.0,1.1005299163787956,0.36252769114519906,0.9484978540772532,1.4056468899543482,-14.81234083102845,211.25570678710938,228.30755615234375,229.33753967285156,229.07818603515625,-0.25933757424354553,0.22450260818004608,0.013742838986217976,nan,nan,nan,nan
1813,1763.7357311099768,3.4856437373714955,506.0,1.0832679019688627,0.35432817986904835,0.8952569169960475,1.3788194489850139,501.2885223252206,305.5569152832031,254.9435577392578,255.5746612548828,255.72410583496094,0.1493266075849533,1.0049679279327393,0.02183515951037407,nan,nan,nan,nan
1814,502.92055296339095,2.733263874801038,184.0,1.134097703433651,0.3805921497977038,0.9021739130434783,1.4133843616056945,-121.8616768354143,170.50772094726562,215.4873504638672,217.36366271972656,217.52149963378906,0.15790337324142456,0.3358353078365326,0.044891104102134705,nan,nan,nan,nan
1815,866.3512157127261,2.707347549102269,320.0,1.0708789983280869,0.34976756181731616,0.93125,1.3826189612563957,-27.755353036666975,215.382080078125,244.0780029296875,244.79412841796875,244.986328125,0.19224964082241058,0.5664513111114502,0.025362245738506317,nan,nan,nan,nan
1816,654.5962562635541,2.8337500271149527,231.0,1.1123553924820686,0.3690549403438774,0.9307359307359307,1.407928134669637,-63.26129655493958,197.7412109375,216.6217041015625,217.7862091064453,217.2273406982422,-0.5589435696601868,0.478756308555603,0.018593434244394302,nan,nan,nan,nan
1817,1901.2910321634263,3.54718476149893,536.0,1.0626520264107573,0.3452849719708218,0.9328358208955224,1.372766269761739,579.434042727805,312.4352722167969,255.7340087890625,256.19140625,256.3512268066406,0.15973301231861115,0.5671854615211487,0.0031403684988617897,nan,nan,nan,nan
1818,362.1861628256738,2.195067653488932,165.0,1.0828631444707821,0.35765538348638776,0.9030303030303031,1.3682884402825672,-224.96987256091688,129.18133544921875,202.5777587890625,204.3502655029297,205.1870574951172,0.8367514610290527,0.8591098785400391,0.06902816146612167,nan,nan,nan,nan
1819,562.4576490968466,2.7982967616758536,201.0,1.1151028005413919,0.3677163283982751,0.9303482587064676,1.413359707173133,-95.99012307078215,184.1627960205078,217.5782928466797,219.1187744140625,217.70860290527344,-1.4101310968399048,0.4197906255722046,0.0839996188879013,nan,nan,nan,nan
1820,611.7799739181064,2.913237971038602,210.0,1.0833031461327187,0.352250995548139,0.9285714285714286,1.4088876880692336,-64.49073244478177,194.42678833007812,197.0081787109375,198.1717529296875,196.6597137451172,-1.5119520425796509,0.11073122918605804,0.01380237564444542,nan,nan,nan,nan
1821,598.8474339321256,2.7470065776703008,218.0,1.0911094193791397,0.36506033594521053,0.908256880733945,1.3913613411001011,-93.26588060432664,189.25692749023438,226.1525421142578,227.40277099609375,227.02386474609375,-0.3788796663284302,0.35030415654182434,0.013983839191496372,nan,nan,nan,nan
1822,542.9904020857066,2.2719263685594417,239.0,1.0744809220034337,0.35130540931950005,0.9456066945606695,1.3931056992007818,-190.7097589063511,163.8836669921875,188.97845458984375,190.31256103515625,190.549072265625,0.23644770681858063,0.8845877051353455,0.024791117757558823,nan,nan,nan,nan
1823,615.1118605397642,2.8216140391732303,218.0,1.0871101137821773,0.3624173476671491,0.8761467889908257,1.3784297017567655,-77.00145399668804,189.94329833984375,224.80419921875,225.98297119140625,225.81396484375,-0.16901201009750366,0.11067727953195572,0.014617541804909706,nan,nan,nan,nan
1824,684.4955189405009,2.5165276431636063,272.0,1.0695633425122584,0.3495981258095651,0.9522058823529411,1.3834679158260026,-114.55540076750822,191.55642700195312,228.7755584716797,229.5822296142578,228.4890594482422,-1.0930891036987305,0.15845809876918793,0.01638755388557911,nan,nan,nan,nan
1825,633.6295536868274,2.455928502662122,258.0,1.082356392575995,0.35735260312746203,0.9186046511627907,1.3610147046430852,-137.6968017174447,183.04925537109375,228.94715881347656,230.1305389404297,230.45252990722656,0.322021484375,0.23637230694293976,0.08484918624162674,nan,nan,nan,nan
1826,1272.0615047179163,3.050507205558552,417.0,1.0780667253066598,0.3517448178773381,0.9256594724220624,1.3785875162492367,185.8633118640596,261.62054443359375,246.0004119873047,246.68006896972656,246.68914794921875,0.009112539701163769,0.33778876066207886,0.02565891109406948,nan,nan,nan,nan
1827,1351.8658113740385,3.422445092086173,395.0,1.0784206992280896,0.351662258049822,0.9468354430379747,1.4051569107959971,309.23479099748283,286.37225341796875,248.3501739501953,249.0801544189453,248.7833251953125,-0.2968863248825073,0.6018467545509338,0.010410048067569733,nan,nan,nan,nan
1828,295.8305842522532,1.6808555923423476,176.0,1.099867381377992,0.3659094889472092,0.8920454545454546,1.4110169617633028,-313.10903737298804,101.3823471069336,187.93341064453125,189.82582092285156,190.51966857910156,0.6938033103942871,0.9541804790496826,0.01969144493341446,nan,nan,nan,nan
1829,884.6659247782081,3.0296778245829046,292.0,1.1008263851079758,0.36454123358972335,0.9315068493150684,1.3926522218004125,46.00848463628904,225.93118286132812,225.890625,226.8827362060547,226.9459228515625,0.0631876215338707,0.2604706883430481,0.019285965710878372,nan,nan,nan,nan
1830,630.2891459614038,2.8012850931617947,225.0,1.0763356680245426,0.35228182276089987,0.9288888888888889,1.3906319738130424,-75.68645072691686,191.90728759765625,228.7803192138672,230.0081787109375,230.17567443847656,0.1674204021692276,0.3371843099594116,0.011367014609277248,nan,nan,nan,nan
1831,739.0577931702137,2.9681035870289705,249.0,1.1179318594737908,0.3703825231224649,0.9036144578313253,1.422057990500764,-14.445628038798986,210.4905548095703,238.2102813720703,239.4549560546875,240.00535583496094,0.55031418800354,0.5707907676696777,0.028469476848840714,nan,nan,nan,nan
1832,877.15498658875,2.741109333089844,320.0,1.1072602073859237,0.3640416580321471,0.928125,1.3847076910424683,-16.951582160643056,220.9792938232422,206.82615661621094,207.56822204589844,207.0982208251953,-0.470011442899704,0.40357503294944763,0.039219580590724945,nan,nan,nan,nan
1833,732.3144550919533,2.816594058045974,260.0,1.1150795090151213,0.36962890736870646,0.9192307692307692,1.3976603950186044,-42.97255235570992,211.8013153076172,225.7093505859375,226.875732421875,225.38365173339844,-1.492052674293518,0.19833582639694214,0.013936784118413925,nan,nan,nan,nan
1834,1120.4201461076736,3.183011778714982,352.0,1.066248517958131,0.34544947327291686,0.9346590909090909,1.371447733532044,162.94314466402443,258.03076171875,235.3583984375,236.07472229003906,235.8141326904297,-0.260626882314682,0.5204787254333496,0.024611784145236015,nan,nan,nan,nan
1835,1001.9492829218507,3.221701874346787,311.0,1.0744346963936018,0.3480284068004017,0.9389067524115756,1.375804746059315,125.66564836771704,250.12625122070312,243.678955078125,244.4815216064453,244.67091369628906,0.18944521248340607,0.4882109463214874,0.009428787976503372,nan,nan,nan,nan
1836,981.9742460739799,2.9052492487395853,338.0,1.0950463929467678,0.35981484859067253,0.9230769230769231,1.404655768567456,52.22180893406767,234.6046600341797,246.08384704589844,246.7786102294922,246.51991271972656,-0.25870779156684875,0.5803549885749817,0.02770915813744068,nan,nan,nan,nan
1837,520.5254798968672,2.615705929129986,199.0,1.071760849920721,0.3436162064826565,0.9396984924623115,1.3879041170940367,-133.96164022737048,172.86676025390625,178.0985870361328,179.316162109375,178.7698516845703,-0.5462878942489624,0.45664355158805847,0.05905328318476677,nan,nan,nan,nan
1838,536.9720714325085,2.7257465554949674,197.0,1.0887092816843364,0.3578064196651277,0.9137055837563451,1.3865907984463208,-113.55439664833807,174.68496704101562,206.83518981933594,208.1924591064453,207.35496520996094,-0.8374747633934021,0.5058777928352356,0.04728410020470619,nan,nan,nan,nan
1839,662.8626015931368,2.6514504063725473,250.0,1.0493918063417855,0.33711078415554946,0.92,1.3762235153517524,-92.62114563757132,195.9234619140625,219.43614196777344,220.4719696044922,219.23284912109375,-1.239105224609375,0.15669570863246918,0.012699460610747337,nan,nan,nan,nan
1840,471.24712930619717,2.4933710545301437,189.0,1.1062746792335232,0.3680845726966345,0.9206349206349206,1.3950831886144701,-163.43673060108551,156.5613250732422,217.19932556152344,218.77378845214844,219.5553741455078,0.7814736366271973,0.5200874209403992,0.007710321340709925,nan,nan,nan,nan
1841,1177.108631938696,3.181374680915394,370.0,1.0853439990663636,0.3570745768107323,0.9216216216216216,1.3846929881072791,183.9857621045278,261.33673095703125,247.3038787841797,248.2088623046875,248.1849822998047,-0.02394101954996586,0.15125973522663116,0.009271337650716305,nan,nan,nan,nan
1842,966.2069899588823,3.0383867608769886,318.0,1.06675807216278,0.3495751243570404,0.940251572327044,1.3626775810277088,76.06107325288008,239.335205078125,237.3594207763672,238.2865447998047,238.8040771484375,0.5174923539161682,0.6020148396492004,0.013010981492698193,nan,nan,nan,nan
1843,446.6173988953233,2.2903456353606324,195.0,1.0612520496509983,0.3420820322178273,0.9333333333333333,1.395942463385921,-199.94841714213248,148.90347290039062,181.86302185058594,183.19854736328125,182.30670166015625,-0.8918067812919617,0.4615030884742737,0.021537458524107933,nan,nan,nan,nan
1844,680.0917540993541,2.605715532947717,261.0,1.060947135731508,0.3478947730037939,0.9233716475095786,1.346539052906973,-97.17557937000447,195.71841430664062,224.3667449951172,225.3091583251953,224.847900390625,-0.4612666666507721,0.2124633491039276,0.013483615592122078,nan,nan,nan,nan
1845,1242.095245450735,3.251558234164228,382.0,1.0832376591398531,0.35339603401401753,0.9214659685863874,1.3897071020677054,225.20846335622082,266.05718994140625,242.71331787109375,243.3528289794922,243.0044403076172,-0.3484368324279785,0.29700008034706116,0.01979679800570011,nan,nan,nan,nan
1846,865.3028422668576,3.0361503237433602,285.0,1.0803569292643163,0.35424039073510377,0.9403508771929825,1.3714321920667096,40.50768427680691,228.6368408203125,225.78565979003906,226.75621032714844,226.71656799316406,-0.039629776030778885,0.41818374395370483,0.0160670168697834,nan,nan,nan,nan
1847,866.6641678400338,3.009250582777895,288.0,1.0972595315255376,0.36225360928909617,0.9097222222222222,1.3813222237607836,35.928031784896575,228.9913787841797,222.82313537597656,223.7838134765625,223.1550750732422,-0.6288607120513916,0.47264429926872253,0.01708250679075718,nan,nan,nan,nan
1848,672.4754862813279,2.4103064024420355,279.0,1.1102316910941301,0.37136020703724415,0.931899641577061,1.3929047546152664,-140.43771557854984,184.5807647705078,209.6481170654297,210.4935302734375,209.82908630371094,-0.6645010113716125,0.2880832850933075,0.020204653963446617,nan,nan,nan,nan
1849,562.742974512279,2.7185650942622175,207.0,1.1421953013950301,0.3805278087176216,0.8888888888888888,1.414305953725134,-107.58675378552266,179.75619506835938,224.1708526611328,225.37135314941406,224.42681884765625,-0.9444878101348877,0.5091087222099304,0.03720235452055931,nan,nan,nan,nan
1850,666.8025531191379,2.8495835603381963,234.0,1.0906441517907017,0.3577446098733087,0.9188034188034188,1.4130497705861431,-56.99597776444227,201.53125,213.5853271484375,214.6771240234375,213.69581604003906,-0.9813013076782227,0.1587119698524475,0.0012056272244080901,nan,nan,nan,nan
1851,752.4974399767816,2.986100952288816,252.0,1.0995731729705496,0.3581735867776424,0.9365079365079365,1.3897062218782288,-6.946959297317562,219.48550415039062,220.8922576904297,221.90101623535156,220.29351806640625,-1.6075133085250854,0.5879802703857422,0.009721623733639717,nan,nan,nan,nan
1852,394.0471890345216,2.2909720292704745,172.0,1.1076376935548802,0.3617007328230525,0.9244186046511628,1.4117712304529921,-206.97112850393762,138.69725036621094,200.5299835205078,202.30796813964844,203.87840270996094,1.5704021453857422,1.0895867347717285,0.08243098855018616,nan,nan,nan,nan
1853,1060.8482464798726,1.0608482464798725,1000.0,1.1405818452157723,0.3878345036467848,0.895,1.399830427615005,-1179.8800170224604,95.91353607177734,107.85993194580078,107.86255645751953,108.68862915039062,0.8260709643363953,0.5720832943916321,0.11283402889966965,nan,nan,nan,nan
1854,986.6057207286358,2.971703978098301,332.0,1.0835075026569871,0.3488403109384008,0.9457831325301205,1.386962036893223,68.73523971889654,239.41526794433594,221.22222900390625,221.8554229736328,220.6824493408203,-1.1730314493179321,0.1566815823316574,0.016470981761813164,nan,nan,nan,nan
1855,1376.2118598930538,3.3241832364566517,414.0,1.0518511674283173,0.3399498374149571,0.9178743961352657,1.3527689625514865,295.9546451042836,276.347412109375,242.4250030517578,243.14320373535156,244.19081115722656,1.0475364923477173,0.7242665886878967,0.032817281782627106,nan,nan,nan,nan
1856,1048.3787129689008,2.8182223466905936,372.0,1.1078757376461916,0.36407809876072206,0.9354838709677419,1.403783746341128,51.29519109134162,235.15225219726562,244.41876220703125,245.2007598876953,245.12078857421875,-0.0799558237195015,0.2840675115585327,0.020463433116674423,nan,nan,nan,nan
1857,936.8296445161104,3.0918470116043246,303.0,1.0851677070773142,0.35643112802661836,0.9273927392739274,1.376492728656533,76.38861813554081,241.23793029785156,221.69610595703125,222.5010986328125,221.5991668701172,-0.9019344449043274,0.4140736162662506,0.016530854627490044,nan,nan,nan,nan
1858,853.6218695938587,3.048649534263781,280.0,1.1126381034185673,0.36514077523551386,0.9142857142857143,1.3890964352848478,38.728341712285555,228.80906677246094,240.06907653808594,241.0677490234375,240.8936767578125,-0.17408587038516998,0.1904759556055069,0.016904598101973534,nan,nan,nan,nan
1859,556.0604321593419,2.660576230427473,209.0,1.0812452076269705,0.34635049742932444,0.9569377990430622,1.4060783512958637,-118.22994818185089,178.9550323486328,196.666015625,197.77626037597656,197.36456298828125,-0.41165992617607117,0.5275945067405701,0.04553920403122902,nan,nan,nan,nan
1860,376.755248375237,2.297288099849006,164.0,1.0702287075064323,0.3484942245193496,0.9207317073170732,1.3613669478467223,-208.42046098965818,136.26258850097656,195.3463134765625,196.8859100341797,197.1300811767578,0.2442506104707718,0.6397717595100403,0.03481549769639969,nan,nan,nan,nan
1861,984.5241592470556,3.1555261514328707,312.0,1.06735389585461,0.34527003204415935,0.9423076923076923,1.3855563746566546,106.26019867122636,250.78863525390625,216.9031219482422,217.8979949951172,217.3779296875,-0.5201499462127686,0.5217926502227783,0.03760728985071182,nan,nan,nan,nan
1862,956.7606629133224,3.22141637344553,297.0,1.0922963882466943,0.355395393738743,0.9326599326599326,1.3817802656910236,108.2015926629258,245.39743041992188,225.5159454345703,226.5447998046875,227.1240692138672,0.579362690448761,0.26647263765335083,0.028755133971571922,nan,nan,nan,nan
1863,1099.1196784358472,3.242240939338782,339.0,1.0695108362012715,0.3499445868086125,0.9144542772861357,1.3560592861858416,167.38691527423953,262.2392578125,231.3817596435547,232.34910583496094,232.06011962890625,-0.28913024067878723,0.28987690806388855,0.037602540105581284,nan,nan,nan,nan
1864,822.4773905419279,2.8960471497955207,284.0,1.115980193395516,0.36760548492457706,0.9084507042253521,1.3899480172656145,-0.3374414264274037,218.77285766601562,234.82276916503906,235.7628173828125,235.56011962890625,-0.2026955485343933,0.23065294325351715,0.02470165118575096,nan,nan,nan,nan
1865,574.8093002787791,2.4883519492587842,231.0,1.0900130961074173,0.3565370017346156,0.9177489177489178,1.3896926748924308,-143.04825253971455,177.90716552734375,197.8314208984375,198.8730010986328,199.1295166015625,0.25645264983177185,0.6747187376022339,0.018367692828178406,nan,nan,nan,nan
1866,708.4981963299215,2.7784242993330253,255.0,1.0833053159485353,0.35493003497405434,0.9098039215686274,1.3721483125993574,-56.88718100926417,201.47775268554688,225.9865264892578,227.0306854248047,226.6695556640625,-0.36109018325805664,0.21649682521820068,0.01833432726562023,nan,nan,nan,nan
1867,671.8880998790264,2.5742839075824766,261.0,1.0916933703509748,0.3608264725293173,0.9080459770114943,1.3879384933128627,-105.3792335903322,191.66358947753906,228.0934600830078,229.03155517578125,228.3696746826172,-0.6617730259895325,0.3563230633735657,0.009215360507369041,nan,nan,nan,nan
1868,591.3892225380987,2.6519696077941646,223.0,1.0737368713891826,0.34924136290273816,0.9327354260089686,1.4101116870024208,-110.62572210683106,185.77182006835938,208.79676818847656,209.9908447265625,208.9239044189453,-1.066909909248352,0.3423740565776825,0.02576160803437233,nan,nan,nan,nan
1869,717.5242231748416,2.544412138917878,282.0,1.1269950457472624,0.37122090998713647,0.925531914893617,1.4213513287414088,-101.32995675012262,195.8153533935547,236.845947265625,237.84535217285156,237.1405029296875,-0.704812228679657,0.2581331431865692,0.024631695821881294,nan,nan,nan,nan
1870,442.46625485271215,2.4581458602928454,180.0,1.1339306857413627,0.3766171197299155,0.9111111111111111,1.4118968174097377,-174.39467085931096,151.6421661376953,198.8544921875,200.32667541503906,199.9005584716797,-0.42614254355430603,0.19505135715007782,0.023770011961460114,nan,nan,nan,nan
1871,1002.4015817150939,3.3082560452643364,303.0,1.0863273632638453,0.35158115357510966,0.9207920792079208,1.3876137376139646,141.96055533452432,259.77734375,217.6005096435547,218.7190399169922,218.0690460205078,-0.6500483155250549,0.411995530128479,0.012595557607710361,nan,nan,nan,nan
1872,441.5309066325426,2.386653549365095,185.0,1.091939585334586,0.3576222690913054,0.9243243243243243,1.3825510127159888,-185.23164918795806,151.47561645507812,190.1886444091797,191.6549530029297,190.7886505126953,-0.8662572503089905,0.6472915410995483,0.021557094529271126,nan,nan,nan,nan
1873,314.42520851641893,2.3290756186401405,135.0,1.1329145550599038,0.37676910552825704,0.9185185185185185,1.4149108410549625,-213.3210462193067,125.5865478515625,174.66534423828125,176.619384765625,176.0277862548828,-0.5915906429290771,0.5759037733078003,0.03191247582435608,nan,nan,nan,nan
1874,1640.2112582260743,3.2035376137228013,512.0,1.0994708767137849,0.35980651095928806,0.904296875,1.3853627382030176,365.8820933111451,279.44195556640625,251.505859375,252.00315856933594,252.39454650878906,0.39146438241004944,0.34168124198913574,0.007151244208216667,nan,nan,nan,nan
1875,950.1785021806136,2.95086491360439,322.0,1.0778488716108354,0.3546862472335598,0.906832298136646,1.3815676850004872,52.11128138782942,236.0614776611328,234.14622497558594,234.90660095214844,235.3330535888672,0.4263608455657959,0.26598405838012695,0.015618654899299145,nan,nan,nan,nan
1876,1344.219938263297,3.2235490126218154,417.0,1.0719495005306823,0.3478444729527479,0.9184652278177458,1.379886560449317,258.0217454094404,272.4519348144531,240.94044494628906,241.5919189453125,241.9901123046875,0.39823007583618164,0.3244078755378723,0.016776686534285545,nan,nan,nan,nan
1877,782.4256557039917,3.0093294450153527,260.0,1.1001914554183307,0.3641248266098466,0.9076923076923077,1.3963996288706761,7.138648256328452,220.0338592529297,230.89373779296875,231.78985595703125,231.5784912109375,-0.21131344139575958,0.3684878349304199,0.0061491504311561584,nan,nan,nan,nan
1878,917.0039082579315,2.8302589761047265,324.0,1.083841621123439,0.35730805317248476,0.9104938271604939,1.39164448123266,14.97603542175625,225.9685516357422,230.25286865234375,230.9344024658203,230.39537048339844,-0.5389732718467712,0.13759025931358337,0.008291592821478844,nan,nan,nan,nan
1879,530.9995028860867,2.6157610979610184,203.0,1.035034395063724,0.32947062491095197,0.9556650246305419,1.3954197319043806,-131.40892132493298,175.0588836669922,200.6077117919922,201.84375,200.73046875,-1.113234043121338,0.18665805459022522,0.08801554143428802,nan,nan,nan,nan
1880,1036.2433464545757,3.1884410660140787,325.0,1.104725077893518,0.3600697314978476,0.9046153846153846,1.382478168030924,132.23514759670502,252.81134033203125,222.0968780517578,222.99066162109375,222.42921447753906,-0.5613851547241211,0.27998000383377075,0.012238286435604095,nan,nan,nan,nan
1881,340.6434738766402,2.3331744786071247,146.0,1.0806956050150462,0.34969689449192803,0.9383561643835616,1.3950791637652762,-208.88636709773596,130.11380004882812,174.0928192138672,175.6173553466797,175.2776336669922,-0.33969974517822266,0.6011472940444946,0.062052126973867416,nan,nan,nan,nan
1882,836.5563144423068,2.987701123008238,280.0,1.0772180541379162,0.3596089228564995,0.9,1.3806712721165602,21.662786560733593,223.43223571777344,241.6491241455078,242.6974639892578,243.31309509277344,0.6155778765678406,0.15761399269104004,0.03405231609940529,nan,nan,nan,nan
1883,1014.6143645718694,3.1607924129964777,321.0,1.0429234636735087,0.3410576817201701,0.9439252336448598,1.3600118334721973,118.52746980078064,250.26644897460938,244.6586456298828,245.5829620361328,246.25775146484375,0.6747098565101624,0.21934166550636292,0.04632968083024025,nan,nan,nan,nan
1884,916.6291027218103,3.0152273115849026,304.0,1.090659725367893,0.3596350618133185,0.9111842105263158,1.3884698964180249,54.207750319545084,232.68783569335938,231.0558319091797,232.0198516845703,232.3585205078125,0.33857083320617676,0.5606375336647034,0.032609209418296814,nan,nan,nan,nan
1885,724.6713345851749,2.969964486004815,244.0,1.0903526082507162,0.35440723016495335,0.9098360655737705,1.3693902346216182,-18.93045651536022,210.67295837402344,215.4863739013672,216.5384979248047,216.4722442626953,-0.06624685972929001,0.12495439499616623,0.0056471009738743305,nan,nan,nan,nan
1886,1466.7923251837492,3.3260596942942158,441.0,1.0804105634062422,0.3483507158382984,0.927437641723356,1.3941584791524284,333.06630780920045,283.1812438964844,241.8278045654297,242.3878631591797,242.5155487060547,0.12761950492858887,0.4932970702648163,0.0018528308719396591,nan,nan,nan,nan
1887,379.00848823972046,2.1056027124428915,180.0,1.0848032257116693,0.35764272982746154,0.9333333333333333,1.3817087788710345,-237.85243747230265,130.52406311035156,179.6424560546875,181.02268981933594,181.10003662109375,0.07738719135522842,0.7181074023246765,0.05465596914291382,nan,nan,nan,nan
1888,865.5063702240586,0.8655063702240586,1000.0,1.1234193067705407,0.3803409905526593,0.911,1.3973813241102844,-1375.2218932782744,78.28620910644531,107.17047119140625,107.34915161132812,109.12564849853516,1.7764993906021118,0.34897324442863464,0.03373989462852478,nan,nan,nan,nan
1889,708.7237983755767,2.953015826564903,240.0,1.1077519131305402,0.3625429303084578,0.9166666666666666,1.3879637042939486,-26.9566886381765,208.81956481933594,224.76026916503906,225.7952880859375,224.53367614746094,-1.2617131471633911,0.4022137224674225,0.017933571711182594,nan,nan,nan,nan
1890,688.163128840737,2.5207440616876813,273.0,1.0572430029815565,0.34822404527209366,0.9377289377289377,1.3741979092418821,-112.86811688896773,192.90696716308594,197.65081787109375,198.7751007080078,198.1093292236328,-0.6657742857933044,0.2677331268787384,0.011407151818275452,nan,nan,nan,nan
1891,990.7644565682858,3.096138926775893,320.0,1.1055336656914783,0.3653291825477936,0.896875,1.4012794331825853,96.65788781889273,248.3854522705078,216.2910614013672,217.1992950439453,216.3453369140625,-0.8540043830871582,0.6259574890136719,0.033568840473890305,nan,nan,nan,nan
1892,710.3835386931896,2.7967855854062584,254.0,1.0785570188906541,0.35160101249935033,0.9330708661417323,1.3780740547683565,-53.02151262430061,204.0189208984375,212.149169921875,213.30677795410156,212.01502990722656,-1.2918062210083008,0.40077489614486694,0.040231429040431976,nan,nan,nan,nan
1893,798.9007272273302,2.843063086218257,281.0,1.0679918511492277,0.3535230077013499,0.9323843416370107,1.3732882779255118,-17.973126675938374,218.51742553710938,221.1200714111328,222.0563507080078,220.8499298095703,-1.2064248323440552,0.6102264523506165,0.09416288137435913,nan,nan,nan,nan
1894,598.3772783703171,2.8092829970437423,213.0,1.0818390863445342,0.349500494308264,0.9014084507042254,1.3895308319628366,-83.83440605765759,187.63023376464844,203.78955078125,205.0589141845703,205.3454132080078,0.2864166796207428,0.16521237790584564,0.01701393723487854,nan,nan,nan,nan
1895,452.40725347865373,2.432297061713192,186.0,1.0779042124968163,0.36177367154979495,0.8763440860215054,1.365725132511524,-176.33562836354247,149.9840850830078,226.1458740234375,228.2850341796875,228.1874237060547,-0.09759902954101562,0.2838618755340576,0.014744945801794529,nan,nan,nan,nan
1896,636.6941158547997,2.8679915128594584,222.0,1.0838994984021664,0.3528303730786797,0.9774774774774775,1.4056735506699483,-63.34050276843436,196.70242309570312,202.0408172607422,203.46234130859375,201.90895080566406,-1.55341637134552,0.35337841510772705,0.020062679424881935,nan,nan,nan,nan
1897,1156.433078598231,3.06746174694491,377.0,1.0901581301706245,0.3533724232993763,0.9283819628647215,1.3905466007420406,149.44792661219435,252.7115936279297,236.80810546875,237.49046325683594,237.7880096435547,0.2975846827030182,0.24922806024551392,0.012442072853446007,nan,nan,nan,nan
1898,408.9659723909572,2.493694953603397,164.0,1.1329876486644468,0.37511190757498747,0.8963414634146342,1.421740426815716,-176.209736973938,149.68824768066406,193.1594696044922,194.57896423339844,193.4370880126953,-1.1418395042419434,0.10284393280744553,0.012652709148824215,nan,nan,nan,nan
1899,648.2335513979197,2.9465161427178166,220.0,1.1098271425507762,0.36699439404220546,0.9318181818181818,1.4061552370321144,-47.840415181923504,202.2863311767578,216.6605987548828,217.78070068359375,217.6811981201172,-0.09949120134115219,0.35943999886512756,0.018745552748441696,nan,nan,nan,nan
1900,492.7572286054492,2.488672871744693,198.0,1.1045590893736155,0.3603356669241247,0.9242424242424242,1.4177432850830922,-159.74956549709304,161.47137451171875,179.137939453125,180.3948211669922,179.5942840576172,-0.8005616664886475,0.913816511631012,0.027602598071098328,nan,nan,nan,nan
1901,1006.6428165594116,2.943400048419332,342.0,1.0739150887822744,0.34638336802661224,0.9473684210526315,1.383897493281111,68.96907533271747,241.8347930908203,226.8753662109375,227.6064910888672,226.7877655029297,-0.8188534379005432,0.23376356065273285,0.010235341265797615,nan,nan,nan,nan
1902,768.1647944170982,2.866286546332456,268.0,1.1032594275212577,0.3619695977581953,0.9402985074626866,1.4231616428459495,-22.964821204129066,214.65806579589844,223.7576446533203,224.7605743408203,224.248291015625,-0.5122383832931519,0.2738191485404968,0.01629459112882614,nan,nan,nan,nan
1903,909.5768662542105,2.8335727920691913,321.0,1.0601007033423993,0.34578394824382674,0.9065420560747663,1.3690845649423962,13.489971483121735,223.7168731689453,220.2359619140625,221.14549255371094,221.5513458251953,0.4058493375778198,0.14612892270088196,0.02869550697505474,nan,nan,nan,nan
1904,598.6507231295109,2.721139650588686,220.0,1.112444073069782,0.3678124153331296,0.9045454545454545,1.3942845893564766,-97.42324345033228,185.55685424804688,224.3073272705078,225.5142822265625,225.25921630859375,-0.25500407814979553,0.5161018967628479,0.03925628960132599,nan,nan,nan,nan
1905,303.95301664434373,2.081869977016053,146.0,1.107321742307517,0.36771795786141104,0.8561643835616438,1.3648794155995365,-245.57682433003242,121.14137268066406,180.8086700439453,182.61553955078125,183.1643829345703,0.548825740814209,0.32592737674713135,0.007052686996757984,nan,nan,nan,nan
1906,964.9222328169271,0.9649222328169271,1000.0,1.1338281661881489,0.3850757476896979,0.88,1.3884443045876147,-1275.8060306854059,87.8940658569336,100.70858764648438,100.8734130859375,101.46270751953125,0.5892665982246399,1.1780649423599243,0.2587483525276184,nan,nan,nan,nan
1907,1212.347924336791,3.100634077587701,391.0,1.0893744791290603,0.35436046267614496,0.9156010230179028,1.3930377843165027,177.63820804701732,256.066162109375,241.3806915283203,242.1147918701172,242.5225830078125,0.4078798294067383,0.30333295464515686,0.010753456503152847,nan,nan,nan,nan
1908,767.2019290886819,2.973650887940628,258.0,1.1000226190049944,0.36280719013821494,0.9302325581395349,1.399082773514922,-4.124426315590199,216.8500518798828,230.5010528564453,231.4678192138672,230.9840087890625,-0.48384106159210205,0.22660070657730103,0.002502749441191554,nan,nan,nan,nan
1909,23.095738299190998,0.8248477963996785,28.0,1.051110746165689,0.339691041214835,1.0,1.3914739865041474,-292.75563211511616,11.245065689086914,222.224609375,226.60546875,222.2947540283203,-4.310724258422852,0.6539782285690308,0.09196741133928299,nan,nan,nan,nan
1910,695.3114241957664,2.861363885579286,243.0,1.1168392630948916,0.3690366068919124,0.9176954732510288,1.3899450368109112,-46.31004088307327,203.9059600830078,236.135986328125,236.834228515625,236.100830078125,-0.7333805561065674,0.2506089508533478,0.007266450673341751,nan,nan,nan,nan
1911,1079.996673103422,3.2047379023840414,337.0,1.0883218305292088,0.35327128933609764,0.9465875370919882,1.3839172929492238,152.22456198520513,255.66302490234375,227.126708984375,227.97959899902344,227.21881103515625,-0.7607693672180176,0.3335198163986206,0.01341460831463337,nan,nan,nan,nan
1912,252.5558963790536,2.0872388130500297,121.0,1.149454224365876,0.3868342101183969,0.9008264462809917,1.398013550959807,-247.46579405293505,101.08353424072266,215.5713653564453,217.7552490234375,218.15879821777344,0.4035812318325043,0.4238717257976532,0.07145784050226212,nan,nan,nan,nan
1913,615.6625290811062,2.945753727660795,209.0,1.1106025424265888,0.3606631315273918,0.9138755980861244,1.4107281268060652,-58.62785126008657,198.1214141845703,197.9560089111328,199.1405792236328,198.9417724609375,-0.19878321886062622,0.5781426429748535,0.03926112502813339,nan,nan,nan,nan
1914,1578.9408541582525,3.132819155075898,504.0,1.1089399120116428,0.3644525139772293,0.9166666666666666,1.405058596735136,320.45429741688736,274.8909912109375,253.4986572265625,253.9596405029297,255.7692108154297,1.8095899820327759,0.3672305643558502,0.02681453339755535,nan,nan,nan,nan
1915,435.9757385291159,2.5645631678183287,170.0,1.0978515307437877,0.3657102681125752,0.8823529411764706,1.3954995383251456,-161.08192696595233,162.19705200195312,178.4280242919922,179.95306396484375,179.0319366455078,-0.9211198687553406,0.24121834337711334,0.03972385451197624,nan,nan,nan,nan
1916,910.829903839156,2.6789114818798705,340.0,1.1026770582395145,0.3607506341440147,0.9235294117647059,1.389126554007085,-22.88318534414725,218.56231689453125,236.7733154296875,237.6568603515625,237.9353790283203,0.2785443365573883,0.2266331911087036,0.015197738073766232,nan,nan,nan,nan
1917,406.11974439024925,2.320684253658567,175.0,1.0987188918547952,0.36252381647244053,0.8914285714285715,1.3813348289117227,-200.83955121329643,142.96343994140625,205.46044921875,207.30853271484375,207.3568115234375,0.04824787378311157,0.5700452327728271,0.05618090182542801,nan,nan,nan,nan
1918,826.366901576519,2.994082976726518,276.0,1.0834157665137991,0.3585638345051813,0.9130434782608695,1.3988930992315114,19.39467778172775,225.33206176757812,234.7474822998047,235.80609130859375,235.8044891357422,-0.0016402642941102386,0.1713622510433197,0.013373036868870258,nan,nan,nan,nan
1919,1397.427724197507,3.3592012600901606,416.0,1.1029708200741069,0.3606487640343007,0.9350961538461539,1.392884434515801,313.20985736534567,278.74932861328125,248.2681427001953,248.9429168701172,249.4252471923828,0.48240387439727783,0.6807832717895508,0.03473378345370293,nan,nan,nan,nan
1920,197.0479279346764,1.8946916147565038,104.0,1.1046301077734886,0.3674885700147103,0.8942307692307693,1.3964178759146972,-269.30822012848876,84.69268035888672,194.343994140625,197.1982879638672,196.6452178955078,-0.5530000925064087,0.6779384613037109,0.03998176008462906,nan,nan,nan,nan
1921,1503.7492031902075,3.3491073567710634,449.0,1.1182859423235707,0.36655872899426156,0.9153674832962138,1.4136109054750214,354.1805776420947,282.5431213378906,260.7313232421875,261.4018859863281,262.46221923828125,1.0603269338607788,0.3280922770500183,0.014719135127961636,nan,nan,nan,nan
1922,953.383109562099,3.1568977137817846,302.0,1.0982803940234216,0.35640668165322625,0.9370860927152318,1.3998242963023857,94.92240920322479,244.49203491210938,235.87864685058594,236.79156494140625,237.11289978027344,0.3213462233543396,0.2627066671848297,0.008738735690712929,nan,nan,nan,nan
1923,206.22871755063534,1.7330144331986164,119.0,1.0741067965419184,0.3485619927638606,0.9663865546218487,1.3874010415748217,-289.83232083796236,83.52591705322266,188.86216735839844,191.1538848876953,192.01722717285156,0.8633597493171692,1.07494056224823,0.010869302786886692,nan,nan,nan,nan
1924,927.7673622071743,2.983174798093808,311.0,1.0867695020453283,0.35572058870650514,0.9260450160771704,1.3721095857376584,51.48372765304066,235.7230682373047,241.0353240966797,242.0305633544922,241.50970458984375,-0.5208595395088196,0.369035929441452,0.014393549412488937,nan,nan,nan,nan
1925,1318.7599203567952,3.024678716414668,436.0,1.0797070109954976,0.35301176019948177,0.926605504587156,1.3935603729247485,194.935533090724,260.7993469238281,247.83009338378906,248.40460205078125,248.5391387939453,0.13454584777355194,0.3980569541454315,0.005395214539021254,nan,nan,nan,nan
1926,612.1740389401093,2.795315246301869,219.0,1.1004235763619268,0.35714118849717175,0.9406392694063926,1.406058961999758,-81.91960161803831,192.49183654785156,212.96258544921875,214.0375213623047,214.1737060546875,0.13621431589126587,0.4519103169441223,0.018732987344264984,nan,nan,nan,nan
1927,1702.0870215073228,3.390611596628133,502.0,1.116382100245543,0.36557953482161987,0.9203187250996016,1.4033233153179014,447.5611168093485,297.5274658203125,249.2056427001953,249.81317138671875,249.7797393798828,-0.03338075056672096,0.3895533084869385,0.0068142651580274105,nan,nan,nan,nan
1928,692.9165458129719,2.911414058037697,238.0,1.104800550726783,0.36206083640190273,0.9201680672268907,1.398193459902452,-38.80328915739028,208.44796752929688,213.41493225097656,214.44325256347656,214.5150604248047,0.07184025645256042,0.24733546376228333,0.024497415870428085,nan,nan,nan,nan
1929,698.8825054094195,2.9994957313708994,233.0,1.0560594890819868,0.34333010088553784,0.9313304721030042,1.3779666775085788,-22.935699452465087,209.4263153076172,207.20977783203125,208.3709716796875,207.37843322753906,-0.9925554394721985,0.1767292469739914,0.025043906643986702,nan,nan,nan,nan
1930,288.13868663460016,2.2868149732904777,126.0,1.092383120745808,0.3606191955577021,0.9047619047619048,1.4061236632949825,-221.78463390586603,119.13358306884766,155.7822723388672,157.95640563964844,156.22894287109375,-1.7274374961853027,1.0017894506454468,0.04450329393148422,nan,nan,nan,nan
1931,569.9209256861359,2.5442898468131068,224.0,1.087506609885309,0.3568440783691628,0.9196428571428571,1.3860848930190222,-134.0743449804893,180.7637481689453,207.2701873779297,208.6366424560547,207.875732421875,-0.7608680725097656,0.12198085337877274,0.01583242416381836,nan,nan,nan,nan
1932,532.5166927899991,2.228103317112967,239.0,1.1105246888953546,0.36474051727845774,0.9163179916317992,1.3964850263304647,-201.18346820205863,164.38389587402344,204.3590545654297,205.3791046142578,204.2246551513672,-1.1545257568359375,0.1614312380552292,0.024325449019670486,nan,nan,nan,nan
1933,1132.4021852612495,3.3111175007638876,342.0,1.0998796215359008,0.3620720515135718,0.9035087719298246,1.3737278801125337,194.72844403455542,264.8758544921875,244.0382843017578,244.78196716308594,245.0718536376953,0.2899027168750763,0.7988249659538269,0.015438363887369633,nan,nan,nan,nan
1934,1107.727979540825,3.2580234692377203,340.0,1.0850138750608729,0.3541587894093205,0.9529411764705882,1.4001322565750216,174.0148903575216,259.6181640625,232.14830017089844,233.1962890625,233.5446014404297,0.3482249677181244,0.30415844917297363,0.012276292778551579,nan,nan,nan,nan
1935,679.5744225601666,2.9937199231725398,227.0,1.1017445163632944,0.3616421871138914,0.9118942731277533,1.372644839407191,-30.36182617154509,206.6957244873047,222.006591796875,223.31434631347656,223.2802734375,-0.034092918038368225,0.17669668793678284,0.02225022204220295,nan,nan,nan,nan
1936,1737.7678870558739,3.3163509294959423,524.0,1.1166725932043813,0.36946418622777316,0.9312977099236641,1.4150419918771988,439.67480988059856,290.4565124511719,264.6629943847656,265.1717834472656,265.7434997558594,0.5716673731803894,0.9291463494300842,0.049224644899368286,nan,nan,nan,nan
1937,555.5096177295782,2.8056041299473646,198.0,1.060271204456647,0.35031176767585787,0.9040404040404041,1.3556350704135762,-96.99717637296408,180.6136932373047,212.8796844482422,214.2069854736328,214.00885009765625,-0.19808880984783173,0.24501323699951172,0.012567938305437565,nan,nan,nan,nan
1938,777.4974025264382,2.7473406449697464,283.0,1.0902685854234777,0.36148972323935513,0.8975265017667845,1.3722589979554387,-43.33710342022141,212.32896423339844,236.4819793701172,237.3816680908203,237.225830078125,-0.1558821052312851,0.5268314480781555,0.039607517421245575,nan,nan,nan,nan
1939,-3.131151020526886,-0.24085777080976045,13.0,0.9703175483604338,0.32294304100557775,0.8461538461538461,1.370839316079201,-289.27763110940157,-2.2970030307769775,180.72218322753906,192.86351013183594,187.0146026611328,-5.848875045776367,0.5600630044937134,0.21849064528942108,nan,nan,nan,nan
1940,199.1828882843256,1.747218318283558,114.0,1.1092733433749558,0.3645435850468209,0.9298245614035088,1.4109572478306767,-286.97651999579455,78.51763153076172,190.97352600097656,193.11524963378906,191.1120147705078,-2.0031778812408447,1.3176392316818237,0.03023015521466732,nan,nan,nan,nan
1941,792.25211516954,2.731903845412207,290.0,1.0862107627016953,0.3572946441367345,0.9413793103448276,1.3729918534613694,-42.44467292898821,209.64822387695312,227.5557098388672,228.37538146972656,228.7995147705078,0.42416873574256897,0.22104233503341675,0.013221971690654755,nan,nan,nan,nan
1942,555.7660544924438,2.8946148671481446,192.0,1.0921894328410913,0.359509369489615,0.9010416666666666,1.3804354393261178,-84.85878347992536,187.1810760498047,201.26344299316406,202.5952606201172,202.05609130859375,-0.5391847491264343,0.08631410449743271,0.019523529335856438,nan,nan,nan,nan
1943,1134.6359283551574,3.0500965815998855,372.0,1.0997824083325691,0.3570084900350212,0.9166666666666666,1.4154752171183638,137.5524064775982,254.66915893554688,239.58128356933594,240.2534942626953,240.52186584472656,0.268477201461792,0.3070318102836609,0.028654946014285088,nan,nan,nan,nan
1944,1159.2994358837605,3.2113557780713586,361.0,1.0902290069886902,0.35620457302196445,0.925207756232687,1.3936430838459133,183.9995002448518,256.9867248535156,238.88494873046875,239.72052001953125,239.92759704589844,0.2070099115371704,0.31159690022468567,0.024346932768821716,nan,nan,nan,nan
1945,362.90683790668845,2.0274125022720026,179.0,1.0726565897375837,0.3550433693931687,0.8938547486033519,1.3613338347646122,-251.97376178363925,127.97021484375,185.86669921875,187.3146209716797,186.8090057373047,-0.5056695342063904,1.0088037252426147,0.015678314492106438,nan,nan,nan,nan
1946,481.9577947007492,2.2521392275735943,214.0,1.1427736102340882,0.38758211341944754,0.8878504672897196,1.4001552352918423,-202.23421574892097,154.6023712158203,215.46897888183594,216.6613006591797,216.62274169921875,-0.03858501836657524,0.5224025249481201,0.039531439542770386,nan,nan,nan,nan
1947,734.6579064577818,2.8475112653402395,258.0,1.086582491184643,0.35163826972377177,0.9186046511627907,1.4061253899992459,-36.668448946490344,210.31967163085938,212.5948028564453,213.76710510253906,213.8919677734375,0.12484844774007797,0.360173761844635,0.008958044461905956,nan,nan,nan,nan
1948,677.702155828476,2.847488049699479,238.0,1.1063570039573964,0.36212796679462245,0.9033613445378151,1.405959346689422,-54.01767914188622,204.93016052246094,222.50341796875,223.3934326171875,222.4416046142578,-0.9518077969551086,0.14615902304649353,0.010524014942348003,nan,nan,nan,nan
1949,354.9070568680763,2.304591278364132,154.0,1.1256186969281083,0.3780708744097904,0.8831168831168831,1.3676773350513798,-210.46539227986386,130.85069274902344,208.84617614746094,210.3406219482422,209.1678924560547,-1.172708511352539,0.4466437101364136,0.06942401826381683,nan,nan,nan,nan
1950,517.1112012839876,2.1020780539999495,246.0,1.0739273789738952,0.3495030856001879,0.9146341463414634,1.3869282394773383,-230.4512418599386,151.60816955566406,189.0560760498047,190.2789764404297,189.7902069091797,-0.488728791475296,1.1132786273956299,0.030689910054206848,nan,nan,nan,nan
1951,859.4483473878354,2.73709664773196,314.0,1.1074580459214773,0.3629007968143449,0.9171974522292994,1.3920974206119112,-22.77626523138474,216.94143676757812,221.0245361328125,221.7896270751953,221.3732452392578,-0.41628023982048035,0.11733363568782806,0.02582773193717003,nan,nan,nan,nan
1952,1848.6226904228097,3.254617412716214,568.0,1.1153193195605042,0.36340583202286436,0.9242957746478874,1.413770600818056,463.3952682929323,289.0997009277344,252.3045196533203,252.7450408935547,252.86639404296875,0.12149056047201157,0.5167441368103027,0.022760165855288506,nan,nan,nan,nan
1953,569.5778039954603,2.819692098987427,202.0,1.1038211381296659,0.36113314288956017,0.9207920792079208,1.3713782523825242,-90.85029419386387,185.98828125,206.1916961669922,207.5565185546875,206.57354736328125,-0.982999324798584,0.39184319972991943,0.044343505054712296,nan,nan,nan,nan
1954,326.3418547695037,2.266262880343776,144.0,1.077713702058179,0.3528642558462538,0.9236111111111112,1.3519747261843906,-219.2273341614814,122.51297760009766,184.4123077392578,185.62339782714844,184.34971618652344,-1.2737594842910767,1.025007724761963,0.042377397418022156,nan,nan,nan,nan
1955,1167.1544998511672,3.137512096374105,372.0,1.1016916188124086,0.3611237885999023,0.9166666666666666,1.3775720467006929,170.07097797360802,255.37913513183594,244.68006896972656,245.3262481689453,245.1950225830078,-0.1311686486005783,0.28723615407943726,0.02016177773475647,nan,nan,nan,nan
1956,609.377604929643,2.7825461412312467,219.0,1.0846134481442786,0.3585656429770299,0.9041095890410958,1.3733704415701118,-84.71603562850464,192.81068420410156,216.37652587890625,217.6285858154297,216.0554962158203,-1.5730496644973755,0.15301747620105743,0.013496920466423035,nan,nan,nan,nan
1957,1161.543844461441,2.970700369466601,391.0,1.0921802183328835,0.359540488750365,0.9207161125319693,1.3811671585007357,126.83412817166732,247.74807739257812,224.4363555908203,225.18028259277344,225.7030487060547,0.5227524042129517,0.12314730137586594,0.03460324555635452,nan,nan,nan,nan
1958,1295.2545013651252,2.9370850371091275,441.0,1.0959570057025956,0.3609032926066688,0.9002267573696145,1.4048410029531844,161.52848399057643,254.0121307373047,248.8405303955078,249.4700927734375,249.5518035888672,0.08179744333028793,0.5042149424552917,0.023578234016895294,nan,nan,nan,nan
1959,874.0222633806989,3.1553150302552306,277.0,1.1013866701883912,0.3611167727423899,0.8989169675090253,1.3789581558488053,65.06971356421218,237.1349334716797,219.22052001953125,220.28273010253906,219.19383239746094,-1.088819980621338,0.26067280769348145,0.008878873661160469,nan,nan,nan,nan
1960,678.3082172498107,3.1696645665879006,214.0,1.0755684599004907,0.35273879767461563,0.9158878504672897,1.3790596595350224,-5.883793199859497,212.52972412109375,203.23377990722656,204.35972595214844,204.5533447265625,0.19358618557453156,0.38326314091682434,0.023881057277321815,nan,nan,nan,nan
1961,379.8491633012891,2.302116141219934,165.0,1.083439314144119,0.36009588733931647,0.9090909090909091,1.3953602457014915,-207.30687208530162,142.4251251220703,177.681884765625,179.41851806640625,178.46282958984375,-0.9556525349617004,0.20922191441059113,0.0187449362128973,nan,nan,nan,nan
1962,521.8487601168454,2.5580821574355164,204.0,1.136526906559234,0.3752042540610192,0.9313725490196079,1.40441741595343,-142.53999011586984,168.4504852294922,223.63763427734375,224.8353729248047,223.80902099609375,-1.0263692140579224,0.47861334681510925,0.018297312781214714,nan,nan,nan,nan
1963,630.2471755705774,2.8262205182537103,223.0,1.0723754156142473,0.35117444341657034,0.9237668161434978,1.381332025214025,-71.76776907435237,195.47406005859375,221.06103515625,222.185546875,221.61688232421875,-0.5687622427940369,0.4738457202911377,0.013338039629161358,nan,nan,nan,nan
1964,923.4086070805788,2.9596429714121117,312.0,1.099576327882551,0.36361815175156603,0.9006410256410257,1.3644164198232565,45.14464650474952,229.54344177246094,242.56114196777344,243.4346466064453,243.40745544433594,-0.02714656852185726,0.2510281205177307,0.026619940996170044,nan,nan,nan,nan
1965,1221.512403877452,3.248703201801734,376.0,1.0856751518925725,0.35940569257334265,0.9308510638297872,1.388222053464779,216.5075779131107,267.942626953125,257.43963623046875,258.2276611328125,259.7220764160156,1.4943017959594727,0.7261071801185608,0.032649822533130646,nan,nan,nan,nan
1966,555.0590216591954,2.5345160806355955,219.0,1.1243619806393124,0.3759470593469158,0.9360730593607306,1.4148157760249276,-139.0346188989522,173.51402282714844,231.2056121826172,232.4973907470703,232.3671112060547,-0.13025183975696564,0.4094540476799011,0.00573196355253458,nan,nan,nan,nan
1967,1021.8034822270274,2.9877294801959864,342.0,1.113904241490441,0.3672456866853914,0.9152046783625731,1.4066374612277632,84.1297410003333,238.48561096191406,242.7742919921875,243.45823669433594,244.06468200683594,0.606490433216095,0.4925197958946228,0.005594591610133648,nan,nan,nan,nan
1968,1222.659359101206,3.151183915209294,388.0,1.0856822364771819,0.3540307364008598,0.9329896907216495,1.4059674515555327,193.89062087651882,261.8103942871094,239.80555725097656,240.3274383544922,241.0949249267578,0.7674844861030579,0.3443928360939026,0.022411596029996872,nan,nan,nan,nan
1969,425.3608199506998,2.2746567911802127,187.0,1.0764281702311165,0.3492458810809932,0.93048128342246,1.374606447432625,-205.36238791319192,142.45436096191406,181.5349884033203,183.01654052734375,182.5431365966797,-0.4734468460083008,1.115024447441101,0.005950971506536007,nan,nan,nan,nan
1970,1153.6881611896679,2.8842204029741696,400.0,1.083866511440817,0.35474802801385524,0.9175,1.3859001793805226,101.15551070463471,243.19281005859375,230.71604919433594,231.31089782714844,231.76727294921875,0.45647743344306946,0.5917838215827942,0.01421410497277975,nan,nan,nan,nan
1971,467.4400268495083,2.626067566570271,178.0,1.0542757731263457,0.3489953744083936,0.9269662921348315,1.3469160252075099,-145.46024681912388,162.8567352294922,213.34161376953125,215.0845184326172,215.5131378173828,0.42856743931770325,0.28140774369239807,0.04511236026883125,nan,nan,nan,nan
1972,2277.725932613015,3.504193742481562,650.0,1.0995338758135755,0.3613073099272561,0.9076923076923077,1.3882669617719452,730.1117767041069,312.8854675292969,270.9320983886719,271.3793029785156,272.4819030761719,1.1026830673217773,1.1055320501327515,0.022237451747059822,nan,nan,nan,nan
1973,695.2314801383764,2.9089183269388132,239.0,1.0866214078445653,0.3579754383355831,0.9288702928870293,1.3795724199016968,-38.46868085368135,206.49365234375,227.21214294433594,228.4019317626953,228.1813201904297,-0.22065286338329315,0.2195885181427002,0.008313298225402832,nan,nan,nan,nan
1974,1252.9355469048023,3.3146443039809586,378.0,1.0731377741975587,0.35292080382892366,0.9126984126984127,1.3733327751784912,243.97006889707018,268.1614685058594,241.041748046875,241.8048858642578,242.33775329589844,0.5327818989753723,0.321585476398468,0.008871737867593765,nan,nan,nan,nan
1975,527.4755508136004,2.8512191935870295,185.0,1.0812895590881497,0.3589777638510641,0.8810810810810811,1.3785257471389563,-99.28700500690024,181.3214874267578,193.9100341796875,195.3813018798828,193.92173767089844,-1.45962393283844,0.08674401789903641,0.017070408910512924,nan,nan,nan,nan
1976,549.4670668132603,2.6934660137904918,204.0,1.0729946714210297,0.3449365400996065,0.9313725490196079,1.3856358884299673,-114.9216834194549,177.43121337890625,180.4030303955078,181.72218322753906,181.0163116455078,-0.7058941721916199,1.0029138326644897,0.07342427223920822,nan,nan,nan,nan
1977,1086.1274794638157,3.271468311637999,332.0,1.0855149581213879,0.3546099361469623,0.9216867469879518,1.3939478119515507,168.25699845407644,260.79669189453125,233.0380859375,233.80938720703125,233.55206298828125,-0.2573188841342926,0.2104550302028656,0.0033577545545995235,nan,nan,nan,nan
1978,712.6172945818398,2.8504691783273595,250.0,1.1145354244736174,0.36671715122368187,0.908,1.4005581691790763,-42.86645264886829,204.3369598388672,229.3074493408203,230.31394958496094,230.25010681152344,-0.06390435993671417,0.5199286341667175,0.029142500832676888,nan,nan,nan,nan
1979,1113.0150315759238,3.0831441317892625,361.0,1.067931593487832,0.3442988736580617,0.9279778393351801,1.412175464966824,137.71509593701512,256.0623474121094,226.87266540527344,227.60321044921875,227.14300537109375,-0.4602017402648926,0.2882874011993408,0.009220143780112267,nan,nan,nan,nan
1980,772.9426689743996,2.9167647885826398,265.0,1.1026202326802668,0.36268648018485006,0.9584905660377359,1.374896149746879,-12.245968581741181,217.35150146484375,228.61448669433594,229.54766845703125,229.30284118652344,-0.24480290710926056,0.2918373644351959,0.0286018755286932,nan,nan,nan,nan
1981,1156.638452050509,3.2489844158722163,356.0,1.1266169987898096,0.371971764006501,0.9325842696629213,1.4245430643699266,191.24014652007781,261.3990478515625,238.5485076904297,239.37091064453125,239.5940704345703,0.22309564054012299,0.7113236784934998,0.037646785378456116,nan,nan,nan,nan
1982,2088.430269195698,2.2924591319381977,911.0,1.12741039187989,0.3729610546041149,0.9165751920965971,1.401758781438318,23.951021624264285,218.3675537109375,188.40966796875,188.7455291748047,189.6518096923828,0.9063305258750916,0.5347300171852112,0.1294737160205841,nan,nan,nan,nan
1983,-2.0129657983779907,-0.25162072479724884,8.0,1.0543309865255663,0.33315641634787124,0.875,1.2235921645953027,-278.2578157787751,-1.9360113143920898,162.033447265625,187.0251007080078,177.7421112060547,-9.282974243164062,1.278497338294983,0.1210058405995369,nan,nan,nan,nan
1984,1861.677127018571,3.5939712876806387,518.0,1.0636353483962606,0.3448850011953154,0.9324324324324325,1.37543898728624,575.4660059734686,313.3976745605469,256.3981018066406,256.9435729980469,257.6390686035156,0.6956102848052979,0.9692477583885193,0.042894039303064346,nan,nan,nan,nan
1985,736.7248497083783,2.7085472415749203,272.0,1.0929829058843707,0.3612554774907966,0.9411764705882353,1.389061835697122,-62.32606999963082,203.77789306640625,223.8513641357422,224.9025115966797,224.4439239501953,-0.4585992991924286,0.22013461589813232,0.012690544128417969,nan,nan,nan,nan
1986,1527.538624972105,3.222655326945369,474.0,1.0647376289015926,0.3448652897669745,0.9345991561181435,1.3805967044966858,328.46184888160474,282.4570007324219,243.8248748779297,244.4237518310547,243.8936767578125,-0.5301551222801208,0.35552114248275757,0.021957019343972206,nan,nan,nan,nan
1987,1098.7779309600592,3.2508222809469207,338.0,1.0765882995445057,0.3528324149021063,0.9378698224852071,1.3802396037128213,169.02549382014695,259.1525573730469,228.0995635986328,229.029052734375,228.0269775390625,-1.0020179748535156,0.2828257381916046,0.003722467925399542,nan,nan,nan,nan
1988,445.7787161367014,2.32176414654532,192.0,1.1146990111606363,0.36704401223182176,0.9739583333333334,1.3938670923363288,-194.84612183566776,152.18370056152344,196.8755340576172,198.34912109375,197.4098663330078,-0.9392337203025818,0.7721035480499268,0.11032737791538239,nan,nan,nan,nan
1989,793.5780688524246,2.7844844521137704,285.0,1.0972754294173381,0.3581720984389063,0.9052631578947369,1.3896690498589825,-31.21708913762609,206.404541015625,234.98313903808594,235.9207305908203,235.8697052001953,-0.0510430783033371,0.30674538016319275,0.019477976486086845,nan,nan,nan,nan
1990,981.4413245927426,3.155759886150298,311.0,1.0644580857085493,0.34527899730132816,0.932475884244373,1.3825098043669464,105.15769003860896,247.24588012695312,236.8837127685547,237.8657989501953,238.36302185058594,0.49713364243507385,0.31957051157951355,0.017454179003834724,nan,nan,nan,nan
1991,1623.7716916203499,3.3899200242596033,479.0,1.0824670576085524,0.3490090855395785,0.9206680584551148,1.3805270790481377,414.7932854213723,293.33740234375,253.8604736328125,254.36940002441406,254.93634033203125,0.5669288039207458,0.7844958305358887,0.018448567017912865,nan,nan,nan,nan
1992,1714.035170096904,3.1978268098822835,536.0,1.0799415091329454,0.3528852143287591,0.8936567164179104,1.3728353272737857,392.1781806612828,283.2351989746094,253.8225860595703,254.2736358642578,255.2036895751953,0.9300534129142761,0.23133879899978638,0.0351543053984642,nan,nan,nan,nan
1993,631.963778052479,2.92575823172444,216.0,1.1024757607735804,0.3583208123751252,0.9120370370370371,1.4006980236961153,-56.188884440582115,196.10015869140625,223.43397521972656,224.368896484375,223.59693908691406,-0.7720394134521484,0.38983142375946045,0.039996348321437836,nan,nan,nan,nan
1994,1129.393764924258,3.0037068216070693,376.0,1.067461644572655,0.3473848713306356,0.925531914893617,1.358531659249771,124.38893895991669,249.2236785888672,229.13983154296875,229.9825897216797,230.13853454589844,0.15595486760139465,0.14813022315502167,0.007506486028432846,nan,nan,nan,nan
1995,889.6904258746654,3.1774658066952335,280.0,1.0920214004003768,0.35849569760736943,0.9107142857142857,1.3870224454164692,74.79689799309222,238.500732421875,240.71240234375,241.75506591796875,241.3559112548828,-0.3991107940673828,0.21703007817268372,0.013642323203384876,nan,nan,nan,nan
1996,710.6633066497743,2.754508940503001,258.0,1.069529349790422,0.34876569852699046,0.937984496124031,1.376870667265077,-60.66304875449782,202.82273864746094,212.68426513671875,213.92369079589844,213.53651428222656,-0.3871671259403229,0.16864743828773499,0.021583355963230133,nan,nan,nan,nan
1997,568.8444519788027,2.380102309534739,239.0,1.1015982382764535,0.36125936373296863,0.9037656903765691,1.4092535600095877,-164.85570901325502,176.39996337890625,209.78851318359375,210.9075927734375,211.3424072265625,0.4348122775554657,0.0985351949930191,0.018784526735544205,nan,nan,nan,nan
1998,817.373946448788,3.10788572794216,263.0,1.1112694547675048,0.3652199161453577,0.9277566539923955,1.3976876029690166,36.145960936038364,227.4303436279297,239.50103759765625,240.6619873046875,240.6911163330078,0.02902957610785961,0.3192656338214874,0.01179822813719511,nan,nan,nan,nan
1999,414.71872847527266,2.3698213055729864,175.0,1.1221221717720222,0.3737644405717895,0.92,1.4009094288690618,-192.24056712827303,145.3468475341797,203.15818786621094,204.6483612060547,204.0403594970703,-0.6079432368278503,0.3143618106842041,0.008998127654194832,nan,nan,nan,nan
2000,1610.3932833857834,3.4483796218110996,467.0,1.0879302031260603,0.35387334300074325,0.9314775160599572,1.3941889580992746,425.17878944715176,296.299560546875,253.6378631591797,254.0291290283203,255.3077392578125,1.278568983078003,0.9126695990562439,0.036377932876348495,nan,nan,nan,nan
2001,384.04893433721736,2.010727404906897,191.0,1.0668530514196337,0.34430327042705666,0.9267015706806283,1.3533469823857374,-254.59557761345627,130.26071166992188,184.38795471191406,185.7171630859375,183.9765167236328,-1.7406476736068726,1.0931346416473389,0.0833677351474762,nan,nan,nan,nan
2002,1003.687480468303,3.290778624486239,305.0,1.08656929964792,0.35342036509902924,0.9114754098360656,1.3827217625394936,139.2858020443423,252.37200927734375,238.32080078125,239.27073669433594,239.19056701660156,-0.08017317205667496,0.30878520011901855,0.005044868215918541,nan,nan,nan,nan
2003,8.462455499917269,0.49779149999513345,17.0,1.2231671110336506,0.414432991862151,0.9411764705882353,1.412449036147977,-285.6053286757394,3.008382558822632,203.0305938720703,213.7215118408203,209.20481872558594,-4.516709327697754,0.7492533922195435,0.09274988621473312,nan,nan,nan,nan
2004,786.3921638540924,2.66573614865794,295.0,1.1232419875544626,0.37273926502004884,0.9389830508474576,1.419062035606002,-58.20625435291322,207.994140625,237.65403747558594,238.4167022705078,237.40081787109375,-1.0159051418304443,0.21569104492664337,0.009814691729843616,nan,nan,nan,nan
2005,876.5970598310232,3.0437397910799415,288.0,1.0820141269688266,0.3567459729496881,0.9305555555555556,1.3870273141206895,45.86092377588602,232.62831115722656,223.8546142578125,224.9522705078125,225.60768127441406,0.6554053425788879,0.23676568269729614,0.0196896493434906,nan,nan,nan,nan
2006,737.7979280762374,2.7124923826332257,272.0,1.1096613889605091,0.3573541748433212,0.9191176470588235,1.3991792624415078,-61.25299163177169,207.7042236328125,202.3887481689453,203.315673828125,202.3977508544922,-0.9179632067680359,0.5627319812774658,0.07226099818944931,nan,nan,nan,nan
2007,1093.3516599591821,2.9630126286156697,369.0,1.0763965834666764,0.344976766858097,0.9512195121951219,1.40432570140902,102.20911614670945,246.03839111328125,220.11865234375,220.8700408935547,221.1582489013672,0.28815534710884094,0.25809720158576965,0.0352805033326149,nan,nan,nan,nan
2008,294.8830238056835,2.0477987764283574,144.0,1.1159271945207005,0.36332247244387905,0.9027777777777778,1.3995828228111218,-250.6861651253016,111.26639556884766,193.8025360107422,196.55516052246094,196.11912536621094,-0.43606138229370117,0.07311342656612396,0.010508044622838497,nan,nan,nan,nan
2009,1020.6333178579807,2.932854361660864,348.0,1.0973114952875438,0.36138875907613943,0.9137931034482759,1.3852628797812636,71.07762050111364,235.69699096679688,239.02581787109375,239.74644470214844,240.35101318359375,0.6046043038368225,0.24475958943367004,0.021892564371228218,nan,nan,nan,nan
2010,1345.554862392135,3.3388458123874316,403.0,1.0951701132885208,0.3564662934508467,0.9106699751861043,1.3849038773004636,287.0812338420153,276.87908935546875,244.4274444580078,245.0664520263672,244.70436096191406,-0.36204227805137634,0.6357467174530029,0.028041701763868332,nan,nan,nan,nan
2011,661.6274507641792,2.756781044850747,240.0,1.1161192526203663,0.368262213095295,0.9208333333333333,1.4015850349606183,-74.053036249574,198.1532440185547,210.64561462402344,211.2335968017578,209.94358825683594,-1.2899755239486694,0.16918788850307465,0.01287094596773386,nan,nan,nan,nan
2012,554.304090179503,2.690796554269432,206.0,1.1126991924144765,0.3660353720056279,0.9223300970873787,1.4300728711970332,-114.0453120966032,177.54776000976562,230.93971252441406,232.268798828125,231.8772430419922,-0.3916051387786865,0.21834218502044678,0.02860758826136589,nan,nan,nan,nan
2013,179.81994569301605,1.762940644049177,102.0,1.06587119142128,0.34621727450338363,0.8725490196078431,1.3681686669368716,-282.5755503267581,73.64944458007812,193.8074188232422,197.0862274169922,197.8001708984375,0.7139999270439148,0.1862679421901703,0.029235532507300377,nan,nan,nan,nan
2014,630.8180451386143,2.4355909078710973,259.0,1.090532580158185,0.35632255785589356,0.9073359073359073,1.3809521969005438,-142.48863628735353,179.6597442626953,225.0402069091797,226.03253173828125,225.81610107421875,-0.2163764089345932,0.3223072588443756,0.036207880824804306,nan,nan,nan,nan
2015,876.5349891409278,2.961266855205837,296.0,1.0900373157836623,0.3573648147103413,0.9324324324324325,1.3950265520080993,29.956244912226566,226.19964599609375,243.62705993652344,244.4575653076172,244.6546173095703,0.19713492691516876,0.2114497870206833,0.018072526901960373,nan,nan,nan,nan
2016,1023.4024019017816,3.1586493885857454,324.0,1.0900330249837502,0.3585156872524203,0.9382716049382716,1.4049555069413888,121.37452906560634,246.60414123535156,238.171630859375,238.982421875,239.6921844482422,0.709836483001709,0.6203464865684509,0.002849448472261429,nan,nan,nan,nan
2017,1067.5457868799567,3.3998273467514544,314.0,1.067121640162084,0.3499548156785618,0.9203821656050956,1.3741051020687713,185.3211742607366,263.3088684082031,233.03956604003906,233.8269500732422,233.94525146484375,0.11834271997213364,0.43059325218200684,0.007700200658291578,nan,nan,nan,nan
2018,998.9973935037851,2.9643839569845256,337.0,1.104665103827721,0.364412599291327,0.913946587537092,1.382071488962786,71.22528238556833,239.9090576171875,243.8645477294922,244.7595672607422,244.3343963623047,-0.42520368099212646,0.36922967433929443,0.0037268903106451035,nan,nan,nan,nan
2019,1449.6438146810979,3.228605377908904,449.0,1.1038639069219227,0.3615846561662764,0.9287305122494433,1.3831649805700947,300.0751891329851,276.1803894042969,250.7443084716797,251.29661560058594,251.3524627685547,0.0559069849550724,0.2243599146604538,0.00822463445365429,nan,nan,nan,nan
2020,1119.0629118420184,3.1258740554246325,358.0,1.0821653354024385,0.3532707203768503,0.9385474860335196,1.3962971241785078,149.70395426819618,252.66001892089844,238.2379150390625,239.0971221923828,239.3951416015625,0.2979890704154968,0.42912429571151733,0.02388818934559822,nan,nan,nan,nan
2021,1711.6801332756877,3.2356902330353265,529.0,1.082953359671746,0.35585832645861043,0.9300567107750473,1.370729319802672,403.68542599193484,285.01629638671875,254.5851593017578,255.11793518066406,255.9401397705078,0.8221859931945801,0.3880177438259125,0.0074362182058393955,nan,nan,nan,nan
2022,362.95428737811744,2.050589194226652,177.0,1.0998649841901502,0.36033302427575575,0.8983050847457628,1.3869727202798297,-247.9656602688192,127.81620788574219,180.1440887451172,181.7646942138672,182.6139373779297,0.8492951393127441,0.8597962856292725,0.05535231530666351,nan,nan,nan,nan
2023,1601.8779065012932,3.316517404764582,483.0,1.088881490485454,0.35595810622986507,0.9316770186335404,1.404199036280853,384.97819621553344,287.17669677734375,256.0566711425781,256.5752868652344,256.8443298339844,0.26896020770072937,0.7011651396751404,0.011804713867604733,nan,nan,nan,nan
2024,726.4555060714483,2.7106548734009266,268.0,1.0555483972517608,0.34212832103566054,0.9365671641791045,1.382285934502876,-64.6741095497789,203.3521728515625,215.72630310058594,216.8162384033203,216.29063415527344,-0.5255795121192932,0.6165481209754944,0.04115559905767441,nan,nan,nan,nan
2025,714.2588604614139,2.891736277171716,247.0,1.1159672673918108,0.37009602736054226,0.902834008097166,1.4000992914552415,-35.28390870420776,204.90802001953125,240.3189697265625,241.5426025390625,241.4748992919922,-0.06764233857393265,0.21178418397903442,0.022133182734251022,nan,nan,nan,nan
2026,548.901614960283,2.744508074801415,200.0,1.0796556168338112,0.35667266297105626,0.925,1.360259714504528,-107.56583118565015,179.07373046875,211.9446563720703,213.4930877685547,213.65025329589844,0.15720291435718536,0.18222446739673615,0.006956828758120537,nan,nan,nan,nan
2027,1394.8594454824924,3.344986679814131,417.0,1.0934731051448556,0.3579538477625944,0.9280575539568345,1.3770266572619363,308.6612526286358,277.9393310546875,246.74749755859375,247.2904510498047,247.336181640625,0.045830726623535156,0.7822813391685486,0.02587379515171051,nan,nan,nan,nan
2028,604.4763482511044,2.8379171279394573,213.0,1.069348253543257,0.34867641598686533,0.9389671361502347,1.3881667982547916,-77.7353361768703,191.07464599609375,216.55157470703125,217.8227081298828,218.0352020263672,0.21246373653411865,0.24998855590820312,0.025644948706030846,nan,nan,nan,nan
2029,1221.575407654047,3.43139159453384,356.0,1.085050584593346,0.3550290978470711,0.9410112359550562,1.378000097882188,256.1771021236159,277.1756591796875,234.4834747314453,235.40692138671875,234.9910125732422,-0.4158267080783844,0.3235711455345154,0.00361549761146307,nan,nan,nan,nan
2030,1289.7200989052653,3.0489836853552372,423.0,1.091934254212827,0.36007854148316987,0.91725768321513,1.3883524941921306,191.6399499212357,257.64697265625,245.1968994140625,245.8769989013672,246.4175567626953,0.540477454662323,0.34249478578567505,0.02646307274699211,nan,nan,nan,nan
2031,718.0165804475546,2.9548007425825293,243.0,1.04057815437294,0.3395178200832258,0.9012345679012346,1.3505697302214243,-23.60488463128513,210.58828735351562,215.23291015625,216.3000030517578,215.4337158203125,-0.8662979602813721,0.2779083251953125,0.004812202416360378,nan,nan,nan,nan
2032,833.1716753095388,2.9234093870510134,285.0,1.0955460430557602,0.3616030212292619,0.9333333333333333,1.3913813579383176,8.37651731948813,221.9361572265625,228.1183319091797,229.20713806152344,229.2861328125,0.07901331782341003,0.32487109303474426,0.017490413039922714,nan,nan,nan,nan
2033,796.9676297307014,2.93002805048052,272.0,1.1206127517790894,0.37194667082340127,0.9301470588235294,1.3771140844706489,-2.083289977307686,221.0433349609375,230.005859375,231.0631103515625,231.38804626464844,0.3248901963233948,0.29539963603019714,0.01849580556154251,nan,nan,nan,nan
2034,765.1637476421893,2.9772908468567674,257.0,1.095213343148704,0.3617689087071931,0.9027237354085603,1.38732296274237,-4.182281740387452,218.34149169921875,217.49267578125,218.6071014404297,218.37481689453125,-0.2322210818529129,0.29163482785224915,0.04238533973693848,nan,nan,nan,nan
2035,1148.7075241878629,3.1385451480542703,366.0,1.097748667095332,0.3574422213403652,0.9289617486338798,1.3946682381590627,163.50595844047666,257.494873046875,212.644287109375,213.2925567626953,213.60081481933594,0.3082471191883087,0.7343490123748779,0.02131667546927929,nan,nan,nan,nan
2036,1085.5414179190993,3.1834059176513176,341.0,1.0786251803136788,0.35395081651092986,0.9032258064516129,1.3777735192788345,149.84800271410063,251.81625366210938,243.0532684326172,243.8450164794922,244.0119171142578,0.1668827086687088,0.24516886472702026,0.009750164113938808,nan,nan,nan,nan
2037,690.3351527936757,2.5473621874305374,271.0,1.1032909231722037,0.36820868770637727,0.9003690036900369,1.3831719654169257,-106.73544089263805,194.79635620117188,239.7608642578125,240.845458984375,239.97422790527344,-0.8712022304534912,0.19869326055049896,0.001588699291460216,nan,nan,nan,nan
2038,1779.015188830439,3.4882650761381155,510.0,1.0478769030193593,0.3390306137832893,0.9352941176470588,1.3688918305553552,508.6466759589007,302.62823486328125,247.07989501953125,247.57073974609375,248.10081481933594,0.5300218462944031,0.8783383369445801,0.008332334458827972,nan,nan,nan,nan
2039,982.3343058263417,0.9823343058263417,1000.0,1.1450459326758056,0.390609289034231,0.885,1.4010132084205567,-1258.3939576759913,88.30376434326172,97.25112915039062,97.41068267822266,98.40955352783203,0.9988250732421875,0.2691074311733246,0.038723770529031754,nan,nan,nan,nan
2040,604.4893736972008,2.572295207222131,235.0,1.0795032026304225,0.35422460987919563,0.9106382978723404,1.3778869865313879,-121.2894832080749,182.55563354492188,197.60948181152344,198.89605712890625,198.0747833251953,-0.8212728500366211,0.08521723002195358,0.012069770134985447,nan,nan,nan,nan
2041,353.65377762168646,2.18304801001041,162.0,1.1449700585247367,0.3858138855176088,0.9074074074074074,1.4322378545936931,-227.56127969981776,122.538818359375,177.4522247314453,179.56304931640625,178.2563934326172,-1.3066209554672241,0.8279023170471191,0.03009673021733761,nan,nan,nan,nan
2042,670.0883794426918,2.4818088127507103,270.0,1.115057564130636,0.3676510843862262,0.9222222222222223,1.4018503150605093,-125.00188822192649,189.54444885253906,219.45570373535156,220.4540557861328,219.2795867919922,-1.174474835395813,0.5486128330230713,0.09655477851629257,nan,nan,nan,nan
2043,781.7625964730978,2.863599254480212,273.0,1.1091871341757997,0.3633940297081414,0.8901098901098901,1.388076205729085,-19.268649256606977,216.6561279296875,235.4285888671875,236.3447723388672,235.1843719482422,-1.1603819131851196,0.33074530959129333,0.014952881261706352,nan,nan,nan,nan
2044,381.2668800763786,2.269445714740349,168.0,1.1096337128229834,0.3709253846221448,0.9166666666666666,1.4051411374459324,-211.8301333752986,134.02938842773438,198.3534698486328,200.288818359375,201.5850830078125,1.2962641716003418,1.1624919176101685,0.0721307098865509,nan,nan,nan,nan
2045,622.863635905087,2.743892669185405,227.0,1.0976250613375353,0.35648266145639484,0.9383259911894273,1.3973203747232443,-87.07261282662466,192.16079711914062,194.7676544189453,196.07275390625,195.8754425048828,-0.1973540335893631,0.012193080969154835,0.03816325217485428,nan,nan,nan,nan
2046,1001.5519401486963,1.0015519401486963,1000.0,1.138710292114846,0.3866078732050615,0.892,1.3886792708954026,-1239.1763233536367,93.42774200439453,96.95480346679688,97.13021087646484,97.961669921875,0.8314849734306335,0.5656592845916748,0.09957970678806305,nan,nan,nan,nan
2047,702.0180462542921,2.7638505758043,254.0,1.0987312140680516,0.3576497757821735,0.9330708661417323,1.4205857061427802,-61.3870050631981,203.00457763671875,211.59288024902344,212.63706970214844,213.06849670410156,0.4313403069972992,0.5230588912963867,0.017948945984244347,nan,nan,nan,nan
2048,1185.8365133404732,3.1288562357268423,379.0,1.1239000042783958,0.3686484414146248,0.920844327176781,1.3976019565507705,174.89070931104538,257.2371520996094,240.2693634033203,241.0450897216797,240.5590057373047,-0.48596763610839844,0.3509454131126404,0.02460811659693718,nan,nan,nan,nan
2049,296.3914489839226,2.371131591871381,125.0,1.1300409880427336,0.3767037006852528,0.92,1.4284884810607255,-211.55154553484806,125.62471008300781,144.9688262939453,146.86871337890625,146.92791748046875,0.059232134371995926,0.565216064453125,0.025107888504862785,nan,nan,nan,nan
2050,832.8202588893473,2.922176346980166,285.0,1.1123929169082079,0.36866970161379087,0.8982456140350877,1.39077037108675,8.025100899296604,222.95535278320312,232.0086212158203,233.00706481933594,233.0076141357422,0.000515033199917525,0.18777374923229218,0.01621328294277191,nan,nan,nan,nan
2051,1361.1319389585406,3.394343987427782,401.0,1.0732089576532702,0.35023577695600966,0.9152119700748129,1.3595391688872094,306.61896245181197,279.462890625,257.002685546875,257.5987243652344,258.2259216308594,0.6271452307701111,0.3434760868549347,0.009092616848647594,nan,nan,nan,nan
2052,997.9462356120348,3.178172724879092,314.0,1.078323727015416,0.35673357754219515,0.9267515923566879,1.360518885752816,115.72162299281467,247.17669677734375,236.00953674316406,236.9962921142578,237.76206970214844,0.7658564448356628,0.3333546817302704,0.026811502873897552,nan,nan,nan,nan
2053,904.146662928164,3.128535165841398,289.0,1.0718871844755204,0.3487161298258208,0.9515570934256056,1.3840469769532682,71.43020085133139,235.51589965820312,240.079345703125,240.8813018798828,241.4988555908203,0.6175885200500488,0.20824448764324188,0.02100333571434021,nan,nan,nan,nan
2054,527.1856700330973,2.6760693910309508,197.0,1.0796832230625018,0.354417143631893,0.9238578680203046,1.3833213080076814,-123.34079804774933,172.54310607910156,207.33714294433594,208.57411193847656,208.2259979248047,-0.34811949729919434,0.22163233160972595,0.00537382997572422,nan,nan,nan,nan
2055,1187.0464734752895,3.2791339046278716,362.0,1.1016656909718134,0.36040783301411217,0.9060773480662984,1.381191742002981,209.76621181468545,269.49383544921875,237.2047576904297,238.02069091796875,237.6984100341797,-0.3223325312137604,0.18735180795192719,0.018083898350596428,nan,nan,nan,nan
2056,2286.739832625026,3.454289777379193,662.0,1.0817224842053341,0.3517526956309177,0.9138972809667674,1.3763976578549912,715.3617644557717,311.6998596191406,269.8115539550781,270.2087097167969,270.8658447265625,0.6572685837745667,0.5128350257873535,0.0202985480427742,nan,nan,nan,nan
2057,846.4609224759042,3.111988685573177,272.0,1.085716972033436,0.35569050043847583,0.9117647058823529,1.3884495417637968,47.410002767895094,230.1357879638672,230.7178497314453,231.61070251464844,231.14927673339844,-0.46138110756874084,0.5437613129615784,0.019562268629670143,nan,nan,nan,nan
2058,1030.7435255702585,2.8395138445461665,363.0,1.0782703651136514,0.3557032319624426,0.9118457300275482,1.3620111259644758,51.48293788795877,237.82821655273438,230.02989196777344,230.8469696044922,230.24609375,-0.6010037064552307,0.17107222974300385,0.029295941814780235,nan,nan,nan,nan
2059,1276.263019059319,3.174783629500794,402.0,1.082298069133516,0.3545961652711636,0.9203980099502488,1.3887606534676304,219.7697165308948,263.7239685058594,243.7898406982422,244.5450439453125,245.56849670410156,1.0233644247055054,0.30576300621032715,0.019963152706623077,nan,nan,nan,nan
2060,721.8476005680859,2.910675808742282,248.0,1.1116745514034923,0.36651311230893313,0.9274193548387096,1.4099022298422144,-29.67549461923136,210.04141235351562,226.3325958251953,227.33155822753906,226.8970947265625,-0.43438720703125,0.3440958261489868,0.009711965918540955,nan,nan,nan,nan
2061,171.31832337006927,1.571727737340085,109.0,1.0942543361380928,0.3577561809646467,0.8990825688073395,1.3987751467957215,-304.93945480157345,69.50523376464844,191.44911193847656,194.1343231201172,194.0674591064453,-0.06686922162771225,0.22279033064842224,0.04157623276114464,nan,nan,nan,nan
2062,1951.6954801380634,3.454328283430201,565.0,1.0640859991795926,0.34467321504417403,0.9398230088495575,1.3831164517430943,572.4090360732728,307.9063720703125,254.0554962158203,254.5416717529297,254.963623046875,0.42197203636169434,0.911282479763031,0.04015400633215904,nan,nan,nan,nan
2063,1284.179134145379,3.2759671789422935,392.0,1.0988306920213011,0.35171912145446194,0.9362244897959183,1.4048973298390592,247.48909183390992,271.8392333984375,232.1156005859375,232.8712615966797,232.5587921142578,-0.31247827410697937,0.2061144858598709,0.011540435254573822,nan,nan,nan,nan
2064,699.2912770858966,2.842647467828848,246.0,1.094847835442431,0.3615817972453575,0.9024390243902439,1.3933989527089379,-48.27116605802962,205.16513061523438,226.42762756347656,227.6064453125,227.10215759277344,-0.5043349266052246,0.14407339692115784,0.012075070291757584,nan,nan,nan,nan
2065,433.81896908953786,2.3198875352381703,187.0,1.0697649448785107,0.34121438124882797,0.9679144385026738,1.4045106647124972,-196.90423877435387,147.5702362060547,170.60189819335938,171.9522705078125,170.3362579345703,-1.6160346269607544,0.7048415541648865,0.04446832835674286,nan,nan,nan,nan
2066,13.022276861593127,0.5208910744637251,25.0,1.1174287716647853,0.36963311716914177,0.92,1.3885636315088346,-296.88811548762754,4.8859100341796875,236.63330078125,240.75921630859375,235.6179962158203,-5.141204357147217,1.4152330160140991,0.014127865433692932,nan,nan,nan,nan
2067,694.9062790842727,2.481808139586688,280.0,1.0988294719786051,0.36594300248957773,0.8964285714285715,1.3908096660653484,-119.98724879730048,190.54452514648438,235.7434539794922,236.4882049560547,235.80335998535156,-0.6848526000976562,0.3812914788722992,0.011951454915106297,nan,nan,nan,nan
2068,1141.0821949392557,3.0840059322682585,370.0,1.0960819506105348,0.3610355116693075,0.9216216216216216,1.4076330434981592,147.9593251050876,254.06883239746094,233.75022888183594,234.6454315185547,234.92376708984375,0.2783645689487457,0.27491042017936707,0.0329090841114521,nan,nan,nan,nan
2069,384.7344087958336,2.276534963288956,169.0,1.109438605622529,0.36974265439232856,0.9230769230769231,1.3959145481687816,-210.34293067753902,136.21148681640625,197.4010772705078,199.34991455078125,200.81861877441406,1.4687080383300781,0.10505076497793198,0.027621760964393616,nan,nan,nan,nan
2070,795.238325510174,2.9562763030117996,269.0,1.112954810467368,0.3634928822910639,0.9256505576208178,1.3949227803621467,2.1283838672513866,221.81787109375,223.1514892578125,224.2132110595703,223.5540313720703,-0.6592113375663757,0.22941403090953827,0.005566680803894997,nan,nan,nan,nan
2071,1308.2309742122889,3.0927446198872075,423.0,1.0955229331864507,0.35397038216740895,0.9361702127659575,1.3935568160525509,210.15082522825924,261.5868835449219,245.67091369628906,246.28125,246.1865692138672,-0.09464263916015625,0.613951563835144,0.02186398394405842,nan,nan,nan,nan
2072,1027.038810160011,2.909458385722411,353.0,1.0850638338022678,0.3534882407813481,0.9206798866855525,1.3785564558536918,67.58148269466642,239.98300170898438,226.71311950683594,227.4803466796875,227.0510711669922,-0.42930078506469727,0.37606945633888245,0.020149532705545425,nan,nan,nan,nan
2073,568.3946672040038,2.5954094392876885,219.0,1.0753109025629373,0.3508123007668197,0.954337899543379,1.370002658594367,-125.69897335414385,179.6563262939453,200.6278533935547,201.79576110839844,201.1259002685547,-0.6698763370513916,0.07575041800737381,0.015597033314406872,nan,nan,nan,nan
2074,500.15156955458224,2.165158309760096,231.0,1.1218847196146735,0.37094219293160446,0.9090909090909091,1.3808545888884962,-217.70598326391143,154.83489990234375,172.15174865722656,173.5052947998047,173.6682586669922,0.16297632455825806,1.1557061672210693,0.026236524805426598,nan,nan,nan,nan
2075,952.8702940009534,3.144786448848031,303.0,1.084487537282404,0.3567163898367911,0.9240924092409241,1.3653154421534561,92.42926762038383,246.4038848876953,230.81866455078125,231.79664611816406,232.14146423339844,0.34481024742126465,0.4963166415691376,0.00875483825802803,nan,nan,nan,nan
2076,788.3238200396299,2.9748068680740753,265.0,1.0650816091175839,0.34427810652011637,0.939622641509434,1.3864064861710594,3.1351824834891886,219.34068298339844,225.07386779785156,226.0330047607422,225.81561279296875,-0.21740539371967316,0.23729826509952545,0.031882479786872864,nan,nan,nan,nan
2077,1368.730675637722,3.1465073003166024,435.0,1.095265437651569,0.35905540613602516,0.9448275862068966,1.4035346999796494,246.88661439334624,271.1468505859375,245.9438934326172,246.56492614746094,246.9573974609375,0.3924185335636139,0.32147473096847534,0.012476515956223011,nan,nan,nan,nan
2078,1484.0677209626883,3.3500400021731114,443.0,1.0856347212834012,0.3565961229395704,0.9142212189616253,1.3861714302953845,346.3810515447485,284.8740234375,252.2870330810547,252.93896484375,253.2554931640625,0.31650662422180176,0.8655508160591125,0.030109243467450142,nan,nan,nan,nan
2079,515.9217668604106,2.687092535731305,192.0,1.0663113849037398,0.3424371528969408,0.9583333333333334,1.4042176128807444,-124.7030711119586,176.56639099121094,178.4942626953125,179.84812927246094,177.778076171875,-2.070035219192505,0.2608332931995392,0.08751176297664642,nan,nan,nan,nan
2080,1001.211510181427,3.1683908550045157,316.0,1.0938823289025288,0.3592710857373265,0.8955696202531646,1.3955491229856876,115.02624551881581,246.98123168945312,243.97349548339844,244.9867706298828,245.72332763671875,0.7365315556526184,0.3527613878250122,0.017849940806627274,nan,nan,nan,nan
2081,307.4149789772928,1.6179735735646987,190.0,1.0963853272438904,0.35903592357889896,0.9105263157894737,1.3714402442021265,-329.24920695168544,106.32162475585938,144.48768615722656,145.9976806640625,144.7433624267578,-1.2543020248413086,1.1294931173324585,0.061245303601026535,nan,nan,nan,nan
2082,508.97654669359326,2.0038446720220207,254.0,1.110559990983568,0.36289014805687636,0.9133858267716536,1.3777808663832678,-254.42850462389697,146.0766143798828,211.2178192138672,212.4371795654297,212.0393829345703,-0.397860050201416,0.13425035774707794,0.028378300368785858,nan,nan,nan,nan
2083,1008.4614374041557,3.1416244155892703,321.0,1.0799477758132972,0.3504632832804624,0.9221183800623053,1.3790521413917058,112.374542633067,247.23020935058594,223.35614013671875,224.2130126953125,223.82203674316406,-0.39099815487861633,0.25388941168785095,0.007174322381615639,nan,nan,nan,nan
2084,894.5789013914764,3.2179097172355267,278.0,1.0829203892584125,0.351048658611641,0.9280575539568345,1.3868869469248106,83.6460255532943,241.04788208007812,236.4121551513672,237.3453369140625,237.50262451171875,0.1572587937116623,0.6770251989364624,0.025008579716086388,nan,nan,nan,nan
2085,861.9681615792215,3.0138746908364387,286.0,1.102205536490531,0.36218639812771436,0.9265734265734266,1.3975627100581356,35.19267756747536,228.3256378173828,232.4306182861328,233.2530059814453,232.7272491455078,-0.5257692337036133,0.24186013638973236,0.000746161793358624,nan,nan,nan,nan
2086,781.4128196965903,2.926639774144533,267.0,1.1232602834916967,0.37097212728308415,0.9063670411985019,1.401182483980666,-7.7364699029412805,215.1224822998047,245.23902893066406,246.0802764892578,245.58827209472656,-0.4919794499874115,0.2592006325721741,0.018340330570936203,nan,nan,nan,nan
2087,721.2449718602002,2.943857028000817,245.0,1.109968375945332,0.36166150894611565,0.926530612244898,1.3961472943343807,-24.337145262030504,213.63845825195312,213.31468200683594,214.36708068847656,213.7303466796875,-0.636660099029541,0.50724196434021,0.04367358237504959,nan,nan,nan,nan
2088,1308.4291619434953,3.2957913399080487,397.0,1.090720290059679,0.3537035296196853,0.9319899244332494,1.3917600735728552,261.8374895235486,272.0149841308594,248.88330078125,249.52919006347656,249.67601013183594,0.14700178802013397,0.35395485162734985,0.015528555028140545,nan,nan,nan,nan
2089,2682.9119709059596,3.520881851582624,762.0,1.085033344873718,0.3534073449338293,0.9186351706036745,1.3855895884139762,913.5013005671553,323.5582275390625,260.1675109863281,260.5841064453125,261.40557861328125,0.8215141892433167,0.8717659711837769,0.0477389395236969,nan,nan,nan,nan
2090,635.2117852047086,2.8613143477689578,222.0,1.0942381972266177,0.3572288967587554,0.9324324324324325,1.4032904321181094,-64.82283341852553,196.179443359375,196.0782928466797,197.4196014404297,197.3647918701172,-0.054740529507398605,0.6334806084632874,0.05603723227977753,nan,nan,nan,nan
2091,684.4554574303329,2.7936957446136037,245.0,1.0665349950797356,0.3482795804596251,0.9102040816326531,1.3825763044130803,-61.12665969189777,204.00889587402344,208.238525390625,209.20628356933594,208.2036590576172,-1.00258469581604,0.064356230199337,0.01603267900645733,nan,nan,nan,nan
2092,685.3252487555146,2.808710035883257,244.0,1.0719792550672012,0.35753232372065574,0.9180327868852459,1.3616160157907597,-58.276542345020516,201.0068817138672,228.47210693359375,229.5443878173828,229.0911865234375,-0.45320582389831543,0.2749588191509247,0.013303575105965137,nan,nan,nan,nan
2093,1330.6411970444024,3.3687118912516514,395.0,1.0949867205856851,0.35905733820805447,0.9316455696202531,1.3790346377283151,288.01017666784674,278.86907958984375,245.5231170654297,246.25732421875,246.2193603515625,-0.03793570399284363,0.689288854598999,0.03403082489967346,nan,nan,nan,nan
2094,364.56834886292927,2.367326940668372,154.0,1.1264374993301247,0.37845379064006734,0.8896103896103896,1.403631715583102,-200.80410028501092,137.81326293945312,150.02984619140625,151.8270721435547,152.91876220703125,1.0916684865951538,0.5074222087860107,0.028297951444983482,nan,nan,nan,nan
2095,1044.6194077134132,3.1559498722459614,331.0,1.0880352386274716,0.3540693278882131,0.9244712990936556,1.394268203357369,128.72925272536963,248.7405548095703,237.9659881591797,238.821533203125,238.87335205078125,0.05185461416840553,0.2825060188770294,0.017407841980457306,nan,nan,nan,nan
2096,533.9351138025522,2.886135750284066,185.0,1.0903379239123552,0.35099826437916176,0.9513513513513514,1.403108022036912,-92.82744201794844,180.85455322265625,204.8633270263672,205.92247009277344,204.4167022705078,-1.5057529211044312,0.1912207454442978,0.034229155629873276,nan,nan,nan,nan
2097,2355.172203630209,3.606695564517931,653.0,1.0758376956028795,0.347461933324828,0.9264931087289433,1.3783523657419081,801.6170696562142,324.7440490722656,263.10272216796875,263.5569152832031,264.7170715332031,1.1601386070251465,0.4848724603652954,0.018984204158186913,nan,nan,nan,nan
2098,1119.2654462689534,3.1351973284844634,357.0,1.084560542612497,0.3565165223183117,0.927170868347339,1.379926852509538,151.88681471682662,255.01576232910156,246.0419158935547,246.78248596191406,246.4558563232422,-0.32657769322395325,0.5384212732315063,0.009434330277144909,nan,nan,nan,nan
2099,698.087174827233,2.6543238586586804,263.0,1.0582601163778556,0.34482746497580086,0.9277566539923955,1.3669374343699425,-83.14081068551673,198.7373504638672,204.43128967285156,205.53173828125,205.9086456298828,0.3769558370113373,0.5855249762535095,0.03687041997909546,nan,nan,nan,nan
2100,1387.0332072488964,3.2713047340775856,424.0,1.1114789086502999,0.3639005332632498,0.9245283018867925,1.4065105722219744,286.9727322431711,276.8645324707031,238.27577209472656,238.9657440185547,238.96099853515625,-0.004769685212522745,0.5018301606178284,0.025299716740846634,nan,nan,nan,nan
2101,1198.5143463239074,3.3856337466777044,354.0,1.0828477463555313,0.35191059104613787,0.9378531073446328,1.3857619740885303,237.0766928368671,271.9640808105469,260.9769592285156,261.6547546386719,263.2316589355469,1.576828956604004,0.542422354221344,0.01488641556352377,nan,nan,nan,nan
2102,810.6872443184257,2.916141166613042,278.0,1.1041684609970763,0.365512340944118,0.9388489208633094,1.378415829869298,-0.2456315197564436,218.1748809814453,240.1111297607422,241.0914306640625,241.5804443359375,0.48894408345222473,0.4861375093460083,0.021306291222572327,nan,nan,nan,nan
2103,1538.9098625481129,3.404667837495825,452.0,1.1052047391482391,0.36197285769558113,0.9358407079646017,1.4177244343363273,383.4002589349136,288.2342834472656,255.5728302001953,256.0716857910156,256.3433837890625,0.2716904580593109,0.3124171793460846,0.013142159208655357,nan,nan,nan,nan
2104,2026.2254905179143,3.469564196092319,584.0,1.0901487188743688,0.3565495059141473,0.9263698630136986,1.3956014340541782,609.3128520409091,307.3312072753906,256.1792907714844,256.6648864746094,257.1494445800781,0.48461341857910156,0.644271731376648,0.00822808314114809,nan,nan,nan,nan
2105,1369.656312642619,3.163178551137688,433.0,1.0730973670029507,0.3511492062354313,0.9168591224018475,1.3818687584751383,251.7729034416343,268.4928283691406,252.928466796875,253.5863037109375,253.6649627685547,0.07858143001794815,0.7932646870613098,0.012904053553938866,nan,nan,nan,nan
2106,1265.2483588568866,3.0414624010982854,416.0,1.0928012704954924,0.3613457739743237,0.9254807692307693,1.3816719853325452,181.0304920247254,252.46401977539062,254.7373809814453,255.46299743652344,256.73468017578125,1.2716478109359741,0.5996615886688232,0.027329139411449432,nan,nan,nan,nan
2107,293.2038854435086,1.714642604932799,171.0,1.1171761196070047,0.367896629963524,0.9532163742690059,1.3801456261643423,-305.83410607325504,104.16471099853516,193.34625244140625,195.15855407714844,195.13311767578125,-0.025472989305853844,0.7091962099075317,0.02234291285276413,nan,nan,nan,nan
2108,691.5944300494157,2.905858949787461,238.0,1.08693765100151,0.3614747468429404,0.8991596638655462,1.3956249052729524,-40.125404920946494,205.39028930664062,214.9251251220703,216.4113311767578,215.5387725830078,-0.8725598454475403,0.17524957656860352,0.006465704180300236,nan,nan,nan,nan
2109,1185.041472453624,3.3570579956193316,353.0,1.0812743614183686,0.3546164240707186,0.9461756373937678,1.3587541931474243,225.58414498827938,274.5839538574219,240.56394958496094,241.23204040527344,241.580322265625,0.34831690788269043,0.3208494484424591,0.006741818506270647,nan,nan,nan,nan
2110,864.8936760276556,3.0779134378208384,281.0,1.1027969131897593,0.36314555993172815,0.8932384341637011,1.3675802795651923,48.01982212438702,230.85134887695312,229.2892303466797,230.37982177734375,230.08860778808594,-0.29120171070098877,0.2385065257549286,0.0134731475263834,nan,nan,nan,nan
2111,804.1241214796901,2.602343435209353,309.0,1.1005372591906226,0.3589793442646891,0.9061488673139159,1.395785960473776,-68.1988610310525,205.8236541748047,212.339111328125,213.281005859375,212.45372009277344,-0.8273865580558777,0.5090647339820862,0.07289427518844604,nan,nan,nan,nan
2112,509.0201188288629,2.3032584562391984,221.0,1.1101714331396062,0.36031081945881904,0.9502262443438914,1.4230318469335297,-189.03417377267579,159.50070190429688,188.8560333251953,190.1722869873047,189.291748046875,-0.8805103898048401,0.0774722546339035,0.011229228228330612,nan,nan,nan,nan
2113,1532.2421292886138,3.295144364061535,465.0,1.063566646372943,0.3448097435768158,0.9268817204301075,1.3801640928385035,350.9882873933732,287.01123046875,240.2353973388672,240.79042053222656,240.8379669189453,0.04752868786454201,0.5973587036132812,0.015998737886548042,nan,nan,nan,nan
2114,974.1823406722397,3.0254109958765207,322.0,1.104117053463703,0.36181832562692057,0.9161490683229814,1.3931346411429162,76.1151198794555,240.6685791015625,233.1738739013672,233.9686737060547,233.62794494628906,-0.3408399820327759,0.24847260117530823,0.01857917755842209,nan,nan,nan,nan
2115,458.27539994195104,2.54597444412195,180.0,1.1126374031972937,0.36625235085828334,0.9277777777777778,1.4142646191725214,-158.58552577007208,160.1221160888672,206.51902770996094,207.55712890625,206.43238830566406,-1.1246732473373413,0.030643053352832794,0.03020588867366314,nan,nan,nan,nan
2116,1568.418008133769,3.1431222607891165,499.0,1.097627409839054,0.3613621231568555,0.9118236472945892,1.395236874399962,319.83308150088124,271.6064147949219,261.4533996582031,262.022216796875,262.4280090332031,0.40578535199165344,0.817145824432373,0.029569439589977264,nan,nan,nan,nan
2117,559.8217785209417,2.5562638288627477,219.0,1.0773338262860959,0.3489716296031998,0.9178082191780822,1.395314438833522,-134.2718620372059,176.94210815429688,219.20103454589844,220.5973663330078,220.3170928955078,-0.28018707036972046,0.14602097868919373,0.026116201654076576,nan,nan,nan,nan
2118,689.6451366823167,2.9984571160100724,230.0,1.082472339027992,0.35568486226636553,0.9173913043478261,1.3906757831656216,-26.23209011448148,207.560546875,225.9631805419922,227.26377868652344,227.1658172607422,-0.09791796654462814,0.5649409890174866,0.01105952076613903,nan,nan,nan,nan
2119,732.5594527665526,3.0022928392071826,244.0,1.106926159014198,0.3641377054916662,0.8934426229508197,1.3832591757772508,-11.04233833398257,214.6762237548828,230.27581787109375,231.2875213623047,230.94203186035156,-0.34551820158958435,0.5518959164619446,0.02431153506040573,nan,nan,nan,nan
2120,932.525064535439,3.0178804677522297,309.0,1.0789179857736342,0.3498662135123874,0.9352750809061489,1.3916879581214994,60.20208202469644,234.533447265625,237.1329345703125,237.87232971191406,237.1871795654297,-0.6851627826690674,0.2541753947734833,0.01357421837747097,nan,nan,nan,nan
2121,961.4585858136415,3.0815980314539795,312.0,1.0961442158896415,0.35591716025697273,0.9294871794871795,1.3911071241180877,83.19462523781226,240.32366943359375,238.4501190185547,239.43531799316406,238.65797424316406,-0.7772617340087891,0.27856603264808655,0.011715676635503769,nan,nan,nan,nan
2122,179.1625723671168,1.7738868551199685,101.0,1.1049408167315196,0.3602716210284792,0.8910891089108911,1.4055936128029873,-281.2525976309619,75.44086456298828,189.8523406982422,192.86370849609375,191.767333984375,-1.096300721168518,0.23533031344413757,0.016804154962301254,nan,nan,nan,nan
2123,996.1195338405669,3.234154330651191,308.0,1.0683430601602393,0.35249954918033455,0.9155844155844156,1.3751272440342535,125.77687735151972,253.2623291015625,245.24365234375,246.08587646484375,246.4060821533203,0.3202010691165924,0.0814453735947609,0.03794532269239426,nan,nan,nan,nan
2124,800.915830177255,2.8004050006197727,286.0,1.0960348941688542,0.360452902554396,0.9055944055944056,1.385114056728683,-25.859653834491155,217.8681182861328,226.02076721191406,226.9039306640625,225.4781951904297,-1.425797462463379,0.18959254026412964,0.009344441816210747,nan,nan,nan,nan
2125,1161.8881902061403,3.0819315390083295,377.0,1.0505390417705829,0.34189268823999824,0.9124668435013262,1.3664009335771645,154.90303822010355,257.9497985839844,233.94541931152344,234.6813201904297,233.96473693847656,-0.7165892124176025,0.2578486502170563,0.011626221239566803,nan,nan,nan,nan
2126,1017.4897262826562,2.44002332441884,417.0,1.0733146058028922,0.34950525406268806,0.9184652278177458,1.3913840898955188,-68.70846657120046,213.74180603027344,215.17950439453125,215.76707458496094,216.0715789794922,0.30445846915245056,0.04642461612820625,0.01193323079496622,nan,nan,nan,nan
2127,657.5176536440849,2.7626792169919536,238.0,1.1041300511959748,0.36766315491609824,0.907563025210084,1.3698028508872162,-74.20218132627724,196.11817932128906,237.6903839111328,238.81146240234375,239.750244140625,0.9388101696968079,0.25330716371536255,0.03761036694049835,nan,nan,nan,nan
2128,2011.4862686023116,3.352477114337186,600.0,1.0807850967776558,0.3531262424900908,0.9416666666666667,1.3979838784496286,562.8884137781783,298.5697326660156,259.9481506347656,260.4248962402344,260.54150390625,0.11668642610311508,0.30719679594039917,0.018681611865758896,nan,nan,nan,nan
2129,554.5380828604102,2.903340747960263,191.0,1.096809804611057,0.3634755562464292,0.9476439790575916,1.4015019489421083,-84.10642909026342,188.5362548828125,205.79791259765625,207.3092041015625,207.3350830078125,0.02587994374334812,0.5400273203849792,0.01998533494770527,nan,nan,nan,nan
2130,1049.0151692833751,3.0853387331863975,340.0,1.0882295764429641,0.353257027028674,0.9264705882352942,1.388578416739763,115.30208010007186,250.44314575195312,225.00762939453125,225.72039794921875,225.5017547607422,-0.2186869978904724,0.29785433411598206,0.00877393502742052,nan,nan,nan,nan
2131,1438.144394353032,3.368019658906398,427.0,1.0877252557404646,0.35395228636361464,0.9297423887587822,1.3904383707944719,332.14294128222036,285.2214660644531,249.1834259033203,249.9002685546875,250.41737365722656,0.517149031162262,0.418366938829422,0.0140291852876544,nan,nan,nan,nan
2132,856.6434414684772,2.9137532022737322,294.0,1.1189311982177284,0.37023848645916246,0.9115646258503401,1.4057845709436574,14.025349283167088,228.1232452392578,214.0453338623047,214.89878845214844,214.4095001220703,-0.4892166554927826,0.08120615780353546,0.021215476095676422,nan,nan,nan,nan
2133,634.2968442589045,2.6763579926536054,237.0,1.1043589449403692,0.3591794639129293,0.919831223628692,1.3947573732053322,-95.4426646897623,190.2345428466797,222.71844482421875,223.73834228515625,224.2857208251953,0.5473946928977966,0.28170153498649597,0.009987850673496723,nan,nan,nan,nan
2134,546.5655608549714,2.4620070308782496,222.0,1.0937654206276277,0.35639714718972504,0.9144144144144144,1.3976207833174201,-153.4690577682627,172.86451721191406,208.14842224121094,209.2207794189453,207.9752197265625,-1.2456231117248535,0.48827990889549255,0.06216456741094589,nan,nan,nan,nan
2135,733.8511509373784,2.947193377258548,249.0,1.0895470679482144,0.3596393310187828,0.9156626506024096,1.3831784999303225,-19.65227027163428,210.23971557617188,224.5962371826172,225.6519317626953,224.764892578125,-0.8870580792427063,0.21052604913711548,0.0033602153416723013,nan,nan,nan,nan
2136,1483.4949507331476,3.071418117459933,483.0,1.0754479998621012,0.35078773955665743,0.9399585921325052,1.3879570473268854,266.5952404473878,265.5662536621094,239.528076171875,240.0582733154297,240.10626220703125,0.048085760325193405,0.5838191509246826,0.019911587238311768,nan,nan,nan,nan
2137,520.553254045546,2.5392841660758343,205.0,1.1380807747261636,0.37567912928979635,0.9170731707317074,1.4391885821702728,-145.81582220886457,174.21800231933594,206.59010314941406,207.5564422607422,207.6251983642578,0.06878232210874557,0.07354403287172318,0.00989825651049614,nan,nan,nan,nan
2138,626.2705968022346,2.9681070938494534,211.0,1.0969831961897718,0.3624670466757196,0.9383886255924171,1.386435742607681,-51.980435582348946,200.69192504882812,205.7850799560547,206.9795684814453,206.82630920410156,-0.1532626748085022,0.27380040287971497,0.021281279623508453,nan,nan,nan,nan
2139,723.1455427706242,2.73918766200994,264.0,1.0821180849293344,0.35488727620505606,0.9356060606060606,1.3979036085682555,-60.06276876382094,203.4981689453125,228.09361267089844,229.16978454589844,228.8071746826172,-0.3626515865325928,0.4506261348724365,0.013723679818212986,nan,nan,nan,nan
2140,726.7526043653488,2.7844927370319876,261.0,1.0814872610233253,0.35439989925358456,0.9157088122605364,1.368018210834119,-50.5147291040098,204.19798278808594,215.79115295410156,216.7265167236328,216.87432861328125,0.14777913689613342,0.4557376503944397,0.045238837599754333,nan,nan,nan,nan
2141,962.6688113401178,0.9626688113401178,1000.0,1.1312210867417174,0.3840678793398353,0.893,1.3908685182201714,-1278.0594521622152,86.97981262207031,110.15682983398438,110.33821868896484,111.57363891601562,1.2353895902633667,0.8746321201324463,0.12219764292240143,nan,nan,nan,nan
2142,660.7108952915296,2.7644807334373622,239.0,1.0514032806542573,0.34255348342848974,0.9497907949790795,1.375445949196267,-72.98926570052811,196.9147186279297,212.8674774169922,213.99391174316406,214.30711364746094,0.31315842270851135,0.4315009117126465,0.07136358320713043,nan,nan,nan,nan
2143,174.37486432492733,1.3730304277553333,127.0,1.0984049433593723,0.35642946047556834,0.9133858267716536,1.3883005493235083,-337.52878223723434,65.8252944946289,187.91015625,190.8541259765625,189.9814910888672,-0.8726752400398254,1.383879542350769,0.043221574276685715,nan,nan,nan,nan
2144,568.3723723208532,2.706535106289777,210.0,1.0776167190634087,0.355081404139249,0.9142857142857143,1.358293308351573,-107.898334042035,180.53631591796875,215.9810028076172,217.24595642089844,215.76568603515625,-1.480267882347107,0.39455899596214294,0.03762809932231903,nan,nan,nan,nan
2145,671.3511236123741,2.9189179287494524,230.0,1.1072282665481912,0.3646801807617336,0.9260869565217391,1.3900812616903706,-44.52610318442407,201.56552124023438,226.0520477294922,227.16871643066406,227.0358123779297,-0.1328989416360855,0.17744290828704834,0.014145059511065483,nan,nan,nan,nan
2146,757.2730277478695,3.029092110991478,250.0,1.088249739557249,0.35277356734072485,0.936,1.3940531158096356,1.7892805171613873,218.70318603515625,216.63722229003906,217.8345489501953,218.2588653564453,0.4242981970310211,0.48433905839920044,0.01605275087058544,nan,nan,nan,nan
2147,691.7823911514133,2.800738425714224,247.0,1.0896962221492805,0.35787376027230483,0.9109311740890689,1.3778936666103931,-57.7603780142083,202.6787109375,213.48236083984375,214.55718994140625,214.4940643310547,-0.06311909109354019,0.4381171464920044,0.03225332126021385,nan,nan,nan,nan
2148,822.6607139836997,2.706120769683223,304.0,1.0804472581588724,0.35595082416234386,0.9276315789473685,1.3699592152799098,-39.76063841856558,209.26356506347656,251.7439422607422,252.5013427734375,252.55706787109375,0.05571025609970093,0.4008134603500366,0.010973704978823662,nan,nan,nan,nan
2149,982.2283966355026,3.0037565646345645,327.0,1.104229919155085,0.36136661816619065,0.8960244648318043,1.3896309868038275,74.25954573424087,239.87017822265625,240.37303161621094,241.15455627441406,241.2085418701172,0.05403859540820122,0.24323293566703796,0.026509208604693413,nan,nan,nan,nan
2150,1863.4918253719807,3.6396324714296497,512.0,1.0883613956516918,0.35089031491478784,0.939453125,1.4200151906441691,589.1626604570515,318.67681884765625,248.5784454345703,249.13470458984375,248.4761199951172,-0.6585301756858826,0.14588724076747894,0.0161731019616127,nan,nan,nan,nan
2151,1001.6917598512955,2.937512492232538,341.0,1.084846873611865,0.3556111528795806,0.9208211143695014,1.3946377754986687,65.9983446462968,240.470947265625,241.33428955078125,242.02626037597656,242.33811950683594,0.3118499517440796,0.5360826849937439,0.02466149628162384,nan,nan,nan,nan
2152,612.2546754330397,2.7703831467558357,221.0,1.0673092694861723,0.34703433640319836,0.9411764705882353,1.3793241818050939,-85.79961716849903,189.01544189453125,223.5487060546875,224.6239013671875,224.47802734375,-0.14583100378513336,0.47694283723831177,0.03693331405520439,nan,nan,nan,nan
2153,1120.6291770935059,3.0786515854217193,364.0,1.0945627980973798,0.3567859324278125,0.9148351648351648,1.3921612688196314,139.3882633895107,249.43505859375,255.3471221923828,256.1396484375,256.4181823730469,0.2784428298473358,0.17152760922908783,0.013542095199227333,nan,nan,nan,nan
2154,960.0008645895869,3.1270386468716183,307.0,1.0817277882016958,0.3544168713416381,0.9315960912052117,1.3786865799864976,91.63853412223511,240.35220336914062,245.2140655517578,246.08245849609375,246.4982147216797,0.41579246520996094,0.7148402333259583,0.02490244247019291,nan,nan,nan,nan
2155,537.342710070312,2.367148502512388,227.0,1.1164437174046327,0.3716366159330582,0.8898678414096917,1.3720184753512656,-172.59353866139963,166.80833435058594,224.8737335205078,226.00994873046875,224.89137268066406,-1.1185847520828247,0.6083549857139587,0.02274475246667862,nan,nan,nan,nan
2156,1302.987324386835,3.2172526528070002,405.0,1.107185760789095,0.36307501980444173,0.928395061728395,1.4135179903546606,240.55304379332438,265.8143615722656,262.1338806152344,262.7495422363281,263.4808654785156,0.7312078475952148,0.5989065170288086,0.008353169076144695,nan,nan,nan,nan
2157,774.9933872893453,2.9922524605766228,259.0,1.0746449053537563,0.3495010995456126,0.918918918918919,1.3824423403428276,1.6867058633774832,221.15615844726562,220.1354522705078,221.2510528564453,221.428955078125,0.17792965471744537,0.2944718599319458,0.04214022308588028,nan,nan,nan,nan
2158,1345.2041201256216,3.346278905785128,402.0,1.0837989772494063,0.352624054999173,0.9328358208955224,1.3890799669753178,288.7108175971973,277.0859069824219,247.1554718017578,247.7722625732422,247.6846466064453,-0.0876840278506279,0.7576658725738525,0.011611226946115494,nan,nan,nan,nan
2159,999.0101761445403,3.0833647411868528,324.0,1.0795503259694461,0.35425995601986804,0.9074074074074074,1.3759076768889906,96.98230330836509,244.26434326171875,246.6717071533203,247.38499450683594,248.0116729736328,0.6266326308250427,0.663664698600769,0.04064825922250748,nan,nan,nan,nan
2160,1203.396999977529,3.3520807798816965,359.0,1.0770254500395398,0.34962960222048317,0.9331476323119777,1.3758723178521406,232.05771638201145,275.5026550292969,243.4086151123047,244.3260040283203,243.65838623046875,-0.667707622051239,0.11628369241952896,0.005671637132763863,nan,nan,nan,nan
2161,916.479604937369,0.916479604937369,1000.0,1.1385681185777317,0.38707085256021434,0.903,1.4066897466688002,-1324.248658564964,84.64695739746094,99.08233642578125,99.252197265625,100.70001220703125,1.4477673768997192,0.9115874171257019,0.09862644970417023,nan,nan,nan,nan
2162,934.1766622494906,2.9941559687483674,312.0,1.1026043158357248,0.3633875838831877,0.8878205128205128,1.3997862340962233,55.91270167366133,234.22100830078125,243.4815216064453,244.4690704345703,243.94659423828125,-0.5224393606185913,0.2818104922771454,0.01847124844789505,nan,nan,nan,nan
2163,1279.6697443220764,3.3675519587423066,380.0,1.1071838495661641,0.3631737653924287,0.9157894736842105,1.3838974006127713,266.74361427095323,279.2306213378906,251.51145935058594,252.17742919921875,252.3181610107422,0.1406944990158081,0.5894976258277893,0.0030677493195980787,nan,nan,nan,nan
2164,505.7375994049944,2.479105879436247,204.0,1.110542282255746,0.3648413186941373,0.8970588235294118,1.4000102320817405,-158.6511508277208,164.10086059570312,205.91246032714844,207.1492462158203,206.72959899902344,-0.41964712738990784,0.104339100420475,0.011402497999370098,nan,nan,nan,nan
2165,493.62751056533307,2.5444717039450158,194.0,1.087712267701126,0.3614955504018417,0.9072164948453608,1.374886846145384,-150.95797945042705,167.61367797851562,225.3730010986328,226.4207763671875,226.030517578125,-0.3902031183242798,0.438743531703949,0.021814094856381416,nan,nan,nan,nan
2166,185.82951939851046,1.8398962316684204,101.0,1.125200089060582,0.36924586696404255,0.8910891089108911,1.3909807361277728,-274.5856505995682,77.58583068847656,195.0666961669922,197.84014892578125,196.8125762939453,-1.027566909790039,0.9757908582687378,0.031166162341833115,nan,nan,nan,nan
2167,573.5502458252013,2.7842244942970935,206.0,1.0769216970079976,0.3510018906209555,0.9466019417475728,1.3918910269064733,-94.79915645090489,183.26126098632812,202.15216064453125,203.4743194580078,202.2569122314453,-1.2174466848373413,0.39575907588005066,0.034937191754579544,nan,nan,nan,nan
2168,922.468422814738,2.9377975248877006,314.0,1.0862245730651336,0.3521960983694555,0.9363057324840764,1.4075561744944225,40.24381019551788,235.38238525390625,214.5525665283203,215.47389221191406,214.96546936035156,-0.5084538459777832,0.15791721642017365,0.0048785824328660965,nan,nan,nan,nan
2169,870.6218513384229,2.826694322527347,308.0,1.0855980353535544,0.3543146827593431,0.9285714285714286,1.397116075382642,0.27919484937569905,218.84075927734375,245.26617431640625,246.0591278076172,246.061279296875,0.0021578718442469835,0.5065085887908936,0.00899635348469019,nan,nan,nan,nan
2170,1031.2890815827996,2.7648500846723847,373.0,1.09196092675185,0.35548088021103674,0.9195710455764075,1.3868199721235035,32.22523368354496,228.12722778320312,231.07330322265625,231.81166076660156,231.93310546875,0.12141015380620956,0.4605739116668701,0.03443458303809166,nan,nan,nan,nan
2171,1403.4466405436397,3.4398201974108815,408.0,1.089811926349147,0.3553144739816596,0.9313725490196079,1.4028419343596656,335.07138188504246,283.9733581542969,251.6225128173828,252.18333435058594,251.91082763671875,-0.2724885642528534,0.8623130917549133,0.026077408343553543,nan,nan,nan,nan
2172,776.0369730945677,3.0917807693010664,251.0,1.0712107624306635,0.34228083989592234,0.9362549800796812,1.3839139180566795,18.572899842163906,221.62222290039062,204.6497344970703,205.58323669433594,205.7081756591797,0.12491049617528915,0.29446059465408325,0.019381579011678696,nan,nan,nan,nan
2173,467.2523189596832,2.5958462164426845,180.0,1.0700520449058706,0.35229895542919015,0.9055555555555556,1.3910389628728215,-149.60860675233994,162.05426025390625,210.198486328125,211.5031280517578,212.9598388671875,1.4567002058029175,0.46946266293525696,0.08110550045967102,nan,nan,nan,nan
2174,1293.747525792569,3.1865702605728297,406.0,1.1016368280696098,0.3635383954081758,0.9064039408866995,1.3786474088016987,229.33291917736278,269.6300354003906,250.59312438964844,251.2427215576172,251.4683074951172,0.2256116420030594,0.7785407304763794,0.019789086654782295,nan,nan,nan,nan
2175,427.90913190320134,2.4878437901348915,172.0,1.0394253115121912,0.3377427438050897,0.9069767441860465,1.346228342591169,-173.10918563525786,151.4801483154297,179.44427490234375,180.825927734375,180.48243713378906,-0.34345510601997375,0.4626418650150299,0.03593728691339493,nan,nan,nan,nan
2176,182.8429554067552,1.5495165712436882,118.0,1.0844657898477528,0.3515380162918036,0.923728813559322,1.4050826808895829,-311.23775696014695,72.63201904296875,196.0550079345703,198.86524963378906,199.07456970214844,0.20930950343608856,1.3588840961456299,0.0388110876083374,nan,nan,nan,nan
2177,1186.1255686283112,3.0888686683028936,384.0,1.0923514143007653,0.35870207380985947,0.9140625,1.3726392445500242,165.27813449040605,257.3932189941406,234.7156982421875,235.4917755126953,235.5085906982422,0.01684410683810711,0.32879146933555603,0.012958674691617489,nan,nan,nan,nan
2178,530.898126507178,2.552394838976817,208.0,1.058024232375117,0.34279434169618,0.9326923076923077,1.3577951814841591,-141.41192781231916,170.38137817382812,199.2568359375,200.4779052734375,199.60816955566406,-0.8698112368583679,0.7392880320549011,0.0224662683904171,nan,nan,nan,nan
2179,858.600931642577,2.881211180008648,298.0,1.080487776753114,0.35216458329057915,0.9093959731543624,1.3750132893865958,8.061535370484762,222.42308044433594,230.376220703125,231.25172424316406,231.60423278808594,0.35249415040016174,0.19528460502624512,0.02178923599421978,nan,nan,nan,nan
2180,704.6255163103342,2.9857013402980264,236.0,1.083776366976345,0.3541488118850695,0.9067796610169492,1.384769710836306,-23.1336666166369,211.8817138671875,225.12037658691406,226.39849853515625,225.61566162109375,-0.7828357219696045,0.14846961200237274,0.030182359740138054,nan,nan,nan,nan
2181,552.3270093183964,2.557069487585169,216.0,1.0876652070759913,0.3551839481014112,0.9074074074074074,1.388760248034909,-135.8256531746647,171.7997283935547,202.8944854736328,203.9779815673828,203.6248016357422,-0.35322046279907227,0.6983063817024231,0.08420249819755554,nan,nan,nan,nan
2182,1148.6308908164501,3.1469339474423292,365.0,1.0944308782965915,0.35952676695802877,0.9287671232876712,1.3753629529082065,165.40965109075933,256.3100891113281,244.81590270996094,245.6471710205078,244.8947296142578,-0.7524502873420715,0.29098546504974365,0.010654173791408539,nan,nan,nan,nan
2183,731.7027350040153,2.814241288476982,260.0,1.1080588765201573,0.3631771397794812,0.9230769230769231,1.3901485021951894,-43.58427244364793,210.18821716308594,218.68016052246094,219.8778533935547,219.3037109375,-0.5741528868675232,0.18933208286762238,0.008577706292271614,nan,nan,nan,nan
2184,736.2019537016749,2.7992469722497146,263.0,1.0866840503396282,0.3533233036433386,0.9163498098859315,1.3622275911346324,-45.026031811074745,207.3361358642578,214.78465270996094,215.9245147705078,215.8445281982422,-0.08003977686166763,0.2786101996898651,0.016769802197813988,nan,nan,nan,nan
2185,1078.1977934390306,3.125210995475451,345.0,1.0830142199205701,0.35363020512336135,0.9217391304347826,1.386117835931572,134.58307414725004,248.84295654296875,233.28041076660156,234.09181213378906,234.04132080078125,-0.0505354069173336,0.5725458264350891,0.024037443101406097,nan,nan,nan,nan
2186,1211.2423268277198,3.1057495559685124,390.0,1.1010052236915284,0.3574272681774152,0.9102564102564102,1.3931980214960493,178.5129365596415,261.8639221191406,242.2791748046875,242.9203338623047,242.5973358154297,-0.3230796158313751,0.528032660484314,0.018691183999180794,nan,nan,nan,nan
2187,1249.371380846016,3.1391240724774274,398.0,1.1111615378966044,0.3630150457426544,0.914572864321608,1.4111686028312251,200.799382404374,262.3081359863281,236.1691131591797,236.9165496826172,236.329833984375,-0.5865349769592285,0.4913756251335144,0.01784422993659973,nan,nan,nan,nan
2188,1259.2428074516356,3.4033589390584744,370.0,1.072351258035324,0.3473613860509316,0.9351351351351351,1.3784993148887126,266.1199376174675,278.73583984375,233.42970275878906,234.0745391845703,233.21556091308594,-0.8590031266212463,0.3062710165977478,0.0023365879897028208,nan,nan,nan,nan
2189,830.5759389437735,2.883944232443658,288.0,1.1099436362614559,0.3642040527694782,0.9375,1.4080585281460771,-0.16019711136368642,222.02053833007812,232.2695770263672,232.99195861816406,232.14306640625,-0.8488678336143494,0.5576000213623047,0.03853972628712654,nan,nan,nan,nan
2190,657.2952136099339,2.598004796877209,253.0,1.0918743298527231,0.36401967436356814,0.8932806324110671,1.376822003561272,-104.12951168586085,190.45513916015625,218.56671142578125,219.5823211669922,218.7161102294922,-0.8662579655647278,0.48565202951431274,0.03254198282957077,nan,nan,nan,nan
2191,644.4192969799042,2.6739389916178595,241.0,1.0747983768838407,0.34708745298742283,0.9336099585062241,1.3642770761296756,-93.24151605554448,193.1356964111328,187.35755920410156,188.6059112548828,188.3278350830078,-0.2781028151512146,0.5161183476448059,0.01897772029042244,nan,nan,nan,nan
2192,841.4398545017466,2.8427022111545495,296.0,1.1157776718697996,0.3661978599435921,0.9256756756756757,1.401525559603059,-5.1388897269546305,220.14901733398438,227.2181396484375,228.18299865722656,227.98370361328125,-0.19928646087646484,0.2945881187915802,0.02847159653902054,nan,nan,nan,nan
2193,401.59646913409233,2.525763956818191,159.0,1.1131395136652007,0.36581976705111674,0.9182389937106918,1.3855834465903132,-173.6776101223254,145.5934295654297,193.82879638671875,195.41162109375,195.6782684326172,0.266670823097229,0.6245858669281006,0.007809573784470558,nan,nan,nan,nan
2194,955.9285788983107,3.186428596327702,300.0,1.0807363700146044,0.3564690706400628,0.9333333333333333,1.3762896258290902,101.42853058282753,245.25003051757812,238.2710723876953,239.26661682128906,238.23541259765625,-1.031184196472168,0.7206758856773376,0.0645442083477974,nan,nan,nan,nan
2195,9.216327600181103,0.48506987369374227,19.0,1.0335125771639226,0.3279673137473302,0.8947368421052632,1.275149793538004,-288.81210861886655,3.9549400806427,218.5294952392578,227.4639434814453,224.1904296875,-3.273521661758423,1.0949857234954834,0.15579554438591003,nan,nan,nan,nan
2196,994.5464957803488,0.9945464957803488,1000.0,1.1420004604123255,0.3915742974144621,0.886,1.3852806062362648,-1246.1817677219842,90.92485046386719,94.98486328125,95.16706085205078,96.37066650390625,1.2036446332931519,0.9077488780021667,0.11801522970199585,nan,nan,nan,nan
2197,521.4034955129027,2.6467182513345318,197.0,1.102884450153525,0.3590478007222703,0.9238578680203046,1.408618654182052,-129.12297256794386,170.93997192382812,223.69837951660156,224.79371643066406,224.7333984375,-0.06039203703403473,0.40554970502853394,0.01655600033700466,nan,nan,nan,nan
2198,1032.1134929610416,3.099439918801927,333.0,1.1018568309346624,0.3634202026769818,0.9279279279279279,1.4048702553513506,112.26268592960696,243.73948669433594,249.70802307128906,250.5602569580078,251.2630157470703,0.7027701735496521,0.7508013844490051,0.02679985947906971,nan,nan,nan,nan
2199,1633.1041705724783,3.4820984447174377,469.0,1.070163739935932,0.346336606649417,0.9317697228144989,1.386207536542651,443.9290245904556,305.7510681152344,244.0621337890625,244.67213439941406,243.6989288330078,-0.9732081294059753,0.5800859928131104,0.029941938817501068,nan,nan,nan,nan
2200,579.0569436848164,2.668465178271043,217.0,1.070781793277497,0.35220294335283714,0.8940092165898618,1.3477557774488225,-111.07604482994032,179.8401336669922,230.77276611328125,231.906494140625,231.84503173828125,-0.06146123632788658,0.31738197803497314,0.025853442028164864,nan,nan,nan,nan
2201,1209.1293345689774,3.1324594159818067,386.0,1.0684627641620872,0.3522563844628468,0.9145077720207254,1.3594431411671206,184.32124838768118,258.6984558105469,233.886474609375,234.61634826660156,234.57484436035156,-0.041533567011356354,0.4226802587509155,0.044633012264966965,nan,nan,nan,nan
2202,910.2516022240743,3.064820209508668,297.0,1.0769086387275641,0.35493356897351963,0.9191919191919192,1.3862626152666118,61.69253197367766,232.5945587158203,235.4576416015625,236.32530212402344,236.9512481689453,0.6259858012199402,0.19969676434993744,0.01400057878345251,nan,nan,nan,nan
2203,1168.6438699737191,3.1930160381795605,366.0,1.109549258227468,0.3626968493211301,0.9234972677595629,1.3986400120566607,183.4423042263329,264.37225341796875,235.15696716308594,236.0587921142578,235.374755859375,-0.6841280460357666,0.3374859392642975,0.011385062709450722,nan,nan,nan,nan
2204,1095.3642116822302,3.2122117644640182,341.0,1.1239461036412515,0.3700791443289289,0.9237536656891495,1.4113529031874747,159.67079647723153,258.4798583984375,240.1465606689453,241.0167694091797,240.2164764404297,-0.8002737164497375,0.12699545919895172,0.007070914842188358,nan,nan,nan,nan
2205,293.13115188106894,1.9940894685787003,147.0,1.1271211614711942,0.3694852260572312,0.8707482993197279,1.3859335513619857,-258.37901511500274,110.72478485107422,197.04510498046875,198.56243896484375,197.93812561035156,-0.6243123412132263,0.07440096884965897,0.03156961500644684,nan,nan,nan,nan
2206,1076.6715264031664,3.0074623642546547,358.0,1.1032358846280335,0.3658045420218529,0.8770949720670391,1.3731558766037468,107.31256882934417,244.48873901367188,249.10997009277344,249.9338836669922,249.917236328125,-0.016671525314450264,0.2792917788028717,0.030223235487937927,nan,nan,nan,nan
2207,786.3646145686507,2.891046377090628,272.0,1.0662845698904175,0.34463977847682303,0.9522058823529411,1.3872265517674407,-12.68630513935841,218.79421997070312,209.66595458984375,210.64649963378906,209.837646484375,-0.8088850378990173,0.5181100964546204,0.023484105244278908,nan,nan,nan,nan
2208,693.666233850643,2.926861746205245,237.0,1.0999945936457736,0.36273056420326655,0.9324894514767933,1.4042204173864317,-36.073275098023714,205.25747680664062,232.66839599609375,233.83042907714844,234.13438415527344,0.3039889931678772,0.27718043327331543,0.013524472713470459,nan,nan,nan,nan
2209,994.9021172206849,0.9949021172206849,1000.0,1.1386743172858265,0.385205336541243,0.892,1.397533399774937,-1245.826146281648,91.96766662597656,99.20449829101562,99.37652587890625,100.59100341796875,1.214431643486023,0.8874374032020569,0.11142762750387192,nan,nan,nan,nan
2210,899.022176691622,3.089423287600076,291.0,1.1052627996089697,0.3640646385725717,0.9037800687285223,1.3894626324794768,62.34506257139833,234.54762268066406,240.3574981689453,241.1130828857422,241.0390167236328,-0.07396408170461655,0.33999136090278625,0.03407413512468338,nan,nan,nan,nan
2211,735.3485457394272,2.6076189565227916,282.0,1.1019715027889578,0.3631471019750406,0.9184397163120568,1.393966276495458,-83.50563418553702,196.87522888183594,221.50645446777344,222.3632354736328,221.65386962890625,-0.7093127369880676,0.18347890675067902,0.007045761216431856,nan,nan,nan,nan
2212,848.1790348738432,3.1886429882475307,266.0,1.087747546500295,0.35769090932422787,0.9210526315789473,1.3816393934410764,61.01007129600703,235.0706329345703,235.4468536376953,236.41961669921875,236.58384704589844,0.1642516404390335,0.4624088406562805,0.021044449880719185,nan,nan,nan,nan
2213,690.9618680679705,2.637259038427368,262.0,1.1108431174509545,0.3697249396951779,0.9351145038167938,1.3928944609271454,-88.28579142308377,195.7204132080078,237.2981719970703,238.44117736816406,238.4091033935547,-0.03212917968630791,0.233893021941185,0.023693528026342392,nan,nan,nan,nan
2214,740.9279071660712,2.9876125288954487,248.0,1.0618174265899896,0.34172602660895474,0.9395161290322581,1.3778507443522852,-10.595188021246031,213.88621520996094,208.3554229736328,209.5015106201172,208.8877410888672,-0.6137614846229553,0.5748875141143799,0.040732573717832565,nan,nan,nan,nan
2215,1510.3571168594062,3.456194775421982,437.0,1.0808899280392732,0.3511093857560149,0.9359267734553776,1.4022809098706073,384.5524035716396,293.36212158203125,227.858154296875,228.5644073486328,228.5386199951172,-0.025785496458411217,0.6258525252342224,0.036342259496450424,nan,nan,nan,nan
2216,1672.9741078326479,3.5220507533318903,475.0,1.105138355335068,0.36245619083446323,0.9326315789473684,1.3880756661781444,471.91700572045215,303.97003173828125,246.7877655029297,247.2624053955078,247.0425567626953,-0.21985101699829102,0.8780317306518555,0.028750114142894745,nan,nan,nan,nan
2217,763.6467414833605,2.9146822194021396,262.0,1.0971765691349993,0.36052234873565747,0.8969465648854962,1.3805599647977091,-15.600918007693735,213.11964416503906,233.8836669921875,234.8480224609375,234.18360900878906,-0.6643604636192322,0.524323582649231,0.023507367819547653,nan,nan,nan,nan
2218,439.1590638011694,2.598574342018754,169.0,1.0830005256214852,0.35777930817654063,0.9230769230769231,1.4063821026212882,-155.9182756722032,157.28384399414062,182.6822052001953,184.10716247558594,183.54441833496094,-0.5627310872077942,0.25522351264953613,0.030300650745630264,nan,nan,nan,nan
2219,681.3247008314356,2.6407934140753317,258.0,1.1050808754563157,0.3620570289457334,0.9224806201550387,1.381646367049578,-90.00165457283651,197.23643493652344,211.73463439941406,212.86688232421875,212.52748107910156,-0.33933696150779724,0.09060671925544739,0.01796308346092701,nan,nan,nan,nan
2220,265.16287153586745,1.7560455068600493,151.0,1.084912917628646,0.3612602218807208,0.9337748344370861,1.363548471812182,-294.26859954698625,98.36882019042969,217.33367919921875,218.7439727783203,218.29017639160156,-0.45381784439086914,0.6780115962028503,0.04411115497350693,nan,nan,nan,nan
2221,621.5148598961532,2.8250675449825144,220.0,1.0789036220426618,0.35864638168167207,0.9,1.3664275794532816,-74.55910668368995,193.5181884765625,231.28782653808594,232.5100555419922,232.7545623779297,0.2445855587720871,0.26811808347702026,0.024219408631324768,nan,nan,nan,nan
2222,270.0939722759649,1.7313716171536213,156.0,1.1137698667915241,0.3685040076654534,0.8782051282051282,1.406168506535064,-299.23912891536634,97.30632781982422,182.37303161621094,184.7397918701172,185.4087371826172,0.6689621806144714,0.973903477191925,0.007844226434826851,nan,nan,nan,nan
2223,571.1363805383444,2.52715212627586,226.0,1.0925873364408003,0.3600908318987105,0.9203539823008849,1.387054375275321,-136.81954217167186,175.8865966796875,220.0509796142578,221.1949920654297,220.6278839111328,-0.5670583844184875,0.3080160319805145,0.003300673794001341,nan,nan,nan,nan
2224,535.1545004614163,2.7303801043949814,196.0,1.0544139657503797,0.34190554148992713,0.9489795918367347,1.3772947354460967,-113.39164159773486,174.49842834472656,211.97801208496094,213.25706481933594,213.2781219482422,0.02102663554251194,0.07883956283330917,0.020980022847652435,nan,nan,nan,nan
2225,614.6105784957763,2.615364163811814,235.0,1.1004502861149974,0.3620954427944087,0.9319148936170213,1.396087280657456,-111.16827840949941,186.11817932128906,207.54710388183594,208.6890869140625,208.46791076660156,-0.2211141586303711,0.11215811967849731,0.014384510926902294,nan,nan,nan,nan
2226,1716.5098568946123,3.1846194005465907,539.0,1.0854465881714066,0.35232733343096856,0.9369202226345084,1.382051200937047,388.7118893939046,283.9662170410156,251.1188507080078,251.638916015625,252.54124450683594,0.9022250771522522,0.6763767600059509,0.017949847504496574,nan,nan,nan,nan
2227,1455.4122145213187,3.0511786467952176,477.0,1.1000830467439282,0.35948754164628954,0.9224318658280922,1.406609424016566,250.3944603657319,267.7259216308594,248.56292724609375,249.08815002441406,249.2734832763672,0.18531501293182373,0.3731231689453125,0.009950784966349602,nan,nan,nan,nan
2228,955.5984682496637,0.9555984682496637,1000.0,1.1290920036557055,0.3836608040393282,0.894,1.393735463779057,-1285.1297952526693,87.42229461669922,97.75341033935547,97.92987060546875,98.00801849365234,0.0781354233622551,0.18834726512432098,0.02480372041463852,nan,nan,nan,nan
2229,819.5122020523995,2.9800443710996345,275.0,1.0876569711137019,0.35390974663070995,0.9345454545454546,1.4000200078050655,14.5203042793039,222.71653747558594,227.62901306152344,228.61512756347656,229.8477325439453,1.2326372861862183,0.37603792548179626,0.018228132277727127,nan,nan,nan,nan
2230,1393.795525431633,3.1749328597531505,439.0,1.0838674116319003,0.3577853457394896,0.9020501138952164,1.3864376428906422,264.0301601004753,265.2762756347656,251.95697021484375,252.5227813720703,252.9183349609375,0.3955726623535156,0.354299396276474,0.014857116155326366,nan,nan,nan,nan
2231,663.6209959872067,2.9234405109568575,227.0,1.133169754265423,0.36993951906457617,0.8986784140969163,1.4114930993259043,-46.31525274450496,201.31666564941406,214.3736114501953,215.371337890625,214.607421875,-0.7638693451881409,0.20035217702388763,0.01128439512103796,nan,nan,nan,nan
2232,974.5737924687564,2.9005172394903465,336.0,1.1014960001947132,0.3548190678901313,0.9226190476190477,1.3989644194413424,48.782007372235284,232.1011505126953,228.3479461669922,229.063232421875,228.9761199951172,-0.08709340542554855,0.4390355348587036,0.021951155737042427,nan,nan,nan,nan
2233,1110.666070185136,2.9228054478556214,380.0,1.0798339171694327,0.35197493728628615,0.9078947368421053,1.3879051224203423,97.73994013401284,246.8434600830078,228.7529754638672,229.29396057128906,229.19598388671875,-0.09799686819314957,0.4366591274738312,0.027451027184724808,nan,nan,nan,nan
2234,1331.4343895763159,3.0820240499451756,432.0,1.1057082332475776,0.36313837656142617,0.9375,1.4202949175571757,215.53130639702658,268.28375244140625,230.9059295654297,231.5616912841797,231.47352600097656,-0.08815643936395645,0.5254223942756653,0.014530601911246777,nan,nan,nan,nan
2235,1034.5418557934463,3.154091023760507,328.0,1.1038590385378717,0.36213452109787925,0.9329268292682927,1.3999628825523407,124.59267887048918,249.656982421875,245.2784423828125,246.0143280029297,246.4922332763672,0.4778761565685272,0.2851640284061432,0.026843801140785217,nan,nan,nan,nan
2236,1268.498777396977,3.3293931165274984,381.0,1.0764423927815496,0.3495584357648688,0.9448818897637795,1.3853059420527678,253.59232132415832,272.9671630859375,246.66749572753906,247.2921905517578,247.0669403076172,-0.22524511814117432,0.5125076174736023,0.007207916583865881,nan,nan,nan,nan
2237,791.286299996078,2.9415847583497325,269.0,1.1013409839683987,0.3632942821494465,0.9144981412639405,1.3863880831093889,-1.823641646844635,216.4771728515625,227.9232940673828,228.77027893066406,228.448974609375,-0.32131221890449524,0.2610112726688385,0.0058013563975691795,nan,nan,nan,nan
2238,1030.5984099581838,3.07641316405428,335.0,1.0637737283935726,0.34415013131358896,0.9194029850746268,1.366498212533401,106.78695088335803,248.42294311523438,230.2767791748047,230.9930877685547,230.6951446533203,-0.29791367053985596,0.2475712150335312,0.008944777771830559,nan,nan,nan,nan
2239,1801.6442078277469,3.5817976298762364,503.0,1.0743961185704645,0.3482743893594213,0.9204771371769384,1.3636949191196175,545.1379771080772,311.0926208496094,246.45143127441406,246.98561096191406,247.6658172607422,0.6802505850791931,0.9254285097122192,0.02979138121008873,nan,nan,nan,nan
2240,2221.103095628321,3.665186626449375,606.0,1.0674239512123511,0.34669355673898805,0.9356435643564357,1.393480489387006,760.6232846740149,327.285400390625,253.64283752441406,254.16868591308594,254.34779357910156,0.17915654182434082,0.6034426093101501,0.009408731944859028,nan,nan,nan,nan
2241,715.6638728827238,2.5743304779954093,278.0,1.098086693933273,0.3608601097641758,0.9280575539568345,1.3944459939008422,-95.26900295545829,192.79110717773438,217.5414581298828,218.6720428466797,218.6799774169922,0.00793872494250536,0.442778080701828,0.040072645992040634,nan,nan,nan,nan
2242,864.5508366022259,2.9306808020414437,295.0,1.068028561150225,0.3456282983536011,0.911864406779661,1.3678575123748589,19.95241839522032,223.72219848632812,220.70892333984375,221.6455078125,222.399658203125,0.7541413307189941,0.517776370048523,0.018188733607530594,nan,nan,nan,nan
2243,594.5694217160344,2.6077606215615545,228.0,1.1257422307485057,0.37180424826338393,0.9342105263157895,1.4012104936719263,-117.34715303737278,185.57936096191406,231.8721466064453,232.9464874267578,232.5261688232422,-0.42025312781333923,0.46416816115379333,0.009842789731919765,nan,nan,nan,nan
2244,619.2664574042428,2.840671822955242,218.0,1.0905698829702,0.359256115629128,0.9036697247706422,1.3981518350982176,-72.84685713220938,194.71127319335938,214.94775390625,215.94224548339844,214.7726287841797,-1.1697179079055786,0.18559037148952484,0.012338276952505112,nan,nan,nan,nan
2245,1880.3693518340588,3.4126485514229743,551.0,1.089553912538485,0.3552155744646243,0.9201451905626135,1.3978966766335026,528.8074720730051,302.9320983886719,250.5436553955078,251.08082580566406,250.89585876464844,-0.18492789566516876,0.3852582275867462,0.007356956135481596,nan,nan,nan,nan
2246,1090.4613455217332,3.0374967841831007,359.0,1.0605221241103582,0.34439831273995075,0.9136490250696379,1.3565512280985559,119.12206192621557,250.77813720703125,234.7050323486328,235.31947326660156,235.4451446533203,0.12573494017124176,0.22188037633895874,0.013261622749269009,nan,nan,nan,nan
2247,989.7606211602688,3.162174508499261,313.0,1.0926328407622938,0.35550618523869937,0.9265175718849841,1.3992632778397525,109.51633456274408,247.44703674316406,239.56712341308594,240.4642791748047,240.18821716308594,-0.276073694229126,0.28762540221214294,0.01370190642774105,nan,nan,nan,nan
2248,510.96271762251854,2.281083560814815,224.0,1.1267276538049036,0.37703827340096946,0.90625,1.4193641393852061,-193.03255304410663,157.14627075195312,221.6388397216797,223.05482482910156,223.2757568359375,0.220902681350708,0.12270522862672806,0.02239162288606167,nan,nan,nan,nan
2249,1015.5305448262952,1.0155305448262952,1000.0,1.1365438056337862,0.38777940800415434,0.898,1.3990385964859329,-1225.1977186760378,92.51146697998047,102.28624725341797,102.45709991455078,104.17406463623047,1.7169958353042603,0.8739741444587708,0.11150802671909332,nan,nan,nan,nan
2250,638.5348330549896,2.8253753674999538,226.0,1.075244128810226,0.3496926384337541,0.9380530973451328,1.373983674376154,-69.42108965502666,198.24267578125,222.51080322265625,223.7677001953125,224.5870361328125,0.819370687007904,0.2340194582939148,0.014500023797154427,nan,nan,nan,nan
2251,286.9330491356086,2.0495217795400613,140.0,1.121033159988608,0.3722401342673471,0.8785714285714286,1.3632368094421292,-250.7148357085946,110.11674499511719,184.7165985107422,187.40464782714844,187.1689453125,-0.23573726415634155,0.7497846484184265,0.00794136244803667,nan,nan,nan,nan
2252,701.5022747069597,2.7402432605740614,256.0,1.050035808830031,0.34207454120845193,0.94140625,1.3834696604406909,-65.86342865392146,202.0355224609375,210.4179229736328,211.5519561767578,210.6839599609375,-0.8680083155632019,0.523082971572876,0.01127057895064354,nan,nan,nan,nan
2253,2022.996565843001,3.4288077387169507,590.0,1.0743001664490377,0.35175678993293774,0.9372881355932203,1.3910384813397305,594.2019712358228,309.2442932128906,258.30694580078125,258.8456726074219,259.6175537109375,0.77192622423172,0.9616893529891968,0.040187958627939224,nan,nan,nan,nan
2254,953.1156660616398,3.0845167186460833,309.0,1.0937059958535655,0.3570005020319376,0.9223300970873787,1.3860020220612113,80.79268355089721,237.85133361816406,236.3474884033203,237.0986328125,237.2928924560547,0.19422046840190887,0.5847331881523132,0.033275581896305084,nan,nan,nan,nan
2255,1815.7171106524765,3.5120253590956994,517.0,1.0980237413606855,0.35842913073297084,0.9303675048355899,1.3858855494924573,531.4863156290698,306.1407470703125,257.5392761230469,258.336669921875,259.100341796875,0.7635477185249329,0.9443966150283813,0.04875975102186203,nan,nan,nan,nan
2256,836.1785478964448,2.8933513768043073,289.0,1.0944313424358842,0.35931656893800007,0.9065743944636678,1.3792308893319591,3.4620858196121844,223.20985412597656,236.25633239746094,237.0142364501953,236.6573028564453,-0.35695067048072815,0.32486844062805176,0.0036356367636471987,nan,nan,nan,nan
2257,1495.8737491816282,3.4950321242561406,428.0,1.0890261789865017,0.3572182721863925,0.9182242990654206,1.3816017960797262,387.89197008912106,295.7572326660156,249.60009765625,250.14990234375,249.9147186279297,-0.23523984849452972,0.5549116730690002,0.025102941319346428,nan,nan,nan,nan
2258,1063.5571436448954,2.8062193763717556,379.0,1.095224050019647,0.35532128335791335,0.9472295514511874,1.3995236160344975,52.611339615467614,234.7716827392578,244.60472106933594,245.2351837158203,245.9750518798828,0.7398975491523743,0.09885469079017639,0.010129955597221851,nan,nan,nan,nan
2259,988.5719843134284,3.09897173765965,319.0,1.085408896290381,0.3544488494120715,0.896551724137931,1.3961764090535076,96.44574158573073,244.1619110107422,231.38722229003906,232.1886444091797,231.8709259033203,-0.3176572322845459,0.33326205611228943,0.017994102090597153,nan,nan,nan,nan
2260,1124.1204337775707,2.9122291030507013,386.0,1.0836502560498222,0.35330086928246013,0.9196891191709845,1.3812005395724958,99.31234759627455,239.52064514160156,249.32835388183594,250.06231689453125,251.4720916748047,1.4097446203231812,0.2639513611793518,0.035829488188028336,nan,nan,nan,nan
2261,1025.4646632897202,1.0254646632897202,1000.0,1.14763579207693,0.39080543946107116,0.898,1.4029475051967593,-1215.2636002126128,92.58297729492188,102.93475341796875,103.10506439208984,104.38225555419922,1.2771879434585571,0.8763849139213562,0.12624195218086243,nan,nan,nan,nan
2262,952.2897430211306,3.0135751361428182,316.0,1.0912099623157412,0.3592535084804111,0.930379746835443,1.3957875551554697,66.10447835851937,236.15174865722656,235.9129180908203,236.7652130126953,236.7266082763672,-0.038799840956926346,0.10896584391593933,0.008528214879333973,nan,nan,nan,nan
2263,675.7217906126752,2.9507501773479268,229.0,1.0750799168525926,0.35237476494953107,0.8951965065502183,1.397417621184512,-38.17511016242747,204.7637481689453,214.03697204589844,215.3753204345703,215.35191345214844,-0.02339410036802292,0.4459902048110962,0.02074442245066166,nan,nan,nan,nan
2264,728.4970226585865,2.7699506564965266,263.0,1.1151503410495875,0.37090252344074565,0.8973384030418251,1.3866265248371106,-52.73096285416318,204.47537231445312,230.613525390625,231.83355712890625,231.0638885498047,-0.7696327567100525,0.19555838406085968,0.011679123155772686,nan,nan,nan,nan
2265,726.9389226878993,2.907755690751597,250.0,1.1097676043725568,0.36854272133988947,0.92,1.39869139866103,-28.544824542808783,209.51541137695312,240.3853302001953,241.47239685058594,241.2166290283203,-0.2557206451892853,0.24778036773204803,0.012808888219296932,nan,nan,nan,nan
2266,800.4902812261134,2.848719862014639,281.0,1.0797287823397848,0.35009814690643715,0.9217081850533808,1.3797300748772898,-16.383572677155144,215.08888244628906,237.4339141845703,238.22865295410156,237.4143524169922,-0.8142547011375427,0.1974317729473114,0.018454132601618767,nan,nan,nan,nan
2267,617.3918843194842,2.707859141752124,228.0,1.085015368659393,0.3591237915449832,0.9298245614035088,1.3763714011224693,-94.52469043392296,190.21580505371094,222.2088623046875,223.3150177001953,223.2668914794922,-0.04812127351760864,0.18599973618984222,0.01848657615482807,nan,nan,nan,nan
2268,1086.4703310355544,3.1220411811366504,348.0,1.0936201118810387,0.362065510942341,0.8908045977011494,1.3874142032692272,136.91463367868732,249.54315185546875,242.841796875,243.60520935058594,244.29273986816406,0.6876237392425537,0.2824026048183441,0.02256118319928646,nan,nan,nan,nan
2269,979.4647800293751,2.977096595833967,329.0,1.0861741798108735,0.3570148319810022,0.9361702127659575,1.3905605126218075,67.53527708472234,232.27536010742188,243.43824768066406,244.27423095703125,244.63877868652344,0.36454758048057556,0.39718833565711975,0.021925969049334526,nan,nan,nan,nan
2270,413.88508450984955,2.5548462006780834,162.0,1.1114083352609057,0.3753800365673579,0.9444444444444444,1.403144699884383,-167.32997281165467,152.7151641845703,184.1046600341797,185.601806640625,184.7821807861328,-0.8196626305580139,0.2970086932182312,0.022550811991095543,nan,nan,nan,nan
2271,881.7846536785364,2.8172033663851,313.0,1.1141590280281273,0.3713301913093684,0.9137380191693291,1.3802551942190078,1.5403670810117092,223.81719970703125,237.45733642578125,238.41502380371094,237.9126434326172,-0.5024358630180359,0.5503873229026794,0.038643091917037964,nan,nan,nan,nan
2272,970.6132819578052,3.0049946809839168,323.0,1.0675499613672466,0.34748176331542335,0.9411764705882353,1.3791865156222252,70.56573514332536,239.49449157714844,226.81785583496094,227.4408721923828,226.7512664794922,-0.689606249332428,0.234499990940094,0.03384224325418472,nan,nan,nan,nan
2273,769.6102435402572,3.154140342378103,244.0,1.079184532577657,0.3497014654540628,0.9221311475409836,1.3603007168362706,26.008452439722078,224.41404724121094,232.2738494873047,233.4297637939453,233.0891876220703,-0.3406465947628021,0.6197261214256287,0.0222427099943161,nan,nan,nan,nan
2274,667.3333743177354,2.746227877850763,243.0,1.0586135405276729,0.34726224265072336,0.9382716049382716,1.3916307782780553,-74.28809076110429,196.51022338867188,228.18006896972656,229.37879943847656,228.62864685058594,-0.7502152323722839,0.2892666757106781,0.015326938591897488,nan,nan,nan,nan
2275,571.6228704601526,2.4745578807798814,231.0,1.132868315232868,0.38087764189915907,0.9393939393939394,1.4254699439111271,-146.23468235834105,173.1830291748047,238.26495361328125,239.3217010498047,238.9141387939453,-0.4075440466403961,0.38793322443962097,0.014584562741219997,nan,nan,nan,nan
2276,1361.9935346730053,3.362946999192606,405.0,1.0852534735824126,0.35533187486537465,0.9209876543209876,1.3836729559765295,299.5592540794946,278.8871765136719,267.8727722167969,268.6791076660156,269.8850402832031,1.2058885097503662,1.052930235862732,0.015184218063950539,nan,nan,nan,nan
2277,968.0848689377308,3.2269495631257694,300.0,1.0646100374329956,0.34573035667980245,0.9233333333333333,1.374985082259015,113.58482062224766,247.36058044433594,227.81272888183594,228.6594696044922,228.57110595703125,-0.0883452370762825,0.2007691115140915,0.010212367400527,nan,nan,nan,nan
2278,1284.3418068885803,3.3273103805403634,386.0,1.0933431487959255,0.3571056822833198,0.8911917098445595,1.3724690224096974,259.53372070728415,273.1409606933594,248.46791076660156,249.1871337890625,249.3505401611328,0.16335175931453705,0.3019595146179199,0.029597939923405647,nan,nan,nan,nan
2279,904.3801083285362,3.045050869793051,297.0,1.1015196431967782,0.36333936095923947,0.9090909090909091,1.3950630949426854,55.82103807813951,232.87351989746094,244.9713897705078,245.84205627441406,247.0932159423828,1.2510548830032349,0.40362656116485596,0.014613701961934566,nan,nan,nan,nan
2280,1039.886676326394,3.1898364304490614,326.0,1.113624362253135,0.36404614270980673,0.911042944785276,1.4053389490405965,133.8981514468278,251.1248016357422,230.89186096191406,231.66993713378906,231.4609832763672,-0.20896334946155548,0.3283120393753052,0.015422157011926174,nan,nan,nan,nan
2281,484.08351451158524,2.384647854736873,203.0,1.1146496130522043,0.3740246485934435,0.9261083743842364,1.4008737457675102,-178.32490969943444,157.1690673828125,242.72337341308594,243.68743896484375,242.67608642578125,-1.0113471746444702,0.298920214176178,0.022698117420077324,nan,nan,nan,nan
2282,1427.4578732326627,3.1580926398952713,452.0,1.0892538801473184,0.3579278919406214,0.9380530973451328,1.393085841100174,271.9482696194634,271.4350891113281,258.6917724609375,259.2397155761719,259.7524108886719,0.5126823782920837,0.43595364689826965,0.01316917221993208,nan,nan,nan,nan
2283,549.0913920998573,2.4733846490984566,222.0,1.0864406026139029,0.355303803588772,0.9414414414414415,1.391775129427477,-150.94322652337678,173.7909698486328,212.03587341308594,213.2553253173828,212.3251495361328,-0.9302191734313965,0.540135383605957,0.022522516548633575,nan,nan,nan,nan
2284,921.0430376898148,2.9332580818146967,314.0,1.0934604885736774,0.35404218819991917,0.9490445859872612,1.3898837964344295,38.818425070594685,232.5399627685547,229.7620391845703,230.5550537109375,230.04771423339844,-0.5073270201683044,0.23735667765140533,0.005810962989926338,nan,nan,nan,nan
2285,728.5350377652794,2.9025300309373683,251.0,1.1294521171189702,0.3759271482837358,0.896414342629482,1.4097385350928862,-28.929035487124338,211.4205322265625,225.9793243408203,227.05699157714844,226.6137237548828,-0.4432334899902344,0.42091819643974304,0.01270091999322176,nan,nan,nan,nan
2286,1406.4737821519375,3.2861536966166764,428.0,1.1030840214558544,0.3624863982497735,0.9299065420560748,1.4035363325420946,298.4920030594303,278.7139587402344,245.75465393066406,246.3948974609375,246.05128479003906,-0.3435901403427124,0.6077213883399963,0.02304813265800476,nan,nan,nan,nan
2287,674.9126104712486,2.8477325336339603,237.0,1.0894342550355887,0.35902411853850386,0.9451476793248945,1.3990982259805076,-54.826898477418126,203.0980224609375,219.40708923339844,220.64276123046875,219.99488830566406,-0.6478341221809387,0.30081722140312195,0.022742614150047302,nan,nan,nan,nan
2288,1034.2845971374772,3.0874167078730665,335.0,1.0568666429509948,0.3453166414228898,0.9164179104477612,1.3782865588551956,110.47313806265151,248.5991668701172,233.5226593017578,234.20037841796875,234.03759765625,-0.16270390152931213,0.37626513838768005,0.010342204011976719,nan,nan,nan,nan
2289,622.3622592333704,2.8813067557100482,216.0,1.0819071415092962,0.35055440417717265,0.9351851851851852,1.3822520276013688,-65.79040325969072,195.87152099609375,206.06671142578125,207.44683837890625,207.28912353515625,-0.15770916640758514,0.11116276681423187,0.011993094347417355,nan,nan,nan,nan
2290,309.1833083704114,2.0208059370615126,153.0,1.1106662071892228,0.3701696953323339,0.9477124183006536,1.4049997996973826,-254.20881475583326,115.74923706054688,193.0807647705078,194.8052978515625,194.92645263671875,0.12118596583604813,0.11535999923944473,0.023449426516890526,nan,nan,nan,nan
2291,884.4642845913768,3.158801016397774,280.0,1.1033020651531291,0.3629456347999665,0.9392857142857143,1.4151292998580574,69.57075670980362,238.72450256347656,225.29051208496094,226.34339904785156,225.5673065185547,-0.776077926158905,0.620598554611206,0.05981723219156265,nan,nan,nan,nan
2292,934.403876138851,3.1043318144147873,301.0,1.0741658946949257,0.34928134595262994,0.9235880398671097,1.3839969438434863,77.92350180167227,242.14617919921875,240.2235107421875,241.0809783935547,240.74652099609375,-0.33441317081451416,0.6261064410209656,0.025926588103175163,nan,nan,nan,nan
2293,868.5843040235341,2.9443535729611323,295.0,1.1088999598426157,0.36254151860257944,0.9050847457627119,1.3876087923891371,23.98588581652848,229.10552978515625,225.2125244140625,226.2520751953125,225.4895477294922,-0.7625027298927307,0.19809217751026154,0.004161895718425512,nan,nan,nan,nan
2294,615.577872739872,2.8367643905063225,217.0,1.0657230354914504,0.3464783266672762,0.8709677419354839,1.3787852389004067,-74.55511577488471,189.9320831298828,217.6226806640625,218.89768981933594,218.5897979736328,-0.30789420008659363,0.3007669150829315,0.00847207847982645,nan,nan,nan,nan
2295,789.170194093138,2.922852570715326,270.0,1.0701726700509577,0.3544956829983103,0.9,1.370122557783671,-5.920073571480316,215.3734130859375,242.1727294921875,243.2909393310547,243.93238830566406,0.6415042281150818,0.42353546619415283,0.025433843955397606,nan,nan,nan,nan
2296,1726.6793194673955,3.3462777509058053,516.0,1.0895153442855476,0.35407800988827903,0.9205426356589147,1.3988696020119402,444.42885046568426,294.20904541015625,246.8531036376953,247.4129180908203,247.7111358642578,0.29823288321495056,0.7668043375015259,0.011887541972100735,nan,nan,nan,nan
2297,798.2537584044039,2.8306870865404394,282.0,1.1092025153909395,0.3687633843691364,0.9113475177304965,1.4081047583683157,-20.600421520560303,214.7527313232422,236.44854736328125,237.302490234375,237.02586364746094,-0.27660825848579407,0.21159277856349945,0.01406659372150898,nan,nan,nan,nan
2298,1493.5184200108051,3.191278675236763,468.0,1.0912206695302338,0.35660112535937866,0.9230769230769231,1.3916275743777966,306.32360005047803,278.3531188964844,242.95404052734375,243.5764617919922,244.00262451171875,0.4261103570461273,0.4279940724372864,0.0033733879681676626,nan,nan,nan,nan
2299,695.3247373080812,2.873242716149096,242.0,1.0777773933180463,0.3540994405498556,0.9297520661157025,1.3917931320859995,-44.31640174906295,201.92535400390625,233.0445556640625,234.1607666015625,234.0142822265625,-0.14657579362392426,0.20435266196727753,0.009239859879016876,nan,nan,nan,nan
2300,1648.0807147049345,3.2635261677325436,505.0,1.0780733042942572,0.3509964071305161,0.9148514851485149,1.3813217552953656,387.61383194187374,285.6817321777344,250.9581298828125,251.50799560546875,251.92860412597656,0.4205857515335083,0.6487616896629333,0.018838675692677498,nan,nan,nan,nan
2301,444.45098909083754,2.2792358414914746,195.0,1.0743691559565591,0.3456681086140502,0.9692307692307692,1.417110111618719,-202.11482694661822,148.6046905517578,180.46592712402344,182.09234619140625,181.74607849121094,-0.34627553820610046,0.5389030575752258,0.04556062072515488,nan,nan,nan,nan
2302,710.9170535057783,3.0909437108946882,230.0,1.0983513826718936,0.3576592342906118,0.9434782608695652,1.4087277171201689,-4.960173291019828,218.70445251464844,225.5968475341797,226.7598876953125,224.92169189453125,-1.8382240533828735,0.377793550491333,0.010243462398648262,nan,nan,nan,nan
2303,1105.0729643688537,3.130518312659642,353.0,1.1350967428576735,0.3732094109955459,0.9178470254957507,1.4257991220195718,145.61563690350908,252.24554443359375,241.72914123535156,242.4862060546875,242.60243225097656,0.11626555770635605,0.6590174436569214,0.014541205950081348,nan,nan,nan,nan
2304,692.1554986133706,2.9453425472909385,235.0,1.0854493032729362,0.3544525609051162,0.9574468085106383,1.4168352343464534,-33.623358291905106,209.21463012695312,207.34808349609375,208.54319763183594,207.4578094482422,-1.0854846239089966,0.0803363025188446,0.024631217122077942,nan,nan,nan,nan
2305,1175.4864451400936,3.006359194731697,391.0,1.0470523156714773,0.338655975719596,0.9207161125319693,1.3621688556059623,140.77672885031984,252.83779907226562,237.78759765625,238.4471893310547,238.45982360839844,0.012637659907341003,0.3224485218524933,0.016384577378630638,nan,nan,nan,nan
2306,65.76680490374565,0.8887406068073737,74.0,0.9984947734216447,0.3273451554714566,0.9864864864864865,1.3348505650267353,-341.1795625085545,32.62394332885742,147.10545349121094,150.49053955078125,148.98265075683594,-1.5078758001327515,0.2914263904094696,0.11242115497589111,nan,nan,nan,nan
2307,767.9530596770346,2.8654964913322187,268.0,1.1025028752922528,0.3617084436822307,0.9365671641791045,1.4007726604470607,-23.176555944192614,217.10107421875,196.19435119628906,197.13792419433594,195.9175567626953,-1.2203903198242188,0.7707098126411438,0.0675446018576622,nan,nan,nan,nan
2308,926.8179828897119,3.1311418340868644,296.0,1.1054146176325652,0.36503649196930454,0.9054054054054054,1.3984668628031387,80.23923866101063,240.3531951904297,241.6860809326172,242.6290740966797,242.6051025390625,-0.023991113528609276,0.31869956851005554,0.003902353346347809,nan,nan,nan,nan
2309,1188.6255718348548,3.1362152291157117,379.0,1.085334748328558,0.35840153077814585,0.9287598944591029,1.3870917203723323,177.679767805427,258.04351806640625,240.34095764160156,240.94676208496094,241.1222686767578,0.1754903793334961,0.6821199655532837,0.009322261437773705,nan,nan,nan,nan
2310,506.03591779619455,2.386961876397144,212.0,1.1198872857401174,0.3768210839633003,0.9009433962264151,1.3893216253466933,-174.1954406100847,165.40798950195312,242.70953369140625,243.9855194091797,243.05194091796875,-0.9336029887199402,0.47038424015045166,0.07440793514251709,nan,nan,nan,nan
2311,1108.5060727111995,3.131373086754801,354.0,1.0663183347493017,0.3486430781026812,0.9293785310734464,1.3528819888984742,147.06841922415924,255.7456817626953,244.718505859375,245.45513916015625,245.8262481689453,0.3710462152957916,0.2134721428155899,0.0066697970032691956,nan,nan,nan,nan
2312,1294.9380224123597,2.9564795032245654,438.0,1.099338372495212,0.3626549656520865,0.9200913242009132,1.3955064026075132,167.15298310289745,256.35260009765625,249.60914611816406,250.21875,250.52398681640625,0.3053898811340332,0.7338946461677551,0.024444907903671265,nan,nan,nan,nan
2313,523.6246160045266,2.5667873333555224,204.0,1.075020019130938,0.34700740963013066,0.9362745098039216,1.372141174177406,-140.7641342281886,166.6388702392578,208.4663848876953,209.76063537597656,209.78526306152344,0.02464117668569088,0.5115002393722534,0.002290642587468028,nan,nan,nan,nan
2314,265.0512816342525,1.9068437527644067,139.0,1.1290414634821357,0.3756497973637327,0.8705035971223022,1.3785191986913807,-270.61627718825514,100.1501693725586,209.2412109375,211.19203186035156,210.9019775390625,-0.29008182883262634,0.5535579323768616,0.11251004785299301,nan,nan,nan,nan
2315,958.583542170003,3.1741176893046457,302.0,1.1290181701958075,0.3703078795928574,0.9105960264900662,1.4243946480129914,100.12284181112886,244.92340087890625,237.5167694091797,238.1924285888672,237.9005584716797,-0.291884183883667,0.27962952852249146,0.022522686049342155,nan,nan,nan,nan
2316,671.9622021429241,2.788224905157361,241.0,1.1409024101787304,0.3777821250162864,0.921161825726141,1.4270415646374783,-65.69861089252458,198.6799774169922,228.3182373046875,229.4264373779297,228.5447540283203,-0.8817558288574219,0.2566007375717163,0.02646656520664692,nan,nan,nan,nan
2317,870.2716761752963,3.119253319624718,279.0,1.094927275612409,0.3590568651579011,0.9175627240143369,1.3835976232435268,57.35847431541856,234.6944122314453,236.34446716308594,237.3203125,237.37522888183594,0.05486413463950157,0.6253974437713623,0.024895545095205307,nan,nan,nan,nan
2318,587.5422885529697,2.5216407234033036,233.0,1.06623318509402,0.35203310659119275,0.8927038626609443,1.366519772816898,-134.27591630891493,180.31312561035156,214.5513916015625,215.8041534423828,215.6150360107422,-0.18916888535022736,0.28488031029701233,0.03142257779836655,nan,nan,nan,nan
2319,1296.8785695880651,3.058675871669965,424.0,1.0787703912191324,0.3554761979764905,0.9080188679245284,1.3783015574998925,196.81809458233988,256.77593994140625,254.66380310058594,255.2395477294922,255.8267822265625,0.5871444344520569,0.5094435811042786,0.012068839743733406,nan,nan,nan,nan
2320,1005.7486947458237,2.98441749182737,337.0,1.0725562336698116,0.3505011240885622,0.913946587537092,1.3760707756736066,77.97658362760694,238.0430908203125,226.5312042236328,227.3743896484375,227.3286590576172,-0.04569905996322632,0.183467835187912,0.009621143341064453,nan,nan,nan,nan
2321,575.2162034362555,2.591063979442592,222.0,1.1089593084416158,0.3665165393792009,0.9144144144144144,1.409797786262525,-124.81841518697865,181.91615295410156,194.6405029296875,195.79974365234375,195.42950439453125,-0.3703173100948334,0.25937891006469727,0.023820210248231888,nan,nan,nan,nan
2322,822.8831923604012,3.1288334310281414,263.0,1.0919427267837045,0.3574343964195836,0.9315589353612167,1.4098872181980027,41.65520684765147,231.06016540527344,225.36793518066406,226.3537139892578,226.4310302734375,0.07722853124141693,0.2701033353805542,0.012403158470988274,nan,nan,nan,nan
2323,393.83211378753185,2.2376824647018854,176.0,1.0590630525775824,0.34053469020882127,0.9488636363636364,1.3918813901662113,-215.10750783770936,137.09027099609375,199.7478790283203,201.3543243408203,201.97438049316406,0.6200000643730164,1.359735369682312,0.06936568021774292,nan,nan,nan,nan
2324,1154.8134829271585,3.1127048057335807,371.0,1.0800811283410074,0.3537101946801321,0.9056603773584906,1.3800627379423225,159.71028707129472,253.95599365234375,239.04270935058594,239.84820556640625,240.4699249267578,0.6217947006225586,0.5737401843070984,0.03057328797876835,nan,nan,nan,nan
2325,1312.295166477561,3.508810605554976,374.0,1.0780221360164464,0.3506248990800514,0.9117647058823529,1.3817118596794746,311.25099255661075,286.8111572265625,237.5973358154297,238.3679656982422,238.2632293701172,-0.1046873927116394,0.756791889667511,0.0167675968259573,nan,nan,nan,nan
2326,353.6568194422871,2.068168534750217,171.0,1.1008123804520338,0.36396350398238525,0.935672514619883,1.3846516002682892,-245.38117207447658,125.26902770996094,202.83445739746094,204.5196990966797,205.21490478515625,0.6951765418052673,0.7102218270301819,0.053346432745456696,nan,nan,nan,nan
2327,591.6238796487451,2.7775768997593664,213.0,1.1086589500069237,0.36350375763395665,0.9014084507042254,1.4024292622703123,-90.5878047792296,187.5379638671875,212.27076721191406,213.32806396484375,212.1925811767578,-1.1354840993881226,0.07239194214344025,0.018604671582579613,nan,nan,nan,nan
2328,1158.4435025116109,3.272439272631669,354.0,1.1183990433231132,0.36718500851674446,0.8813559322033898,1.3979382760291674,197.00584902457058,263.96746826171875,241.30303955078125,242.1038360595703,242.22874450683594,0.12496930360794067,0.7690719962120056,0.021246690303087234,nan,nan,nan,nan
2329,1085.5751862749457,3.2022866851768312,339.0,1.0868779111744362,0.35832323239257263,0.9144542772861357,1.3861393699514943,153.8424231133381,256.78411865234375,236.4434356689453,237.19580078125,236.79563903808594,-0.4002048075199127,0.39030927419662476,0.01215831097215414,nan,nan,nan,nan
2330,459.4100191933103,2.655549243891967,173.0,1.0862100718743084,0.3551850836184136,0.9248554913294798,1.3737742305148233,-143.58862436684444,160.23524475097656,185.6901397705078,187.3672332763672,188.6416778564453,1.2744396924972534,0.1668746918439865,0.01362317893654108,nan,nan,nan,nan
2331,859.6519372633193,2.9643170250459283,290.0,1.0910110209839117,0.35891472281066533,0.896551724137931,1.390317578510456,24.95514916479101,222.81246948242188,241.45851135253906,242.4830322265625,242.96839904785156,0.485439658164978,0.23494933545589447,0.014645963907241821,nan,nan,nan,nan
2332,1635.361027859617,3.344296580490014,489.0,1.085050817757134,0.35189690213476593,0.9263803680981595,1.3854485997809312,406.5793614436843,291.7455139160156,247.4686737060547,247.9903106689453,248.2766571044922,0.2862708568572998,0.4368893802165985,0.010625606402754784,nan,nan,nan,nan
2333,549.5870200206991,2.680912292783898,205.0,1.0643106300636676,0.3497666169944167,0.9658536585365853,1.3845549552398608,-116.7820562337115,179.24142456054688,227.8323211669922,229.02447509765625,228.89964294433594,-0.12474817782640457,0.5261415839195251,0.02934463880956173,nan,nan,nan,nan
2334,824.3595352619886,2.513291266042648,328.0,1.0709321126968878,0.3472653972176937,0.9237804878048781,1.3920288291747196,-85.58964166096848,205.0322723388672,200.978759765625,201.8485565185547,202.1964569091797,0.3478914797306061,0.6418724060058594,0.09142933785915375,nan,nan,nan,nan
2335,649.6954449750483,2.812534393831378,231.0,1.0919876249776206,0.3603989069983923,0.9264069264069265,1.4002372522422777,-68.16210784344537,197.37411499023438,222.6890106201172,224.1641082763672,223.5924835205078,-0.5716126561164856,0.24188601970672607,0.024916984140872955,nan,nan,nan,nan
2336,3.817608080804348,0.27268629148602486,14.0,1.0841842171391607,0.3495545498243744,0.8571428571428571,1.3111083159600734,-284.3091980297658,4.022834400529973e-05,221.6104736328125,232.84873962402344,229.3192138671875,-3.529534339904785,0.14712285995483398,0.022159362211823463,nan,nan,nan,nan
2337,1009.779451591894,3.116603245653994,324.0,1.0975357819055411,0.35917717645997793,0.9197530864197531,1.4001347384472975,107.75157875571881,243.12246704101562,240.64056396484375,241.54383850097656,241.62828063964844,0.08445797115564346,0.2528158724308014,0.0177132748067379,nan,nan,nan,nan
2338,256.2029102263041,2.1350242518858673,120.0,1.1316032413990158,0.37713063039902617,0.875,1.4055984297466009,-241.83845418398909,106.84744262695312,190.56739807128906,193.30076599121094,192.66712951660156,-0.6336432099342346,0.6717640161514282,0.02431824803352356,nan,nan,nan,nan
2339,628.1837215423584,2.84246027847221,221.0,1.1060152843421016,0.36576945119932314,0.9457013574660633,1.3940339606541192,-69.87057105918029,195.05487060546875,227.5706329345703,228.77195739746094,229.0302734375,0.2583440840244293,0.5555249452590942,0.04651419818401337,nan,nan,nan,nan
2340,1127.8639000272378,3.0318922043742953,372.0,1.0799701685815732,0.35508278690561856,0.9381720430107527,1.391330615589008,130.78037814967865,249.1519012451172,255.97291564941406,256.7411804199219,257.224853515625,0.4836375415325165,0.34786924719810486,0.01678287424147129,nan,nan,nan,nan
2341,953.742850497365,3.127025739335623,305.0,1.1031193803018167,0.36167837733302977,0.9245901639344263,1.4010431779674584,89.34117207340432,242.80145263671875,229.73570251464844,230.67527770996094,230.6127166748047,-0.0625942125916481,0.23412634432315826,0.003884626319631934,nan,nan,nan,nan
2342,819.9565209299326,3.190492299338259,257.0,1.0932829608682582,0.35981610514552437,0.8910505836575876,1.376908545544349,50.61049154735588,233.28086853027344,215.40525817871094,216.44712829589844,215.10585021972656,-1.3412628173828125,0.5837401151657104,0.04528213292360306,nan,nan,nan,nan
2343,549.2173110991716,2.542672736570239,216.0,1.1111125470385792,0.36868475655941396,0.9074074074074074,1.4054452247844065,-138.9353513938895,172.7471466064453,210.33827209472656,211.9470672607422,211.38221740722656,-0.5648310780525208,0.0509951189160347,0.003766509937122464,nan,nan,nan,nan
2344,220.79614270851016,1.919966458334871,115.0,1.0508745720777461,0.34662490443949096,0.8956521739130435,1.3730212236739827,-267.3435915933055,89.61132049560547,208.1214141845703,211.2117462158203,210.2158660888672,-0.9959226250648499,0.13445109128952026,0.014457657933235168,nan,nan,nan,nan
2345,870.7952146567404,3.0879262931090086,282.0,1.077281162738494,0.3531069829433895,0.8936170212765957,1.3843614438534655,51.9410347317762,231.54583740234375,239.8150634765625,240.772705078125,240.5845947265625,-0.1880641132593155,0.5015354752540588,0.01748618111014366,nan,nan,nan,nan
2346,750.4962369762361,2.8644894541077712,262.0,1.1254795588911148,0.3748462269113472,0.9312977099236641,1.4013311122976142,-28.75142251481816,208.461181640625,235.91856384277344,236.90447998046875,236.1959991455078,-0.7084598541259766,0.5432673692703247,0.03567799925804138,nan,nan,nan,nan
2347,442.0856674313545,2.4976591380302517,177.0,1.076980749671777,0.3557497849902787,0.9265536723163842,1.39264252730604,-168.8342802155821,156.8634490966797,182.3667449951172,183.6734619140625,183.32945251464844,-0.34401431679725647,0.41417333483695984,0.010787404142320156,nan,nan,nan,nan
2348,1008.9067196026444,3.057293089704983,330.0,1.1141964120288999,0.3667411833906292,0.9121212121212121,1.403797679095712,94.99689063629626,241.35379028320312,242.5226287841797,243.27490234375,243.31605529785156,0.04104918614029884,0.4577315151691437,0.014762040227651596,nan,nan,nan,nan
2349,883.2312398306094,2.914954586899701,303.0,1.0802764153639477,0.3517318901101822,0.9438943894389439,1.381221664415444,22.7902134500398,224.60055541992188,231.98040771484375,232.82139587402344,233.26744079589844,0.4460744559764862,0.4799861013889313,0.009967281483113766,nan,nan,nan,nan
2350,766.4148033413803,2.9706000129510866,258.0,1.1001150100455686,0.3594482963056742,0.9108527131782945,1.388960026258303,-4.911552062891815,217.9844970703125,231.2392120361328,232.354736328125,231.3408203125,-1.0138530731201172,0.1936543881893158,0.017167789861559868,nan,nan,nan,nan
2351,858.5069838864729,3.1105325503133074,276.0,1.0929859358320178,0.35428497171959017,0.9311594202898551,1.3927620527628386,51.53476009168162,235.97622680664062,213.848876953125,214.9850616455078,213.9844970703125,-1.0006259679794312,0.5223612189292908,0.060906536877155304,nan,nan,nan,nan
2352,384.1022631935775,2.4006391449598596,160.0,1.0800347290971477,0.35961207630292236,0.9,1.3672288772200976,-193.15214208453563,140.09280395507812,195.70912170410156,197.4710235595703,198.2887420654297,0.8177387118339539,0.3502978980541229,0.03437170013785362,nan,nan,nan,nan
2353,1104.5943889170885,3.051365715240576,362.0,1.0712014991754755,0.3460042639126588,0.9392265193370166,1.3773613151676463,127.31412725648443,251.6045684814453,233.88525390625,234.68336486816406,234.7957763671875,0.1123904287815094,0.15538913011550903,0.014591154642403126,nan,nan,nan,nan
2354,934.6000412404537,2.938993840378785,318.0,1.0968911107108015,0.36504453486205024,0.9245283018867925,1.3905497929217108,44.454124534451466,232.20233154296875,228.85911560058594,229.8255157470703,229.80462646484375,-0.02089589647948742,0.20642873644828796,0.010408561676740646,nan,nan,nan,nan
2355,764.196344733471,2.7688273359908373,276.0,1.0940975769807118,0.3545273850814795,0.9202898550724637,1.4030969655455154,-42.77587906132021,209.95046997070312,214.39903259277344,215.3285675048828,214.71498107910156,-0.6136665344238281,0.1890064924955368,0.026554351672530174,nan,nan,nan,nan
2356,720.9771602358669,2.9548244271961757,244.0,1.1165579659412073,0.3706187743699077,0.889344262295082,1.4235747793986724,-22.624630864668234,210.93125915527344,231.1183319091797,232.3319854736328,232.8573760986328,0.525474488735199,0.24467843770980835,0.00583838764578104,nan,nan,nan,nan
2357,545.7672022152692,2.414899124846324,226.0,1.0869412418411042,0.35573714940223544,0.9292035398230089,1.3698806498202833,-162.18872049474703,173.2320098876953,178.5591583251953,179.72955322265625,177.798095703125,-1.9314703941345215,0.6613444685935974,0.04780688136816025,nan,nan,nan,nan
2358,672.4963593669236,3.0707596318124364,219.0,1.059933844647964,0.3447297550271842,0.908675799086758,1.389992819715614,-21.597281191224056,209.6064453125,215.45884704589844,216.8857879638672,215.955810546875,-0.9299514889717102,0.5204523205757141,0.048093657940626144,nan,nan,nan,nan
2359,434.2989455303177,2.4398817164624593,178.0,1.1119141171917348,0.3663126355817446,0.9606741573033708,1.3772605390261417,-178.60132813831444,153.2133331298828,199.5356903076172,200.9525909423828,199.7236785888672,-1.2289003133773804,0.2085457295179367,0.026145797222852707,nan,nan,nan,nan
2360,1080.2042523175478,2.951377738572535,366.0,1.0918378844360814,0.35754044060033136,0.9262295081967213,1.4016887609595892,95.00268657016159,244.80682373046875,254.38511657714844,255.06797790527344,255.761962890625,0.6940288543701172,0.3671524226665497,0.01913060061633587,nan,nan,nan,nan
2361,997.5184710007161,3.107534177572324,321.0,1.0985508873928351,0.36218564740638354,0.9127725856697819,1.389590317413454,101.43157622962735,243.61656188964844,239.75128173828125,240.6654052734375,240.34083557128906,-0.3244941532611847,0.3029663860797882,0.014004519209265709,nan,nan,nan,nan
2362,675.510629426688,2.9116837475288273,232.0,1.1123899490802915,0.3685996196626725,0.896551724137931,1.3793624259319335,-44.32724941350125,204.56045532226562,207.6182098388672,208.5750274658203,208.076171875,-0.4989382326602936,0.2927188575267792,0.004738020710647106,nan,nan,nan,nan
2363,515.3258464187384,2.3005618143693676,224.0,1.0721237961682577,0.34771742110899057,0.9151785714285714,1.3937964162360361,-188.6694242478868,160.4306640625,195.44383239746094,196.537841796875,196.42601013183594,-0.1118243932723999,0.9079896807670593,0.04548207297921181,nan,nan,nan,nan
2364,811.1479184138589,3.168546556304136,256.0,1.084509483532401,0.35926052298335287,0.9375,1.3944918929729129,43.782215052977676,229.28257751464844,232.0594024658203,232.9962921142578,233.8325958251953,0.83628910779953,0.19729745388031006,0.01325299683958292,nan,nan,nan,nan
2365,377.8236656412482,2.391289023045875,158.0,1.0714598244975313,0.35386142536587883,0.9050632911392406,1.358031288132244,-195.47008759347398,139.51226806640625,176.203369140625,177.8998565673828,178.2432403564453,0.3433624804019928,0.44869595766067505,0.014775493182241917,nan,nan,nan,nan
2366,1033.081793796271,3.149639615232534,328.0,1.0968573607053385,0.3628659347599366,0.926829268292683,1.394182627587241,123.13261687331396,247.66046142578125,233.9433135986328,234.891357421875,235.23358154296875,0.3422604501247406,0.5709851384162903,0.02616181969642639,nan,nan,nan,nan
2367,595.0220175237628,2.820009561723994,211.0,1.11320426772328,0.36615343815220397,0.919431279620853,1.3880837591231627,-83.22901486082083,191.0476531982422,211.3264923095703,212.5325469970703,211.796630859375,-0.7360153198242188,0.47795569896698,0.06962883472442627,nan,nan,nan,nan
2368,499.33800135552883,2.614335085631041,191.0,1.1073707366613244,0.36505647459557355,0.9162303664921466,1.390761871673038,-139.3065105951448,165.48684692382812,209.81983947753906,211.0315704345703,211.945556640625,0.9139426350593567,0.09717952460050583,0.018926585093140602,nan,nan,nan,nan
2369,1188.7979929875582,3.435832349675024,346.0,1.0871402109299335,0.3537964791886121,0.9248554913294798,1.3865578953862296,243.202947674082,278.3595886230469,236.4106903076172,237.2666778564453,236.32676696777344,-0.9398890137672424,0.362688273191452,0.015898505225777626,nan,nan,nan,nan
2370,1105.8849978148937,3.2913243982586122,336.0,1.0546889289746573,0.3430962110892685,0.9404761904761905,1.3919473990811952,180.09321271837257,262.16998291015625,233.80584716796875,234.5720977783203,234.3147430419922,-0.2573592960834503,0.27600985765457153,0.00823055300861597,nan,nan,nan,nan
2371,838.1230317018926,2.7660826128775335,303.0,1.0988155778154443,0.3643439464962709,0.9504950495049505,1.4072362017868145,-22.317994678676996,212.80380249023438,257.0534973144531,257.83270263671875,258.6554260253906,0.8226832747459412,0.5969241261482239,0.05142314359545708,nan,nan,nan,nan
2372,232.55469889333472,1.7752267091094254,131.0,1.0784248108127752,0.3548301431366998,0.9236641221374046,1.3840334041072206,-287.270251755609,92.27993774414062,202.267822265625,204.6138458251953,203.3690643310547,-1.244789481163025,0.45790648460388184,0.052928391844034195,nan,nan,nan,nan
2373,1058.3187670782208,3.2265816069457953,328.0,1.0921431834945392,0.35399741454815875,0.9420731707317073,1.3982684110820218,148.36959015526372,254.84329223632812,239.130615234375,239.8989715576172,239.575927734375,-0.3230503499507904,0.38977405428886414,0.003929189871996641,nan,nan,nan,nan
2374,566.7965587750077,2.751439605703921,206.0,1.0834036739881705,0.3583701558231788,0.8980582524271845,1.3831412314807843,-101.55284350109844,182.06678771972656,213.1575164794922,214.45697021484375,214.8152618408203,0.3582932651042938,0.29513654112815857,0.02802068553864956,nan,nan,nan,nan
2375,1473.4048523915117,3.1618129879646175,466.0,1.070859287438547,0.3463821060276144,0.907725321888412,1.3788685779343408,290.1706844745754,273.77618408203125,244.44886779785156,244.95021057128906,246.0608673095703,1.1106905937194824,0.24199597537517548,0.017369765788316727,nan,nan,nan,nan
2376,1953.4895313677844,3.373902472137797,579.0,1.0950460438243104,0.3570912805184556,0.9205526770293609,1.3802026454512324,546.4785229992565,301.121337890625,268.8098449707031,269.2652587890625,270.4439697265625,1.1788523197174072,0.30095523595809937,0.025873910635709763,nan,nan,nan,nan
2377,1000.8467556089163,3.2389862641065252,309.0,1.1351471445645598,0.3716628817499072,0.9029126213592233,1.420715271799933,128.5237730981737,250.9445343017578,237.1027374267578,237.82688903808594,237.3395233154297,-0.4873715341091156,0.14683298766613007,0.026137128472328186,nan,nan,nan,nan
2378,604.7557265460491,2.629372724113257,230.0,1.0839907181020663,0.3527956901480902,0.9043478260869565,1.393880932368327,-111.12150025074902,183.6163787841797,216.90687561035156,217.76292419433594,217.68775939941406,-0.07520871609449387,0.35733598470687866,0.03521290794014931,nan,nan,nan,nan
2379,554.0833314135671,2.4735863009534245,224.0,1.054276022709118,0.3436707432332739,0.96875,1.3692333856390495,-149.9119392530581,172.3576202392578,194.5863037109375,195.65467834472656,194.12037658691406,-1.5342698097229004,0.6314387321472168,0.017900479957461357,nan,nan,nan,nan
2380,932.9822210334241,3.173408915079674,294.0,1.0822092097543614,0.35026291504452073,0.9217687074829932,1.3812073547914534,90.36412884811398,241.97805786132812,233.3743438720703,234.30096435546875,234.1261749267578,-0.17481683194637299,0.36445173621177673,0.022661985829472542,nan,nan,nan,nan
2381,721.7100912388414,2.8082104717464644,257.0,1.0931907547928719,0.36035997786661234,0.9299610894941635,1.4135228176603694,-47.6359381437353,208.92543029785156,212.2559356689453,213.3878631591797,213.5358123779297,0.14795590937137604,0.46317923069000244,0.03805919736623764,nan,nan,nan,nan
2382,1246.9816674813628,3.2138702770138217,388.0,1.0939456707953727,0.3570144222934768,0.9355670103092784,1.378192442305321,218.21292925667558,262.7203063964844,236.9195098876953,237.7002716064453,237.91880798339844,0.2185051441192627,0.39946332573890686,0.020010216161608696,nan,nan,nan,nan
2383,1008.5087955162999,1.0085087955163,1000.0,1.1480610336141004,0.3929742938139146,0.889,1.3934720319577791,-1232.2194679860331,92.588623046875,95.90056610107422,96.06067657470703,97.13729858398438,1.0766321420669556,0.525539219379425,0.12579166889190674,nan,nan,nan,nan
2384,632.354944429826,2.9275691871751204,216.0,1.0842175414800614,0.3534047625004781,0.9166666666666666,1.3675226460621699,-55.79771806323515,197.44480895996094,219.7966766357422,220.8490753173828,220.0059356689453,-0.8432839512825012,0.37618115544319153,0.02374405786395073,nan,nan,nan,nan
2385,1005.3631286458694,3.18152888811984,316.0,1.0458096545981803,0.3407639627032869,0.9367088607594937,1.3716461155602866,119.17786398325825,252.00222778320312,228.9862518310547,229.6873016357422,229.6124267578125,-0.07495471090078354,0.18291977047920227,0.006885346490889788,nan,nan,nan,nan
2386,852.171461745631,3.000603738540954,284.0,1.1062059492151612,0.36149044276093256,0.926056338028169,1.4069471411067198,29.356629777275657,230.3199920654297,222.08448791503906,223.0664520263672,221.33741760253906,-1.7290682792663574,0.6372153759002686,0.0591202974319458,nan,nan,nan,nan
2387,388.6452110633254,2.2727790120662306,171.0,1.079025815055074,0.3487122304196112,0.9298245614035088,1.3880667359572834,-210.39278045343826,137.4829559326172,172.3211669921875,173.8210906982422,172.138671875,-1.6824188232421875,0.6653634309768677,0.05638565123081207,nan,nan,nan,nan
2388,206.70286923181266,1.5425587256105422,134.0,1.1068802465866334,0.36647480111467085,0.9029850746268657,1.3772196560527632,-319.06305948221757,79.23399353027344,214.7757110595703,217.0315704345703,216.4130859375,-0.6184714436531067,0.9869593977928162,0.03364066407084465,nan,nan,nan,nan
2389,2114.6690996177495,3.4895529696662533,606.0,1.0807545792981463,0.3536433247490334,0.9174917491749175,1.381470693443892,654.1892886634432,315.6340026855469,261.5865173339844,262.1791687011719,262.7443542480469,0.5651282668113708,0.47799697518348694,0.015615853480994701,nan,nan,nan,nan
2390,181.55388570018113,1.7975632247542686,101.0,1.0998862957706375,0.3544425446299603,0.9504950495049505,1.4128025993297701,-278.86128429789756,78.05950927734375,207.93492126464844,210.4558563232422,210.7713165283203,0.3154461681842804,0.1323695182800293,0.05332887917757034,nan,nan,nan,nan
2391,799.6540591270896,2.8256327177635674,283.0,1.1202446243576876,0.37165962071989633,0.9081272084805654,1.406097905063143,-21.18044681957008,211.69644165039062,236.2375946044922,237.27171325683594,237.8224639892578,0.5508475303649902,0.26490259170532227,0.012611767277121544,nan,nan,nan,nan
2392,1321.0578660713509,3.3873278617214124,390.0,1.0962920830900063,0.35932401571722317,0.9282051282051282,1.3902723135787365,288.32847580327257,279.94610595703125,256.5247497558594,257.2493896484375,257.6065673828125,0.3571164906024933,0.4246522784233093,0.010065348818898201,nan,nan,nan,nan
2393,627.1205176655203,2.8121996307870867,223.0,1.0638427076411372,0.3487679809552022,0.9147982062780269,1.412013921912282,-74.89442697940945,199.2659912109375,198.5462646484375,199.77281188964844,197.92669677734375,-1.846107840538025,0.0704607218503952,0.016675418242812157,nan,nan,nan,nan
2394,1000.8795351684093,3.187514443211495,314.0,1.0922866529245991,0.35583760198226716,0.910828025477707,1.3990111999077648,118.65492254918922,249.02047729492188,239.0897979736328,239.9001007080078,239.0819091796875,-0.818167507648468,0.23113976418972015,0.009133152663707733,nan,nan,nan,nan
2395,482.95641561597586,2.414782078079879,200.0,1.1023003211602254,0.35841699151225237,0.93,1.4005528980645363,-173.51103052995734,158.83970642089844,181.14544677734375,182.16900634765625,180.93115234375,-1.2379251718521118,0.6073637008666992,0.047164082527160645,nan,nan,nan,nan
2396,595.8152902666479,2.6598896886903924,224.0,1.1034233810675695,0.3585518163050611,0.9419642857142857,1.4060169219029675,-108.17998039997724,183.0861053466797,206.9629669189453,208.16371154785156,207.7744140625,-0.38922083377838135,0.4971594512462616,0.06725984811782837,nan,nan,nan,nan
2397,980.3759735822678,3.2355642692484086,303.0,1.0730609758080079,0.34640779020623336,0.9207920792079208,1.3784853568557045,119.93494720169815,249.70387268066406,224.28997802734375,225.05360412597656,225.36668395996094,0.3130377233028412,0.24903373420238495,0.019896121695637703,nan,nan,nan,nan
2398,962.5875472575426,3.1979652732808725,301.0,1.0620433667415607,0.3468171687563236,0.9501661129568106,1.3841993094169818,106.10717292036384,243.97451782226562,226.7130126953125,227.5247344970703,227.5049591064453,-0.019781338050961494,0.323095440864563,0.026234155520796776,nan,nan,nan,nan
2399,530.4900877326727,2.692843084937425,197.0,1.0920548651156927,0.35585570142465733,0.8984771573604061,1.3865118702618375,-120.0363803481739,179.0186004638672,197.5297393798828,198.63055419921875,197.2609100341797,-1.3696328401565552,0.19799427688121796,0.013892258517444134,nan,nan,nan,nan
2400,1077.8785256478004,2.8440066639783654,379.0,1.0860015879964604,0.3469041976532506,0.9498680738786279,1.3984885998991943,66.93272161837263,239.59046936035156,227.1118621826172,227.81968688964844,228.37986755371094,0.560157299041748,0.253094345331192,0.039141420274972916,nan,nan,nan,nan
2401,670.9000386893749,2.8189077255856088,238.0,1.078879738517136,0.3537514774665299,0.9369747899159664,1.3721404546558265,-60.81979628098725,201.87721252441406,227.08251953125,228.15362548828125,226.9849853515625,-1.1687120199203491,0.5980163812637329,0.08146927505731583,nan,nan,nan,nan
2402,255.74834778532386,1.908569759591969,134.0,1.122492957430834,0.3684645353495583,0.9253731343283582,1.3961857274502696,-270.01758092870637,100.6889419555664,197.22825622558594,199.4795684814453,197.6168212890625,-1.8627500534057617,0.3039686977863312,0.08138077706098557,nan,nan,nan,nan
2403,304.57936749979854,2.223207062042325,137.0,1.0515152055112071,0.3363547098724887,0.9416058394160584,1.3388450499235927,-227.12753927931817,118.8133316040039,176.90443420410156,178.5824432373047,178.41725158691406,-0.16516660153865814,0.73175048828125,0.07113734632730484,nan,nan,nan,nan
2404,718.0418139901012,2.3619796512832276,304.0,1.0806694984452414,0.354407122033336,0.9144736842105263,1.375994723885966,-144.37953841216404,193.4256591796875,213.17494201660156,213.9967803955078,212.7886962890625,-1.2080754041671753,0.0676175132393837,0.044311054050922394,nan,nan,nan,nan
2405,458.75069461599924,2.5772510933483104,178.0,1.1286069832154988,0.3767525007144273,0.9157303370786517,1.4323671436479335,-154.14957905263293,158.4822235107422,208.72279357910156,210.03851318359375,210.2249298095703,0.18642443418502808,0.40010544657707214,0.0028455748688429594,nan,nan,nan,nan
2406,1508.369204312563,3.300589068517643,457.0,1.1019074335284444,0.35988385780946863,0.9321663019693655,1.4057673677819726,342.95797059088613,284.1410217285156,254.71434020996094,255.2751922607422,255.0393829345703,-0.23580873012542725,0.6678814888000488,0.016586555168032646,nan,nan,nan,nan
2407,850.8457257281989,2.985423599046312,285.0,1.0822953280222325,0.35657179735223793,0.8947368421052632,1.350517208603951,26.050567738148175,225.4328155517578,241.2085418701172,242.13348388671875,242.4613037109375,0.3278718888759613,0.6159693598747253,0.027950622141361237,nan,nan,nan,nan
2408,932.2359401583672,3.248208850726018,287.0,1.0910545596531152,0.35562955386045364,0.9024390243902439,1.381533293294642,103.48013012492538,246.90077209472656,225.19427490234375,226.2346954345703,225.7102813720703,-0.5244252681732178,0.6099666357040405,0.010760284028947353,nan,nan,nan,nan
2409,389.1285147210583,2.126385326344581,183.0,1.0743291818889709,0.34686146686082614,0.9562841530054644,1.3917947619968436,-233.6733890560513,135.56564331054688,186.9587860107422,188.23095703125,188.9293975830078,0.6984984874725342,0.79811692237854,0.027012931182980537,nan,nan,nan,nan
2410,1006.8888240943197,3.186357038273164,316.0,1.069350173027892,0.3481337493145544,0.9335443037974683,1.3743701945231988,120.70355943170853,249.16761779785156,236.5607452392578,237.33660888671875,236.81004333496094,-0.5264936089515686,0.5260051488876343,0.01997530646622181,nan,nan,nan,nan
2411,923.6577111184597,3.00865703947381,307.0,1.0986061892201777,0.3633079896354896,0.8892508143322475,1.396039661737724,55.29538065110796,234.84458923339844,229.4025421142578,230.1736297607422,229.25804138183594,-0.9156593680381775,0.15645362436771393,0.02101718820631504,nan,nan,nan,nan
2412,1091.3191775231626,3.24797374262846,336.0,1.0928699349105382,0.35846181180139475,0.9077380952380952,1.3887165729786253,165.52739242664143,258.1901550292969,242.01365661621094,242.793701171875,242.51976013183594,-0.2738981246948242,0.4564840495586395,0.01075372751802206,nan,nan,nan,nan
2413,1972.1864070668817,3.459976152748915,570.0,1.0745226152929315,0.3491606838978798,0.9350877192982456,1.3844337887743612,582.9983328936135,307.7894592285156,251.81732177734375,252.31463623046875,252.2207489013672,-0.09388480335474014,0.4216909408569336,0.021625589579343796,nan,nan,nan,nan
2414,1465.1730121336877,3.4153217066053325,429.0,1.08279132425921,0.3533068841751832,0.9254079254079254,1.361558277636799,355.2109070194849,287.1411437988281,247.2624969482422,247.8504180908203,247.6753692626953,-0.17517073452472687,0.8150679469108582,0.029013538733124733,nan,nan,nan,nan
2415,1450.6602172590792,3.462196222575368,419.0,1.0906468638332827,0.35352788916438915,0.9069212410501193,1.3846958146343487,360.5013723618315,290.803955078125,238.1009979248047,238.70721435546875,239.31114196777344,0.6039555668830872,0.3678267002105713,0.012211364693939686,nan,nan,nan,nan
2416,469.24447621405125,2.62147752074889,179.0,1.0784591759276978,0.3466740821620876,0.9162011173184358,1.3594490672565132,-145.63612347627645,164.80809020996094,185.082275390625,186.4573516845703,185.0708465576172,-1.3865083456039429,0.37825536727905273,0.009857465513050556,nan,nan,nan,nan
2417,932.5821316465735,3.272218005777451,285.0,1.0576315740244504,0.3432455442789996,0.9333333333333333,1.380204990269325,107.78697365652283,245.94654846191406,226.7712860107422,227.5991668701172,227.137939453125,-0.4613089859485626,0.31727856397628784,0.014716079458594322,nan,nan,nan,nan
2418,667.0859787203372,2.7795249113347382,240.0,1.1094902593788225,0.3624947905925688,0.9166666666666666,1.4033562392787966,-68.59450829341608,198.8386688232422,231.8613739013672,232.8482666015625,232.50596618652344,-0.34237420558929443,0.3170922100543976,0.011888213455677032,nan,nan,nan,nan
2419,626.7625381536782,2.7980470453289206,224.0,1.1364478520818257,0.3809628345103798,0.8973214285714286,1.4118926965124765,-77.232732512947,192.7630157470703,226.2840576171875,227.46202087402344,227.9266815185547,0.4646742641925812,0.2485765963792801,0.011636828072369099,nan,nan,nan,nan
2420,1864.9454802535474,3.6353713065371296,513.0,1.0876787074219547,0.3547364964384368,0.9200779727095516,1.4120879315590225,588.6359893169226,316.78948974609375,255.1347198486328,255.7525177001953,255.5337371826172,-0.21873362362384796,0.6312128305435181,0.004130605608224869,nan,nan,nan,nan
2421,721.1359749350231,2.795100678042725,258.0,1.0942074386977578,0.3607969961185682,0.937984496124031,1.4007424818787642,-50.19038046924902,206.99777221679688,225.6576690673828,226.6358642578125,226.0129852294922,-0.6228731274604797,0.2780205011367798,0.016446001827716827,nan,nan,nan,nan
2422,485.6057536378503,2.120549142523364,229.0,1.0731470767590194,0.3515007414848624,0.9126637554585153,1.3735372547109332,-228.29114713725244,150.5617218017578,186.6587371826172,188.2030792236328,189.0842742919922,0.8811824321746826,0.9139291644096375,0.09855034947395325,nan,nan,nan,nan
2423,672.9710299447179,2.8157783679695307,239.0,1.105277108936848,0.36641802370640475,0.895397489539749,1.4058530143162604,-60.72913104733982,200.08041381835938,226.71253967285156,228.16473388671875,227.396484375,-0.7681918740272522,0.29153183102607727,0.018093224614858627,nan,nan,nan,nan
2424,455.08072518371046,2.2983875009278307,198.0,1.068505793567089,0.3447493641980828,0.9191919191919192,1.3682411383989201,-197.4260689188318,154.87437438964844,168.7942657470703,170.4186248779297,170.87474060058594,0.45610511302948,0.6067070364952087,0.018882274627685547,nan,nan,nan,nan
2425,672.7804692517966,2.8387361571805765,237.0,1.104768542469892,0.3607286568682154,0.9029535864978903,1.375298711699553,-56.95903969687015,202.42405700683594,226.20619201660156,227.19773864746094,226.86216735839844,-0.3354855477809906,0.3445654809474945,0.014035634696483612,nan,nan,nan,nan
2426,511.57365292310715,2.7954844422027714,183.0,1.0807983599591837,0.34896296631972745,0.9344262295081968,1.4012778249864768,-111.22825085400245,175.44407653808594,179.81170654296875,181.28411865234375,181.6240234375,0.33990052342414856,0.17084738612174988,0.0225925724953413,nan,nan,nan,nan
2427,186.09388853609562,1.6182077264008314,115.0,1.032719365050609,0.3359083905944304,0.9565217391304348,1.3604273633723614,-302.04584576572006,70.64017486572266,165.34686279296875,168.54454040527344,170.51075744628906,1.9662166833877563,1.5041171312332153,0.03702554851770401,nan,nan,nan,nan
2428,528.7705566473305,2.5793685690113684,205.0,1.0787708165721277,0.34810795013118934,0.9609756097560975,1.372280235246392,-137.5985196070801,175.50845336914062,156.85594177246094,157.97381591796875,156.67698669433594,-1.2968279123306274,0.5822572112083435,0.014627019874751568,nan,nan,nan,nan
2429,438.5032655354589,2.3961927078440377,183.0,1.043897912226939,0.3368314320772024,0.9344262295081968,1.3589883489163033,-184.29863824165068,150.0862579345703,207.9398193359375,209.28472900390625,208.71018981933594,-0.5745975375175476,0.49770882725715637,0.024686891585588455,nan,nan,nan,nan
2430,488.87225863337517,2.3617017325283824,207.0,1.0771145298109208,0.3609183065436897,0.9178743961352657,1.3543584610736175,-181.45746966442653,156.5266571044922,234.83299255371094,236.23756408691406,236.2176055908203,-0.019908025860786438,0.3744034171104431,0.00433416897431016,nan,nan,nan,nan
2431,978.8943362440914,2.9396226313636378,333.0,1.0840451129022393,0.35796365376155886,0.9219219219219219,1.379948480957948,59.04352921265672,234.60250854492188,235.7052459716797,236.72926330566406,236.90281677246094,0.17356282472610474,0.3827027976512909,0.004017842933535576,nan,nan,nan,nan
2432,572.92515527457,2.4072485515738236,238.0,1.0898704080871806,0.3525267136175608,0.9327731092436975,1.3937575371206368,-158.79467969579218,174.22035217285156,189.3167724609375,190.4600830078125,189.76397705078125,-0.6961072087287903,0.5702559351921082,0.038127437233924866,nan,nan,nan,nan
2433,588.6452543539926,2.581777431377161,228.0,1.07181828287556,0.3538361580366128,0.9166666666666666,1.3717271929839912,-123.27132039941455,181.27125549316406,238.1879119873047,239.11273193359375,238.7311248779297,-0.3816182315349579,0.2897079586982727,0.027478719130158424,nan,nan,nan,nan
2434,584.2686890754849,2.5293016843094582,231.0,1.086278750376288,0.3552556524169464,0.9264069264069265,1.3815661770140646,-133.5888637430088,180.74896240234375,228.55857849121094,229.69708251953125,229.26580810546875,-0.43126988410949707,0.19594921171665192,0.019456081092357635,nan,nan,nan,nan
2435,578.5494122840464,2.7161944238687625,213.0,1.0952836831792396,0.36230351043333475,0.9342723004694836,1.3785505207860795,-103.66227214392825,183.92282104492188,228.2720489501953,229.40367126464844,229.74359130859375,0.3399892747402191,0.2732156813144684,0.02189052104949951,nan,nan,nan,nan
2436,799.1441589593887,3.1216568709351122,256.0,1.0928727729038834,0.35700882587048,0.90625,1.3986997019020193,31.77845559850755,227.89402770996094,228.2128448486328,229.176025390625,227.35345458984375,-1.822573184967041,0.5106760263442993,0.030154479667544365,nan,nan,nan,nan
2437,1510.369180843234,3.464149497346867,436.0,1.0658800028209163,0.34530726884009705,0.944954128440367,1.3831485567535804,386.54479357716286,291.2384033203125,255.717529296875,256.4162292480469,256.464599609375,0.048285212367773056,0.1774549037218094,0.012162011116743088,nan,nan,nan,nan
2438,1365.0450266590342,3.378824323413451,404.0,1.0736952286926673,0.34843665611012986,0.9405940594059405,1.3675724917233112,304.5910720872189,281.5933532714844,255.43359375,255.9774627685547,256.7002258300781,0.7227973937988281,0.7895968556404114,0.020405583083629608,nan,nan,nan,nan
2439,810.1448764801025,2.967563650110266,273.0,1.0776706186513378,0.35215451044908364,0.9230769230769231,1.3958414434028483,9.11363075039776,223.7423095703125,227.455810546875,228.2524871826172,226.9662628173828,-1.2862210273742676,0.3295735716819763,0.025965025648474693,nan,nan,nan,nan
2440,1747.218350738287,3.5368792525066537,494.0,1.0931809003777169,0.3542200636449398,0.9311740890688259,1.4022207452331037,508.5350542138767,304.3492431640625,259.9769592285156,260.5353088378906,260.7708740234375,0.23549921810626984,0.4703289270401001,0.024926191195845604,nan,nan,nan,nan
2441,783.4223249610513,3.171750303486038,247.0,1.087341517192922,0.3503493459789757,0.902834008097166,1.3787513602963553,33.879555795429724,226.2329559326172,217.43360900878906,218.393310546875,217.039306640625,-1.3539382219314575,0.22773106396198273,0.003483329201117158,nan,nan,nan,nan
2442,781.4801255278289,2.9827485707169044,262.0,1.0843776089833739,0.35223487489732364,0.9274809160305344,1.3998790591534451,2.2324660367746674,220.3345947265625,218.3175811767578,219.3576202392578,217.45733642578125,-1.9002203941345215,0.5537714958190918,0.09480545669794083,nan,nan,nan,nan
2443,592.554407119751,2.730665470597931,217.0,1.1201183944297628,0.3677540252808863,0.8894009216589862,1.3984151567384833,-97.5785813950057,183.1770477294922,225.3613739013672,226.5126190185547,226.7248992919922,0.2123497873544693,0.1388390213251114,0.009656189940869808,nan,nan,nan,nan
2444,1428.1279361844063,3.194917083186591,447.0,1.0724030789817491,0.35093322984093284,0.9217002237136466,1.3655428672676373,282.51996267968457,269.9344177246094,249.11712646484375,249.74427795410156,250.30345153808594,0.559215247631073,0.414130300283432,0.023187976330518723,nan,nan,nan,nan
2445,663.033196143806,2.559973730284965,259.0,1.0864247766532953,0.35767976256828166,0.9073359073359073,1.3844330971897654,-110.2734852821618,192.5113067626953,203.67376708984375,204.82220458984375,204.7233428955078,-0.09883886575698853,0.2710724174976349,0.03776402026414871,nan,nan,nan,nan
2446,783.4027869403362,2.8281689059217916,277.0,1.0325829305008682,0.3258446344945573,0.9602888086642599,1.3732946912996848,-25.549762876150453,212.07000732421875,199.57080078125,200.57977294921875,200.6470184326172,0.06714249402284622,0.28322163224220276,0.030830666422843933,nan,nan,nan,nan
2447,921.7589132376015,3.200551782075005,288.0,1.05337547431936,0.34095301446463794,0.9166666666666666,1.3748822565512893,91.02277718246432,244.34364318847656,224.21826171875,225.03773498535156,224.39942932128906,-0.6382818818092346,0.25875216722488403,0.01698489673435688,nan,nan,nan,nan
2448,585.0766319558024,2.6962056772156795,217.0,1.0722528524170756,0.3520011856770014,0.9170506912442397,1.3676564883453686,-105.05635655895423,186.17295837402344,222.5944366455078,223.7465362548828,223.82269287109375,0.07626637071371078,0.36811721324920654,0.020093321800231934,nan,nan,nan,nan
2449,980.6839562244713,3.0361732390850507,323.0,1.103609502851104,0.3627812577036336,0.9040247678018576,1.3973547803668898,80.63640940999153,240.62904357910156,243.56309509277344,244.4787139892578,244.8570098876953,0.37828394770622253,0.6560299396514893,0.004700086545199156,nan,nan,nan,nan
2450,1096.7738147247583,3.188295973037088,344.0,1.083484659736399,0.35085435291231504,0.9302325581395349,1.3780500983413246,155.13942145467308,258.1993408203125,232.3399658203125,233.0487823486328,232.8031463623047,-0.2457149177789688,0.32211849093437195,0.011901204474270344,nan,nan,nan,nan
2451,2361.874497620389,3.6392519223734805,649.0,1.091796857558467,0.3519787636514561,0.9183359013867488,1.3925088805408736,816.240667733176,330.04864501953125,261.6839294433594,262.1405029296875,262.2059631347656,0.06544512510299683,0.5296064615249634,0.014248847030103207,nan,nan,nan,nan
2452,974.2462197970599,0.9742462197970599,1000.0,1.1190680451136787,0.3798614900890728,0.903,1.3897341563779964,-1266.482043705273,89.29727935791016,99.3227310180664,99.4693603515625,100.2029800415039,0.733613908290863,1.518555998802185,0.273103803396225,nan,nan,nan,nan
2453,1438.8715656287968,3.4839505221036244,413.0,1.1033597732968976,0.35852663051756056,0.9152542372881356,1.3840200355247385,360.59467686172206,288.8799743652344,248.7350311279297,249.5305633544922,249.4540252685547,-0.07651197910308838,0.5080805420875549,0.006202515680342913,nan,nan,nan,nan
2454,427.60536244511604,2.6233457818718775,163.0,1.106270634370593,0.365220846541622,0.9079754601226994,1.4050491758146864,-155.5900208980836,154.34266662597656,218.44691467285156,220.2786407470703,220.0771484375,-0.20146675407886505,0.13269966840744019,0.035600870847702026,nan,nan,nan,nan
2455,743.9970963522792,2.7865059788474875,267.0,1.1025066508509256,0.35906985579695105,0.9288389513108615,1.3919789168917833,-45.1521932472524,207.06919860839844,217.63238525390625,218.5382843017578,217.8501434326172,-0.6880847811698914,0.3853815495967865,0.016040131449699402,nan,nan,nan,nan
2456,1234.1875946952496,3.2650465468128296,378.0,1.1058874771576173,0.3616242104028664,0.9391534391534392,1.4034506946466032,225.22211668751743,265.2709045410156,241.93589782714844,242.5896453857422,242.78118896484375,0.1914999634027481,0.3259098529815674,0.014725643210113049,nan,nan,nan,nan
2457,1676.023287750315,3.1210861969279606,537.0,1.0926225277108224,0.35937873402415743,0.931098696461825,1.3881438668753878,352.18597229299826,276.4405822753906,252.9345245361328,253.40570068359375,253.6341552734375,0.22859449684619904,0.6966705918312073,0.010456613264977932,nan,nan,nan,nan
2458,1218.968444392085,3.2945093091677977,370.0,1.0666265351134852,0.3410961332799644,0.9324324324324325,1.4074221759131635,225.84557455791696,271.7344970703125,232.61920166015625,233.32843017578125,233.1811981201172,-0.14733974635601044,0.6438858509063721,0.031491298228502274,nan,nan,nan,nan
2459,772.7562080845237,2.995179101102805,258.0,1.094230735366973,0.3575525733953473,0.9224806201550387,1.385804557376008,1.4298526802515426,220.34202575683594,221.03001403808594,222.0823974609375,221.3208770751953,-0.7615533471107483,0.17652297019958496,0.01930316351354122,nan,nan,nan,nan
2460,1245.774258794263,3.153858883023451,395.0,1.0599623199211285,0.3432196109545837,0.9367088607594937,1.3837238269437844,203.14323841770738,262.3644714355469,256.2960205078125,257.0630187988281,258.0693054199219,1.0063300132751465,0.1339549720287323,0.047048039734363556,nan,nan,nan,nan
2461,295.8739997157827,1.9088645142953722,155.0,1.1494130929944373,0.38058165923225373,0.9419354838709677,1.4023831855023352,-271.4787754538529,113.29037475585938,204.27870178222656,205.61766052246094,203.46046447753906,-2.1572020053863525,0.17358162999153137,0.011384570971131325,nan,nan,nan,nan
2462,489.34584653005004,2.352624262163702,208.0,1.1225570761584072,0.36624381389020316,0.9375,1.4209565839768261,-182.96420778944707,158.6494903564453,181.6021728515625,182.8927764892578,181.2091064453125,-1.683585286140442,0.8763723969459534,0.03459500893950462,nan,nan,nan,nan
2463,648.4838485866785,2.8693975601180464,226.0,1.1003436717313388,0.3619973989442927,0.8584070796460177,1.3714156551516468,-59.472074123337734,198.7359619140625,214.89064025878906,216.00526428222656,214.79798889160156,-1.2072453498840332,0.37829235196113586,0.02849634364247322,nan,nan,nan,nan
2464,1286.6248478970956,3.249052646204787,396.0,1.0805297600795734,0.3555644319176862,0.9090909090909091,1.3811963636328453,242.01350149884433,272.0787048339844,248.25360107421875,249.09617614746094,249.7979278564453,0.7017814517021179,0.497219443321228,0.002326306654140353,nan,nan,nan,nan
2465,505.1409030314535,2.317160105648869,218.0,1.1069658125008395,0.36730501004843613,0.944954128440367,1.3982357465210997,-186.97241150499872,158.96792602539062,186.14024353027344,187.6654815673828,186.7561798095703,-0.9093634486198425,0.13524779677391052,0.020841673016548157,nan,nan,nan,nan
2466,354.2663063071668,1.7537935955800337,202.0,1.0809352819158184,0.3530607202250538,0.8663366336633663,1.3731108881773006,-306.16179188215733,121.33384704589844,177.7814178466797,179.4103546142578,179.94654846191406,0.5361695885658264,1.137121558189392,0.014130104333162308,nan,nan,nan,nan
2467,715.2997559159994,2.816140771322832,254.0,1.0929125109922824,0.3595613038468785,0.8976377952755905,1.3840523295819915,-48.10529540149082,204.82955932617188,227.6725616455078,228.5452423095703,227.2179412841797,-1.3272842168807983,0.24294553697109222,0.010289544239640236,nan,nan,nan,nan
2468,660.5387416421436,2.871907572357146,230.0,1.0862480998121082,0.35130925070413427,0.9173913043478261,1.4079946759232984,-55.33848515465456,197.48513793945312,220.6249237060547,221.7650604248047,220.80873107910156,-0.956342875957489,0.4663618206977844,0.007781370542943478,nan,nan,nan,nan
2469,539.7365783601999,2.4203434007183855,223.0,1.0793663782352338,0.35936117989045213,0.8834080717488789,1.3862623273041133,-162.27836628472983,170.17941284179688,205.32891845703125,206.69158935546875,206.3817138671875,-0.3098423480987549,0.13309122622013092,0.017817772924900055,nan,nan,nan,nan
2470,1322.2645071744919,3.330641076006277,397.0,1.0815643873392842,0.3522356951707586,0.9269521410579346,1.3888797914502642,275.6728347545452,278.7615966796875,248.49163818359375,249.1361541748047,248.48780822753906,-0.6483389735221863,0.7865663766860962,0.02985451929271221,nan,nan,nan,nan
2471,715.7578897159547,2.9576772302312175,242.0,1.1250660732788442,0.3735934264329968,0.9173553719008265,1.393893380023428,-23.883249341189526,208.71009826660156,239.0507049560547,240.01043701171875,239.75999450683594,-0.25046905875205994,0.31313201785087585,0.01999937742948532,nan,nan,nan,nan
2472,582.6125586628914,2.3877563879626695,244.0,1.1214140797131666,0.3712745878022912,0.8852459016393442,1.409001240419794,-160.98923243764375,174.32859802246094,222.1370391845703,223.2535400390625,222.98968505859375,-0.26385298371315,0.47341668605804443,0.016377128660678864,nan,nan,nan,nan
2473,1197.8526981230825,2.964981926047234,404.0,1.0867697704400314,0.35367570488251476,0.9381188118811881,1.3882330041871513,137.39874355126722,251.2158660888672,244.137451171875,244.72113037109375,245.5735626220703,0.8524157404899597,0.4583662152290344,0.029096156358718872,nan,nan,nan,nan
2474,1026.6938617303967,3.3334216289947944,308.0,1.0630887573791457,0.3448384108629256,0.9318181818181818,1.370596618280044,156.3512052413496,257.48175048828125,234.9839324951172,236.00987243652344,235.3371124267578,-0.6728063225746155,0.6570149660110474,0.010380535386502743,nan,nan,nan,nan
2475,314.9074241220951,2.4411428226519,129.0,1.134898761740302,0.3709485127944956,0.8992248062015504,1.4093143615513355,-200.95687448345757,127.55992889404297,189.71730041503906,191.4915008544922,190.8818817138672,-0.6095972061157227,0.21737521886825562,0.020151210948824883,nan,nan,nan,nan
2476,789.9207690060139,2.438027064833376,324.0,1.066777370551673,0.34677215890037644,0.9166666666666666,1.378792030491058,-112.10710383016135,200.1771240234375,228.2672119140625,229.0288848876953,229.13514709472656,0.10638144612312317,0.2810330092906952,0.02543197199702263,nan,nan,nan,nan
2477,485.25542797893286,2.4632255227356996,197.0,1.024662658384757,0.3338600153417851,0.9137055837563451,1.3407940868197175,-165.27104010191374,161.53860473632812,202.3712921142578,203.64630126953125,202.5408172607422,-1.1054824590682983,0.14467860758304596,0.01488416362553835,nan,nan,nan,nan
2478,988.0180269032717,3.1871549254944247,310.0,1.0723991314296033,0.3454062069743066,0.9129032258064517,1.3869686992280237,113.71471837083345,250.3645477294922,237.59288024902344,238.39634704589844,237.7201385498047,-0.6761611104011536,0.32722166180610657,0.013477684929966927,nan,nan,nan,nan
2479,1023.6341104730964,3.0925501826981763,331.0,1.092260989728368,0.36152934496774464,0.9214501510574018,1.4043189886627039,107.74395548505277,243.3885498046875,241.3773651123047,242.3784942626953,241.9106903076172,-0.4678042232990265,0.5268914699554443,0.014321650378406048,nan,nan,nan,nan
2480,705.1802322417498,2.8782866622112233,245.0,1.0970579504108522,0.3641023507383715,0.8938775510204081,1.3870414857567446,-40.40188488048091,206.6882781982422,235.06036376953125,236.2689208984375,236.61244201660156,0.3436046838760376,0.5496931076049805,0.01977880299091339,nan,nan,nan,nan
2481,432.1312647610903,2.572209909292204,168.0,1.1254971242957585,0.37251901105986374,0.8928571428571429,1.400191704701235,-160.9657486905869,150.3217315673828,222.18504333496094,224.01792907714844,224.1975555419922,0.1796296089887619,0.24313609302043915,0.011533064767718315,nan,nan,nan,nan
2482,999.3778107613325,3.0468835693943066,328.0,1.1003131512509905,0.3639051382794672,0.8932926829268293,1.393042638025683,89.42863383837539,242.1532440185547,241.44639587402344,242.3526153564453,241.9207305908203,-0.4318563640117645,0.6918384432792664,0.04480960965156555,nan,nan,nan,nan
2483,733.2066172100604,3.0173111819344047,243.0,1.0849070236591465,0.3597464575071338,0.9218106995884774,1.3825042330961672,-8.414847868779361,216.27183532714844,226.45887756347656,227.69651794433594,227.48597717285156,-0.2105157971382141,0.17185808718204498,0.008104829117655754,nan,nan,nan,nan
2484,753.109585577622,2.9190294014636513,258.0,1.0797007824572673,0.35560491422638874,0.9418604651162791,1.3670651039620578,-18.21676982665008,212.34828186035156,225.8816375732422,226.92681884765625,226.58302307128906,-0.34379032254219055,0.34677737951278687,0.04266846552491188,nan,nan,nan,nan
2485,17.775066059082747,0.6129333123821636,29.0,1.0907353337258359,0.35009573235165803,0.9310344827586207,1.4238898039617376,-300.05663037691994,7.283559799194336,241.3687286376953,246.36549377441406,244.0832977294922,-2.282212972640991,0.48022615909576416,0.027741968631744385,nan,nan,nan,nan
2486,1284.103995591402,3.2263919487221155,398.0,1.0965066596241162,0.3616606420428816,0.9170854271356784,1.3748603212750081,235.53199714975995,268.095703125,247.1162872314453,247.90419006347656,248.2600860595703,0.3558845818042755,0.625982940196991,0.022433454170823097,nan,nan,nan,nan
2487,392.6274687368423,2.3510626870469595,167.0,1.0999627039293596,0.3590950110640601,0.9221556886227545,1.413806179770446,-198.48921869313938,142.52032470703125,181.98248291015625,183.4684295654297,181.66896057128906,-1.7994619607925415,0.3045150339603424,0.07376200705766678,nan,nan,nan,nan
2488,765.4932298604399,2.733904392358714,280.0,1.0956170825471787,0.3631753438739993,0.9214285714285714,1.3830170697595239,-49.40029802113327,204.9886474609375,236.8961181640625,237.9448699951172,239.7489776611328,1.8041024208068848,0.2662547826766968,0.0432417206466198,nan,nan,nan,nan
2489,629.9174950271845,2.703508562348431,233.0,1.0572647302253593,0.34454574389583054,0.9313304721030042,1.3816689044408397,-91.90070983470014,188.42527770996094,202.4948272705078,203.58203125,202.08546447753906,-1.4964556694030762,0.5627495646476746,0.020191561430692673,nan,nan,nan,nan
2490,1138.3868137514219,3.197715768964668,356.0,1.088655301356869,0.3542840827107325,0.9353932584269663,1.3933236494043724,172.98850822099075,256.12957763671875,231.86106872558594,232.728759765625,233.26673889160156,0.5379326939582825,0.24773116409778595,0.002691725268959999,nan,nan,nan,nan
2491,907.4824095249642,2.7751755642965263,327.0,1.0702889905785953,0.3465673675623919,0.9296636085626911,1.3778531455797733,-0.4864413762975346,225.2333221435547,226.44395446777344,227.3712615966797,227.11241149902344,-0.25893092155456543,0.4113467335700989,0.025337472558021545,nan,nan,nan,nan
2492,593.1572965234518,2.6130277379887743,227.0,1.0951909203365677,0.35669036039131424,0.9295154185022027,1.4364822444062344,-116.77895220825985,186.01861572265625,195.5568389892578,196.7730712890625,195.611572265625,-1.1615129709243774,0.8935315012931824,0.04749782010912895,nan,nan,nan,nan
2493,939.1585035473108,3.130528345157703,300.0,1.1044839457710116,0.3646398779399169,0.89,1.3932777854542484,84.6584552318277,239.6731719970703,244.39886474609375,245.31809997558594,245.1505584716797,-0.16757605969905853,0.6852550506591797,0.02097773365676403,nan,nan,nan,nan
2494,604.7086547315121,2.7995771052384817,216.0,1.098521071215098,0.3645927173888201,0.8981481481481481,1.4191869152023904,-83.44400776154907,188.52032470703125,214.0572967529297,215.49888610839844,215.6055450439453,0.10661747306585312,0.4731762409210205,0.0026358268223702908,nan,nan,nan,nan
2495,283.0748159363866,2.0365094671682487,139.0,1.1280898066497107,0.3760426992456829,0.9280575539568345,1.3881233035284901,-252.59274288612107,111.16731262207031,188.4000244140625,190.6670684814453,189.43800354003906,-1.22903573513031,0.13216029107570648,0.00954650528728962,nan,nan,nan,nan
2496,623.0019085230306,2.6176550778278598,238.0,1.1030018039184284,0.3650858573327284,0.9117647058823529,1.3806111771171612,-108.71792644733159,188.43894958496094,225.59837341308594,226.7675323486328,226.2638702392578,-0.503681480884552,0.2238539755344391,0.018429065123200417,nan,nan,nan,nan
2497,263.3045367212035,1.7671445417530434,149.0,1.1403340343185002,0.37612165509130896,0.8657718120805369,1.3877605863507274,-292.16628231825916,95.96125793457031,194.3464813232422,196.21270751953125,195.5579376220703,-0.6547717452049255,0.04214010387659073,0.04723390191793442,nan,nan,nan,nan
2498,490.17381109902635,2.500886791321563,196.0,1.110799952694555,0.36914525065307946,0.9336734693877551,1.4371311630509025,-158.37233096012483,163.10350036621094,188.023193359375,189.423095703125,189.21685791015625,-0.20621193945407867,0.05598485469818115,0.0072199017740786076,nan,nan,nan,nan
2499,437.71847012639046,2.4590925287999466,178.0,1.0725946048517667,0.3489239618074487,0.9438202247191011,1.4012330244752347,-175.1818035422417,153.46990966796875,184.848876953125,186.277587890625,185.8733367919922,-0.40428754687309265,0.8117516040802002,0.031138597056269646,nan,nan,nan,nan
2500,1124.7613076493144,2.9598981780245115,380.0,1.1033712110088634,0.3645105684026994,0.9315789473684211,1.3887844815873058,111.8351775981912,247.20254516601562,239.16514587402344,239.9695587158203,239.8896026611328,-0.0798933207988739,0.22804711759090424,0.011843227781355381,nan,nan,nan,nan
2501,882.5887257952709,3.186240887347548,277.0,1.1098781333523806,0.35982360390996143,0.927797833935018,1.4198525813184504,73.6361759787842,237.4580535888672,230.68348693847656,231.56724548339844,229.9597930908203,-1.6073532104492188,0.22495022416114807,0.010626218281686306,nan,nan,nan,nan
2502,719.6068199872971,2.878427279949188,250.0,1.1247830833749668,0.3716803244448965,0.916,1.4065240094167437,-35.876927243411046,209.77896118164062,228.8192596435547,229.97216796875,228.8848114013672,-1.0873751640319824,0.5334033966064453,0.04785194993019104,nan,nan,nan,nan
2503,1176.7064714375883,3.3053552568471583,356.0,1.0868071119542237,0.3561376094040814,0.901685393258427,1.3743063067810277,211.30816590715722,270.37451171875,247.4852752685547,248.1654052734375,247.94236755371094,-0.22311753034591675,0.4974474012851715,0.016121648252010345,nan,nan,nan,nan
2504,1384.174000597559,2.836422132372047,488.0,1.0781386460818547,0.3511321545887708,0.9385245901639344,1.3752290177854873,157.37266020332163,250.32681274414062,244.7483673095703,245.38902282714844,245.7047576904297,0.3157428205013275,0.2803473174571991,0.03441754728555679,nan,nan,nan,nan
2505,578.9674309417605,2.810521509426022,206.0,1.1045601287316533,0.3558629424092518,0.9466019417475728,1.4048935152765754,-89.38197133434562,189.91807556152344,205.98468017578125,207.2276153564453,205.64971923828125,-1.577950119972229,0.12440817058086395,0.030537709593772888,nan,nan,nan,nan
2506,679.7693923758343,2.955519097286236,230.0,1.1080835548560588,0.36474377216907905,0.9,1.3881684612165788,-36.107834420963854,206.49664306640625,225.75770568847656,227.06752014160156,226.18359375,-0.8839451670646667,0.4951117932796478,0.016295716166496277,nan,nan,nan,nan
2507,1371.792102061212,3.370496565260963,407.0,1.0814919411509205,0.3559435025683631,0.9312039312039312,1.3789960824752496,305.3971694243103,277.7994079589844,254.63673400878906,255.3095245361328,255.62794494628906,0.3184960186481476,0.43058881163597107,0.014355737715959549,nan,nan,nan,nan
2508,873.2144961282611,2.8629983479615118,305.0,1.1052559881798665,0.3632298624532328,0.9311475409836065,1.3771581614765136,8.812817704300414,226.36929321289062,234.86029052734375,235.9541473388672,234.9298553466797,-1.0243743658065796,0.24306045472621918,0.01210389006882906,nan,nan,nan,nan
2509,707.4095127523178,2.864006124503311,247.0,1.1024217193801196,0.3633950208391137,0.9311740890688259,1.3950540827230806,-42.1332564133038,207.79486083984375,229.9339599609375,230.94407653808594,230.2612762451172,-0.6827624440193176,0.20874327421188354,0.009755476377904415,nan,nan,nan,nan
2510,858.5092467083305,2.842745850027584,302.0,1.1082428652158824,0.3675078116073355,0.9139072847682119,1.3854549760583175,0.048546349456273674,220.13369750976562,233.4521026611328,234.4699249267578,235.02069091796875,0.5507884621620178,0.20336157083511353,0.008619660511612892,nan,nan,nan,nan
2511,1359.673452198971,3.348949389652638,406.0,1.067031323013547,0.3474944406873609,0.9137931034482759,1.3750749513191678,295.2588455837649,277.7110290527344,250.87828063964844,251.6571502685547,252.2438201904297,0.5867896676063538,0.36633381247520447,0.018807588145136833,nan,nan,nan,nan
2512,625.7214786484838,2.831318907911691,221.0,1.0502019313151685,0.3468253820640549,0.9366515837104072,1.3850070802839693,-72.33281395305494,193.13070678710938,230.40904235839844,231.81024169921875,231.33717346191406,-0.47304287552833557,0.4576612114906311,0.010903446935117245,nan,nan,nan,nan
2513,689.2812475506216,2.7461404284885322,251.0,1.0673514280428598,0.34840943752157233,0.9203187250996016,1.3715289690699934,-68.18282570178212,201.36817932128906,214.2030792236328,215.4047393798828,214.19068908691406,-1.2140440940856934,0.3691391348838806,0.013153166510164738,nan,nan,nan,nan
2514,1039.1079902909696,3.0119072182346946,345.0,1.0806851565970297,0.3488245170037622,0.9449275362318841,1.3741804141835976,95.49327099918901,240.60928344726562,225.7224578857422,226.43626403808594,226.31524658203125,-0.12108111381530762,0.513268768787384,0.049171917140483856,nan,nan,nan,nan
2515,921.3759736716747,3.0110325936982836,306.0,1.1013973408026474,0.3651023221431316,0.9019607843137255,1.3641591293251316,54.993969226018635,235.08935546875,237.26829528808594,238.1224822998047,238.73876953125,0.6162425875663757,0.5831866264343262,0.025038771331310272,nan,nan,nan,nan
2516,722.6094177439809,2.8449189674959876,254.0,1.0890780783524274,0.35639250007769085,0.9409448818897638,1.386704488945334,-40.79563357350935,208.93003845214844,214.40704345703125,215.59242248535156,214.888427734375,-0.7040066719055176,0.3408643305301666,0.013860895298421383,nan,nan,nan,nan
2517,1089.7805398590863,3.1958373602905756,341.0,1.0825495552896331,0.35228410981199954,0.9002932551319648,1.3947374165453557,154.08712465408757,256.0680236816406,238.73439025878906,239.5442352294922,240.33897399902344,0.794665515422821,0.699840247631073,0.017161868512630463,nan,nan,nan,nan
2518,1466.0153600722551,3.4739700475645856,422.0,1.0629427260826407,0.3455920836989037,0.95260663507109,1.3780519374938072,369.91553710992093,293.1197814941406,244.1042022705078,244.8108673095703,244.95555114746094,0.14470116794109344,0.6134142875671387,0.008195396512746811,nan,nan,nan,nan
2519,1131.1062579602003,3.0488039298118608,371.0,1.0897047045414499,0.3576175949148422,0.921832884097035,1.3848443156912487,136.00306210433655,251.12371826171875,246.22608947753906,246.932373046875,246.5801544189453,-0.3521880805492401,0.6644101142883301,0.01972733810544014,nan,nan,nan,nan
2520,1060.707317467779,3.0219581694238715,351.0,1.0694621084931042,0.3457792105029602,0.9401709401709402,1.389324985511744,105.21064204582513,247.91546630859375,235.6162567138672,236.1604766845703,236.21739196777344,0.05680545046925545,0.22977527976036072,0.030049892142415047,nan,nan,nan,nan
2521,748.7563411705196,2.9362993771392927,255.0,1.0820834695053696,0.35710391147439585,0.9176470588235294,1.3718936934738972,-16.62903616866606,215.7262420654297,228.1017608642578,229.13262939453125,228.6803436279297,-0.45236334204673767,0.39231428503990173,0.027704166248440742,nan,nan,nan,nan
2522,559.9534903224558,2.592377270011369,216.0,1.1041592088257182,0.3627579633838549,0.9305555555555556,1.3920653190245853,-128.19917217060538,178.36940002441406,203.54908752441406,204.6679229736328,204.06512451171875,-0.6028248071670532,0.7620742917060852,0.07145210355520248,nan,nan,nan,nan
2523,734.3288325636531,2.7921248386450688,263.0,1.0930787076346389,0.3601806611746328,0.9277566539923955,1.3697904074880085,-46.89915294909656,209.38621520996094,207.5009307861328,208.66062927246094,207.84698486328125,-0.8135619163513184,0.08394681662321091,0.011526272632181644,nan,nan,nan,nan
2524,815.3004952892661,3.0535599074504347,267.0,1.0772827491535932,0.3496011688028661,0.9438202247191011,1.39767739972606,26.151205689734525,224.23045349121094,233.6857147216797,234.68800354003906,234.77825927734375,0.0902702733874321,0.5462252497673035,0.02926062047481537,nan,nan,nan,nan
2525,1144.895842612721,2.997109535635395,382.0,1.069645291604562,0.346889588221815,0.9345549738219895,1.3950964951953142,128.00906051820675,247.480224609375,241.98492431640625,242.5929718017578,242.55316162109375,-0.03982189670205116,0.046775151044130325,0.0056919376365840435,nan,nan,nan,nan
2526,1283.9603908443823,3.3263222560735293,386.0,1.0968980564439326,0.3593228665325496,0.9041450777202072,1.3986300260699192,259.15230466308617,276.2330017089844,252.075439453125,252.8433074951172,253.41802978515625,0.5746322274208069,0.7885266542434692,0.01309649646282196,nan,nan,nan,nan
2527,1060.8555006980896,3.0484353468335907,348.0,1.0604805211026982,0.34525476996330823,0.9482758620689655,1.3727682942070063,111.29980334122251,247.48899841308594,228.98597717285156,229.73486328125,229.6942596435547,-0.04047154262661934,0.4804961681365967,0.026324454694986343,nan,nan,nan,nan
2528,1117.8035381492227,2.9493497048792157,379.0,1.0518460197905877,0.34467017848633164,0.920844327176781,1.356426463179655,106.85773411979494,246.24842834472656,237.9753875732422,238.5982666015625,238.3161163330078,-0.28211942315101624,0.39690423011779785,0.004926466848701239,nan,nan,nan,nan
2529,624.4884946607053,2.4979539786428213,250.0,1.0668210848823487,0.35385682574442273,0.908,1.3592009238478406,-130.99525257000278,181.23519897460938,225.0507354736328,225.9549102783203,226.03712463378906,0.08213893324136734,0.13453291356563568,0.021218806505203247,nan,nan,nan,nan
2530,60.05187192000449,0.7506483990000561,80.0,1.1641920076727466,0.3826996371882463,0.9375,1.4630605249593236,-358.7764516224687,21.711566925048828,233.3485565185547,235.1400909423828,232.7170867919922,-2.4230823516845703,0.8839882612228394,0.11922779679298401,nan,nan,nan,nan
2531,710.1689497223124,2.7525928283810557,258.0,1.0993483516383438,0.3659099516978016,0.8953488372093024,1.3743055326015439,-61.157405681959744,197.03604125976562,226.8048553466797,227.7385711669922,228.1982421875,0.45962703227996826,0.37478455901145935,0.018525060266256332,nan,nan,nan,nan
2532,1012.0862631350756,3.0032233327450313,337.0,1.0727345726263422,0.3521601425361304,0.9169139465875371,1.3794019581526753,84.31415201685877,242.71058654785156,242.43463134765625,243.38673400878906,242.942138671875,-0.4445553719997406,0.158474400639534,0.01393801812082529,nan,nan,nan,nan
2533,769.3630543425679,2.8494927938613626,270.0,1.0962959210067749,0.3629247271131011,0.9259259259259259,1.3852077208681295,-25.727213322050375,214.2961883544922,230.71649169921875,231.57261657714844,230.06568908691406,-1.5068517923355103,0.3939741253852844,0.013448544777929783,nan,nan,nan,nan
2534,179.35595930740237,1.724576531801946,104.0,1.0283347939443348,0.3326875106267369,0.9326923076923077,1.3588510410686345,-287.0001887557628,75.56096649169922,192.1624298095703,195.22308349609375,192.956298828125,-2.266739845275879,1.320497989654541,0.03268066793680191,nan,nan,nan,nan
2535,856.3691714480519,3.047577122590932,281.0,1.08596321381551,0.3579636669035809,0.9252669039145908,1.377321438137502,39.49531754478335,228.0183563232422,245.31927490234375,246.3331298828125,246.9273681640625,0.5943360328674316,0.3248142600059509,0.016928382217884064,nan,nan,nan,nan
2536,1321.9607067694888,3.1475254923083065,420.0,1.1088046164696839,0.3637448710567754,0.9119047619047619,1.3981359163541112,229.82153585054562,267.8551940917969,246.608642578125,247.16920471191406,247.0890655517578,-0.0801188126206398,0.32331666350364685,0.013427577912807465,nan,nan,nan,nan
2537,602.5415486618876,2.5531421553469817,236.0,1.0930305121397228,0.35938556592276455,0.9067796610169492,1.3975091190437061,-125.21763426508346,180.4802703857422,217.50636291503906,218.6666259765625,218.16673278808594,-0.4998628795146942,0.5801317691802979,0.03167787939310074,nan,nan,nan,nan
2538,761.1305689513683,2.8940325815641383,263.0,1.0842689947198847,0.35334703630900705,0.9011406844106464,1.3803577096122923,-20.09741656138135,217.08702087402344,216.8323211669922,217.877685546875,217.8565673828125,-0.021086176857352257,0.3943750858306885,0.01946166902780533,nan,nan,nan,nan
2539,821.1519847000018,3.0413036470370436,270.0,1.086978672968331,0.35695578353623225,0.9148148148148149,1.3873254458148319,26.06171703538348,225.40689086914062,230.31396484375,231.2924041748047,230.9099578857422,-0.3824591636657715,0.4091905951499939,0.01797524280846119,nan,nan,nan,nan
2540,820.4773703217506,2.994442957378652,274.0,1.092289139270964,0.3583614428860754,0.9379562043795621,1.4105753169356317,17.465798570350444,219.877197265625,244.0792999267578,245.18199157714844,245.84410095214844,0.6621543765068054,0.6300442218780518,0.01017523743212223,nan,nan,nan,nan
2541,784.8306217622012,2.715676891910731,289.0,1.0986262348219344,0.362256326939322,0.9065743944636678,1.3861747183642965,-47.88584031463142,211.1358642578125,217.75816345214844,218.6531219482422,218.27337646484375,-0.37971821427345276,0.10358088463544846,0.02471308410167694,nan,nan,nan,nan
2542,1176.6667086184025,3.064236220360423,384.0,1.0771893930306327,0.3508326508778434,0.9140625,1.3813160908609579,155.81927448049737,254.3137969970703,226.94085693359375,227.58282470703125,227.1501922607422,-0.43265119194984436,0.14874665439128876,0.013245945796370506,nan,nan,nan,nan
2543,1486.151797555387,2.8470340949336914,522.0,1.097178027487787,0.35991845890120033,0.9310344827586207,1.3988917604520137,192.01937242350277,255.23245239257812,236.8797607421875,237.4295196533203,237.7501983642578,0.3207439184188843,0.08694974333047867,0.014902535825967789,nan,nan,nan,nan
2544,513.9678949289955,2.0724511892298207,248.0,1.1098908459068073,0.3684637949498269,0.907258064516129,1.396512500579075,-237.55520025832175,153.70306396484375,237.6895751953125,238.29335021972656,237.5028533935547,-0.7904966473579407,0.44422170519828796,0.054976459592580795,nan,nan,nan,nan
2545,897.1502509377897,3.0207079156154535,297.0,1.0920779814843675,0.36100474284433576,0.9427609427609428,1.3996463756527204,48.591180687393035,235.2958221435547,231.6233367919922,232.6339569091797,231.22572326660156,-1.4081735610961914,0.5920541882514954,0.07910968363285065,nan,nan,nan,nan
2546,1790.6001043133438,3.6173739481077654,495.0,1.0983630859997033,0.3559601303603914,0.9373737373737374,1.4209262516908223,549.9364817672381,315.9491271972656,251.9335174560547,252.58648681640625,251.8902587890625,-0.6962077617645264,0.6318016052246094,0.012927318923175335,nan,nan,nan,nan
2547,630.7406542599201,2.6171811380079673,241.0,1.0618754542670106,0.3458843368497586,0.91701244813278,1.361482102889739,-106.92015877552853,187.56765747070312,186.1685333251953,187.2818603515625,187.1488494873047,-0.13308317959308624,0.546038806438446,0.05546574667096138,nan,nan,nan,nan
2548,597.4145696675405,3.0020832646610076,199.0,1.1044097593199593,0.36458686793940526,0.9296482412060302,1.427941130272911,-57.07255045669717,194.37232971191406,217.27215576171875,218.58433532714844,218.9025115966797,0.31809741258621216,0.3663828372955322,0.021121345460414886,nan,nan,nan,nan
2549,833.3693927824497,3.0304341555725443,275.0,1.043606565543669,0.33820647595580805,0.9345454545454546,1.3462835520414307,28.377495009354107,225.50950622558594,226.68238830566406,227.60105895996094,228.05999755859375,0.45899954438209534,0.522437572479248,0.008200518786907196,nan,nan,nan,nan
2550,768.2674785330892,2.9211691198976775,263.0,1.0815479191850117,0.355997045601217,0.9315589353612167,1.393902146916545,-12.960506979660522,213.02276611328125,238.04527282714844,238.90887451171875,239.4196319580078,0.5107869505882263,0.4129014313220978,0.014916438609361649,nan,nan,nan,nan
2551,1234.4646722972393,3.198095005951397,386.0,1.1229038770294006,0.36978696921374293,0.9015544041450777,1.402660580178737,209.65658611594313,265.6707763671875,244.3822479248047,245.1791534423828,245.2562713623047,0.07720765471458435,0.7145482897758484,0.014068352989852428,nan,nan,nan,nan
2552,930.3353138938546,2.9914318774722015,311.0,1.1055082074666174,0.3621543175472238,0.9260450160771704,1.3859937480081044,54.05167933972098,238.07247924804688,220.1941375732422,221.16224670410156,219.5994110107422,-1.5627983808517456,0.5357327461242676,0.05201910063624382,nan,nan,nan,nan
2553,1327.52275947202,3.2143408219661502,413.0,1.079994230905835,0.34983323264088706,0.9322033898305084,1.3943480954436582,249.24587070494522,271.3603820800781,245.76792907714844,246.2328643798828,246.8555145263672,0.6226275563240051,0.3718913495540619,0.0066489651799201965,nan,nan,nan,nan
2554,255.36477877758443,1.8639764874276237,137.0,1.0528855490471185,0.3442078572324049,0.948905109489051,1.3775030941518907,-276.3421280015323,99.67157745361328,162.0754852294922,164.814697265625,164.4132537841797,-0.4014405310153961,0.9411157369613647,0.03546280786395073,nan,nan,nan,nan
2555,751.7474253308028,2.713889622132862,277.0,1.0918375816361379,0.36095234212604554,0.8989169675090253,1.3898608625916002,-57.20512448568388,206.1315460205078,227.2952423095703,228.3905792236328,228.61053466796875,0.21997983753681183,0.2129577249288559,0.02014853246510029,nan,nan,nan,nan
2556,820.36080140993,2.8094547993490755,292.0,1.0965688555149464,0.35914774173280634,0.910958904109589,1.3625797863915363,-18.296638731989106,220.01287841796875,211.41650390625,212.27394104003906,212.3041229248047,0.03017561323940754,0.5422548055648804,0.05141947418451309,nan,nan,nan,nan
2557,580.6540197897702,2.7007163711152105,215.0,1.0857473758708076,0.35980137260702916,0.9116279069767442,1.395805953656763,-105.51831668159548,186.19876098632812,210.4107208251953,211.47216796875,210.96844482421875,-0.5037581920623779,0.47797197103500366,0.017302868887782097,nan,nan,nan,nan
2558,179.33796948194504,1.6453024723114225,109.0,1.1004254134745675,0.3587048863020188,0.9174311926605505,1.4204263635897245,-296.9198086896977,72.31776428222656,198.56703186035156,201.41697692871094,201.1915283203125,-0.22542254626750946,0.6830469965934753,0.055153511464595795,nan,nan,nan,nan
2559,885.3696698099375,3.2078611224997733,276.0,1.067035290482374,0.3470396094480704,0.9130434782608695,1.367642169326486,78.39744601514622,241.09576416015625,224.998046875,226.0432891845703,225.6617431640625,-0.3816024363040924,0.2634497880935669,0.01078063528984785,nan,nan,nan,nan
2560,697.6751156365499,2.9191427432491626,239.0,1.110637841448892,0.36284984857531727,0.9205020920502092,1.3996780613880107,-36.025045355507814,203.8256378173828,214.2333984375,215.3345947265625,215.24888610839844,-0.0857803225517273,0.36328256130218506,0.02745998091995716,nan,nan,nan,nan
2561,196.1840037498623,1.7674234572059668,111.0,1.1069060705668354,0.3635568469371256,0.9369369369369369,1.4105274160691197,-284.03442646517135,79.97515106201172,199.62628173828125,202.3484649658203,201.750732421875,-0.597707211971283,0.5077030062675476,0.038108035922050476,nan,nan,nan,nan
2562,828.3824909478426,2.937526563644832,282.0,1.1162901438373587,0.36682405125190276,0.9219858156028369,1.4053882784113032,9.52831102287837,225.92530822753906,220.1065673828125,221.01499938964844,219.89263916015625,-1.122387409210205,0.4338845908641815,0.0621279776096344,nan,nan,nan,nan
2563,511.5138775408268,2.664134778858473,192.0,1.0813561088907038,0.3579334074299065,0.9010416666666666,1.3767800070865863,-129.11096043154237,169.8300323486328,227.1971435546875,228.42344665527344,228.40943908691406,-0.013994109816849232,0.18542499840259552,0.01676265150308609,nan,nan,nan,nan
2564,775.804065477103,2.841773133615762,273.0,1.1393240264261884,0.376858508901475,0.9120879120879121,1.403243845530337,-25.227180252601784,208.38970947265625,239.2538604736328,239.915283203125,239.8643798828125,-0.050883058458566666,0.23348504304885864,0.008093046955764294,nan,nan,nan,nan
2565,887.4419684261084,3.1581564712672896,281.0,1.0857509194430792,0.3552348830423418,0.9217081850533808,1.3717720469019543,70.56811452283978,236.55160522460938,223.79595947265625,224.6968994140625,223.64825439453125,-1.0486682653427124,0.36773502826690674,0.014827001839876175,nan,nan,nan,nan
2566,740.8695302400738,3.0239572662860157,245.0,1.0976124199447475,0.36241396994291974,0.9224489795918367,1.3898063257659685,-4.71258688215687,213.50967407226562,224.5323028564453,225.53529357910156,225.6025848388672,0.06721130758523941,0.5289130806922913,0.010832753032445908,nan,nan,nan,nan
2567,1496.8557518273592,3.3189706248943662,451.0,1.1016989101215218,0.35858734376769924,0.8980044345898004,1.3927950487477236,343.3264742358556,284.965087890625,248.8729705810547,249.56224060058594,249.4602508544922,-0.10197951644659042,0.731669545173645,0.021823912858963013,nan,nan,nan,nan
2568,1341.9171529561281,3.113496874608186,431.0,1.0974582763265557,0.3564024836115712,0.925754060324826,1.3938090485782497,227.99439579853447,266.6182861328125,235.8231658935547,236.44976806640625,236.37213134765625,-0.07765611261129379,0.18032418191432953,0.008966275490820408,nan,nan,nan,nan
2569,1343.782396018505,3.5085702245913972,383.0,1.09181546471727,0.3536013312935886,0.9242819843342036,1.3933717867906639,324.9152879022954,285.494384765625,234.5709228515625,235.2537384033203,235.315185546875,0.06155862286686897,0.4572806656360626,0.0036349408328533173,nan,nan,nan,nan
2570,860.6966092139482,3.06297725698914,281.0,1.0974052173017015,0.35648521513005327,0.9323843416370107,1.4120920725910056,43.82275531067967,228.63949584960938,227.4015350341797,228.40380859375,229.08628845214844,0.682455837726593,0.16855353116989136,0.028100434690713882,nan,nan,nan,nan
2571,1245.7681146040559,3.339860897061812,373.0,1.1178175194513797,0.3659376522721055,0.9222520107238605,1.3933491900474642,246.70426670480128,276.1233215332031,251.02806091308594,251.5120849609375,251.07452392578125,-0.43758800625801086,0.3945964276790619,0.025122450664639473,nan,nan,nan,nan
2572,587.1673297323287,2.598085529789065,226.0,1.1309165744032244,0.3720624425289136,0.9203539823008849,1.4316677943732468,-120.78859297768759,182.7711181640625,212.51025390625,213.6251678466797,213.199951171875,-0.42522290349006653,0.3298259973526001,0.018285375088453293,nan,nan,nan,nan
2573,934.3755130618811,2.956884535005953,316.0,1.076721877170288,0.35755187759538404,0.9113924050632911,1.374064733231269,48.190248399269876,229.3513641357422,240.12164306640625,240.9978485107422,241.7713165283203,0.7734479308128357,0.30402061343193054,0.014087711460888386,nan,nan,nan,nan
2574,807.2477777116001,2.956951566709158,273.0,1.1142641183237452,0.3640518713368942,0.8974358974358975,1.4061037232036824,6.216531981895287,221.88600158691406,224.5068359375,225.61009216308594,225.8140106201172,0.20391984283924103,0.24668872356414795,0.004026246257126331,nan,nan,nan,nan
2575,968.8276741455775,3.0370773484187383,319.0,1.1082937352285454,0.3620983603333299,0.8996865203761756,1.3918373636433656,76.7014314178798,236.1143035888672,231.1184539794922,231.8942108154297,231.3132781982422,-0.5808902978897095,0.2150934785604477,0.016107117757201195,nan,nan,nan,nan
2576,1370.7946764230728,3.087375397349263,444.0,1.0903536249117898,0.3562277852669995,0.9369369369369369,1.3855071454677026,231.12768098343759,267.0109558105469,245.0631561279297,245.6699981689453,245.731201171875,0.06113038957118988,0.3616650402545929,0.0033093607053160667,nan,nan,nan,nan
2577,46.390309419017285,0.8590798040558757,54.0,1.055724751237301,0.3427740961865143,0.9629629629629629,1.3737213585243406,-320.94953755937286,19.61162567138672,231.0766143798828,234.22113037109375,232.79298400878906,-1.4281491041183472,0.5366455316543579,0.03447367995977402,nan,nan,nan,nan
2578,556.8793894164264,2.554492612001956,218.0,1.0944277968618177,0.3638818951166361,0.9220183486238532,1.4048915397444923,-135.2339251200258,175.2364501953125,233.2509765625,234.4432830810547,233.84429931640625,-0.5990020632743835,0.07185499370098114,0.01917685568332672,nan,nan,nan,nan
2579,675.1062923893332,2.8485497569170177,237.0,1.075011168698905,0.3414229473978204,0.9578059071729957,1.4241151040685611,-54.633216559333505,202.36221313476562,206.00341796875,206.968505859375,207.09312438964844,0.12465547770261765,0.5965462327003479,0.04600651189684868,nan,nan,nan,nan
2580,565.4390810802579,2.705450148709368,209.0,1.0841394294735047,0.3554091277707553,0.937799043062201,1.4033843150115468,-108.85129926093487,181.5345916748047,206.2406005859375,207.37828063964844,208.72259521484375,1.3442760705947876,0.2157505303621292,0.02756332792341709,nan,nan,nan,nan
2581,727.4424176737666,2.957082998673848,246.0,1.0796923588228196,0.35277251476290394,0.9024390243902439,1.3802224341824867,-20.12002547015959,212.58538818359375,222.4587860107422,223.50611877441406,223.0278778076172,-0.4781680405139923,0.17835192382335663,0.013746140524744987,nan,nan,nan,nan
2582,922.0669298656285,3.2016212842556544,288.0,1.0622763586682156,0.341421432813284,0.9375,1.369943694191819,91.33079381049129,244.2555389404297,219.8828887939453,220.7676239013672,219.6077117919922,-1.1599277257919312,0.38502153754234314,0.015050274319946766,nan,nan,nan,nan
2583,907.5691502094269,3.0765055939302606,295.0,1.0636104110637843,0.34859941995361987,0.9084745762711864,1.36019809923794,62.9707320024213,237.94886779785156,227.6974639892578,228.6897735595703,228.73577880859375,0.0459803007543087,0.242582768201828,0.014861050061881542,nan,nan,nan,nan
2584,530.9134343191981,2.5898216308253565,205.0,1.0911974669937754,0.3520952489883904,0.926829268292683,1.4042421640839138,-135.4556419352125,174.66909790039062,190.00640869140625,191.30364990234375,190.7548370361328,-0.5488453507423401,0.6241445541381836,0.04164690151810646,nan,nan,nan,nan
2585,1081.3994235545397,2.801552910763056,386.0,1.0787206188454574,0.35277814868960644,0.9352331606217616,1.4050351931008862,56.591337373243505,234.7021942138672,247.5487060546875,248.20721435546875,248.7987060546875,0.5914547443389893,0.49443158507347107,0.022272005677223206,nan,nan,nan,nan
2586,1265.2791947876103,3.3651042414564105,376.0,1.0829658060188359,0.3539286930166046,0.9281914893617021,1.3845372930549174,260.274368823269,274.663818359375,251.6935272216797,252.4229278564453,252.6415252685547,0.2185097485780716,0.3885613977909088,0.003654011758044362,nan,nan,nan,nan
2587,588.1045950651169,2.7610544369254315,213.0,1.088234523963446,0.3580206346396864,0.9014084507042254,1.3787742772615919,-94.10708936285778,184.8111572265625,221.31825256347656,222.5586395263672,221.7548828125,-0.8038080334663391,0.33097246289253235,0.00574164604768157,nan,nan,nan,nan
2588,533.9197630300187,2.4491732249083427,218.0,1.050962632126456,0.3336315691384411,0.963302752293578,1.3736809682429647,-158.19355150643355,170.21099853515625,180.8971405029297,182.3444061279297,181.576904296875,-0.7675014138221741,1.3408581018447876,0.029133448377251625,nan,nan,nan,nan
2589,635.4736274508759,2.7629288150038085,230.0,1.0897326684853959,0.35689919221002364,0.9173913043478261,1.4036064957438805,-80.4035993459222,194.1685333251953,216.2706756591797,217.61012268066406,217.89598083496094,0.2859269678592682,0.16864703595638275,0.018992260098457336,nan,nan,nan,nan
2590,373.22208455204964,2.3621650921015798,158.0,1.0844219012843295,0.35696955698228294,0.930379746835443,1.377928792412287,-200.07166868267257,133.42469787597656,200.8533172607422,203.126708984375,204.926513671875,1.7998374700546265,0.8383619785308838,0.06591134518384933,nan,nan,nan,nan
2591,930.150053422898,0.930150053422898,1000.0,1.1248968951703362,0.38049652353813873,0.88,1.3931053021633997,-1310.578210079435,86.62689208984375,95.1078109741211,95.27792358398438,95.69766235351562,0.41978976130485535,0.5148040056228638,0.09053801000118256,nan,nan,nan,nan
2592,779.6734729632735,2.877023885473334,271.0,1.0598475740525948,0.34149700174589126,0.9446494464944649,1.3620372251381836,-17.39712072304019,214.00726318359375,225.05108642578125,226.0182342529297,226.09991455078125,0.08169039338827133,0.36798444390296936,0.037969332188367844,nan,nan,nan,nan
2593,806.3990486189723,3.1135098402276924,259.0,1.0967164015129136,0.35959365108474267,0.9266409266409267,1.3811442288660554,33.09236719300452,225.93218994140625,231.2816925048828,232.4640350341797,232.5759735107422,0.11194667965173721,0.26476824283599854,0.0036043906584382057,nan,nan,nan,nan
2594,886.6100919134915,2.8416990125432418,312.0,1.0704034444862347,0.347701262956613,0.9423076923076923,1.3676661185647077,8.3461313376622,225.27886962890625,234.2495880126953,235.05230712890625,234.04595947265625,-1.006430745124817,0.07824613153934479,0.038268014788627625,nan,nan,nan,nan
2595,665.5978244356811,2.8444351471610303,234.0,1.090674473836589,0.35979376218488646,0.9401709401709402,1.3941086690807254,-58.20070644789905,198.70745849609375,218.09716796875,219.40907287597656,218.69317626953125,-0.7159073948860168,0.49621933698654175,0.04617839679121971,nan,nan,nan,nan
2596,192.52235297113657,1.799274326833052,107.0,1.1359443714855388,0.367453028725727,0.897196261682243,1.406039457228181,-279.7747731571151,77.41236114501953,186.1168212890625,190.30950927734375,188.07159423828125,-2.2379043102264404,2.145852565765381,0.02858625166118145,nan,nan,nan,nan
2597,888.0314704924822,3.0308241313736595,293.0,1.1174402272248596,0.36896826955099116,0.9283276450511946,1.4110068186399785,47.39370432886744,233.55796813964844,246.0279998779297,247.0435333251953,247.3334503173828,0.2899201214313507,0.5414923429489136,0.020065708085894585,nan,nan,nan,nan
2598,1212.105273425579,3.115951859705859,389.0,1.095249752626071,0.3624755812178613,0.9254498714652957,1.3968223198334155,181.3562091791964,260.5674133300781,253.63368225097656,254.2963409423828,255.491943359375,1.195526123046875,0.33999988436698914,0.016706552356481552,nan,nan,nan,nan
2599,533.4007626222447,2.260172722975613,236.0,1.0701870392276613,0.35014590829502135,0.9322033898305084,1.3903730085708397,-194.35842030472645,160.4405975341797,206.692626953125,207.95274353027344,208.25372314453125,0.3009772002696991,0.17959746718406677,0.06146158277988434,nan,nan,nan,nan
2600,2090.4783973162994,3.5016388564762133,597.0,1.0546842683493778,0.3403464857220046,0.916247906197655,1.355580763028175,647.8215205572526,315.9787902832031,250.509765625,250.9368896484375,250.4626007080078,-0.4741722345352173,0.46630117297172546,0.0032950120512396097,nan,nan,nan,nan
2601,187.67431346327066,1.690759580750186,111.0,1.0673497943993049,0.3587941497364347,0.8918918918918919,1.3665892079206847,-292.544116751763,74.71231079101562,206.58787536621094,209.3892059326172,209.2978973388672,-0.09134793281555176,0.9511086940765381,0.06586547940969467,nan,nan,nan,nan
2602,328.07916007936,2.2018735575795976,149.0,1.0817610054050761,0.3510871577796462,0.9395973154362416,1.376386538896023,-227.39165896010263,121.7848129272461,177.18495178222656,178.87937927246094,178.101318359375,-0.7780774235725403,0.83941251039505,0.03443491831421852,nan,nan,nan,nan
2603,900.9252111762762,2.8691885706250835,314.0,1.1102062667191133,0.3690718873460969,0.9299363057324841,1.3996707621610476,18.700598557056082,226.23867797851562,245.35890197753906,246.0393829345703,245.40809631347656,-0.6311647295951843,0.2540503442287445,0.012754084542393684,nan,nan,nan,nan
2604,444.72748320543906,2.403932341651022,185.0,1.1126443064689093,0.3727846176163734,0.9027027027027027,1.3758849473337336,-182.0350726150616,147.81976318359375,211.4041748046875,213.25474548339844,214.4979248046875,1.2432340383529663,0.4432061016559601,0.05560488626360893,nan,nan,nan,nan
2605,1112.825319706928,3.074103093113061,362.0,1.1105956145273261,0.3628887470473294,0.9281767955801105,1.4160225874847434,135.5450580463239,250.3119354248047,230.66717529296875,231.4293975830078,231.9093017578125,0.4799741804599762,0.3567381501197815,0.02744889445602894,nan,nan,nan,nan
2606,503.5978299304843,2.693036523692429,187.0,1.0885370980437417,0.3518340245786549,0.946524064171123,1.3869494216736347,-127.12537793340744,168.64561462402344,189.9269561767578,191.67205810546875,192.83677673339844,1.1647182703018188,0.4240959882736206,0.03141257166862488,nan,nan,nan,nan
2607,1013.1173553988338,3.0515582993940775,332.0,1.0804497412751934,0.3526133997261806,0.9337349397590361,1.3789684377261537,95.2468743890945,244.92247009277344,241.4145965576172,242.11866760253906,241.48789978027344,-0.6309029459953308,0.6940696835517883,0.03204715624451637,nan,nan,nan,nan
2608,968.7986307814717,3.027495721192099,320.0,1.0987725399823298,0.3631803232990933,0.928125,1.3903480659640368,74.69206203207864,240.2968292236328,234.6694793701172,235.6066131591797,235.0940704345703,-0.5124918222427368,0.6129063963890076,0.021056633442640305,nan,nan,nan,nan
2609,716.2221720069647,2.853474788872369,251.0,1.0817640779426756,0.34698103662619445,0.9482071713147411,1.4155335279827153,-41.24190124543907,205.88418579101562,216.0033416748047,217.0885009765625,217.211669921875,0.12318287044763565,0.04205919802188873,0.024106193333864212,nan,nan,nan,nan
2610,479.8832596540451,2.016316217033803,238.0,1.0997883407716442,0.36368180364473884,0.8991596638655462,1.371027117043707,-251.83657531631707,144.7315216064453,175.19541931152344,176.5461883544922,176.9626007080078,0.41641613841056824,1.052477240562439,0.011716160923242569,nan,nan,nan,nan
2611,806.9936952665448,2.8821203402376603,280.0,1.1055306830182854,0.3625252074300079,0.8714285714285714,1.3996162427098282,-7.899832615028345,218.8376922607422,230.79095458984375,231.74925231933594,231.24310302734375,-0.5061214566230774,0.24697479605674744,0.01748497411608696,nan,nan,nan,nan
2612,750.6899367123842,3.014819022941302,249.0,1.0968658199244148,0.36106188445474513,0.8755020080321285,1.372305573819675,-2.813484496628462,220.18150329589844,219.50682067871094,220.604248046875,220.10894775390625,-0.4952065646648407,0.31931233406066895,0.009015101008117199,nan,nan,nan,nan
2613,1832.3006599862128,3.405763308524559,538.0,1.0896175885754644,0.356082864725943,0.9200743494423792,1.387482296534357,506.48301850720054,299.724609375,250.9552001953125,251.50254821777344,251.8665771484375,0.36404648423194885,0.42885905504226685,0.016115672886371613,nan,nan,nan,nan
2614,1139.1118147298694,3.1123273626499164,366.0,1.0921356099480253,0.3573359799780628,0.9371584699453552,1.3830191841013,153.91024898248315,252.63661193847656,233.839599609375,234.5595703125,235.505126953125,0.9454619288444519,0.4006921947002411,0.026206862181425095,nan,nan,nan,nan
2615,1069.2411893913522,3.0813867129433783,347.0,1.0515194374716446,0.3398310919927607,0.899135446685879,1.3747114709325043,121.66581805618057,243.25001525878906,241.42779541015625,242.2847442626953,242.4451904296875,0.16046643257141113,0.3117026388645172,0.028668416664004326,nan,nan,nan,nan
2616,509.90086175178294,2.5883292474709796,197.0,1.0507083267477244,0.3330410416966837,0.9593908629441624,1.3662946781556806,-140.62560632906366,170.9729766845703,185.96923828125,187.2935028076172,186.5331573486328,-0.7603165507316589,0.4028172194957733,0.029588811099529266,nan,nan,nan,nan
2617,930.4342444837093,3.2646815595919625,285.0,1.0933239802101513,0.3576540572342752,0.9263157894736842,1.3844206844547235,105.63908649365862,248.05874633789062,222.54559326171875,223.5410614013672,223.5212860107422,-0.019774606451392174,0.7513021230697632,0.011241983622312546,nan,nan,nan,nan
2618,460.19088790751994,2.3844087456348184,193.0,1.0939884424703645,0.35855828583313293,0.9222797927461139,1.3774426076200048,-182.41427608654476,155.06454467773438,216.2828826904297,217.8273468017578,218.3654327392578,0.5380703210830688,0.17387263476848602,0.012221484445035458,nan,nan,nan,nan
2619,611.4156315401196,2.741774132466904,223.0,1.0939636218817081,0.35972295778770297,0.8968609865470852,1.3758173600726549,-90.59931310481011,187.9462890625,221.4822540283203,222.529052734375,222.3938751220703,-0.13512663543224335,0.09053020179271698,0.014882825314998627,nan,nan,nan,nan
2620,1174.8693118859082,3.3857905241668824,347.0,1.046924975262185,0.34021935419743793,0.9250720461095101,1.3675546735468644,227.29394055073658,270.48834228515625,233.8896942138672,234.5623016357422,234.1065673828125,-0.4558515250682831,0.43154996633529663,0.005631888750940561,nan,nan,nan,nan
2621,1905.1045672856271,3.3898657780883044,562.0,1.1178981571397426,0.3692149848295796,0.9128113879003559,1.403132153807667,531.759101285923,304.0512390136719,261.1344909667969,261.7320861816406,261.7219543457031,-0.010252286680042744,0.4432617425918579,0.01761522702872753,nan,nan,nan,nan
2622,1129.692642237991,3.303194860345003,342.0,1.0675486767627693,0.3490209260588506,0.9181286549707602,1.384490352182517,192.01890101129698,262.9611511230469,247.1480712890625,248.0371856689453,248.6724090576172,0.6352580189704895,0.6280502676963806,0.014256642200052738,nan,nan,nan,nan
2623,559.3194822482765,2.8683050371706487,195.0,1.077086059038792,0.3503191476498738,0.9333333333333333,1.3557968292089246,-87.24633378917929,184.01953125,226.5474853515625,228.0086669921875,227.408203125,-0.6004299521446228,0.24988260865211487,0.02025368995964527,nan,nan,nan,nan
2624,652.9402610184625,2.6650622898712752,245.0,1.0633331652258848,0.34779559967827156,0.9183673469387755,1.3562309690406427,-92.64185610376819,193.14036560058594,201.6175994873047,202.7080078125,202.69544982910156,-0.012580198235809803,0.6021690964698792,0.05957801640033722,nan,nan,nan,nan
2625,1209.2907928563654,3.377907242615546,358.0,1.0837987347179452,0.35318984765834976,0.9106145251396648,1.403613492143771,239.93183528254326,273.245849609375,246.06976318359375,246.98390197753906,247.1700439453125,0.1862170249223709,0.19209082424640656,0.017680292949080467,nan,nan,nan,nan
2626,1111.5478399833664,3.2406642565112724,343.0,1.0815112154083621,0.35444617202351947,0.9096209912536443,1.3932257744482879,171.89377273497666,258.7098083496094,239.96485900878906,241.0537109375,241.73268127441406,0.678913414478302,0.6009028553962708,0.02252138964831829,nan,nan,nan,nan
2627,643.1371877640486,2.702257091445582,238.0,1.1215746969849092,0.3738094370817722,0.9411764705882353,1.4083452603894187,-88.5826472063136,192.5236358642578,228.3700714111328,229.62339782714844,229.0448760986328,-0.5784333348274231,0.30145788192749023,0.0057937512174248695,nan,nan,nan,nan
2628,1066.3305077515543,2.9456643860540175,362.0,1.0875214990946747,0.35613186951104076,0.9226519337016574,1.3755022725641433,89.05024609095017,240.96327209472656,242.6891632080078,243.45550537109375,243.20301818847656,-0.2524868845939636,0.27364665269851685,0.024706359952688217,nan,nan,nan,nan
2629,513.4668372273445,2.4334921195608743,211.0,1.0352484391654992,0.3304883428146926,0.9289099526066351,1.3619800193141387,-164.78419515723908,165.87631225585938,185.54393005371094,186.6659393310547,186.4978485107422,-0.1680687665939331,0.054546475410461426,0.029331134632229805,nan,nan,nan,nan
2630,695.1891905292869,2.860860866375666,243.0,1.0881034341442621,0.35722987452986305,0.9094650205761317,1.375020704778243,-46.43227454955286,201.6866912841797,234.1620330810547,235.09552001953125,234.7707061767578,-0.3247734606266022,0.3009885847568512,0.028999514877796173,nan,nan,nan,nan
2631,391.7690056532156,2.345922189540213,167.0,1.117147145402903,0.3747914088801076,0.8982035928143712,1.380709432562843,-199.34768177676608,139.126220703125,201.1065673828125,203.14015197753906,204.42578125,1.2856684923171997,0.9715032577514648,0.06380567699670792,nan,nan,nan,nan
2632,386.7534888256341,2.4633980179976698,157.0,1.0930771557645174,0.3551470703794374,0.9171974522292994,1.4030494357320877,-184.55993838739255,141.04771423339844,200.0106964111328,202.21849060058594,203.7579803466797,1.5395008325576782,0.6774348020553589,0.020267345011234283,nan,nan,nan,nan
2633,1199.3881834298372,3.2328522464416096,371.0,1.1006509625057612,0.3600909460175101,0.9407008086253369,1.3985231775262228,204.28498757397347,267.3534851074219,236.6786651611328,237.5028839111328,237.9191131591797,0.416284441947937,0.33950960636138916,0.027105262503027916,nan,nan,nan,nan
2634,527.4760382473469,2.747271032538265,192.0,1.0807360476045191,0.35609056749293205,0.921875,1.3771598437339392,-113.14879972502229,175.4578399658203,220.58740234375,221.9700164794922,221.92005920410156,-0.04998306557536125,0.19115085899829865,0.007886428385972977,nan,nan,nan,nan
2635,1588.8932751119137,3.3380110821678857,476.0,1.0720161016309462,0.3509244988966735,0.9117647058823529,1.369334137712996,385.85584697802256,287.3219299316406,267.1979675292969,267.7016906738281,269.0325927734375,1.3308573961257935,0.9478974342346191,0.0636417418718338,nan,nan,nan,nan
2636,195.52347203344107,1.9749845659943541,99.0,1.0907912420375314,0.36125431527377355,0.8686868686868687,1.3515584953091302,-260.9310459212466,83.2811279296875,181.2926788330078,184.30615234375,185.44410705566406,1.1379474401474,0.4327329993247986,0.06189706549048424,nan,nan,nan,nan
2637,758.4094250947237,3.0458209843161597,249.0,1.1154152325884263,0.3689567445779071,0.9036144578313253,1.3943233231774996,4.906003885711016,220.14306640625,234.15203857421875,235.20458984375,234.36033630371094,-0.8442960381507874,0.2977195680141449,0.00839421059936285,nan,nan,nan,nan
2638,1526.1028581866995,3.2609035431339732,468.0,1.1011254480409973,0.36179400521676797,0.9166666666666666,1.3753889801796464,338.90803822637235,282.7457580566406,250.4504852294922,251.0520477294922,250.99920654296875,-0.05287661775946617,0.8466170430183411,0.026225347071886063,nan,nan,nan,nan
2639,1290.714903427288,3.1252176838433123,413.0,1.0834319534235337,0.3532560688979612,0.9322033898305084,1.4032291512522141,212.43801466021318,264.5088806152344,242.0019073486328,242.58831787109375,241.75047302246094,-0.8378212451934814,0.306499183177948,0.012704156339168549,nan,nan,nan,nan
2640,508.63884726632386,2.6912108320969517,189.0,1.1025987318521857,0.36375916452677604,0.91005291005291,1.3781048420706195,-126.04501264095882,169.9147186279297,189.85595703125,191.17295837402344,190.57470703125,-0.5982369780540466,0.25659850239753723,0.004589127376675606,nan,nan,nan,nan
2641,1064.0922486384225,2.860463033974254,372.0,1.0912653405041075,0.3597837669691204,0.9059139784946236,1.377602371302274,67.00872676086328,238.69149780273438,244.6423797607422,245.36529541015625,245.3069305419922,-0.05838124826550484,0.5620147585868835,0.015703052282333374,nan,nan,nan,nan
2642,707.1367929950356,3.101477162258928,228.0,1.1255885258953484,0.36852735800000397,0.9298245614035088,1.416113259819435,-4.779781758371541,212.70843505859375,210.88279724121094,212.1390380859375,211.48980712890625,-0.649150550365448,0.3305361568927765,0.002757213544100523,nan,nan,nan,nan
2643,1001.6709572868422,3.0261962455795834,331.0,1.096202773962502,0.3603844342102397,0.9033232628398792,1.3940708552817942,85.78080229879856,238.1957550048828,253.02476501464844,253.72666931152344,253.8955841064453,0.16898322105407715,0.3636869192123413,0.020508620887994766,nan,nan,nan,nan
2644,685.5490305181593,2.9549527177506865,232.0,1.1166426132112208,0.3637828399065026,0.9008620689655172,1.4152388822152961,-34.288848322029935,208.7365264892578,219.2196044921875,220.3021240234375,219.7464599609375,-0.5556136965751648,0.27469274401664734,0.008928220719099045,nan,nan,nan,nan
2645,1331.13310739398,3.3361732014886716,399.0,1.0707296358847322,0.34717972858628726,0.9047619047619048,1.3704183810610313,280.5807829306423,276.2314147949219,242.9338836669922,243.6536102294922,244.22694396972656,0.573365330696106,0.45764467120170593,0.008809455670416355,nan,nan,nan,nan
2646,1257.753071746789,3.1132501775910617,404.0,1.1009280299294075,0.36189009557739776,0.8886138613861386,1.363055459741225,197.29911717497362,262.0626525878906,257.0619812011719,257.7408142089844,257.7689514160156,0.028104642406105995,0.30491840839385986,0.009006151929497719,nan,nan,nan,nan
2647,408.78761691600084,2.5709913013584957,159.0,1.1270520447643215,0.3730690403823376,0.8616352201257862,1.4087206567873964,-166.4864623404169,149.54156494140625,192.62965393066406,194.16192626953125,192.56321716308594,-1.5987154245376587,0.491369366645813,0.048866551369428635,nan,nan,nan,nan
2648,862.0884904004633,2.826519640657257,305.0,1.0988459129651218,0.36204970084401766,0.8819672131147541,1.378994130131787,-2.3131880234973323,221.46920776367188,234.68492126464844,235.4690704345703,235.0819854736328,-0.38705888390541077,0.2855062186717987,0.020388808101415634,nan,nan,nan,nan
2649,634.3590311408043,2.7580827440904536,230.0,1.1113694049681735,0.3682745455715517,0.908695652173913,1.3841937759508556,-81.51819565599385,192.9250030517578,229.4736328125,230.7256622314453,229.3693389892578,-1.3563038110733032,0.23089128732681274,0.014503812417387962,nan,nan,nan,nan
2650,874.7287954688072,2.8964529651285007,302.0,1.1065939028769425,0.3642198524972893,0.890728476821192,1.4017042838374774,16.26809510993303,223.69981384277344,229.5666046142578,230.3745574951172,229.965576171875,-0.4089815318584442,0.42377886176109314,0.012147868052124977,nan,nan,nan,nan
2651,465.8234915137291,2.3888384180191236,195.0,1.1191304666888815,0.36867280186862394,0.9230769230769231,1.3901574656381266,-180.74232452372667,156.63595581054688,205.5551300048828,206.7638702392578,206.41725158691406,-0.34663185477256775,0.385643869638443,0.010053778067231178,nan,nan,nan,nan
2652,689.5511203557253,2.7917049407114383,247.0,1.1244000323736771,0.3670613157440997,0.9473684210526315,1.4163225383531843,-59.99164880989633,201.17588806152344,220.44873046875,221.4219970703125,221.2109375,-0.2110244780778885,0.22226229310035706,0.042356278747320175,nan,nan,nan,nan
2653,496.5359103567898,2.2166781712356687,224.0,1.0628535757799749,0.35230229515248845,0.9375,1.3643801375101994,-207.45936030983535,154.22586059570312,193.49229431152344,194.91162109375,196.21356201171875,1.301978349685669,0.9463369846343994,0.01346434187144041,nan,nan,nan,nan
2654,1161.7416228465736,3.156906583822211,368.0,1.078484431688059,0.3568303785908464,0.9375,1.3750057387358707,172.57940505579631,261.7019348144531,253.4541473388672,254.3623809814453,254.84130859375,0.47901344299316406,0.8465443849563599,0.012862003408372402,nan,nan,nan,nan
2655,640.7690905705094,2.84786262475782,225.0,1.0513012337784648,0.3431198376275736,0.9422222222222222,1.3728878191672518,-65.20650611781127,199.42901611328125,226.96392822265625,228.0534210205078,227.5314178466797,-0.5219932198524475,0.2202271819114685,0.01968999393284321,nan,nan,nan,nan
2656,1157.8863967759535,3.163624034906977,366.0,1.0827580040533078,0.3530325350881861,0.9207650273224044,1.3942946690897065,172.68483102856726,259.33721923828125,247.0503692626953,247.97314453125,248.0087890625,0.035689402371644974,0.3285141587257385,0.02496684156358242,nan,nan,nan,nan
2657,766.1728649623692,2.73633166057989,280.0,1.0612482382512967,0.3520920786705877,0.925,1.3766804802256798,-48.72066291920396,204.8134307861328,241.5303497314453,242.4222412109375,242.89599609375,0.47376084327697754,0.2340366691350937,0.004914334509521723,nan,nan,nan,nan
2658,315.0150288064033,2.006465151633142,157.0,1.1275265330312916,0.38142639948124357,0.8535031847133758,1.427454790874436,-256.2983984066234,118.01629638671875,163.82061767578125,165.74803161621094,164.69825744628906,-1.0498143434524536,1.3944337368011475,0.04138670116662979,nan,nan,nan,nan
2659,395.0220850557089,2.2192251969421846,178.0,1.0910963991193796,0.36085313512246714,0.9325842696629213,1.3997400887585487,-217.87818861292328,138.23646545410156,191.6759490966797,193.21783447265625,193.6263427734375,0.40852847695350647,0.5702606439590454,0.03194531798362732,nan,nan,nan,nan
2660,1764.704561674036,3.2740344372431096,539.0,1.1040190439098845,0.3632404583147177,0.9387755102040817,1.4143209556068823,436.90659417332836,289.2297668457031,252.2822265625,252.76942443847656,253.695556640625,0.9262884259223938,0.42672282457351685,0.03110053762793541,nan,nan,nan,nan
2661,469.4568062014878,2.335606001002427,201.0,1.118936859367362,0.366770562060775,0.8955223880597015,1.4091817268117282,-188.99096596614095,152.6193084716797,209.6898193359375,210.9857635498047,209.5648956298828,-1.4208742380142212,0.49188271164894104,0.02725975215435028,nan,nan,nan,nan
2662,846.4371295496821,2.8987572929783636,292.0,1.0698646359246666,0.3491883098660316,0.8972602739726028,1.3766479652303185,7.779689407763044,217.1953887939453,228.88929748535156,229.6846466064453,230.5769805908203,0.8923680782318115,0.42951706051826477,0.006710689980536699,nan,nan,nan,nan
2663,946.1365233534016,2.911189302625851,325.0,1.0817120865735586,0.35218577086121045,0.916923076923077,1.3911221854843099,42.12832449553093,231.16567993164062,230.4376983642578,231.31935119628906,231.28041076660156,-0.03898216411471367,0.24121692776679993,0.02016456425189972,nan,nan,nan,nan
2664,1563.5524101369083,3.4138698911286207,458.0,1.0866360116264409,0.35306478694217375,0.9366812227074236,1.3859652463175387,396.16085039353607,292.5422668457031,249.7830810546875,250.45233154296875,251.241455078125,0.78904789686203,0.48529452085494995,0.014803514815866947,nan,nan,nan,nan
2665,1154.0898503735662,3.354912355737111,344.0,1.0657947500704357,0.3423005242680507,0.938953488372093,1.3875021553095308,212.45545710348097,269.343017578125,226.24794006347656,227.10508728027344,226.0857696533203,-1.019389033317566,0.6658522486686707,0.047029703855514526,nan,nan,nan,nan
2666,843.1916124746203,3.0886139651084994,273.0,1.092640370032456,0.35583855433790956,0.9487179487179487,1.407183431715445,42.160366744915564,230.7304229736328,231.9759979248047,233.0225830078125,232.6137237548828,-0.4088047444820404,0.4365474283695221,0.009034262038767338,nan,nan,nan,nan
2667,799.0590242743492,3.0615288286373534,261.0,1.0963069917033468,0.35802477707335245,0.9348659003831418,1.4107703639579507,21.791690804990594,227.49691772460938,226.24415588378906,227.18080139160156,226.939697265625,-0.2410670518875122,0.33670854568481445,0.00684071471914649,nan,nan,nan,nan
2668,1165.0928115136921,3.245383876082708,359.0,1.1087317011834896,0.36401535025407034,0.9275766016713092,1.3952355659722264,193.75352791817454,261.6397399902344,257.4421081542969,258.0725402832031,259.0749816894531,1.0024895668029785,0.3019390404224396,0.025911804288625717,nan,nan,nan,nan
2669,1021.088026965037,3.113073252942186,328.0,1.0756900870144521,0.344843492514432,0.9573170731707317,1.389260901609204,111.13885004207987,246.34446716308594,229.764892578125,230.6334686279297,231.58935546875,0.9558274149894714,0.2486809492111206,0.02113737165927887,nan,nan,nan,nan
2670,194.74351781606674,1.6094505604633615,121.0,1.0890816344715573,0.35398666974485493,0.9421487603305785,1.3764112559386503,-305.2781726159219,75.69017028808594,182.96022033691406,185.16114807128906,184.8197784423828,-0.3413951098918915,1.558851718902588,0.008758743293583393,nan,nan,nan,nan
2671,214.00625337276142,1.7686467220889375,121.0,1.0661328984310234,0.3439618623926921,0.9338842975206612,1.3992897462725948,-286.0154370592272,84.15583801269531,178.5885009765625,181.62818908691406,181.5532989501953,-0.0748768076300621,1.0833685398101807,0.032497480511665344,nan,nan,nan,nan
2672,1563.0564745890442,3.290645209661146,475.0,1.0929784512628329,0.3527466041208122,0.9284210526315789,1.3914965277653077,361.9993724768485,285.6206359863281,253.6752471923828,254.32472229003906,255.3286590576172,1.0039786100387573,0.6909290552139282,0.03449627757072449,nan,nan,nan,nan
2673,774.85822750628,3.0748342361360317,252.0,1.0943824964781557,0.35917493947824736,0.9404761904761905,1.3814141443214287,15.413828232180776,220.22964477539062,221.45079040527344,222.4520721435547,221.93727111816406,-0.514764130115509,0.3620797395706177,0.01657462865114212,nan,nan,nan,nan
2674,1078.8987213671207,3.2893253700217095,328.0,1.0886036542219701,0.35796270890213927,0.9207317073170732,1.3796205842948386,168.94954444416362,261.0689697265625,248.5868377685547,249.5327911376953,250.126220703125,0.5935073494911194,0.14074625074863434,0.010090811178088188,nan,nan,nan,nan
2675,793.8874375000596,3.1628981573707553,251.0,1.095170735646785,0.3577043657931023,0.9083665338645418,1.4080048331794406,36.423364247655854,231.0953369140625,217.25743103027344,218.3396759033203,218.17584228515625,-0.16381323337554932,0.32409659028053284,0.019255826249718666,nan,nan,nan,nan
2676,867.5170421278308,2.8725729871782475,302.0,1.0879041181325662,0.3580966728232404,0.9304635761589404,1.372173023744204,9.0563417689566,223.19386291503906,226.9243927001953,227.8271484375,227.5881805419922,-0.23895694315433502,0.17244720458984375,0.007400126196444035,nan,nan,nan,nan
2677,440.6313507333398,2.192195774792735,201.0,1.1271296210848265,0.3768472365562373,0.9054726368159204,1.4042960664032604,-217.81642143428894,144.10671997070312,203.38832092285156,205.1822052001953,205.5517120361328,0.3695088326931,0.618715763092041,0.02718530409038067,nan,nan,nan,nan
2678,1152.0401089917868,3.3104600833097324,348.0,1.0756040048138442,0.35338420749593896,0.896551724137931,1.3658291312192454,202.48441163491975,268.220947265625,245.99183654785156,246.6998291015625,246.4711456298828,-0.22863982617855072,0.6131837964057922,0.00036544958129525185,nan,nan,nan,nan
2679,739.9492427557707,2.7922612934180027,265.0,1.1401423020756887,0.37533399964096653,0.909433962264151,1.4286810403589267,-45.239394800370064,202.49436950683594,228.28343200683594,229.1144256591797,228.95306396484375,-0.16140158474445343,0.1887723207473755,0.025561491027474403,nan,nan,nan,nan
2680,647.5112417722121,2.3545863337171347,275.0,1.0570726210055228,0.3456501147307625,0.9381818181818182,1.381990427111236,-157.48065600088353,179.58139038085938,229.66114807128906,230.55812072753906,231.0423126220703,0.4841254651546478,0.2859403192996979,0.048283711075782776,nan,nan,nan,nan
2681,1001.2285641282797,3.1988133039242164,313.0,1.0805830855437493,0.3550933737840458,0.9169329073482428,1.3755747790074173,120.98427753075498,247.98727416992188,235.01441955566406,235.9689178466797,235.5405731201172,-0.42829713225364685,0.32520392537117004,0.0058233849704265594,nan,nan,nan,nan
2682,889.423319619149,2.8877380507115227,308.0,1.092330460055069,0.3605333503820589,0.9318181818181818,1.3807942331473428,19.08066313010181,224.72158813476562,240.9521484375,241.8494415283203,242.26544189453125,0.41601991653442383,0.29908162355422974,0.010402686893939972,nan,nan,nan,nan
2683,716.7698029177263,2.9741485598245907,241.0,1.0900888339040313,0.3564526207729295,0.941908713692946,1.372567002858694,-20.891010117722317,210.60723876953125,200.5606689453125,201.89454650878906,201.67767333984375,-0.21684682369232178,0.456927627325058,0.04027082398533821,nan,nan,nan,nan
2684,639.8363240472972,2.7940450831759707,229.0,1.0877014858856915,0.3578035986568478,0.9170305676855895,1.3828805792949848,-74.06057672780548,194.10501098632812,220.93922424316406,221.89939880371094,222.56532287597656,0.6659533977508545,0.17534299194812775,0.0158871877938509,nan,nan,nan,nan
2685,938.4869974199682,2.6968017167240466,348.0,1.1039986005917217,0.36189184691170423,0.9224137931034483,1.3952647310879815,-11.068699936898838,225.90472412109375,194.89190673828125,195.65826416015625,194.87548828125,-0.7827675938606262,0.5319666862487793,0.02092747390270233,nan,nan,nan,nan
2686,609.7861938332208,2.710160861480981,225.0,1.0450298436720495,0.3356914043630025,0.9422222222222222,1.3447509797207693,-96.18940285509996,187.55120849609375,202.07550048828125,203.22154235839844,202.2861785888672,-0.9353039264678955,0.7006400227546692,0.01570769213140011,nan,nan,nan,nan
2687,1047.6992994584143,3.0814685278188656,340.0,1.0869247677438338,0.36090427715332457,0.9117647058823529,1.3657262887894068,113.98621027511103,245.14971923828125,236.9708251953125,237.7552490234375,237.4762420654297,-0.279135525226593,0.18430310487747192,0.013738799840211868,nan,nan,nan,nan
2688,1086.9004738368094,3.0024874967867663,362.0,1.101856346397675,0.3629646403807739,0.9475138121546961,1.4066304248891173,109.62021217620531,241.91958618164062,232.65814208984375,233.34767150878906,233.8974609375,0.5499086380004883,0.19610822200775146,0.01222230214625597,nan,nan,nan,nan
2689,971.6124926507473,3.0553851970149286,318.0,1.096347152305357,0.36011166556541113,0.9182389937106918,1.4028265137562486,81.46657594474505,238.3087158203125,241.80950927734375,242.6704559326172,243.156494140625,0.4859742820262909,0.2613082230091095,0.010261435061693192,nan,nan,nan,nan
2690,942.4780739024282,3.1415935796747605,300.0,1.0893663343063205,0.3563877722752901,0.95,1.4137982527378892,87.97802558694502,241.63143920898438,240.9683074951172,241.975830078125,242.2493438720703,0.27360713481903076,0.4815613031387329,0.011700822971761227,nan,nan,nan,nan
2691,864.5070403693244,3.213780819216819,269.0,1.0709430571907375,0.34657863188676924,0.9405204460966543,1.3887734403128627,71.39709872640174,236.90097045898438,218.07855224609375,219.2748260498047,218.6280059814453,-0.646822988986969,0.33288952708244324,0.007051646243780851,nan,nan,nan,nan
2692,1802.513421818614,3.513671387560651,513.0,1.099578871401074,0.35823198509715887,0.9376218323586745,1.3941182397065983,526.2039308819892,304.6361083984375,253.7698974609375,254.3914794921875,254.43333435058594,0.04184822365641594,0.578811764717102,0.007514855358749628,nan,nan,nan,nan
2693,955.0513728968799,2.8508996205877013,335.0,1.0977410053414594,0.35897337082230174,0.9223880597014925,1.3878136603260183,31.239913822054177,227.58673095703125,225.70574951171875,226.41624450683594,226.41175842285156,-0.0045377821661531925,0.1663382351398468,0.03041090816259384,nan,nan,nan,nan
2694,1050.294073946774,2.9502642526594776,356.0,1.0946103321583225,0.35383726307114655,0.9466292134831461,1.3950855090631094,84.89576841634289,243.85423278808594,221.91981506347656,222.73638916015625,222.36793518066406,-0.3685390055179596,0.1850503832101822,0.01453878078609705,nan,nan,nan,nan
2695,1191.4639492610004,3.177237198029334,375.0,1.0524285722612028,0.33909126844629645,0.952,1.3756529567955191,188.43944931835472,262.5208435058594,239.63153076171875,240.29835510253906,240.18714904785156,-0.11118336766958237,0.06246991828083992,0.009611937217414379,nan,nan,nan,nan
2696,475.7447811793536,2.366889458603749,201.0,1.078646768760177,0.3512833354859319,0.9303482587064676,1.3965033154920352,-182.70299098827513,155.20211791992188,184.6220703125,185.7324676513672,184.91929626464844,-0.8131108283996582,0.6128318905830383,0.027635449543595314,nan,nan,nan,nan
2697,1003.4244949296117,3.031493942385534,331.0,1.080855185366327,0.3503586559500503,0.9274924471299094,1.3852246296326907,87.53433994156808,240.06982421875,232.99134826660156,233.7735595703125,233.4581756591797,-0.3154383897781372,0.24593132734298706,0.02421991340816021,nan,nan,nan,nan
2698,906.4727490246296,3.1257681000849296,290.0,1.0740461772410022,0.35411587992493043,0.9241379310344827,1.3690638389195962,71.77596092610133,236.5210418701172,229.3714599609375,230.4182891845703,230.46705627441406,0.04879872873425484,0.22638608515262604,0.00580101041123271,nan,nan,nan,nan
2699,1046.9390085190535,3.143960986543704,333.0,1.0690619197794842,0.3472686433053279,0.9459459459459459,1.3730289304347518,127.08820148761879,252.8060760498047,238.6270294189453,239.4639434814453,239.12921142578125,-0.3347586393356323,0.6183416247367859,0.026973076164722443,nan,nan,nan,nan
2700,766.9978878951515,2.9728600306013626,258.0,1.098497974036262,0.3565765953299683,0.9263565891472868,1.3938982190886255,-4.328467509120628,220.0841522216797,233.8137969970703,234.69573974609375,234.5029754638672,-0.1927068829536438,0.492178738117218,0.008133022114634514,nan,nan,nan,nan
2701,2114.8614839520305,3.627549715183586,583.0,1.0856370067506254,0.35282762952469005,0.9365351629502573,1.3911971074527634,699.9291714967208,321.3675537109375,256.0997314453125,256.5962829589844,257.0920715332031,0.49572238326072693,0.4586166441440582,0.014256339520215988,nan,nan,nan,nan
2702,907.4016348142177,3.0864001184157064,294.0,1.1240486027647227,0.3687361278101139,0.9251700680272109,1.4198362426315665,64.78354262890753,235.06930541992188,227.81935119628906,228.55039978027344,227.5902099609375,-0.9601612687110901,0.566591739654541,0.029362862929701805,nan,nan,nan,nan
2703,540.7812072187662,2.480647739535625,218.0,1.0803174386826837,0.35405021994465474,0.926605504587156,1.3944548522581275,-151.332107317686,171.13858032226562,214.46173095703125,215.5408935546875,215.6856231689453,0.14469724893569946,0.5153645277023315,0.029717164114117622,nan,nan,nan,nan
2704,980.2172094946727,3.072781220986435,319.0,1.1029688306952035,0.361317135575967,0.9059561128526645,1.3876900571846718,88.09096676697504,239.945556640625,235.5277099609375,236.41954040527344,236.6953582763672,0.27586954832077026,0.5205506086349487,0.02311559021472931,nan,nan,nan,nan
2705,922.9115340858698,3.0866606491166215,299.0,1.0658491006468214,0.34639751715814004,0.9063545150501672,1.3521648669750044,70.39181179208208,238.87808227539062,228.71971130371094,229.778076171875,229.5946502685547,-0.18341957032680511,0.25012916326522827,0.005538139492273331,nan,nan,nan,nan
2706,588.1499143987894,2.524248559651457,233.0,1.106920646411656,0.36871049701831093,0.9098712446351931,1.3857420037216397,-133.66829046309522,178.9335479736328,229.624755859375,230.98545837402344,231.91754150390625,0.9320808053016663,0.4312518239021301,0.039535295218229294,nan,nan,nan,nan
2707,612.8118856698275,2.890622102216167,212.0,1.1085935245632048,0.36530140145861545,0.8915094339622641,1.4191957402356767,-67.41947273645178,194.66470336914062,203.3020782470703,204.44032287597656,204.24305725097656,-0.19729934632778168,0.22625814378261566,0.021414613351225853,nan,nan,nan,nan
2708,1204.830625015311,3.0972509640496426,389.0,1.0650364976647277,0.34601153590757916,0.922879177377892,1.3622168753984034,174.08156076892828,259.02484130859375,246.3993682861328,247.03221130371094,247.3246307373047,0.2924213111400604,0.6390131711959839,0.03164437785744667,nan,nan,nan,nan
2709,635.5986025780439,2.837493761509125,224.0,1.102406063875748,0.362740799187642,0.9375,1.4171409930557035,-68.39666808858124,195.88357543945312,233.8312225341797,235.02650451660156,234.044189453125,-0.982326328754425,0.2398601472377777,0.016837228089571,nan,nan,nan,nan
2710,507.2129187434912,2.574684866718229,197.0,1.0756339253654363,0.3533586216075793,0.9187817258883249,1.3500341258416526,-143.31354933735543,170.3663330078125,220.4300994873047,221.6565399169922,220.972412109375,-0.6841114163398743,0.18426688015460968,0.028162458911538124,nan,nan,nan,nan
2711,698.1052926992998,2.958073274149575,236.0,1.1047489576797032,0.3648238945344189,0.8940677966101694,1.3791720220482042,-29.653890227671354,206.903564453125,226.0200958251953,227.2966766357422,227.01007080078125,-0.2866087257862091,0.5746939778327942,0.011185086332261562,nan,nan,nan,nan
2712,726.3832769681467,2.479123812177975,293.0,1.079390676313208,0.3493524134357484,0.931740614334471,1.377559140559231,-114.25448919546807,197.0032501220703,211.0714874267578,211.95098876953125,211.60589599609375,-0.3450179100036621,0.20697984099388123,0.01339224074035883,nan,nan,nan,nan
2713,874.7547491490841,2.776999203647886,315.0,1.0824737611534951,0.35423851713027543,0.9365079365079365,1.3716937187147584,-9.45018949183168,219.91500854492188,231.68431091308594,232.5384979248047,233.157958984375,0.6195399165153503,0.4649846851825714,0.015032796189188957,nan,nan,nan,nan
2714,800.5000497996807,2.986940484327167,268.0,1.0835441619671844,0.3519820883243596,0.9328358208955224,1.3876874208591932,9.370434178453479,220.82476806640625,221.48365783691406,222.4876251220703,221.593994140625,-0.8935422897338867,0.256651908159256,0.02741166017949581,nan,nan,nan,nan
2715,712.3703637234867,2.7189708539064377,262.0,1.0857218684781174,0.3571148416739545,0.9122137404580153,1.3671024640308238,-66.8772957675676,202.55105590820312,239.6447296142578,240.6071014404297,240.44898986816406,-0.1580512523651123,0.29481035470962524,0.014979868195950985,nan,nan,nan,nan
2716,956.8998534459388,3.047451762566684,314.0,1.088482696552406,0.355305268908228,0.9203821656050956,1.3991519185434378,74.67524082671866,237.35621643066406,217.24476623535156,218.35076904296875,217.40928649902344,-0.9414510130882263,0.2658098340034485,0.020855363458395004,nan,nan,nan,nan
2717,771.7059320956469,2.912097856964705,265.0,1.0913968144443642,0.35869979760470455,0.9283018867924528,1.4015992269638073,-13.48270546049389,217.661376953125,227.77195739746094,228.8619842529297,228.0775146484375,-0.7844567894935608,0.5584172606468201,0.06066681072115898,nan,nan,nan,nan
2718,909.2104009017348,3.0006943924149665,303.0,1.097717749291428,0.3610714878096749,0.8976897689768977,1.3747843005159321,48.76937452116522,235.54310607910156,229.6641387939453,230.6223907470703,230.5457305908203,-0.0765075758099556,0.5915951132774353,0.0368829183280468,nan,nan,nan,nan
2719,582.9936124486849,2.816394263037125,207.0,1.1139367341994233,0.36601695100249704,0.927536231884058,1.4159333313448716,-87.33611584911682,185.9893798828125,214.25962829589844,215.732666015625,215.6194305419922,-0.11325638741254807,0.39317867159843445,0.004335546866059303,nan,nan,nan,nan
2720,611.4010327160358,2.857014171570261,214.0,1.0932808586806297,0.3595456286194374,0.9205607476635514,1.3894556052781841,-72.79097773363435,192.23193359375,222.8931121826172,224.1328582763672,224.2857666015625,0.15282873809337616,0.5130459666252136,0.0038154819048941135,nan,nan,nan,nan
2721,613.2918218057603,2.7257414302478233,225.0,1.1138494552902642,0.36523344714332506,0.9022222222222223,1.3932205511649254,-92.68377488256044,191.47055053710938,222.78216552734375,223.5403289794922,222.6855926513672,-0.8547678589820862,0.061247047036886215,0.01361536793410778,nan,nan,nan,nan
2722,900.1358614144847,3.0104878308176746,299.0,1.099115705477128,0.35987563932627553,0.9264214046822743,1.3861178168376025,47.61613912069697,230.65499877929688,224.66651916503906,225.5058135986328,225.7444305419922,0.2385609894990921,0.4398324191570282,0.03841596469283104,nan,nan,nan,nan
2723,602.5136461146176,2.6426037110290244,228.0,1.0768387931414833,0.3497636864809061,0.9210526315789473,1.3518000338665128,-109.4029286387896,181.95188903808594,209.6686553955078,211.08782958984375,209.76002502441406,-1.3277974128723145,0.21946193277835846,0.02364964969456196,nan,nan,nan,nan
2724,1855.4842665940523,3.5075316948847868,529.0,1.0656244158243386,0.34492428605213293,0.9376181474480151,1.3951815262005254,547.4895593102995,307.1121826171875,259.0701599121094,259.6261291503906,260.8484802246094,1.2223650217056274,0.563866138458252,0.02321397326886654,nan,nan,nan,nan
2725,832.8950779717416,3.050897721508211,273.0,1.1064057535112801,0.36259763350138,0.9084249084249084,1.3742437965581638,31.86383224203678,225.33563232421875,238.06085205078125,238.8603973388672,238.9453125,0.08488113433122635,0.4033253788948059,0.01956305280327797,nan,nan,nan,nan
2726,1528.5006226226687,3.374173559873441,453.0,1.0857936051096824,0.358022569134146,0.9116997792494481,1.3733432263223082,371.01069298777406,287.84423828125,242.1058807373047,242.6925811767578,242.70697021484375,0.014499555341899395,0.3519446849822998,0.00555288465693593,nan,nan,nan,nan
2727,1571.456606959924,3.0995199348321973,507.0,1.067549427837133,0.34712388242361,0.903353057199211,1.3751970971402971,307.0290721534725,273.4039001464844,252.03009033203125,252.55224609375,252.9144287109375,0.3621187210083008,0.6342282295227051,0.026203704997897148,nan,nan,nan,nan
2728,419.088267210871,2.4365596930864593,172.0,1.1379407006665787,0.3825614936074491,0.8953488372093024,1.4144989462861508,-181.93005032758822,145.20118713378906,214.0643310546875,215.5933380126953,216.6321258544922,1.0388320684432983,0.9523892998695374,0.06927882879972458,nan,nan,nan,nan
2729,1442.3596941232681,3.017488899839473,478.0,1.1060910793011287,0.3644862748864388,0.9225941422594143,1.393175568229186,235.36161394598594,262.7669677734375,237.6445770263672,238.297607421875,238.6147003173828,0.31724750995635986,0.43434426188468933,0.01766824722290039,nan,nan,nan,nan
2730,734.6076673157513,2.858395592668293,257.0,1.0377428742785118,0.3360895450197066,0.9299610894941635,1.3675859037387,-34.7383620668254,216.1762237548828,198.6217803955078,199.6817626953125,198.7738037109375,-0.9080554842948914,0.3420674502849579,0.019924307242035866,nan,nan,nan,nan
2731,1060.59989080159,3.0216521105458405,351.0,1.0735402404515348,0.35042976687870364,0.9145299145299145,1.38490108188987,105.10321537963614,245.5952606201172,226.18507385253906,226.88330078125,225.09739685058594,-1.7858833074569702,0.3017604649066925,0.04000299796462059,nan,nan,nan,nan
2732,1072.739259969443,3.0389214163440315,353.0,1.0850147241331805,0.3585234279616259,0.9206798866855525,1.373604387814524,113.28193250409845,243.36801147460938,241.60923767089844,242.38063049316406,242.55535888671875,0.17480230331420898,0.34508880972862244,0.03513762354850769,nan,nan,nan,nan
2733,390.53588840179145,2.6933509544951133,145.0,1.09484660372661,0.3514293326026139,0.9241379310344827,1.397458046530726,-157.01362655088928,152.6269073486328,181.09295654296875,183.2625274658203,184.26661682128906,1.004127025604248,0.3908950388431549,0.01261083036661148,nan,nan,nan,nan
2734,1109.4687448441982,3.125264069983657,355.0,1.0854520133290775,0.35422641776454034,0.9183098591549296,1.3941946169840929,146.05076533546253,253.455322265625,249.2342529296875,250.05059814453125,251.40834045410156,1.3577240705490112,0.13511592149734497,0.0196970347315073,nan,nan,nan,nan
2735,-2.9918410181999207,-0.3739801272749901,8.0,1.2323159476759002,0.3998402321400742,1.0,1.4952852807163226,-279.23669099859706,-2.174804210662842,152.67984008789062,176.33349609375,166.5462646484375,-9.787236213684082,2.693629264831543,0.1423444002866745,nan,nan,nan,nan
2736,384.41870154975913,2.448526761463434,157.0,1.105282814581967,0.36755534796407074,0.910828025477707,1.3873946356924691,-186.89472566326754,138.68983459472656,220.7538299560547,222.651123046875,222.7611846923828,0.1100013256072998,0.17543788254261017,0.019795406609773636,nan,nan,nan,nan
2737,1285.382608961314,2.8950058760389954,444.0,1.1053057105579978,0.3612976244797349,0.9144144144144144,1.3816046175286854,145.71561352167873,247.54217529296875,236.81773376464844,237.41552734375,237.7821044921875,0.36660730838775635,0.15951240062713623,0.0205316711217165,nan,nan,nan,nan
2738,405.75720276869833,2.3186125872497048,175.0,1.0969985549270713,0.3583448876439971,0.9085714285714286,1.3974425812277484,-201.20209283484735,142.39447021484375,182.03440856933594,183.39857482910156,182.9469451904297,-0.45167088508605957,0.5468200445175171,0.02151566557586193,nan,nan,nan,nan
2739,548.1542812138796,2.8110475959686134,195.0,1.0838551592696333,0.35535827413834153,0.9333333333333333,1.3837662120488503,-98.41153482357618,182.8153839111328,202.1232452392578,203.658203125,202.36338806152344,-1.294918417930603,0.18059423565864563,0.039186619222164154,nan,nan,nan,nan
2740,840.6212924197316,2.908724195223985,289.0,1.0854219378923842,0.3558920858601565,0.916955017301038,1.3817758784391112,7.904830342899004,220.6171875,229.1898193359375,230.2903289794922,230.05738830566406,-0.23287151753902435,0.2502456307411194,0.01611032523214817,nan,nan,nan,nan
2741,926.3308193506673,3.273253778624266,283.0,1.0782977093305337,0.3523258051368242,0.9222614840989399,1.3863713724920077,105.49631340400765,244.47332763671875,224.0320587158203,224.9285430908203,224.1796875,-0.7489194869995117,0.25795137882232666,0.031197408214211464,nan,nan,nan,nan
2742,597.2275287918746,2.803885111698942,213.0,1.127773084271717,0.3720669206456374,0.8591549295774648,1.3821192765214765,-84.98415563610001,188.12684631347656,218.6557159423828,219.76316833496094,220.0462646484375,0.28312936425209045,0.48668280243873596,0.009016793221235275,nan,nan,nan,nan
2743,1559.2870468460023,3.551906712633263,439.0,1.0952569433000583,0.35691368412922986,0.9339407744874715,1.3984571075105476,429.52168151484466,299.6376647949219,247.43544006347656,248.13421630859375,248.4035186767578,0.2693897783756256,0.4252549409866333,0.011481774970889091,nan,nan,nan,nan
2744,920.5151840224862,3.174190289732711,290.0,1.0943050591484969,0.35625615577499825,0.9275862068965517,1.392254242929033,85.81839592395795,238.28733825683594,237.46363830566406,238.4350128173828,238.54185485839844,0.1069665178656578,0.6438684463500977,0.025713106617331505,nan,nan,nan,nan
2745,1179.437160745263,3.213725233638319,367.0,1.0956789736195958,0.36437644702855027,0.9019073569482289,1.3911351205240778,192.25526897618147,261.213134765625,245.69529724121094,246.5487823486328,247.2097625732422,0.6610038876533508,0.7325138449668884,0.05846667289733887,nan,nan,nan,nan
2746,360.75428619608283,1.8405830928371574,196.0,1.0949317771746556,0.36102790391018386,0.8928571428571429,1.3840379246705188,-287.79185586306835,120.443359375,166.31182861328125,167.24583435058594,168.2071075439453,0.9613061547279358,1.2311019897460938,0.04832839220762253,nan,nan,nan,nan
2747,702.0418361853808,2.9874120688739607,235.0,1.0589965067601599,0.3432483150932528,0.9148936170212766,1.3748125800518065,-23.737020719894872,211.12144470214844,206.24342346191406,207.2891387939453,206.6645965576172,-0.6244861483573914,0.3640029728412628,0.016490016132593155,nan,nan,nan,nan
2748,592.1419889703393,2.7931225894827327,212.0,1.1142066594566264,0.3663339258508234,0.8915094339622641,1.4023901270404342,-88.08936943593994,187.03414916992188,204.6554412841797,205.85894775390625,206.13958740234375,0.2805981934070587,0.3586100935935974,0.021246228367090225,nan,nan,nan,nan
2749,32.77287210803479,0.7448380024553362,44.0,1.0746989153754214,0.3462985798956431,0.9318181818181818,1.468389924997505,-314.76371465340037,14.608414649963379,224.57432556152344,227.27000427246094,225.1233673095703,-2.146655321121216,0.8501498103141785,0.10122711211442947,nan,nan,nan,nan
2750,1012.3316414728761,3.153681126083726,321.0,1.0714570102708951,0.35057820908979487,0.9345794392523364,1.388991791460503,116.24474670178734,248.04925537109375,245.6006622314453,246.36131286621094,246.1941680908203,-0.16723579168319702,0.508029580116272,0.0070725297555327415,nan,nan,nan,nan
2751,465.64098829356954,2.3879025040695874,195.0,1.1129461194514998,0.3690702004555183,0.9076923076923077,1.391509984371424,-180.92482774388623,153.72120666503906,225.6826171875,226.4932403564453,226.2971954345703,-0.1960868239402771,0.548214852809906,0.0281901266425848,nan,nan,nan,nan
2752,905.6457450501621,2.902710721314622,312.0,1.0699900646895835,0.34982043508069993,0.9326923076923077,1.3483022812402243,27.38178447433279,234.6121368408203,217.7779998779297,218.71490478515625,218.12123107910156,-0.5936670303344727,0.09104771912097931,0.010617689229547977,nan,nan,nan,nan
2753,905.9550495971926,3.029949998652818,299.0,1.1117483989415096,0.3671553150991184,0.903010033444816,1.398408591771981,53.43532730340485,231.7597198486328,238.16339111328125,239.1065673828125,239.35394287109375,0.24739034473896027,0.30100104212760925,0.023956213146448135,nan,nan,nan,nan
2754,715.1824967740104,3.109489116408741,230.0,1.0774919299156311,0.3525323373515689,0.908695652173913,1.384094695452437,-0.6947300227877804,216.0262451171875,223.88795471191406,225.1385498046875,224.684814453125,-0.453702837228775,0.4336322247982025,0.015166595578193665,nan,nan,nan,nan
2755,866.2266646549106,2.99732409915194,289.0,1.0580123173132951,0.3447859264419317,0.9307958477508651,1.3734289358949328,33.51020257807795,226.35484313964844,233.5400390625,234.50733947753906,235.240966796875,0.7336536049842834,0.3854093551635742,0.024144351482391357,nan,nan,nan,nan
2756,675.177410364151,2.689949842088251,251.0,1.09903627835439,0.3623858641690524,0.9123505976095617,1.3843955896735283,-82.28666288825275,196.28213500976562,216.467529296875,217.616943359375,217.81468200683594,0.1977631002664566,0.31176409125328064,0.020443733781576157,nan,nan,nan,nan
2757,361.2570330873132,2.112614228580779,171.0,1.0853214997752254,0.35783839935925205,0.9415204678362573,1.399328837781549,-237.7809584294505,125.39227294921875,181.4965057373047,183.5247039794922,184.2919464111328,0.7672373652458191,1.0086307525634766,0.010780682787299156,nan,nan,nan,nan
2758,488.2757459692657,2.5698723472066614,190.0,1.0884224696736962,0.35734015138515496,0.9315789473684211,1.3980613177516865,-148.3884399597125,163.0823974609375,210.4881134033203,211.87025451660156,211.0900115966797,-0.7802719473838806,0.20641617476940155,0.04272225871682167,nan,nan,nan,nan
2759,552.9547656588256,2.2755340150568957,243.0,1.1139848454905366,0.368702686396881,0.9053497942386831,1.3667748303912706,-188.66669942001408,164.48472595214844,211.66148376464844,212.9334716796875,212.3655242919922,-0.5679094195365906,0.35607627034187317,0.024618899449706078,nan,nan,nan,nan
2760,1610.8630425967276,3.3700063652651204,478.0,1.1043420253668066,0.3639745545485693,0.9330543933054394,1.4026876604256588,403.8649624194454,288.8965759277344,267.0685729980469,267.55859375,268.1802978515625,0.6216864585876465,0.9548847079277039,0.032922159880399704,nan,nan,nan,nan
2761,548.6648714095354,2.771034704088563,198.0,1.077286316453222,0.34899779729910047,0.9191919191919192,1.348623412773937,-103.84192269300684,179.4151611328125,211.9788055419922,213.2212371826172,212.1952667236328,-1.0259705781936646,0.4264495372772217,0.020301321521401405,nan,nan,nan,nan
2762,1166.1810445021838,3.126490735930788,373.0,1.10773972880045,0.3643774269790604,0.9276139410187667,1.4181189383749064,167.1171966029292,254.6279296875,248.0275115966797,248.7410125732422,249.0882568359375,0.34727025032043457,0.26463690400123596,0.002637833124026656,nan,nan,nan,nan
2763,621.26615315862,2.3894852044562307,260.0,1.0720605430842856,0.35582498173342825,0.9230769230769231,1.3934083088903924,-154.0208542890432,178.92063903808594,234.0714874267578,235.0564422607422,234.8377685546875,-0.21864233911037445,0.19637854397296906,0.032129038125276566,nan,nan,nan,nan
2764,278.2318782508373,1.9321658211863704,144.0,1.126638913234704,0.38001778199948066,0.9166666666666666,1.4164606579523609,-267.33731068014777,106.39643859863281,201.0508575439453,203.1574249267578,203.064453125,-0.09297128766775131,0.24737991392612457,0.028268132358789444,nan,nan,nan,nan
2765,713.2643365748227,2.8530573462992908,250.0,1.084821948797211,0.355059155941708,0.908,1.3974158459338326,-42.21941065588544,203.95175170898438,222.5873565673828,223.7279052734375,222.988037109375,-0.7398341298103333,0.351895809173584,0.05091650411486626,nan,nan,nan,nan
2766,1445.0959742609411,3.1552313848492166,458.0,1.0527985397470767,0.34216831977041295,0.9410480349344978,1.3636159446874954,277.7044145175689,276.6749572753906,241.9123992919922,242.522216796875,243.1886749267578,0.6665170788764954,0.4354063868522644,0.013967319391667843,nan,nan,nan,nan
2767,746.0004972070456,2.960319433361292,252.0,1.0857016994493682,0.3577219711651437,0.9126984126984127,1.3927065789569282,-13.443902067053614,213.1282958984375,218.04248046875,218.9864044189453,218.151123046875,-0.8352813720703125,0.25410524010658264,0.018377982079982758,nan,nan,nan,nan
2768,2053.4301115721464,3.4053567356088665,603.0,1.075332249022202,0.34750323290369217,0.9303482587064676,1.3845150037512346,598.8912786829267,305.60791015625,251.19573974609375,251.63807678222656,252.06517028808594,0.4270748794078827,0.7274048328399658,0.015556623227894306,nan,nan,nan,nan
2769,427.80440096743405,2.1390220048371704,200.0,1.1067588718753538,0.36512903043350275,0.95,1.410786564096082,-228.66304517849915,142.23724365234375,202.60984802246094,203.86485290527344,202.7224884033203,-1.1424328088760376,0.3404993712902069,0.01717054657638073,nan,nan,nan,nan
2770,573.9493602905422,2.759371924473761,208.0,1.111902989023651,0.37012684405337315,0.8894230769230769,1.4073091159174547,-98.36069402895487,182.1073455810547,214.2899932861328,215.73614501953125,215.1875762939453,-0.5485751628875732,0.15657739341259003,0.014144971035420895,nan,nan,nan,nan
2771,1125.5011069774628,3.3298849318859847,338.0,1.0873274960693435,0.3520900166257793,0.9408284023668639,1.4106723619517931,195.74866983755055,267.8504943847656,236.8474578857422,237.72723388671875,237.6754608154297,-0.05185394361615181,0.3444155752658844,0.010329476557672024,nan,nan,nan,nan
2772,1500.0054646916687,3.4802911013727815,431.0,1.0809152776203053,0.3527348414700902,0.9118329466357309,1.3729578235432536,386.0827075340751,292.0121765136719,252.12342834472656,252.7216339111328,252.5592041015625,-0.16246666014194489,0.405308336019516,0.007729269564151764,nan,nan,nan,nan
2773,537.9279622472823,2.4675594598499186,218.0,1.130427764196985,0.3689271924052094,0.9220183486238532,1.4177833226294858,-154.18535228916994,170.04286193847656,192.4937744140625,193.7064208984375,193.4154510498047,-0.29095736145973206,0.6217477321624756,0.022208277136087418,nan,nan,nan,nan
2774,805.9998118206859,3.0530295902298707,264.0,1.0682732350301647,0.35134022112249635,0.9166666666666666,1.4016735008216241,22.791500286240762,224.44898986816406,230.85850524902344,232.14971923828125,231.5347137451172,-0.6150365471839905,0.5752438306808472,0.020109010860323906,nan,nan,nan,nan
2775,506.24040424078703,2.7217226034450914,186.0,1.0791644311186874,0.3575019001098123,0.9139784946236559,1.358543079214001,-122.50247760140917,171.47122192382812,212.9287567138672,214.4801788330078,214.43846130371094,-0.0417078472673893,0.39681699872016907,0.005641703028231859,nan,nan,nan,nan
2776,1108.2390367332118,3.28854313570686,337.0,1.0686781305720776,0.3493925411373692,0.9554896142433235,1.3712117066519414,180.46692561499503,260.2266845703125,248.9060516357422,249.81524658203125,250.66917419433594,0.8539722561836243,0.2082950621843338,0.019971853122115135,nan,nan,nan,nan
2777,570.9186328165233,2.5833422299390194,221.0,1.0266316378871598,0.3280806816614979,0.9366515837104072,1.341343831678704,-127.13565978501538,180.88522338867188,198.3405303955078,199.4827880859375,199.42138671875,-0.06142927333712578,0.09521662443876266,0.04316868633031845,nan,nan,nan,nan
2778,887.7018742710352,3.0822981745522053,288.0,1.0822286554073144,0.35838279971971204,0.9201388888888888,1.3799369305274265,56.965738215898,232.82379150390625,247.8340301513672,248.56642150878906,249.4848175048828,0.9184586405754089,0.5780800580978394,0.006606457754969597,nan,nan,nan,nan
2779,1306.1955315498635,3.3236527520352763,393.0,1.0967360097585732,0.35836025695090373,0.9287531806615776,1.4024149077443586,267.52516321669873,274.18194580078125,232.0929412841797,232.8509063720703,232.6194610595703,-0.23139989376068115,0.7626668810844421,0.05280804634094238,nan,nan,nan,nan
2780,507.7087811753154,2.7296171030930934,186.0,1.1075878381917093,0.3623922370523581,0.9247311827956989,1.3777290978433452,-121.03410066688082,171.06028747558594,198.8533935546875,200.2044219970703,199.83367919921875,-0.370715856552124,0.5598077178001404,0.04056672379374504,nan,nan,nan,nan
2781,1094.928658965975,3.110592781153338,352.0,1.090712794476069,0.36096285722738464,0.8920454545454546,1.3648661173497023,137.45165752232583,250.31947326660156,242.2856903076172,243.0382080078125,243.8555908203125,0.8172995448112488,0.4022267460823059,0.002859600353986025,nan,nan,nan,nan
2782,899.5917976477649,2.638099113336554,341.0,1.078196990436797,0.3511237322702557,0.9530791788856305,1.3885725589975313,-36.101617557233794,213.68814086914062,234.628662109375,235.384765625,235.4681854248047,0.08347081393003464,0.19625422358512878,0.012980962172150612,nan,nan,nan,nan
2783,980.8029286023229,3.1741195100398802,309.0,1.083943603899669,0.34755067678926055,0.941747572815534,1.4032874940801539,108.47994609158036,247.31149291992188,229.350341796875,230.28428649902344,230.87860107421875,0.5943312048912048,0.1645347625017166,0.01710258610546589,nan,nan,nan,nan
2784,248.283397462219,1.7862114925339496,139.0,1.040444257405393,0.34050853870701875,0.935251798561151,1.3579987456202407,-287.38416136028866,91.9158706665039,176.56239318847656,178.5614776611328,177.05455017089844,-1.5069607496261597,0.9254759550094604,0.046379752457141876,nan,nan,nan,nan
2785,581.1906466726214,2.46267223166365,236.0,1.0782091190063825,0.3543261695310531,0.940677966101695,1.366994725961862,-146.56853625434974,174.31605529785156,204.08404541015625,205.1827850341797,206.06239318847656,0.8796143531799316,0.1631353348493576,0.010820060037076473,nan,nan,nan,nan
2786,617.0280723234173,2.8046730560155333,220.0,1.098337359277488,0.35686571246941723,0.9272727272727272,1.4023701667920405,-79.04589425642587,193.577392578125,224.3373565673828,225.8190155029297,225.4676055908203,-0.3514171540737152,0.45180588960647583,0.019638491794466972,nan,nan,nan,nan
2787,211.05809158459306,1.8194663067637333,116.0,1.1444537113878512,0.3746687974315805,0.9396551724137931,1.4186488550975325,-279.06196873891815,87.8007583618164,198.16851806640625,200.713623046875,198.07630920410156,-2.6372978687286377,0.7328957319259644,0.08319810032844543,nan,nan,nan,nan
2788,542.5507701188326,2.55920174584355,212.0,1.0563893867652003,0.34461714922609366,0.8820754716981132,1.3757834458434905,-137.68058828744665,172.3236541748047,212.4379425048828,213.6073760986328,212.69036865234375,-0.9169621467590332,0.5236660838127136,0.09251195192337036,nan,nan,nan,nan
2789,788.4331965744495,2.9529333205035564,267.0,1.0704532519627983,0.35021934194865867,0.947565543071161,1.3831290216908196,-0.7160930250820456,222.6619873046875,223.85142517089844,224.870361328125,224.5885009765625,-0.2818950116634369,0.21206651628017426,0.0049610501155257225,nan,nan,nan,nan
2790,969.2006309679709,0.9692006309679709,1000.0,1.12150008574006,0.37961303771548655,0.891,1.3790282431133642,-1271.527632534362,89.54574584960938,90.6932373046875,90.89129638671875,91.8353500366211,0.9439865946769714,0.3574153780937195,0.09160150587558746,nan,nan,nan,nan
2791,1065.1788278319873,3.0964500809069397,344.0,1.0960144700594308,0.3615756896878331,0.938953488372093,1.3939405338609887,123.54443456190211,248.7899932861328,242.6448211669922,243.41156005859375,244.61183166503906,1.200261116027832,0.24565622210502625,0.014494572766125202,nan,nan,nan,nan
2792,1004.6793667189777,2.8542027463607322,352.0,1.0750928772842032,0.35126068349708556,0.9403409090909091,1.3839015098503475,47.202365275328475,231.77906799316406,224.8924102783203,225.74969482421875,226.5460205078125,0.7963529229164124,0.25236499309539795,0.011693987064063549,nan,nan,nan,nan
2793,852.4256371892989,2.8994069292153024,294.0,1.0899861949784786,0.3577480957673888,0.8775510204081632,1.3651003218136244,9.807545003988707,222.12977600097656,240.3274383544922,241.2423553466797,240.59938049316406,-0.6429314613342285,0.2734045088291168,0.014028848148882389,nan,nan,nan,nan
2794,1153.793598011136,3.135308690247652,368.0,1.0665337316169816,0.351551969035229,0.9211956521739131,1.37346684196975,164.63138022035878,257.20855712890625,242.18702697753906,242.7981414794922,243.7888641357422,0.9907064437866211,0.5389819741249084,0.03405217081308365,nan,nan,nan,nan
2795,666.0038180323318,2.8956687740536164,230.0,1.1185776484088314,0.3665262394903803,0.9347826086956522,1.4092133551660406,-49.873408764466376,202.0379180908203,222.43617248535156,223.6385040283203,223.2693328857422,-0.36918461322784424,0.2575434744358063,0.013175131753087044,nan,nan,nan,nan
2796,747.464074626565,3.0633773550269057,244.0,1.130343222956861,0.37547644463269475,0.8729508196721312,1.3928898473541134,3.8622835260298416,219.06954956054688,211.9044647216797,213.0396270751953,211.9213409423828,-1.1183122396469116,0.3019806146621704,0.0166834257543087,nan,nan,nan,nan
2797,394.97113680979237,2.057141337551002,192.0,1.071442911709224,0.35091628077275844,0.8802083333333334,1.3648889434092342,-245.6537011625768,134.4543914794922,188.62940979003906,190.12535095214844,190.3998565673828,0.2745152413845062,0.9932483434677124,0.054041292518377304,nan,nan,nan,nan
2798,520.0432791109197,2.5492317603476455,204.0,1.0688586934316522,0.3467237740616981,0.9313725490196079,1.3808685104895135,-144.34547112179553,166.78335571289062,218.62298583984375,219.9036865234375,219.70655822753906,-0.1971013993024826,0.42507436871528625,0.037769924849271774,nan,nan,nan,nan
2799,454.83550856262445,2.613997175647267,174.0,1.0594300718781162,0.34081782898874563,0.9425287356321839,1.3845884076577248,-150.1434610192257,162.87344360351562,183.7512969970703,185.64549255371094,184.72607421875,-0.9194564819335938,0.4884243607521057,0.07291577011346817,nan,nan,nan,nan
2800,1049.9149131865706,1.0499149131865706,1000.0,1.130645933149166,0.3864460816339124,0.871,1.3738279318903444,-1190.8133503157624,94.8905029296875,96.77767944335938,96.94314575195312,97.93896484375,0.9957983493804932,0.6613876819610596,0.11508064717054367,nan,nan,nan,nan
2801,673.3950505852699,2.8293909688456718,238.0,1.1088457735255601,0.3627033428619492,0.9453781512605042,1.4054373748032802,-58.324784385092244,203.67489624023438,206.6378173828125,207.69639587402344,207.32594299316406,-0.3704390227794647,0.37221020460128784,0.011310067027807236,nan,nan,nan,nan
2802,2366.827100738883,3.5752675237747478,662.0,1.0448607012480036,0.3375869999565289,0.93202416918429,1.3731660680197377,795.4490325696288,323.0451965332031,258.45635986328125,258.9176025390625,259.17529296875,0.257663756608963,0.5625326633453369,0.017284290865063667,nan,nan,nan,nan
2803,512.9023423061008,2.454078192852157,209.0,1.096808938023944,0.3679235924788762,0.8755980861244019,1.3536100166143328,-161.388038035092,167.0970458984375,211.19322204589844,212.27293395996094,211.6327362060547,-0.6402640342712402,0.487281858921051,0.017113571986556053,nan,nan,nan,nan
2804,1375.7555793579668,3.4917654298425553,394.0,1.094806718276895,0.3574946707103694,0.9035532994923858,1.3933471137213462,335.1048850031066,291.80487060546875,247.330810546875,248.0230255126953,248.08941650390625,0.06634368747472763,0.15710048377513885,0.03161059319972992,nan,nan,nan,nan
2805,420.49526309221983,2.2366769313415946,188.0,1.1004251299404022,0.3614206146411697,0.9361702127659575,1.400578242698789,-212.20827079336732,142.4657745361328,190.65562438964844,192.06907653808594,191.95477294921875,-0.11423704773187637,0.18388547003269196,0.028784744441509247,nan,nan,nan,nan
2806,833.9356571231037,3.0659399158937637,272.0,1.0973785022993334,0.35959528988835293,0.9117647058823529,1.375829397312269,34.884737415094605,230.407958984375,234.9394989013672,235.9361114501953,235.5469512939453,-0.3891444504261017,0.1774749457836151,0.022136347368359566,nan,nan,nan,nan
2807,954.3232557056472,0.9543232557056471,1000.0,1.1434827208117624,0.391490986200132,0.878,1.388942871605992,-1286.4050077966858,88.74160766601562,95.1043930053711,95.2745361328125,96.12870025634766,0.8542558550834656,0.5229973196983337,0.15284974873065948,nan,nan,nan,nan
2808,1040.738333903253,3.325042600329882,313.0,1.0809545047204163,0.35315744580561637,0.9201277955271565,1.3630576446875802,160.49404730572837,259.2518310546875,238.29783630371094,239.0588836669922,238.7777862548828,-0.2810131311416626,0.3358748257160187,0.0090531837195158,nan,nan,nan,nan
2809,886.3306419178843,3.1099320769048573,285.0,1.0788838762596862,0.35037862493436,0.9298245614035088,1.3944775220569763,61.53548392783364,237.41412353515625,235.1900634765625,236.29322814941406,236.7665557861328,0.47335419058799744,0.142807275056839,0.009722307324409485,nan,nan,nan,nan
2810,655.5659576542675,2.92663373952798,224.0,1.0712004827600705,0.3475451145905459,0.9330357142857143,1.3821873103372613,-48.429313012357625,205.36363220214844,187.25865173339844,188.64698791503906,189.41688537597656,0.7699347138404846,0.07959868758916855,0.004241096321493387,nan,nan,nan,nan
2811,918.5464661214501,2.750139120124102,334.0,1.0651239503633125,0.3472013914853194,0.9520958083832335,1.3830655775609597,-3.2846669316800217,221.47955322265625,222.6615753173828,223.4311065673828,223.22430419921875,-0.20676414668560028,0.3056608736515045,0.025661738589406013,nan,nan,nan,nan
2812,1283.3325530476868,3.0775360984357,417.0,1.0832409894221295,0.3552512436276778,0.9304556354916067,1.4017078343000366,197.13436019383016,258.4616394042969,241.0121307373047,241.62818908691406,242.23883056640625,0.6106932759284973,0.2566925883293152,0.00906909815967083,nan,nan,nan,nan
2813,369.9429131629877,2.356324287662342,157.0,1.102979570953342,0.3636649794743229,0.9299363057324841,1.379989129070659,-201.370514050039,135.36770629882812,193.10499572753906,195.3998260498047,197.6728515625,2.273085832595825,0.2537972629070282,0.0027078003622591496,nan,nan,nan,nan
2814,405.15986014623195,2.121255812283937,191.0,1.1045998237761725,0.36544273809138134,0.8900523560209425,1.3494917061630827,-233.48465180444168,140.32212829589844,174.91204833984375,176.2190704345703,177.1882781982422,0.9691086411476135,0.9745988845825195,0.0620744526386261,nan,nan,nan,nan
2815,629.6875359313563,2.450146054207612,257.0,1.0736177017830433,0.3527616685381384,0.914396887159533,1.384363739354797,-139.65849345122047,180.8728485107422,205.524169921875,206.7452392578125,206.01478576660156,-0.730536162853241,0.701317548751831,0.07368447631597519,nan,nan,nan,nan
2816,1072.8091582544148,3.3736137052025623,318.0,1.0667852707334846,0.3438352984139821,0.9433962264150944,1.3828679259027725,182.66324154841254,268.7935485839844,232.29417419433594,233.0277862548828,232.75799560546875,-0.2697750926017761,0.4497045874595642,0.01303133461624384,nan,nan,nan,nan
2817,611.9363563731313,2.447745425492525,250.0,1.113720894265758,0.3749746276169317,0.92,1.401865560730243,-143.54739085757683,179.70864868164062,238.8285369873047,239.9246368408203,238.9259490966797,-0.9986894726753235,0.4442577362060547,0.03419479355216026,nan,nan,nan,nan
2818,624.8335198331624,2.933490703442077,213.0,1.0698424528810349,0.3489764194902038,0.9483568075117371,1.3935159891268794,-57.37816459481223,196.83363342285156,213.83673095703125,215.0361785888672,214.2947998046875,-0.7415010929107666,0.08236037194728851,0.02737490087747574,nan,nan,nan,nan
2819,531.8878626227379,2.713713584809887,196.0,1.105425525141077,0.36245628561963944,0.9081632653061225,1.4067954980160908,-116.6582794364133,174.07601928710938,210.8314208984375,212.09324645996094,211.5674591064453,-0.5257125496864319,0.28265687823295593,0.009160123765468597,nan,nan,nan,nan
2820,430.6431701183319,2.0409628915560756,211.0,1.119491313413995,0.36955683294852526,0.9146919431279621,1.4048082212003503,-247.6078622662517,136.70704650878906,199.9608612060547,201.5352325439453,203.14703369140625,1.6117979288101196,0.9172403216362,0.09696980565786362,nan,nan,nan,nan
2821,1041.152861315757,3.071247378512558,339.0,1.0997335196736293,0.36139592275566274,0.9380530973451328,1.3926063257501016,109.4200981541494,248.17791748046875,246.81163024902344,247.43992614746094,246.4955291748047,-0.9444109797477722,0.4264892637729645,0.019635090604424477,nan,nan,nan,nan
2822,1483.2721956558526,3.4176778701747756,434.0,1.0646220383276845,0.3503753110996559,0.9193548387096774,1.3651350206192616,363.4084604331724,287.87994384765625,243.81883239746094,244.49549865722656,245.07843017578125,0.5829524993896484,0.8506669402122498,0.044514019042253494,nan,nan,nan,nan
2823,605.4649792127311,2.7273197261834734,222.0,1.1042667358206104,0.3641459633458675,0.9369369369369369,1.3971882968696296,-94.56963941050299,189.2140350341797,217.07249450683594,218.3179931640625,217.001953125,-1.3160699605941772,0.21882568299770355,0.013774176128208637,nan,nan,nan,nan
2824,814.8147403972689,3.0066964590305125,271.0,1.0988653137738076,0.3590394237441289,0.933579335793358,1.3887749112162233,17.744146710955192,222.5913543701172,228.77012634277344,229.7205352783203,229.8761749267578,0.15559391677379608,0.3651820421218872,0.012301549315452576,nan,nan,nan,nan
2825,751.9587435126305,2.8810679828070134,261.0,1.0905911688578442,0.35846112191774554,0.9272030651340997,1.4015653531197423,-25.308589956728156,213.90350341796875,229.10919189453125,230.1894989013672,229.28858947753906,-0.9009755253791809,0.2894493341445923,0.012673268094658852,nan,nan,nan,nan
2826,927.47940770071,2.8537827929252617,325.0,1.0936533329600129,0.35526504781312096,0.9292307692307692,1.4006877774113036,23.47120884283936,226.9672088623047,217.30914306640625,218.2954559326172,218.0785369873047,-0.21691615879535675,0.4423117935657501,0.015096968039870262,nan,nan,nan,nan
2827,806.1108760107309,2.9527870916143986,273.0,1.085812526755867,0.35457091564189624,0.9194139194139194,1.4087723212081709,5.079630281026084,220.3743438720703,219.1414337158203,220.1326446533203,219.66017150878906,-0.47246667742729187,0.27254796028137207,0.01450345665216446,nan,nan,nan,nan
2828,869.2236447688192,2.8877861952452464,301.0,1.0877694943001734,0.35227359959599513,0.9368770764119602,1.3928577685755086,12.74327043164044,225.93328857421875,212.1925048828125,213.1928253173828,212.4434051513672,-0.7495371699333191,0.3702097535133362,0.034871719777584076,nan,nan,nan,nan
2829,714.8910891413689,2.8595643565654756,250.0,1.0724105995157756,0.35227804552740416,0.932,1.35951646751008,-40.59265808933924,207.5526885986328,231.17506408691406,232.25054931640625,232.2553253173828,0.004797790665179491,0.22194607555866241,0.00868846196681261,nan,nan,nan,nan
2830,895.3316380651668,3.0767410242789235,291.0,1.0686054103756704,0.3480443404041997,0.9209621993127147,1.366489505900826,58.654523944943094,234.220947265625,222.3971710205078,223.28082275390625,223.63999938964844,0.35916808247566223,0.3816412389278412,0.01032199151813984,nan,nan,nan,nan
2831,706.4751893077046,2.943646622115436,240.0,1.1075187319889859,0.36313011063361444,0.9458333333333333,1.4063657307420812,-29.20529770604867,208.88623046875,219.01600646972656,220.07110595703125,220.6603240966797,0.5892369151115417,0.11817578971385956,0.010451908223330975,nan,nan,nan,nan
2832,1192.026039940305,3.425362183736509,348.0,1.071419343943704,0.3482706514460075,0.9310344827586207,1.3929224284520463,242.47034258343797,275.73602294921875,232.8214874267578,233.6450958251953,233.32838439941406,-0.3167002499103546,0.3306499719619751,0.004603068344295025,nan,nan,nan,nan
2833,800.7972725629807,2.988049524488734,268.0,1.060594292589659,0.3482732753931378,0.9291044776119403,1.3665975042849101,9.667656941753421,219.3434600830078,241.17283630371094,242.22727966308594,242.90625,0.678971529006958,0.5203341841697693,0.030899738892912865,nan,nan,nan,nan
2834,998.7625296525657,3.101746986498651,322.0,1.1192790891065594,0.36393553524313776,0.9254658385093167,1.4210176679987583,100.69530885978156,243.2222442626953,237.8553466796875,238.65492248535156,238.646728515625,-0.00821426697075367,0.4668673872947693,0.009087305516004562,nan,nan,nan,nan
2835,774.7563929688185,2.7868934998878365,278.0,1.096219136250805,0.35836328082217955,0.8884892086330936,1.3706139242343272,-36.176482869363554,212.35800170898438,220.8400115966797,221.8112335205078,221.25657653808594,-0.5546713471412659,0.17733284831047058,0.019186468794941902,nan,nan,nan,nan
2836,558.5136706009507,2.5158273450493276,222.0,1.1248833479140918,0.36776224572472654,0.9144144144144144,1.4031167197735113,-141.5209480222834,172.28970336914062,205.293701171875,206.49375915527344,205.83929443359375,-0.654453456401825,0.2617543339729309,0.03176979720592499,nan,nan,nan,nan
2837,430.7227494120598,2.303330210759678,187.0,1.1118835876226083,0.36904282079646017,0.9197860962566845,1.4197193831841086,-200.00045845183195,149.0011749267578,179.2858428955078,180.6685028076172,181.19676208496094,0.5282911658287048,0.39847832918167114,0.06558702141046524,nan,nan,nan,nan
2838,581.7653203569353,2.851790786063408,204.0,1.095425836636222,0.3618870765564079,0.8921568627450981,1.3995187493492658,-82.62342987577995,187.69703674316406,195.5632781982422,196.8218231201172,195.46832275390625,-1.3535728454589844,0.6667552590370178,0.05520487204194069,nan,nan,nan,nan
2839,676.8043181821704,2.904739563013607,233.0,1.0905701246500221,0.3538709443041059,0.9313304721030042,1.4087465124951202,-45.01388667971423,202.99713134765625,225.5408935546875,226.65533447265625,225.93115234375,-0.7242376208305359,0.34353530406951904,0.010239744558930397,nan,nan,nan,nan
2840,38.79566053301096,0.7759132106602192,50.0,1.0798686215969824,0.347583142897735,0.92,1.4150268475126786,-320.6228823585972,14.422189712524414,234.02581787109375,236.70521545410156,233.36627197265625,-3.338895559310913,0.7224322557449341,0.08503316342830658,nan,nan,nan,nan
2841,958.6226035766304,2.8615600106765084,335.0,1.1111773335982347,0.36364086228086895,0.9223880597014925,1.4011406200686296,34.81114450180462,224.090087890625,224.5548858642578,225.52919006347656,226.4298095703125,0.9006176590919495,0.5954859852790833,0.03272368758916855,nan,nan,nan,nan
2842,533.1796214580536,2.626500598315535,203.0,1.137402729264751,0.3716819104862308,0.9310344827586207,1.397446341725698,-129.2288027529661,173.6139373779297,218.9232177734375,220.14251708984375,219.47662353515625,-0.6659345626831055,0.20922528207302094,0.030235478654503822,nan,nan,nan,nan
2843,1014.8592165131122,1.0148592165131123,1000.0,1.1428507982707528,0.3894399049576023,0.877,1.3818068217263084,-1225.8690469892208,92.14979553222656,96.33623504638672,96.52452850341797,97.9371109008789,1.4126607179641724,0.9094454646110535,0.12521429359912872,nan,nan,nan,nan
2844,591.6933704633266,2.595146361681257,228.0,1.0997044632438528,0.36118637294941164,0.9298245614035088,1.4089695655119345,-120.22320429008062,182.40542602539062,215.57969665527344,216.5494842529297,216.59197998046875,0.04246672987937927,0.3074561655521393,0.009190607815980911,nan,nan,nan,nan
2845,1050.5670379544608,3.0539739475420373,344.0,1.0776041115764603,0.3519213110541401,0.9040697674418605,1.3676440169835928,108.93264468437565,246.8280792236328,239.0800323486328,239.94078063964844,240.21484375,0.274009108543396,0.12721610069274902,0.016343938186764717,nan,nan,nan,nan
2846,993.4503469918855,0.9934503469918855,1000.0,1.1291729914597777,0.3855099599988462,0.87,1.3896663409556493,-1247.2779165104475,91.31510162353516,99.4997329711914,99.69683074951172,100.7406005859375,1.0438008308410645,0.52463698387146,0.08891769498586655,nan,nan,nan,nan
2847,1113.279035679996,3.2457114742857027,343.0,1.05158403085537,0.34296099153013343,0.9271137026239067,1.376196991967749,173.62496843160625,260.85321044921875,237.34950256347656,238.0653533935547,237.7288360595703,-0.33651506900787354,0.18559172749519348,0.024200111627578735,nan,nan,nan,nan
2848,1080.996206663549,2.9374896920205136,368.0,1.0893221742571666,0.36067752745841875,0.9211956521739131,1.3789228391826618,91.83398887277167,242.2285614013672,241.87249755859375,242.626708984375,242.4891357421875,-0.13757479190826416,0.31935572624206543,0.02439090982079506,nan,nan,nan,nan
2849,817.6102367043495,3.244485066287101,252.0,1.0604760574228826,0.3423714406685793,0.9404761904761905,1.3797119912685558,58.16583743025035,235.6043243408203,214.301025390625,215.27540588378906,214.5204620361328,-0.7550110220909119,0.40221136808395386,0.003793670330196619,nan,nan,nan,nan
2850,403.42030955292284,2.4449715730480173,165.0,1.1515818251705867,0.38516314775733546,0.8848484848484849,1.416923304716188,-183.73572583366786,145.00790405273438,199.8102264404297,200.9357147216797,199.91441345214844,-1.02133309841156,0.579628586769104,0.02332802303135395,nan,nan,nan,nan
2851,1024.9423156101257,3.1929667152963415,321.0,1.1015160299997104,0.35566005574074855,0.9034267912772586,1.4077725951955844,128.85542083903692,254.84579467773438,243.45457458496094,244.1599578857422,244.16624450683594,0.006352330092340708,0.08641915768384933,0.020621389150619507,nan,nan,nan,nan
2852,987.8043116298504,0.9878043116298504,1000.0,1.1263279071881178,0.38332145252500777,0.878,1.3860795135520547,-1252.9239518724826,89.26991271972656,96.0015640258789,96.18169403076172,97.24530029296875,1.063637375831604,0.4508187472820282,0.1103951558470726,nan,nan,nan,nan
2853,783.039789782837,2.900147369566063,270.0,1.083563503191989,0.3566993746997064,0.9333333333333333,1.3935262488823694,-12.050477881781262,218.37734985351562,229.53343200683594,230.51991271972656,230.5321807861328,0.01228667888790369,0.22226400673389435,0.01828773319721222,nan,nan,nan,nan
2854,776.2987037729472,2.985764245280566,260.0,1.0891564806137835,0.35651234728709547,0.9115384615384615,1.3944983321226587,1.0116963252839923,219.92335510253906,225.8722686767578,226.88172912597656,225.85498046875,-1.0267516374588013,0.25149595737457275,0.028751222416758537,nan,nan,nan,nan
2855,644.0636402517557,2.8498391161582113,226.0,1.1196538870146169,0.3647259229082947,0.8805309734513275,1.405237215311085,-63.892282458260524,198.65293884277344,205.5426025390625,206.93324279785156,206.08203125,-0.8511843681335449,0.09896709024906158,0.008749931119382381,nan,nan,nan,nan
2856,685.7436954975128,2.765095546360939,248.0,1.1110515815187185,0.3653587983359122,0.9153225806451613,1.4028605583909526,-65.77939968980445,200.17140197753906,232.70611572265625,233.7368621826172,233.8687744140625,0.13189321756362915,0.4903205335140228,0.01680234633386135,nan,nan,nan,nan
2857,977.0389487644425,3.043735042879883,321.0,1.0505640388917974,0.34194064966137233,0.9376947040498442,1.360145427958914,80.95205399335373,242.5791015625,221.92103576660156,222.6665496826172,222.32464599609375,-0.3419148921966553,0.326200395822525,0.016219591721892357,nan,nan,nan,nan
2858,572.8190195783973,2.70197650744527,212.0,1.110429102310296,0.36250746232653686,0.9339622641509434,1.392664004916287,-107.41233882788197,181.69515991210938,228.9850616455078,230.05177307128906,229.5222625732422,-0.5295407176017761,0.4112934172153473,0.022604303434491158,nan,nan,nan,nan
2859,1045.1694857554394,3.157611739442415,331.0,1.0655547262505005,0.34834647287104903,0.9033232628398792,1.365009175510837,129.27933076739578,252.22169494628906,244.1129150390625,244.95347595214844,244.6540069580078,-0.2995136082172394,0.7487636208534241,0.01586858369410038,nan,nan,nan,nan
2860,893.6266814507544,2.9688594068131375,301.0,1.0811441378929594,0.35620312898028905,0.920265780730897,1.3797740772047455,37.14630711357563,233.0799102783203,229.5880584716797,230.39442443847656,230.0547332763672,-0.33982428908348083,0.637492299079895,0.006107614375650883,nan,nan,nan,nan
2861,709.6985017806292,2.908600417133726,244.0,1.087984754872985,0.35563823629486824,0.9016393442622951,1.3861023769942658,-33.90328931990598,208.26539611816406,234.1762237548828,235.2864227294922,235.3756103515625,0.08924151211977005,0.5091075301170349,0.017636846750974655,nan,nan,nan,nan
2862,545.3530356064439,2.584611543158502,211.0,1.1129397548183508,0.36680014408552153,0.919431279620853,1.4041121378070685,-132.8979967781397,175.57620239257812,218.63844299316406,220.0019989013672,220.6221466064453,0.6201182007789612,0.35117924213409424,0.021423861384391785,nan,nan,nan,nan
2863,666.7714066409972,2.8253025705127,236.0,1.059332607305025,0.34378882945797373,0.9449152542372882,1.3870060755341724,-60.98777628597395,201.70819091796875,205.3787384033203,206.68882751464844,207.05694580078125,0.36820122599601746,0.16739094257354736,0.006103946827352047,nan,nan,nan,nan
2864,1879.6981176808476,3.4489873718914636,545.0,1.0736192799439714,0.35087344108191415,0.9119266055045872,1.3834531044886773,540.018194049967,303.212158203125,260.5883483886719,261.1645202636719,262.166259765625,1.0019111633300781,0.9894682168960571,0.028487468138337135,nan,nan,nan,nan
2865,729.099591281265,2.870470831816004,254.0,1.091410774829592,0.3561662937049434,0.9488188976377953,1.411972184078264,-34.30546003622521,210.900634765625,218.61962890625,219.48170471191406,219.0816192626953,-0.40001022815704346,0.5152324438095093,0.04017134755849838,nan,nan,nan,nan
2866,701.6736319605261,2.911508846309237,241.0,1.0680378723375066,0.35027828241153725,0.921161825726141,1.3761376438931598,-35.987181074922546,205.54373168945312,226.250244140625,227.52880859375,227.1393280029297,-0.3894655406475067,0.30128708481788635,0.015070424415171146,nan,nan,nan,nan
2867,1079.1238802494481,2.824931623689655,382.0,1.0859818351565538,0.3573670398436216,0.9214659685863874,1.397767785690512,62.23709815493385,236.38125610351562,228.42445373535156,229.139892578125,229.0751495361328,-0.06467411667108536,0.13582302629947662,0.003859449177980423,nan,nan,nan,nan
2868,1235.2785519175231,3.0728322187003063,402.0,1.0621127302867057,0.34420913824076793,0.9427860696517413,1.3650209573890018,178.7852493890989,258.6173400878906,233.47442626953125,234.2184600830078,234.7140350341797,0.4955945312976837,0.09779901057481766,0.006933745462447405,nan,nan,nan,nan
2869,893.2173451520503,2.997373641449833,298.0,1.0904280936467048,0.3567554496151345,0.9060402684563759,1.362750178527155,42.67794887995797,232.26148986816406,237.7790069580078,238.59324645996094,237.660888671875,-0.9323440194129944,0.3387541174888611,0.018890226259827614,nan,nan,nan,nan
2870,641.2280278913677,2.627983720866261,244.0,1.0816479054676256,0.3567785410841829,0.9180327868852459,1.3664640096540892,-102.37376320916746,186.90304565429688,210.65228271484375,211.84820556640625,212.23023986816406,0.3820008933544159,0.07832986861467361,0.023399578407406807,nan,nan,nan,nan
2871,557.187238022685,2.640697810534052,211.0,1.1223461365076361,0.37118848736773474,0.943127962085308,1.4325163134219392,-121.06379436189854,175.37918090820312,204.57659912109375,205.8209991455078,206.11119079589844,0.29019251465797424,0.20344942808151245,0.011003265157341957,nan,nan,nan,nan
2872,259.5902997860685,2.0440181085517204,127.0,1.097990730627099,0.3606605258632178,0.9291338582677166,1.4023406880004743,-252.31334677609317,102.56474304199219,179.8820343017578,182.33241271972656,181.0315704345703,-1.3007920980453491,0.7298518419265747,0.03153824806213379,nan,nan,nan,nan
2873,641.9876628722996,2.6528415821169404,242.0,1.1156769935983182,0.3703479459057864,0.9173553719008265,1.4030043109164219,-97.65347618484464,188.67813110351562,223.8115234375,224.865966796875,225.03919982910156,0.1732265204191208,0.19355466961860657,0.022003356367349625,nan,nan,nan,nan
2874,1217.6639305655845,3.138309099395836,388.0,1.0766042681188512,0.3518818822410118,0.9149484536082474,1.3767035995136598,188.8951923408972,262.2679748535156,262.28814697265625,262.8974304199219,263.2672119140625,0.36977195739746094,0.4886620342731476,0.002642200794070959,nan,nan,nan,nan
2875,226.00412706797943,1.3533181261555653,167.0,1.0834650460543986,0.3490521743563199,0.9401197604790419,1.398457558761513,-365.1125603620022,81.55386352539062,182.2124786376953,183.87721252441406,182.76332092285156,-1.1139336824417114,1.2989767789840698,0.06331250816583633,nan,nan,nan,nan
2876,989.990833312273,3.142828042261184,315.0,1.1426559306361044,0.3732698429458424,0.9142857142857143,1.4213679033068374,105.78589467135725,246.12059020996094,235.8910675048828,236.8524627685547,236.47023010253906,-0.38228246569633484,0.1470157653093338,0.02525705099105835,nan,nan,nan,nan
2877,716.0343386679888,2.8756399143292724,249.0,1.0908814261038193,0.3562854096369657,0.9397590361445783,1.3835644334645931,-37.46908254102391,206.1297607421875,223.3312530517578,224.1607208251953,223.5212860107422,-0.6394652724266052,0.489677369594574,0.055763863027095795,nan,nan,nan,nan
2878,481.87100507784635,2.662270746286444,181.0,1.1200729552730353,0.368190554981122,0.9060773480662984,1.4049656414646408,-136.9702466558723,162.94924926757812,213.5675048828125,215.2864227294922,214.37367248535156,-0.9127709269523621,0.1716771274805069,0.004831804893910885,nan,nan,nan,nan
2879,389.8891419991851,2.2800534619835386,171.0,1.1478416241603586,0.3887814746525245,0.9005847953216374,1.4323261965155527,-209.14884951757858,141.11276245117188,188.4970245361328,189.8834991455078,187.89552307128906,-1.9879990816116333,0.9277870059013367,0.08711261302232742,nan,nan,nan,nan
2880,822.1225314959884,2.7222600380661865,302.0,1.0912802387961733,0.36017453483511197,0.9304635761589404,1.3921691125825468,-36.33816886288582,216.53086853027344,213.7581787109375,214.57237243652344,214.47357177734375,-0.09878399968147278,0.5647112131118774,0.029637817293405533,nan,nan,nan,nan
2881,1213.1526407003403,3.323705864932439,365.0,1.1050718470622023,0.3611849356966559,0.9342465753424658,1.4053188867712167,229.93140097464948,268.0452880859375,248.82872009277344,249.55702209472656,250.1080780029297,0.5510253310203552,0.4575881361961365,0.013192777521908283,nan,nan,nan,nan
2882,1328.952944047749,3.3140971173260576,401.0,1.0877047127649055,0.3573497015104816,0.912718204488778,1.3768514764234923,274.43996754102045,277.1726379394531,256.556396484375,257.2848205566406,257.852783203125,0.5680333971977234,0.7649032473564148,0.0020670194644480944,nan,nan,nan,nan
2883,1368.2184621078195,3.3534766228132833,408.0,1.1247774598912592,0.3683313654052529,0.9068627450980392,1.3978131434918057,299.8432034492223,277.6857604980469,239.71055603027344,240.3248291015625,240.1521453857422,-0.17276670038700104,0.2378651648759842,0.015640562400221825,nan,nan,nan,nan
2884,1096.336882026866,3.196317440311563,343.0,1.0742868405788304,0.3551976716931761,0.9154518950437318,1.3602818505417003,156.6828147784763,255.16517639160156,240.71409606933594,241.45289611816406,242.1319122314453,0.679037868976593,0.731028139591217,0.019958963617682457,nan,nan,nan,nan
2885,1728.6597683876753,3.369707150853168,513.0,1.087494462123092,0.3557853734381243,0.9083820662768031,1.3850846206528185,452.3502774510505,296.26885986328125,257.1456604003906,257.6153564453125,258.4564208984375,0.8411136269569397,0.9035395979881287,0.028508421033620834,nan,nan,nan,nan
2886,1167.0474631488323,3.197390309996801,365.0,1.0859156575319846,0.35644750677035336,0.8904109589041096,1.3743630156517406,183.82622342314153,257.6109619140625,242.8148956298828,243.6685333251953,243.5863037109375,-0.0822572335600853,0.3440471589565277,0.008572491817176342,nan,nan,nan,nan
2887,932.0804987475276,2.8159531684215335,331.0,1.0784160536749146,0.35162409346607915,0.9274924471299094,1.3768304238035074,16.190343759483994,225.6536102294922,233.927490234375,234.69195556640625,234.7660369873047,0.07401964068412781,0.23392732441425323,0.020718615502119064,nan,nan,nan,nan
2888,885.3111150627956,3.0010546273315106,295.0,1.070142043568951,0.35224131508335726,0.9355932203389831,1.3792520875163692,40.71269685579,230.78909301757812,227.7418975830078,228.7977294921875,228.9439697265625,0.14624400436878204,0.47164371609687805,0.01857079565525055,nan,nan,nan,nan
2889,742.3858451843262,2.719362070272257,273.0,1.0963348138329605,0.35852559820762514,0.9340659340659341,1.377527226187246,-58.64540054537861,201.0059051513672,221.21734619140625,222.2567901611328,221.73095703125,-0.5259122252464294,0.14892734587192535,0.014764548279345036,nan,nan,nan,nan
2890,738.9359816983342,3.1178733404993006,237.0,1.0878587387145449,0.3554595577089789,0.9409282700421941,1.4014223236973993,9.196472749667464,219.528564453125,224.57481384277344,225.7565155029297,224.97874450683594,-0.7777242660522461,0.18778803944587708,0.012152549810707569,nan,nan,nan,nan
2891,1030.2840028684586,3.0481775232794632,338.0,1.054965326343666,0.34428008823647854,0.9497041420118343,1.3705259350062047,100.53156572854641,245.41485595703125,234.18418884277344,234.90234375,236.27659606933594,1.374168872833252,0.615239143371582,0.004531198181211948,nan,nan,nan,nan
2892,1696.9782488383353,3.226194389426493,526.0,1.086611877347887,0.3561274840016802,0.9296577946768061,1.3793545119826818,394.9245196196689,281.81243896484375,259.8769226074219,260.4584655761719,260.983642578125,0.525300920009613,0.3807624876499176,0.0147316949442029,nan,nan,nan,nan
2893,1075.9673009300604,3.1553293282406463,341.0,1.1175249498657098,0.3667714309675006,0.9032258064516129,1.4077542094785551,140.27388572506175,254.316162109375,237.48240661621094,238.34228515625,237.578857421875,-0.7633354067802429,0.3137185871601105,0.016138270497322083,nan,nan,nan,nan
2894,624.7854632213712,2.728320800093324,229.0,1.0661013787329316,0.35147298643097086,0.9126637554585153,1.3388764929465298,-89.11143755373155,190.1519317626953,217.0996856689453,218.153076171875,217.99627685546875,-0.1568109393119812,0.419080525636673,0.022898534312844276,nan,nan,nan,nan
2895,1000.6869850680232,3.1767840795810263,315.0,1.0874452955184253,0.35965356451111835,0.9079365079365079,1.3908969524665373,116.48204642710743,247.63099670410156,235.9740753173828,236.65895080566406,235.58612060546875,-1.0728150606155396,0.18182256817817688,0.010065406560897827,nan,nan,nan,nan
2896,697.0014487802982,3.043674448822263,229.0,1.0592996503904117,0.34356965572255344,0.9475982532751092,1.3635394137059516,-16.89545199480449,210.4385223388672,212.7308349609375,213.9080047607422,215.0266571044922,1.1187291145324707,0.336675763130188,0.01373801939189434,nan,nan,nan,nan
2897,690.8857405036688,2.808478619933613,246.0,1.1018823230524917,0.3544004671638428,0.959349593495935,1.4086180133506276,-56.67670264025742,205.53164672851562,192.93724060058594,194.16331481933594,192.4678192138672,-1.695522427558899,0.3703256845474243,0.03250163048505783,nan,nan,nan,nan
2898,870.106284674257,3.15255900244296,276.0,1.1026552228456623,0.36309751121137196,0.9021739130434783,1.4132984475403274,63.13406087946578,234.26416015625,226.72206115722656,227.694091796875,227.16802978515625,-0.5260275602340698,0.4711231589317322,0.017018917948007584,nan,nan,nan,nan
2899,603.8227486247197,2.6717820735607067,226.0,1.047081521970251,0.34721854681870795,0.911504424778761,1.3511883948411747,-104.13317408529656,186.72178649902344,214.04856872558594,215.2379608154297,214.87744140625,-0.36049386858940125,0.1991177797317505,0.01239097025245428,nan,nan,nan,nan
2900,1362.4164506804664,3.0479115227750926,447.0,1.0992084845243293,0.3614568619202101,0.9172259507829977,1.4151636762939135,216.80847717574466,267.1429138183594,245.1833953857422,245.6730499267578,245.5501708984375,-0.12290114164352417,0.2648058235645294,0.01453582663089037,nan,nan,nan,nan
2901,1335.950340360403,3.234746586829063,413.0,1.1087339165312122,0.3667361855118164,0.9128329297820823,1.4029852473373605,257.6734515933283,269.1076965332031,261.233154296875,261.8511657714844,263.3117370605469,1.460592269897461,0.38937607407569885,0.020975947380065918,nan,nan,nan,nan
2902,1180.4683382287621,3.1064956269177952,380.0,1.0999172361565972,0.3652122203787593,0.9210526315789473,1.3965720995332387,167.54220817763894,261.0872802734375,236.039306640625,236.6913299560547,237.09771728515625,0.40648213028907776,0.6927639842033386,0.024598779156804085,nan,nan,nan,nan
2903,319.9433551095426,2.14727083966136,149.0,1.0833981760202696,0.34848413873261774,0.912751677852349,1.377804326439589,-235.52746392992003,119.80818939208984,168.15821838378906,169.83961486816406,168.6068115234375,-1.2327533960342407,0.6865010857582092,0.03452754765748978,nan,nan,nan,nan
2904,1372.2310462743044,3.3798794243209467,406.0,1.0755662431355715,0.350431482847109,0.9236453201970444,1.3844064368905635,307.81643965909825,279.2558898925781,240.703857421875,241.37158203125,241.00205993652344,-0.36962223052978516,0.3488323986530304,0.00744732515886426,nan,nan,nan,nan
2905,1253.9175813277252,3.256928782669416,385.0,1.0964891283593945,0.3608542753771568,0.9142857142857143,1.3716403805008368,231.08982116812444,265.9454650878906,244.0524444580078,244.8561248779297,245.1657257080078,0.3096408545970917,0.38649192452430725,0.007540474645793438,nan,nan,nan,nan
2906,1070.3822028785944,3.1762083171471645,337.0,1.1059809666660236,0.3656292122555666,0.9258160237388724,1.3883871315108125,142.6100917603776,252.55076599121094,248.6636505126953,249.36981201171875,250.147705078125,0.7778730392456055,0.37606877088546753,0.0232621468603611,nan,nan,nan,nan
2907,149.65437428746372,1.6445535635985025,91.0,1.1410285884677975,0.3778729890622437,0.8901098901098901,1.4317965713922993,-290.95753549366,63.58094787597656,184.8123016357422,187.8619384765625,188.5659942626953,0.7039973735809326,0.575157880783081,0.04045802727341652,nan,nan,nan,nan
2908,1003.4486733874073,1.0034486733874073,1000.0,1.131858374832946,0.3850033213413408,0.883,1.389790002995034,-1237.2795901149257,90.98567199707031,101.12628173828125,101.2967300415039,102.10233306884766,0.8055691719055176,0.251494824886322,0.03667893260717392,nan,nan,nan,nan
2909,918.57758622244,3.113822326177763,295.0,1.1102670654698548,0.36202480555834293,0.9050847457627119,1.3860106544516846,73.97916801543442,238.3188018798828,231.26318359375,232.2356719970703,232.115234375,-0.12048512697219849,0.2877669334411621,0.005007319152355194,nan,nan,nan,nan
2910,385.38490828871727,1.8008640574239125,214.0,1.061757139895785,0.34447530840289264,0.9065420560747663,1.3748841814844024,-298.8071021609529,122.78382110595703,162.1376495361328,163.5475311279297,161.52377319335938,-2.0236964225769043,0.3334057927131653,0.027776088565587997,nan,nan,nan,nan
2911,810.3960134126246,2.737824369637245,296.0,1.0817582498857938,0.34913946075614954,0.9493243243243243,1.4027145391566493,-36.18273081607663,215.06954956054688,214.8966522216797,215.77247619628906,215.13755798339844,-0.6350178718566895,0.1459895819425583,0.028389140963554382,nan,nan,nan,nan
2912,923.9578530292492,3.069627418701825,301.0,1.1169552676022523,0.36796974105040947,0.920265780730897,1.4316253794982203,67.47747869207046,235.5195770263672,223.4085235595703,224.48736572265625,224.420166015625,-0.06721370667219162,0.3328884541988373,0.023818010464310646,nan,nan,nan,nan
2913,1816.6195076811127,3.4275839767568166,530.0,1.1041819959371895,0.3596569888466536,0.9283018867924528,1.4030975983706484,506.64447437566446,299.7720947265625,264.7016296386719,265.1766357421875,266.0716552734375,0.8951055407524109,0.49194878339767456,0.0184770654886961,nan,nan,nan,nan
2914,513.3171950280666,2.7304106118514184,188.0,1.0784386599028821,0.3511871183357128,0.8882978723404256,1.3716420605922928,-119.38633885752051,172.40391540527344,198.0692901611328,199.4614715576172,198.0391387939453,-1.4222761392593384,0.6039575934410095,0.022269057109951973,nan,nan,nan,nan
2915,778.0219503603876,3.1245861460256528,249.0,1.0648624078728768,0.35201760619628486,0.891566265060241,1.349083327820567,24.518529151374878,226.35757446289062,225.1461639404297,226.27626037597656,225.4529266357422,-0.8233638405799866,0.4524925649166107,0.01776065118610859,nan,nan,nan,nan
2916,1951.0654362551868,3.3181384970326304,588.0,1.0842754825923073,0.3525644991718424,0.9268707482993197,1.3941648992230753,526.2314936913995,296.49346923828125,256.1016845703125,256.5700378417969,257.31024169921875,0.7402927875518799,0.6113658547401428,0.012117412872612476,nan,nan,nan,nan
2917,871.3078998159617,2.9436077696485192,296.0,1.0939045672387826,0.3580699456353679,0.9087837837837838,1.385691443880135,24.729155587260493,225.68881225585938,225.85821533203125,226.8463897705078,226.9381103515625,0.0917927548289299,0.5268791317939758,0.029797852039337158,nan,nan,nan,nan
2918,701.5919563025236,2.740593579306733,256.0,1.1064401692310246,0.3673874340279326,0.87890625,1.3794412871509991,-65.77374705835757,204.0727081298828,213.3527374267578,214.69561767578125,214.49314880371094,-0.20242667198181152,0.10306684672832489,0.0005370608414523304,nan,nan,nan,nan
2919,2316.5000063590705,3.5098484944834403,660.0,1.0885451581844523,0.35512548785011705,0.9257575757575758,1.3902653892208874,749.0825902332072,316.084228515625,255.4356689453125,255.91033935546875,256.1816101074219,0.2713117301464081,0.5093414783477783,0.024681057780981064,nan,nan,nan,nan
2920,205.82885555177927,1.6466308444142341,125.0,1.078223907634619,0.35398501551275446,0.92,1.4240648210911184,-302.1141389669914,79.55181121826172,194.2714385986328,196.92787170410156,197.8658447265625,0.9380140900611877,1.0455272197723389,0.0318564809858799,nan,nan,nan,nan
2921,991.0864124372602,3.097145038866438,320.0,1.0714257436552652,0.35215830197794273,0.928125,1.382101212709618,96.97984368786706,243.6709747314453,238.5250701904297,239.44944763183594,239.3207550048828,-0.12870341539382935,0.6431620717048645,0.013240871019661427,nan,nan,nan,nan
2922,618.8947256673127,2.5364537937184948,244.0,1.1041643568264645,0.3628574586808179,0.9057377049180327,1.4331736334406067,-124.7070654332224,184.78326416015625,217.7816925048828,218.8087921142578,217.41432189941406,-1.3944708108901978,0.45083189010620117,0.008223216980695724,nan,nan,nan,nan
2923,454.4529300816357,2.469852880878455,184.0,1.0679738619599113,0.34642482245291595,0.9239130434782609,1.3630083482338342,-170.32929971716953,158.47654724121094,173.1808624267578,174.6766815185547,174.8496551513672,0.17296402156352997,0.7130343914031982,0.05466093495488167,nan,nan,nan,nan
2924,550.7736039236188,2.5737084295496206,214.0,1.1054102780555028,0.3640744054146551,0.9392523364485982,1.385190335850244,-133.4184065260514,174.00347900390625,224.3760223388672,225.46519470214844,225.59332275390625,0.12819749116897583,0.20548422634601593,0.019592052325606346,nan,nan,nan,nan
2925,744.1277546188794,2.776596099324177,268.0,1.104932446067771,0.36345416516012313,0.9253731343283582,1.4121246475792912,-47.00186100234782,208.21556091308594,229.9647979736328,231.05845642089844,230.09031677246094,-0.9681553840637207,0.16123464703559875,0.0245655607432127,nan,nan,nan,nan
2926,802.2731064478867,2.8858744836254915,278.0,1.084018938747592,0.34775621272881496,0.9388489208633094,1.4007899012182903,-8.659769390295423,219.84249877929688,206.85044860839844,207.7491912841797,207.37400817871094,-0.3751779794692993,0.6797075867652893,0.054014623165130615,nan,nan,nan,nan
2927,552.7646378986537,2.3826061978390247,232.0,1.1122869173674692,0.3708645106698373,0.8836206896551724,1.3791319721975652,-167.07324094153546,169.5302734375,229.43849182128906,230.688232421875,230.547607421875,-0.14069636166095734,0.4217153489589691,0.015965435653924942,nan,nan,nan,nan
2928,783.2404060289264,2.767633943565111,283.0,1.0909875513127723,0.3544760739369904,0.950530035335689,1.397490190441443,-37.594099917733274,213.97695922851562,202.45753479003906,203.38429260253906,202.7223358154297,-0.6619822978973389,0.2091151773929596,0.019438661634922028,nan,nan,nan,nan
2929,842.6359190940857,2.8087863969802855,300.0,1.0834700099129073,0.35527875924793384,0.9233333333333333,1.376923034860404,-11.864129221397434,215.49403381347656,229.83909606933594,230.70057678222656,232.121826171875,1.4212589263916016,0.2197667807340622,0.042344048619270325,nan,nan,nan,nan
2930,632.1863354556262,2.440873882068055,259.0,1.1115862164742636,0.3734089201040557,0.9073359073359073,1.4011015422474569,-141.12034597034153,183.20851135253906,218.79042053222656,220.04212951660156,219.3212127685547,-0.7209052443504333,0.15595026314258575,0.004558512941002846,nan,nan,nan,nan
2931,260.94471207261086,1.705520993938633,153.0,1.0804007876755912,0.355319695334968,0.9150326797385621,1.3923814288209844,-302.4474110536338,96.44023132324219,189.3857421875,191.6283721923828,191.94813537597656,0.31975385546684265,0.7420530319213867,0.06351424008607864,nan,nan,nan,nan
2932,218.7016164790839,1.7496129318326712,125.0,1.1043873071464527,0.35849226079384483,0.928,1.3692841777963476,-289.24137803968677,82.28678894042969,184.9613800048828,187.2629852294922,187.1242218017578,-0.13873590528964996,1.5929127931594849,0.046571794897317886,nan,nan,nan,nan
2933,847.9176670517772,2.7800579247599253,305.0,1.0900521386961386,0.35490543681573467,0.9311475409836065,1.3985230852226322,-16.48401137218343,214.72122192382812,214.4855194091797,215.4334259033203,214.3649444580078,-1.068498969078064,0.13715596497058868,0.016142727807164192,nan,nan,nan,nan
2934,1383.117487772368,3.157802483498557,438.0,1.1116085705727847,0.36268252675406304,0.9246575342465754,1.3970118032200476,255.33244846290563,268.1799621582031,245.87522888183594,246.3377227783203,246.6291961669922,0.29147377610206604,0.6982492208480835,0.021387789398431778,nan,nan,nan,nan
2935,501.59518912807107,2.5079759456403554,200.0,1.1019650999071118,0.364101038412385,0.91,1.3790059447509906,-154.87225701786213,162.0841827392578,224.22393798828125,225.4875946044922,225.5430908203125,0.055488139390945435,0.43608585000038147,0.013802916742861271,nan,nan,nan,nan
2936,618.8938305750489,2.6448454298079014,234.0,1.0568858316855316,0.34359257266391735,0.9017094017094017,1.366946093786121,-104.90470030853123,185.90342712402344,228.3974609375,229.44244384765625,229.4141387939453,-0.028280645608901978,0.2249811440706253,0.009942242875695229,nan,nan,nan,nan
2937,1580.279041587375,3.4428737289485296,459.0,1.0680899539824407,0.3475474668628042,0.9106753812636166,1.365898281832277,410.90715582230746,294.16180419921875,250.6791229248047,251.3332977294922,252.3041229248047,0.970762312412262,0.39940953254699707,0.01722724922001362,nan,nan,nan,nan
2938,641.3243287429214,2.617650321399679,245.0,1.096576944929717,0.3652428008238215,0.9428571428571428,1.3859503538229139,-104.25778837930932,189.27493286132812,235.40000915527344,236.4757537841797,236.1586151123047,-0.31718209385871887,0.2420886904001236,0.009337092749774456,nan,nan,nan,nan
2939,733.1083481285023,2.83053416265831,259.0,1.1156314478350866,0.3696613734920792,0.8725868725868726,1.3925905716914546,-40.198333297465524,208.75364685058594,238.88417053222656,239.74986267089844,239.533935546875,-0.21590165793895721,0.5120984315872192,0.021114859730005264,nan,nan,nan,nan
2940,985.4663959816098,3.0795824874425306,320.0,1.0935196392137783,0.35454074609533565,0.91875,1.3945103919908513,91.35982723221673,242.84841918945312,227.920654296875,228.8540496826172,228.1571807861328,-0.6968691945075989,0.49267083406448364,0.023836039006710052,nan,nan,nan,nan
2941,921.5661617536098,3.071887205845366,300.0,1.0988620738971917,0.3605027240381525,0.92,1.390808880176322,67.06611343812665,237.26437377929688,224.04620361328125,225.04783630371094,224.68312072753906,-0.36474609375,0.23205819725990295,0.005007632542401552,nan,nan,nan,nan
2942,862.8448545262218,2.9348464439667405,294.0,1.0984964328314226,0.3608271802809615,0.9081632653061225,1.385354935142563,20.22676234091159,225.23301696777344,237.6038360595703,238.61744689941406,237.74681091308594,-0.8707268834114075,0.2558182179927826,0.017306551337242126,nan,nan,nan,nan
2943,875.4317261120304,3.171854080116052,276.0,1.0844012229015203,0.3563999242162229,0.8985507246376812,1.3676570957623448,68.45950231723918,235.992431640625,241.1865997314453,242.0885772705078,242.00604248046875,-0.08253084868192673,0.21798433363437653,0.025015687569975853,nan,nan,nan,nan
2944,809.6933526694775,3.021243853244319,268.0,1.0931891549000696,0.3584025387616527,0.8955223880597015,1.3765435790564957,18.563737048250232,227.9300079345703,231.84619140625,232.7613525390625,232.20660400390625,-0.5547903180122375,0.23876622319221497,0.007859397679567337,nan,nan,nan,nan
2945,858.7669407129288,3.056110109298679,281.0,1.0944334345670912,0.36254403863442886,0.9181494661921709,1.3827861016022012,41.89308680966019,230.021240234375,247.0875701904297,247.95936584472656,248.4680938720703,0.5087692141532898,0.24604468047618866,0.02011931873857975,nan,nan,nan,nan
2946,568.2600971832871,2.772000474064815,205.0,1.0905609789996653,0.35455571838675404,0.9219512195121952,1.4065166194490442,-98.10897907112349,183.91015625,196.14854431152344,197.6735076904297,196.5282440185547,-1.145236611366272,0.5558415651321411,0.06553444266319275,nan,nan,nan,nan
2947,471.940769739449,2.5510311877808056,185.0,1.1079283943960994,0.3629404939872607,0.9081081081081082,1.394326137836803,-154.82178608105164,157.88099670410156,197.224853515625,198.65476989746094,198.7097625732422,0.05497363582253456,0.39744412899017334,0.03133207559585571,nan,nan,nan,nan
2948,1059.6024034321308,3.0102341006594626,352.0,1.0797154254888826,0.3505194869176469,0.9204545454545454,1.3865735864906408,102.1254019884816,246.17861938476562,228.1573028564453,228.8206024169922,229.1785888671875,0.3580421507358551,0.5698856115341187,0.026773648336529732,nan,nan,nan,nan
2949,709.2052925555035,2.8368211702220143,250.0,1.0821385230770888,0.35528805155470033,0.924,1.3714449384783847,-46.27845467520456,207.51866149902344,216.8292999267578,217.9313201904297,218.0247344970703,0.09340975433588028,0.5151891708374023,0.0067448485642671585,nan,nan,nan,nan
2950,1366.7713657319546,3.106298558481715,440.0,1.09432902150888,0.35909819606968085,0.9454545454545454,1.4042977628534694,235.02567437910147,268.01873779296875,249.6345672607422,250.30194091796875,249.73756408691406,-0.5643683671951294,0.6980617642402649,0.031079325824975967,nan,nan,nan,nan
2951,646.166356140282,2.6811881997522073,241.0,1.1167184702375699,0.3670633181357656,0.9253112033195021,1.3801731060905094,-91.49445689516665,193.4477081298828,232.1577911376953,233.2794189453125,232.6497039794922,-0.6296671032905579,0.2778033912181854,0.031879398971796036,nan,nan,nan,nan
2952,871.5570080047473,2.8669638421208794,304.0,1.0800907205646662,0.3494797814521262,0.9013157894736842,1.3643274008967652,9.135655602482075,224.93148803710938,232.98193359375,233.79736328125,234.12982177734375,0.33245179057121277,0.5124278664588928,0.008069902658462524,nan,nan,nan,nan
2953,-1.891545869410038,-0.210171763267782,9.0,1.2470974975078308,0.3917220723103835,0.8888888888888888,1.424044217419452,-280.1167218715027,-1.5005226135253906,169.7253875732422,186.0498809814453,178.35264587402344,-7.697263240814209,2.8409557342529297,0.11238463968038559,nan,nan,nan,nan
2954,1352.5775989666581,3.2281088280827164,419.0,1.0985636804469299,0.3606499905368111,0.9116945107398569,1.3889591765501736,262.4187540694104,276.1363525390625,246.6614532470703,247.33338928222656,247.5091094970703,0.17577333748340607,0.3372752368450165,0.005466083064675331,nan,nan,nan,nan
2955,536.911023883149,2.725436669457609,197.0,1.102431428949427,0.3603564699987748,0.9390862944162437,1.3992039555853462,-113.61544419769757,175.0077667236328,210.4066925048828,211.59425354003906,210.92811584472656,-0.6662002205848694,0.10228116065263748,0.029165977612137794,nan,nan,nan,nan
2956,841.577316521667,2.768346435926536,304.0,1.0985249597156603,0.36210374558373715,0.9046052631578947,1.3916933242635516,-20.844035880598312,217.08213806152344,243.75958251953125,244.806640625,244.9102783203125,0.10354667901992798,0.285176157951355,0.01659935526549816,nan,nan,nan,nan
2957,968.4282014705241,3.2717168968598784,296.0,1.0735165829937023,0.35044413656512846,0.918918918918919,1.3761673076930985,121.84945724182285,251.0854034423828,235.5525665283203,236.451416015625,235.7191619873047,-0.7322986721992493,0.1642632782459259,0.031265635043382645,nan,nan,nan,nan
2958,793.2800123207271,2.644266707735757,300.0,1.0713654611992438,0.348070423720508,0.9066666666666666,1.3870641839431228,-61.22003599475602,204.6680145263672,226.9969482421875,227.78948974609375,227.15147399902344,-0.6380344033241272,0.5338202714920044,0.024114836007356644,nan,nan,nan,nan
2959,772.5171190816909,3.0414059806365783,254.0,1.0794310944397063,0.35279962326139647,0.9094488188976378,1.3961474447539475,9.112067764200674,219.88551330566406,227.7382049560547,228.71624755859375,228.51771545410156,-0.19851398468017578,0.43499425053596497,0.010882125236093998,nan,nan,nan,nan
2960,211.54393505305052,1.8720702217084118,113.0,1.065272397676148,0.34655284778899914,0.9292035398230089,1.3853295441884468,-272.63514720537415,86.79387664794922,192.85755920410156,195.15260314941406,195.6563262939453,0.5037417411804199,0.13351105153560638,0.03960634395480156,nan,nan,nan,nan
2961,521.4358142837882,2.3919074049715054,218.0,1.086511736549358,0.35970964921829374,0.926605504587156,1.3843702700782006,-170.677500252664,161.7738800048828,215.4866943359375,216.75990295410156,217.0631561279297,0.30317091941833496,0.4605023264884949,0.015407546423375607,nan,nan,nan,nan
2962,1001.0127041339874,2.884762836121001,347.0,1.1277832658906843,0.3762586632945108,0.8847262247838616,1.3987730804816036,53.43733279881576,235.2482147216797,243.46917724609375,244.2498321533203,243.4757537841797,-0.7740090489387512,0.6218819618225098,0.02785707823932171,nan,nan,nan,nan
2963,785.9333088765852,2.847584452451396,276.0,1.091817264929682,0.3586003753177513,0.9166666666666666,1.37580599830933,-21.038914918206046,214.62020874023438,224.3672332763672,225.495361328125,224.80760192871094,-0.6877157688140869,0.4234084188938141,0.0499887578189373,nan,nan,nan,nan
2964,1242.294370725751,3.1935587936394625,389.0,1.0717376836509889,0.3509049603210075,0.9511568123393316,1.3783619120766286,211.54530647936826,261.8437805175781,237.499755859375,238.2907257080078,239.6664276123047,1.3755491971969604,0.6056201457977295,0.03628504276275635,nan,nan,nan,nan
2965,840.9533813949674,2.9403964384439423,286.0,1.1025477620413462,0.3614838962751986,0.916083916083916,1.3961810781469435,14.177897383221307,222.8025360107422,214.7332305908203,215.74510192871094,215.79920959472656,0.054082583636045456,0.0640769973397255,0.019134286791086197,nan,nan,nan,nan
2966,943.2445678766817,3.0039635919639545,314.0,1.0725549927732085,0.34983394174832744,0.9235668789808917,1.3754167299289148,61.01995525746156,233.00563049316406,235.2495880126953,236.0640106201172,236.09375,0.029796771705150604,0.4993147850036621,0.012063058093190193,nan,nan,nan,nan
2967,2082.4441918674856,3.4477552845488173,604.0,1.0817583848881593,0.35384372020833577,0.9354304635761589,1.3888763250967355,625.9250329565705,308.4500732421875,255.4581298828125,255.93389892578125,256.2889404296875,0.3550807535648346,0.9284324645996094,0.03941106051206589,nan,nan,nan,nan
2968,553.7726135738194,2.4832852626628674,223.0,1.122825721415226,0.36736201280834124,0.9282511210762332,1.42061696942431,-148.24233107111036,173.55528259277344,194.0764617919922,195.1445770263672,195.00474548339844,-0.13990874588489532,0.4958837032318115,0.02052662894129753,nan,nan,nan,nan
2969,1823.4293751493096,3.3518922337303487,544.0,1.1147995298726379,0.36527146302476504,0.9227941176470589,1.3981077111575742,485.72977754012436,297.27606201171875,259.6561584472656,260.1957702636719,260.7564697265625,0.5605232119560242,0.3930501341819763,0.020828433334827423,nan,nan,nan,nan
2970,825.9463290646672,2.9603811077586637,279.0,1.0827071420821568,0.3530420778865536,0.9354838709677419,1.405444599188116,13.03312720478948,222.6392822265625,205.8724822998047,206.82777404785156,205.656494140625,-1.1713145971298218,0.4616454541683197,0.05608291178941727,nan,nan,nan,nan
2971,721.7162405401468,2.9338058558542555,246.0,1.1113255535154092,0.3639796298911523,0.9065040650406504,1.3880765550797192,-25.846202603779375,207.7190704345703,229.6192169189453,230.7405548095703,230.63304138183594,-0.10745356231927872,0.4867404103279114,0.022338800132274628,nan,nan,nan,nan
2972,754.2813694626093,2.8679899979566894,263.0,1.1053914473468993,0.3686037148683626,0.9125475285171103,1.367388138591071,-26.946616050140392,208.66319274902344,211.7773895263672,212.9123077392578,213.5068359375,0.5944889187812805,0.634137749671936,0.029603837057948112,nan,nan,nan,nan
2973,403.0000014360994,2.5031055989819837,161.0,1.083971451789024,0.3597395291789237,0.9192546583850931,1.3695081996192424,-176.23472986370928,148.87701416015625,164.074951171875,165.98687744140625,164.96142578125,-1.0254285335540771,0.7974768877029419,0.028522955253720284,nan,nan,nan,nan
2974,419.73035853914917,2.528496135778007,166.0,1.0606082593098094,0.34522372168822146,0.9156626506024096,1.376677873353922,-169.40600286913696,149.6461181640625,181.27777099609375,183.0072479248047,182.84181213378906,-0.1654181033372879,0.3422373831272125,0.012892543338239193,nan,nan,nan,nan
2975,1106.4839151129127,3.1256607771551206,354.0,1.0991039653619616,0.35937099466712286,0.9209039548022598,1.386783925252256,145.04626162587238,253.75030517578125,243.0596923828125,243.8092803955078,243.3990478515625,-0.4101802110671997,0.5036100745201111,0.011620544828474522,nan,nan,nan,nan
2976,922.4819400012493,2.8648507453454948,322.0,1.0945936273841723,0.359819995631164,0.9285714285714286,1.3888765485865788,24.414719208465158,224.06809997558594,232.4029541015625,233.2715606689453,233.1055145263672,-0.16613991558551788,0.23163814842700958,0.02999045141041279,nan,nan,nan,nan
2977,655.7901823818684,2.901726470716232,226.0,1.0940976439453467,0.35715753910565134,0.9247787610619469,1.3798117730012198,-52.165740328147876,202.84735107421875,223.06434631347656,224.08338928222656,223.72618103027344,-0.35716548562049866,0.2975766658782959,0.01773926429450512,nan,nan,nan,nan
2978,963.9432114511728,3.0408303200352456,317.0,1.08398918233269,0.3521433685672177,0.9305993690851735,1.3873780088836447,75.77762076686622,243.77671813964844,220.0880889892578,220.9234619140625,219.9661102294922,-0.9573933482170105,0.20547044277191162,0.014101136475801468,nan,nan,nan,nan
2979,503.3026173301041,2.691457846685049,187.0,1.10600619131251,0.3630317443037942,0.9251336898395722,1.4208310069762795,-127.42059053378762,168.88677978515625,220.7601318359375,222.25433349609375,221.43055725097656,-0.8236564993858337,0.13164177536964417,0.018692275509238243,nan,nan,nan,nan
2980,551.6498589888215,2.6521627836001036,208.0,1.115677514602508,0.37146841116839663,0.9182692307692307,1.4075791593464353,-120.6601953306756,179.17547607421875,212.6710205078125,213.99720764160156,213.2740478515625,-0.7231518626213074,0.1404481679201126,0.02070164680480957,nan,nan,nan,nan
2981,280.97237567882985,1.8607442097935751,151.0,1.095320467737111,0.36354869178398136,0.9602649006622517,1.3934138110669685,-278.45909540402386,102.40189361572266,170.99586486816406,173.1083221435547,171.586181640625,-1.5221272706985474,0.8071823120117188,0.037605687975883484,nan,nan,nan,nan
2982,854.1664290353656,3.007628271251287,284.0,1.074977944825719,0.35079898767144874,0.9225352112676056,1.3593793222627863,31.35159706701029,226.8256378173828,237.9901580810547,239.0894317626953,239.4859619140625,0.39659610390663147,0.4563564360141754,0.005538460798561573,nan,nan,nan,nan
2983,1038.8296911865473,2.9851427907659405,348.0,1.094233893399327,0.36368340582948555,0.9166666666666666,1.3872296643546098,89.2739938296802,238.92398071289062,252.43768310546875,253.357666015625,254.24505615234375,0.887417733669281,0.5680471062660217,0.03086167201399803,nan,nan,nan,nan
2984,953.3435887247324,2.7006900530445677,353.0,1.0979257574599703,0.3597014338676545,0.9320113314447592,1.3934384231106272,-6.113738740612234,217.991455078125,234.0946502685547,234.7769317626953,235.061279296875,0.2844484746456146,0.38651207089424133,0.012454574927687645,nan,nan,nan,nan
2985,629.7918827906251,2.774413580575441,227.0,1.0820301370834426,0.3510769085223354,0.9295154185022027,1.399119921426429,-80.14436594108656,191.3522491455078,219.5088348388672,220.6315155029297,221.1671905517578,0.5356853604316711,0.3672184944152832,0.008590354584157467,nan,nan,nan,nan
2986,1287.9869708120823,3.3025306943899544,390.0,1.1163049835333703,0.3660651592880041,0.9,1.3856357578603988,255.25758054400399,275.1401062011719,249.8384552001953,250.48353576660156,250.8253173828125,0.3418066203594208,0.28565824031829834,0.0018081993330270052,nan,nan,nan,nan
2987,1019.6700881961733,1.0196700881961733,1000.0,1.1308384538395748,0.38705518196283567,0.869,1.3748507930740588,-1221.0581753061597,92.0763168334961,98.24359130859375,98.42156219482422,99.75775146484375,1.3361717462539673,1.2602683305740356,0.2733302116394043,nan,nan,nan,nan
2988,628.1120920479298,2.907926352073749,216.0,1.1057791104697177,0.36319958954145143,0.9166666666666666,1.4121805514459655,-60.04057044513138,198.35340881347656,213.01312255859375,214.3989715576172,213.82322692871094,-0.5757799744606018,0.144220769405365,0.011898043565452099,nan,nan,nan,nan
2989,768.8902446497232,2.7757770564971955,277.0,1.1149647962245157,0.3662471294515288,0.9205776173285198,1.4144964491864602,-40.06230516676351,212.02923583984375,225.1151123046875,225.9549560546875,226.4255828857422,0.47057828307151794,0.6170628070831299,0.01960073411464691,nan,nan,nan,nan
2990,975.6456702016294,3.020574830345602,323.0,1.0941211510525959,0.36109538089277154,0.9287925696594427,1.396986569318223,75.5981233871496,238.04605102539062,235.7771453857422,236.6751708984375,236.6591796875,-0.015984991565346718,0.3810024857521057,0.014680428430438042,nan,nan,nan,nan
2991,1005.0839455525856,3.0182701067645215,333.0,1.083497239392264,0.35276995874809436,0.9279279279279279,1.3973557851070395,85.23313852115098,242.94190979003906,230.0554962158203,230.74444580078125,230.1800537109375,-0.5643564462661743,0.40145155787467957,0.0027912226505577564,nan,nan,nan,nan
2992,580.1067629903555,2.8436606028938995,204.0,1.1215888510565497,0.3688773278621013,0.9215686274509803,1.4102763102079203,-84.28198724235972,193.812255859375,198.1187744140625,199.30885314941406,199.0237274169922,-0.2851788103580475,0.20597195625305176,0.020498307421803474,nan,nan,nan,nan
2993,748.0381095521152,2.992152438208461,250.0,1.0812702147963136,0.3560978152627746,0.888,1.3957127139634946,-7.445637678592902,217.93087768554688,223.1448974609375,224.3074493408203,224.1539306640625,-0.1534973829984665,0.2769467830657959,0.010072645731270313,nan,nan,nan,nan
2994,948.7961522382684,0.9487961522382684,1000.0,1.1307048343838852,0.38639539404447226,0.881,1.3907075178731287,-1291.9321112640646,87.8357925415039,91.88451385498047,92.06168365478516,93.2038803100586,1.1421836614608765,0.2806139886379242,0.028311826288700104,nan,nan,nan,nan
2995,553.0093454420567,2.645977729387831,209.0,1.10742266760683,0.36120749205411035,0.9186602870813397,1.4141389893993497,-121.2810348991361,179.40037536621094,207.08860778808594,208.3217010498047,207.46144104003906,-0.8602972030639648,0.5504735112190247,0.05488399416208267,nan,nan,nan,nan
2996,737.1669975295663,2.8572364245332027,258.0,1.1015288576533282,0.3606066484574604,0.8914728682170543,1.3802279439170368,-34.15935787470585,209.67901611328125,215.17437744140625,216.3402557373047,216.1015167236328,-0.23875223100185394,0.0773419439792633,0.019319847226142883,nan,nan,nan,nan
2997,1277.0183998160064,3.1376373459852736,407.0,1.088812382852187,0.35438482498137835,0.9115479115479116,1.3789641994423738,210.62346717910464,265.1341857910156,223.1769256591797,223.83763122558594,223.9573516845703,0.11977937072515488,0.6253564953804016,0.012047447264194489,nan,nan,nan,nan
2998,1062.5490544154309,3.1623483762364013,336.0,1.0805359252618725,0.349979508100573,0.9464285714285714,1.3854839939293482,136.75726931890972,251.8183135986328,230.5821075439453,231.4232635498047,231.75611877441406,0.3328835070133209,0.09018651396036148,0.013359195552766323,nan,nan,nan,nan
2999,2256.951413318515,3.3990232128290887,664.0,1.0960943033174824,0.35448086786643856,0.9382530120481928,1.3920500568649692,681.6126931058695,308.7205505371094,259.0489196777344,259.49462890625,260.4652404785156,0.9706060290336609,0.46160122752189636,0.012060143053531647,nan,nan,nan,nan
3000,1065.1060185376555,2.8864661748987954,369.0,1.1080796048881547,0.36487466899617965,0.9349593495934959,1.4089165349708435,73.96347472518278,236.05740356445312,233.5531463623047,234.14930725097656,234.5426483154297,0.39323410391807556,0.12862429022789001,0.02593895047903061,nan,nan,nan,nan
3001,1443.8286200501025,3.405256179363449,424.0,1.08341822014573,0.34798684432764343,0.9150943396226415,1.404842947062513,343.7681450443772,289.1854248046875,249.2901611328125,249.88873291015625,249.8624267578125,-0.026319490745663643,0.43289482593536377,0.02194940857589245,nan,nan,nan,nan
3002,644.5226800991222,2.578090720396489,250.0,1.0762490302639312,0.34806469097423054,0.952,1.379117004467725,-110.96106713158588,189.85791015625,202.5802764892578,203.833984375,202.34552001953125,-1.4884166717529297,0.10058611631393433,0.02469346858561039,nan,nan,nan,nan
3003,1009.7507927971892,3.195413901256928,316.0,1.0692571898001793,0.3509164930238754,0.8987341772151899,1.3456635647751978,123.56552813457802,249.48863220214844,248.04393005371094,248.98155212402344,248.9942626953125,0.01271143276244402,0.19063615798950195,0.008385605178773403,nan,nan,nan,nan
3004,648.496818266809,2.4471578047804114,265.0,1.0823643897290207,0.3540823703289102,0.9169811320754717,1.3697490767071154,-136.69181928933176,190.47352600097656,188.68174743652344,189.75318908691406,188.82017517089844,-0.9330422282218933,1.057154655456543,0.027906175702810287,nan,nan,nan,nan
3005,1101.4295339733362,3.229998633352892,341.0,1.0888581823501347,0.35862259440160904,0.9501466275659824,1.39374403519809,165.73611876833752,252.75877380371094,266.2673034667969,266.9367370605469,268.5560607910156,1.6194156408309937,0.86123126745224,0.08799324929714203,nan,nan,nan,nan
3006,1089.7970630861819,3.1316007559947754,348.0,1.0871828237281906,0.355698183243772,0.9310344827586207,1.400365816655982,140.2413657293148,253.05117797851562,239.2824249267578,240.00201416015625,240.6007080078125,0.5987228751182556,0.20388714969158173,0.0013931653229519725,nan,nan,nan,nan
3007,1049.7413955237716,3.0874746927169756,340.0,1.0891270476287689,0.35659286265670065,0.9117647058823529,1.3823436948130006,116.02830634046836,243.4180145263672,243.0348663330078,243.7666778564453,243.794677734375,0.028049126267433167,0.19786378741264343,0.01996135339140892,nan,nan,nan,nan
3008,491.61143298936076,2.7932467783486405,176.0,1.0978839259367599,0.35954866288419435,0.8693181818181818,1.3842377347455246,-117.32818863588045,172.07460021972656,196.23065185546875,197.57102966308594,196.4530792236328,-1.1179078817367554,0.6870468854904175,0.07150082290172577,nan,nan,nan,nan
3009,665.9023106275126,2.611381610303971,255.0,1.1101802041659927,0.36376280939338496,0.9058823529411765,1.3825907020750015,-99.48306671167302,193.9562225341797,223.0438690185547,224.0970001220703,222.921875,-1.1751116514205933,0.5269567966461182,0.03711748123168945,nan,nan,nan,nan
3010,677.2259007543325,2.8217745864763857,240.0,1.0677261261974764,0.3443586385532399,0.9166666666666666,1.3519897002043493,-58.454586259420694,198.372314453125,214.30955505371094,215.27272033691406,214.37107849121094,-0.9016447067260742,0.09213312715291977,0.017760371789336205,nan,nan,nan,nan
3011,1349.468458853662,3.2517312261534026,415.0,1.0716135450612134,0.3495675239067041,0.9301204819277108,1.3764416632663499,267.2309180431964,271.58056640625,248.3856201171875,249.0306854248047,249.4029998779297,0.37226876616477966,0.5648535490036011,0.0136640015989542,nan,nan,nan,nan
3012,1496.1076074219309,3.4712473490068003,431.0,1.0667356603555882,0.3459467020545105,0.9350348027842227,1.3822595187399715,382.18485026433723,294.3813781738281,244.5746307373047,245.1377716064453,245.2802734375,0.1425161212682724,0.2963801920413971,0.03599042817950249,nan,nan,nan,nan
3013,176.95593431591988,1.7014993684223065,104.0,1.096296947362503,0.3540959313708859,0.9326923076923077,1.4039719985432784,-289.4002137472453,70.95880126953125,175.70545959472656,179.1365966796875,179.6675567626953,0.5309990048408508,0.2199600338935852,0.021313652396202087,nan,nan,nan,nan
3014,889.2540962025523,2.9840741483307123,298.0,1.0842396229560736,0.3558644231259604,0.9261744966442953,1.374220698215266,38.71469993046003,227.6762237548828,232.38340759277344,233.44659423828125,233.2333984375,-0.21317338943481445,0.25147897005081177,0.02164873480796814,nan,nan,nan,nan
3015,703.1107672578655,2.869839866358635,245.0,1.1035699666616325,0.36394018573578774,0.8775510204081632,1.3786055128730876,-42.47134986436515,207.342529296875,214.59869384765625,215.8064727783203,214.9696502685547,-0.8367744088172913,0.3154236972332001,0.008105386979877949,nan,nan,nan,nan
3016,963.0508510917425,3.086701445806867,312.0,1.0922146313601762,0.35818934065667773,0.9230769230769231,1.4018203039007484,84.78689051591323,242.06703186035156,245.4296417236328,246.13555908203125,246.2206268310547,0.08506395667791367,0.5057895183563232,0.008410239592194557,nan,nan,nan,nan
3017,549.4812340065837,2.2612396461176285,243.0,1.083152868994838,0.3485515414485371,0.9300411522633745,1.3775859326507625,-192.14023107225603,167.20753479003906,191.25543212890625,192.1775665283203,191.95985412597656,-0.21771366894245148,0.6946396231651306,0.06543424725532532,nan,nan,nan,nan
3018,1042.0391725189984,3.25637241412187,320.0,1.0521546315350703,0.3427947201250087,0.9375,1.3888671703297095,147.9326037696053,253.0735321044922,223.8924560546875,224.8772430419922,224.19390869140625,-0.6833577156066895,0.24604134261608124,0.012637495063245296,nan,nan,nan,nan
3019,1188.3132587745786,3.375889939700507,352.0,1.105458638452611,0.36632562176237116,0.9147727272727273,1.3894959873724537,230.83625733092936,272.0493469238281,242.873291015625,243.6428985595703,243.35716247558594,-0.28573694825172424,0.7792888879776001,0.027385922148823738,nan,nan,nan,nan
3020,1012.6869174391031,3.005005689730276,337.0,1.0789034831078863,0.35066866021671916,0.9376854599406528,1.3675693892561938,84.91480632088633,242.89012145996094,236.1016082763672,236.9440155029297,236.7655487060547,-0.17849086225032806,0.2765112817287445,0.0032024725805968046,nan,nan,nan,nan
3021,1107.1025231964886,3.024870281957619,366.0,1.0692461001338294,0.35131842428990107,0.9098360655737705,1.3763156369373013,121.9009574491024,246.54635620117188,252.3182373046875,253.36390686035156,253.96148681640625,0.5975489616394043,0.4295458495616913,0.016071084886789322,nan,nan,nan,nan
3022,1465.6593190282583,3.2071319891209153,457.0,1.1103129556338895,0.3637461400905481,0.9168490153172867,1.4040672585101217,300.2480853065815,269.55804443359375,245.659912109375,246.2554168701172,246.53033447265625,0.27490079402923584,0.2588922083377838,0.0204802006483078,nan,nan,nan,nan
3023,836.503152327612,3.064114111090154,273.0,1.0872577317885244,0.35912778659510347,0.9084249084249084,1.389621904930131,35.471906597907264,231.06329345703125,228.8684844970703,229.77687072753906,229.3582763671875,-0.4185976982116699,0.22874566912651062,0.014075064100325108,nan,nan,nan,nan
3024,965.6548483353108,2.8825517860755547,335.0,1.062982935055652,0.3453927166278089,0.9194029850746268,1.3827444055169824,41.84338926048508,231.32980346679688,227.1671905517578,227.852783203125,228.50694274902344,0.6542389392852783,0.21151934564113617,0.02534743770956993,nan,nan,nan,nan
3025,1523.2738395426422,3.254858631501372,468.0,1.0983440435615597,0.3634105391535567,0.9145299145299145,1.401729071373378,336.07901958231514,276.88641357421875,258.9568176269531,259.5117492675781,260.02728271484375,0.5155320167541504,0.4337159991264343,0.008801051415503025,nan,nan,nan,nan
3026,715.7906074868515,2.236845648396411,320.0,1.095136516179785,0.3553410059153672,0.9375,1.4046219596507534,-178.31596126254158,180.20523071289062,175.6796875,176.50567626953125,175.7821044921875,-0.7236120104789734,0.1953917294740677,0.03146738559007645,nan,nan,nan,nan
3027,1515.1389157415833,3.352077247215892,452.0,1.080095686120048,0.3507200418111242,0.922566371681416,1.3754484735744188,359.6293121283841,284.09552001953125,257.8829040527344,258.3507080078125,258.7962341308594,0.44545090198516846,0.5008212924003601,0.006686295848339796,nan,nan,nan,nan
3028,1123.7637140005827,3.165531588734036,355.0,1.0777412387260534,0.3512477416302211,0.9098591549295775,1.379482792862792,160.345734491847,259.1836853027344,233.9525909423828,234.69139099121094,234.2478790283203,-0.4435025751590729,0.3787614405155182,0.03497232496738434,nan,nan,nan,nan
3029,1319.6620771735907,3.4011909205504915,388.0,1.0434214562474946,0.3395546680997094,0.904639175257732,1.3630139064150972,290.8933389489034,281.87603759765625,235.51686096191406,236.31504821777344,236.4493865966797,0.13427139818668365,0.5336360931396484,0.02573149837553501,nan,nan,nan,nan
3030,926.6644852105528,3.0786195521945277,301.0,1.0702299854149693,0.34904080434549695,0.8870431893687708,1.3740822607129553,70.18411087337404,235.5291290283203,232.6690216064453,233.47605895996094,233.5880126953125,0.11192676424980164,0.4337400496006012,0.009205132722854614,nan,nan,nan,nan
3031,921.783277861774,3.0222402552845047,305.0,1.1070346163544524,0.3652432683148533,0.8852459016393442,1.3803314107572122,57.38159943781329,233.0686798095703,241.178466796875,241.9411163330078,242.24720764160156,0.3060542047023773,0.27223360538482666,0.0242693442851305,nan,nan,nan,nan
3032,967.1513847485185,3.1098115265225674,311.0,1.0794801227577446,0.3514552402048139,0.9292604501607717,1.367152344832185,90.86775019438483,245.3983154296875,225.7388153076172,226.64292907714844,225.7891387939453,-0.8537836670875549,0.46523189544677734,0.02218453772366047,nan,nan,nan,nan
3033,1096.3674551377771,3.224610162169933,340.0,1.0780522476728867,0.35059900010979334,0.9176470588235294,1.382353609397662,162.65436595447386,258.3927001953125,210.77398681640625,211.66883850097656,211.40599060058594,-0.2629760801792145,0.3188272714614868,0.009301433339715004,nan,nan,nan,nan
3034,460.3996959477663,2.5021722605856866,184.0,1.1160837328733597,0.3696980026607111,0.9293478260869565,1.4172741157118947,-164.38253385103894,156.42855834960938,206.1685028076172,207.30836486816406,206.90594482421875,-0.40240752696990967,0.4782892167568207,0.021607760339975357,nan,nan,nan,nan
3035,865.7958351410925,2.885986117136975,300.0,1.1184082961238755,0.3697172883945879,0.92,1.4009829228648005,11.295786825609412,220.2669219970703,230.3076171875,231.357177734375,232.2134246826172,0.856238842010498,0.152836874127388,0.007140342146158218,nan,nan,nan,nan
3036,1574.6068167723715,3.5226103283498245,447.0,1.0581970257974525,0.3399455962489247,0.9373601789709173,1.3925337305252437,428.9988432676498,302.4268798828125,245.52601623535156,246.1856689453125,245.6487274169922,-0.5369744896888733,0.780870795249939,0.019799061119556427,nan,nan,nan,nan
3037,892.4668863303959,3.1988060441949675,279.0,1.1314917316787876,0.3725599211166997,0.9032258064516129,1.423101830157736,79.55368447051819,245.07342529296875,219.2213592529297,220.0537109375,219.3421173095703,-0.7115733027458191,0.3865474462509155,0.018093710765242577,nan,nan,nan,nan
3038,1170.56588935107,3.334945553706752,351.0,1.0772672162875272,0.35104255242887233,0.9202279202279202,1.3705731088033846,215.06921392911613,267.81201171875,243.0621337890625,243.7950897216797,244.34999084472656,0.554934561252594,0.7795887589454651,0.031115952879190445,nan,nan,nan,nan
3039,537.3102865442634,2.727463383473418,197.0,1.0704610876850187,0.341282721406677,0.9137055837563451,1.3965318122042878,-113.21618153658324,179.8736572265625,183.8003692626953,185.18414306640625,183.2596893310547,-1.9244474172592163,0.8223268389701843,0.008349313400685787,nan,nan,nan,nan
3040,685.3399835303426,2.879579762732532,238.0,1.0800752040437152,0.35674312627355503,0.9327731092436975,1.3773175245560183,-46.37985144001959,202.3352508544922,207.0390625,208.2901153564453,208.4860382080078,0.1959807276725769,0.18089693784713745,0.0180012509226799,nan,nan,nan,nan
3041,1844.4982660152018,3.409423781913497,541.0,1.091777813574453,0.35745789018005286,0.9038817005545287,1.3903781400161501,512.739646471103,299.3842468261719,255.99070739746094,256.53314208984375,257.2345886230469,0.7014009356498718,0.42925652861595154,0.013279725797474384,nan,nan,nan,nan
3042,1071.1969789406285,2.6580570197037927,403.0,1.0875345966618697,0.3543719914172256,0.9578163771712159,1.4022456040168483,12.723350390508813,231.01760864257812,231.05413818359375,231.69837951660156,231.8431854248047,0.14473076164722443,0.2808096408843994,0.022700108587741852,nan,nan,nan,nan
3043,943.8618964161724,3.0251983859492704,312.0,1.0953049902657441,0.3559467877582478,0.9262820512820513,1.3859357981060134,65.5979358403431,239.3576202392578,233.27964782714844,234.1927947998047,234.14134216308594,-0.051538437604904175,0.3420427143573761,0.026735683903098106,nan,nan,nan,nan
3044,1182.5631373040378,3.2577496895428038,363.0,1.0926045633839792,0.3538480699985973,0.953168044077135,1.3940484375208626,203.30254962173808,267.2921447753906,227.4147491455078,228.06166076660156,227.9345703125,-0.12725156545639038,0.49729299545288086,0.015669114887714386,nan,nan,nan,nan
3045,1031.5616035163403,3.1642993972893874,326.0,1.0727209260446966,0.3508415888720678,0.9294478527607362,1.3711235933239565,125.57307863677397,249.19619750976562,253.7378387451172,254.34910583496094,255.08811950683594,0.7390057444572449,0.3733830749988556,0.021405544131994247,nan,nan,nan,nan
3046,819.7622259128839,2.8763586874136275,285.0,1.0950607201272493,0.3604546617620389,0.9368421052631579,1.3707959825634217,-5.0329320771668336,219.07920837402344,241.3448944091797,242.5146942138672,242.7563934326172,0.24168641865253448,0.6018965840339661,0.015520727261900902,nan,nan,nan,nan
3047,995.3264066502452,3.1007053166674305,321.0,1.1221778230722665,0.3703492438162074,0.8940809968847352,1.3825267214553032,99.23951187915645,242.27207946777344,240.0797576904297,240.90086364746094,240.4927215576172,-0.4081922471523285,0.16175398230552673,0.014516905881464481,nan,nan,nan,nan
3048,735.7439935281873,2.896629895780265,254.0,1.0926072013009291,0.35877233639229916,0.9133858267716536,1.3982016821231327,-27.66105778930296,211.2135772705078,235.38671875,236.78541564941406,236.36407470703125,-0.4212819039821625,0.2874923050403595,0.011838389560580254,nan,nan,nan,nan
3049,1336.9220851957798,3.244956517465485,412.0,1.088588032800172,0.3556122217192621,0.9174757281553398,1.3904063644699898,260.6255224504007,273.21533203125,246.0106658935547,246.65179443359375,246.6826934814453,0.030893802642822266,0.546595573425293,0.027947934344410896,nan,nan,nan,nan
3050,2326.709790388588,3.514667357082459,662.0,1.093554547308205,0.35664056020238194,0.9169184290030211,1.3887890081925693,755.3317222193336,321.2375793457031,275.6805114746094,275.9428405761719,276.8605651855469,0.9177035689353943,0.7529932260513306,0.0014544391306117177,nan,nan,nan,nan
3051,810.0522465109825,3.0113466413047676,269.0,1.1171642145574237,0.37002469773927665,0.8921933085501859,1.4168769589613932,16.942304868059864,223.8477325439453,245.136474609375,246.10267639160156,245.92578125,-0.17687927186489105,0.32423993945121765,0.008026694878935814,nan,nan,nan,nan
3052,1299.4792473157868,3.169461578818992,410.0,1.1032346460134084,0.36316095020821243,0.8951219512195122,1.3968107199475281,227.1433366137985,267.144775390625,236.4031524658203,237.18028259277344,237.3095245361328,0.1292172521352768,0.5197933912277222,0.02385888434946537,nan,nan,nan,nan
3053,519.190175358206,2.47233416837241,210.0,1.0861064373988072,0.36016760600570474,0.9142857142857143,1.3768058314462093,-157.08053100468214,169.3757781982422,196.7776641845703,197.8903045654297,197.7865447998047,-0.10375145822763443,0.683433473110199,0.013488663360476494,nan,nan,nan,nan
3054,1223.5827903561294,3.1373917701439216,390.0,1.09217457642111,0.36060084972889295,0.9102564102564102,1.3714528954043022,190.8534000880511,260.07501220703125,258.9717712402344,259.5029602050781,260.1922607421875,0.6893024444580078,0.6326144337654114,0.022323602810502052,nan,nan,nan,nan
3055,933.4162080958486,3.0907821460127436,302.0,1.0982316392973448,0.36048751958448255,0.9437086092715232,1.381854807662864,74.95550773697437,239.5213165283203,229.0384979248047,230.03636169433594,229.5436248779297,-0.49279507994651794,0.26172319054603577,0.005305678583681583,nan,nan,nan,nan
3056,522.6704450789839,2.292414232802561,228.0,1.069052095248104,0.3520553911743721,0.9122807017543859,1.3683050592320047,-189.2461296744233,163.36770629882812,192.2042236328125,193.342529296875,193.491455078125,0.1489403247833252,0.09753627330064774,0.0055639734491705894,nan,nan,nan,nan
3057,550.576418440789,2.8380227754679845,194.0,1.093728627155241,0.36244309659110374,0.9381443298969072,1.4051441435562642,-94.00907157497113,183.52891540527344,203.1079559326172,204.5235137939453,204.4086456298828,-0.11485445499420166,0.42620185017585754,0.02865074761211872,nan,nan,nan,nan
3058,989.4288137555122,2.9892109176903694,331.0,1.1016783325915191,0.36252515932778606,0.9123867069486404,1.408926234479356,73.53865876746863,245.42408752441406,229.7752685546875,230.59693908691406,229.87677001953125,-0.7202323079109192,0.24282070994377136,0.017352033406496048,nan,nan,nan,nan
3059,782.2122395783663,2.793615141351308,280.0,1.0887831492482547,0.35767129904256545,0.9285714285714286,1.3928630079824524,-32.681288303206884,214.7406005859375,214.54542541503906,215.3636474609375,214.39923095703125,-0.9644367098808289,0.12043338268995285,0.021411338821053505,nan,nan,nan,nan
3060,20.047030203044415,0.5896185353836593,34.0,1.090294632367965,0.35388812971502254,0.8823529411764706,1.4406960042520538,-307.68629634143576,7.8671875,219.63250732421875,224.57965087890625,221.6004638671875,-2.9791793823242188,0.5848598480224609,0.053490541875362396,nan,nan,nan,nan
3061,591.7409934643656,2.8044596846652396,211.0,1.0787042833790301,0.35149586214010836,0.9620853080568721,1.3785784457492667,-86.510038920218,186.1727752685547,207.35874938964844,208.554931640625,207.91229248046875,-0.6427090764045715,0.41231077909469604,0.023062415421009064,nan,nan,nan,nan
3062,2817.0319857988507,3.1127425257445864,905.0,1.0887695782125932,0.35777553504307275,0.9359116022099447,1.3812473593156867,764.4346943575902,297.6710510253906,244.625,244.9639892578125,245.46876525878906,0.5048275589942932,0.5744303464889526,0.01728111505508423,nan,nan,nan,nan
3063,722.4171565622091,3.074115559839188,235.0,1.0786405620758568,0.3494997673740624,0.9319148936170213,1.3633476777451479,-3.361700343066559,215.7705078125,226.2600555419922,227.3636474609375,226.4346160888672,-0.9290313124656677,0.2034991979598999,0.01296780165284872,nan,nan,nan,nan
3064,873.3556928187609,2.9307238014052377,298.0,1.0954400706498388,0.36073897084252754,0.9295302013422819,1.3848471510811537,22.816296546668582,223.0931396484375,232.794189453125,233.75115966796875,233.79432678222656,0.043253589421510696,0.2445535808801651,0.01361298467963934,nan,nan,nan,nan
3065,936.3198844492435,0.9363198844492435,1000.0,1.132818598255963,0.38501168545069714,0.892,1.3897328530815287,-1304.4083790530894,85.8985595703125,97.8834457397461,98.05587005615234,99.05377197265625,0.9978870749473572,0.9007699489593506,0.1256246119737625,nan,nan,nan,nan
3066,710.3611529618502,2.8759560848657904,247.0,1.058255237843908,0.34668746940905043,0.951417004048583,1.3749624932536484,-39.181616203771455,209.51055908203125,206.48255920410156,207.5354461669922,207.86724853515625,0.3317871391773224,0.29081621766090393,0.011318128556013107,nan,nan,nan,nan
3067,692.6226959004998,2.58441304440485,268.0,1.0897271234071249,0.3591318451493935,0.8880597014925373,1.3763192794453765,-98.50691972072741,192.5899658203125,222.5686798095703,223.6788787841797,224.17950439453125,0.5006319880485535,0.0909678041934967,0.020061882212758064,nan,nan,nan,nan
3068,406.97695414721966,2.0348847707360984,200.0,1.0517491989378878,0.3363268076562478,0.925,1.3605524942049139,-249.49049199871354,135.8267822265625,199.5610809326172,200.93495178222656,200.4578094482422,-0.4771397113800049,0.5389826893806458,0.025065183639526367,nan,nan,nan,nan
3069,1010.5825756676495,3.043923420685691,332.0,1.085654233547431,0.35500324953768336,0.9096385542168675,1.3768516459982272,92.71209465791026,243.97482299804688,245.73638916015625,246.42832946777344,246.51866149902344,0.09018170088529587,0.6526172757148743,0.01710488460958004,nan,nan,nan,nan
3070,571.4371072221547,2.7341488383835153,209.0,1.1067131058971797,0.3594558888946189,0.9473684210526315,1.4123894408515256,-102.85327311903802,182.89393615722656,211.50257873535156,212.78834533691406,213.57749938964844,0.789082944393158,0.33846956491470337,0.018663939088582993,nan,nan,nan,nan
3071,2071.4840656341985,3.3682667733889406,615.0,1.1072810600365515,0.3657204134328554,0.9105691056910569,1.3922907798099067,593.1813204846328,298.7059020996094,266.7220153808594,267.1874084472656,267.9835205078125,0.7961685657501221,0.8206961154937744,0.022988945245742798,nan,nan,nan,nan
3072,906.4455488175154,3.158346859991343,287.0,1.0916956828827824,0.36104081728404797,0.9233449477351916,1.3883723907590466,77.6897387840736,239.5028839111328,234.14501953125,235.1670684814453,234.65594482421875,-0.5111691355705261,0.37480998039245605,0.01531213242560625,nan,nan,nan,nan
3073,1057.1693789809942,2.857214537786471,370.0,1.1186882112689256,0.3707705793465458,0.9027027027027027,1.3992878611096238,64.04650914682611,237.74569702148438,244.9385986328125,245.5955047607422,245.9620819091797,0.3665788471698761,0.3483465611934662,0.015392575412988663,nan,nan,nan,nan
3074,513.8677117719781,2.7627296331826776,186.0,1.0496893768196647,0.3368281580318528,0.9354838709677419,1.3861542482737184,-114.87517007021813,176.05137634277344,174.0525360107422,175.45042419433594,173.85057067871094,-1.5998660326004028,0.7053987979888916,0.022354554384946823,nan,nan,nan,nan
3075,749.1424466259778,3.0086042033171796,249.0,1.0543535832014366,0.34164980959284047,0.9518072289156626,1.369658569297427,-4.360974583034931,215.62867736816406,217.5240478515625,218.59169006347656,217.8943634033203,-0.6973522305488586,0.17235895991325378,0.01426120288670063,nan,nan,nan,nan
3076,472.2387566268444,2.638205344284047,179.0,1.063079410509324,0.34479004330705465,0.9553072625698324,1.4191904796841042,-142.6418430634833,162.94882202148438,190.58314514160156,192.10536193847656,191.25123596191406,-0.8540656566619873,0.4087370038032532,0.03877582773566246,nan,nan,nan,nan
3077,926.2943179234862,2.6465551940671035,350.0,1.0834708460451559,0.3609099543362944,0.9542857142857143,1.3970635794490767,-27.222031476771917,217.08111572265625,231.74488830566406,232.8424835205078,233.0346221923828,0.19217611849308014,0.36169829964637756,0.012988853268325329,nan,nan,nan,nan
3078,889.9710091385059,2.9567143160747706,301.0,1.052601343599155,0.33828660390924575,0.9368770764119602,1.402108409994872,33.49063480132713,231.2830352783203,211.28746032714844,212.1947479248047,211.6027374267578,-0.592047393321991,0.5533914566040039,0.0332004651427269,nan,nan,nan,nan
3079,647.7139436006546,2.6329835105717665,246.0,1.0919506356483935,0.3623335679952335,0.9024390243902439,1.3955111842658412,-99.8484995432716,191.50270080566406,226.9745330810547,227.90443420410156,227.0996551513672,-0.804841935634613,0.47929292917251587,0.037274233996868134,nan,nan,nan,nan
3080,486.7764847143553,2.645524373447583,184.0,1.1293517181207808,0.3722580907760593,0.9130434782608695,1.4081641115006192,-138.00574508444993,165.7635498046875,204.4408416748047,205.7446746826172,205.22251892089844,-0.5221691131591797,0.46214279532432556,0.008184838108718395,nan,nan,nan,nan
3081,402.46915758866817,2.211368997739935,182.0,1.111673677723789,0.3657919462794104,0.8956043956043956,1.3843281474198048,-218.35242016674601,137.86370849609375,220.491455078125,221.8118896484375,221.0571746826172,-0.7547039985656738,0.2546422779560089,0.014733740128576756,nan,nan,nan,nan
3082,357.5566124469042,2.2071395830055813,162.0,1.0983162025682116,0.35674638146201126,0.9629629629629629,1.416599669279546,-223.65844487460004,127.81840515136719,179.5430908203125,180.95631408691406,179.4707489013672,-1.4855750799179077,0.720543384552002,0.034150540828704834,nan,nan,nan,nan
3083,1622.9578731954098,2.9999221315996483,541.0,1.0808719823730157,0.3542239340673501,0.9297597042513863,1.3864187062440994,291.199253651311,268.24554443359375,245.4923858642578,246.0882110595703,246.57814025878906,0.4898301064968109,0.09412513673305511,0.026046907529234886,nan,nan,nan,nan
3084,4.363602213561535,0.29090681423743564,15.0,1.0504151713162184,0.3382081982990106,1.0,1.3416016209279205,-285.7435299187041,0.5053578019142151,216.99290466308594,229.5792694091797,226.0164031982422,-3.562854528427124,0.924615204334259,0.04211229458451271,nan,nan,nan,nan
3085,1263.0742344520986,3.165599585092979,399.0,1.0913831991514167,0.358009723285112,0.9172932330827067,1.3870481916585664,212.52190998876085,259.4065246582031,249.7392578125,250.4671173095703,250.63731384277344,0.1702515333890915,0.28726059198379517,0.007946096360683441,nan,nan,nan,nan
3086,1020.8201027214527,2.9418446764306996,347.0,1.1082951157139935,0.36509286306721184,0.9164265129682997,1.3836979849080786,73.24473138628105,241.6802520751953,228.23292541503906,229.1071014404297,228.83673095703125,-0.2703828513622284,0.2335492968559265,0.004246293567121029,nan,nan,nan,nan
3087,1285.3225059343968,3.2622398627776565,394.0,1.0931690290137421,0.3597682320201775,0.9238578680203046,1.3858611989427836,244.67181157953655,271.6072998046875,245.2482147216797,245.8159637451172,246.4127197265625,0.5967740416526794,0.751629650592804,0.03177636116743088,nan,nan,nan,nan
3088,784.0318728275597,2.8931065417991135,271.0,1.0904130359808708,0.3505305437513468,0.9446494464944649,1.3923371841184797,-13.038720858754004,215.79039001464844,215.4432830810547,216.6429901123047,216.63438415527344,-0.008612074889242649,0.4902414083480835,0.07020048797130585,nan,nan,nan,nan
3089,186.44447272270918,1.9221079662134968,97.0,1.094823334768714,0.35722993279301607,0.9381443298969072,1.3628703401702,-266.0493931885875,81.19576263427734,185.77012634277344,189.1172332763672,187.54554748535156,-1.5716552734375,0.7403538227081299,0.04800012707710266,nan,nan,nan,nan
3090,542.7919394522905,2.501345343098113,217.0,1.1243916162747958,0.36891995906175695,0.9032258064516129,1.4204006517024412,-147.34104906246614,172.44036865234375,216.35211181640625,217.3975067138672,217.172607421875,-0.2248818427324295,0.4557482898235321,0.014761989004909992,nan,nan,nan,nan
3091,1111.0311584472656,3.060691896548941,363.0,1.0499073102359084,0.3441046647054226,0.9256198347107438,1.3430058256934707,131.7705707649659,253.5819091796875,246.188720703125,246.88270568847656,246.9696044921875,0.08693774789571762,0.49904024600982666,0.011743582785129547,nan,nan,nan,nan
3092,722.9267389136949,2.7280254298629996,265.0,1.11632711881595,0.36775238092330875,0.9320754716981132,1.3919096427665296,-62.261898642445885,204.640625,223.48634338378906,224.61944580078125,223.5762176513672,-1.0431627035140991,0.3953477740287781,0.0324246920645237,nan,nan,nan,nan
3093,871.5262777507305,2.9744924155315036,293.0,1.0927305989113654,0.36171796943089,0.9112627986348123,1.3942775925044362,30.888511587115772,230.2372589111328,227.3006134033203,228.38134765625,228.901611328125,0.5202721953392029,0.5802619457244873,0.011935191228985786,nan,nan,nan,nan
3094,942.7627396434546,2.7013259015571762,349.0,1.0716531637723195,0.3532092328317447,0.9169054441260746,1.3877104152177686,-8.77328373510818,219.49903869628906,235.8793182373047,236.727783203125,237.6298065185547,0.9019858241081238,0.33324289321899414,0.02917824499309063,nan,nan,nan,nan
3095,797.4262266084552,3.020553888668391,264.0,1.0846827694774683,0.35533906475264837,0.9583333333333334,1.396262285119879,14.21791507401008,226.14071655273438,222.39308166503906,223.4276885986328,222.787841796875,-0.6398202776908875,0.2939404845237732,0.019306182861328125,nan,nan,nan,nan
3096,974.7637229664251,3.164817282358523,308.0,1.1026176046564402,0.36348726472861964,0.9383116883116883,1.4076220484866016,104.42106647737796,246.64422607421875,242.6327667236328,243.4092559814453,242.8313446044922,-0.5779051184654236,0.722476065158844,0.011933221481740475,nan,nan,nan,nan
3097,912.1133060473949,2.621015247262629,348.0,1.0670069098264305,0.34589512232488995,0.9339080459770115,1.3849487435462593,-37.442391309472214,214.56797790527344,233.8280792236328,234.62127685546875,234.40443420410156,-0.21684187650680542,0.18443171679973602,0.020508814603090286,nan,nan,nan,nan
3098,1073.6508985213004,3.3239965898492274,323.0,1.0756800618282423,0.3515871268320385,0.9473684210526315,1.3737068083202937,173.6033517068206,261.8995666503906,232.2139434814453,233.07603454589844,233.6042938232422,0.5282846093177795,0.6367542743682861,0.019770855084061623,nan,nan,nan,nan
3099,1183.4997467701323,3.122690624723304,379.0,1.0809569225354658,0.35399221611131043,0.9182058047493403,1.3827493827910455,172.55394274070454,257.1046447753906,245.2166748046875,246.0648193359375,246.7152099609375,0.6503793597221375,0.1270362138748169,0.035908013582229614,nan,nan,nan,nan
3100,912.6373189613223,3.062541338796384,298.0,1.1074827397882199,0.36565071508672264,0.9026845637583892,1.3980946316643625,62.09792268923002,233.8299102783203,233.17417907714844,234.0207977294922,234.1435089111328,0.12281253188848495,0.3348548412322998,0.00745397387072444,nan,nan,nan,nan
3101,621.1708046444692,2.7607591317531965,225.0,1.077589005974436,0.34139138665446944,0.9688888888888889,1.369094207672419,-84.80479204385153,194.08192443847656,180.4752197265625,181.78814697265625,180.9600830078125,-0.8280646204948425,0.07457980513572693,0.01033669151365757,nan,nan,nan,nan
3102,1800.6726673599333,2.3026504697697354,782.0,1.0908992844021594,0.3584228525087739,0.9322250639386189,1.3884312116875206,-8.344523412780973,220.1278839111328,208.9219207763672,209.21705627441406,209.84828186035156,0.6311023235321045,0.7001457214355469,0.0961809903383255,nan,nan,nan,nan
3103,1570.135964254383,3.277945645625017,479.0,1.1140072830555765,0.36605003982480666,0.9352818371607515,1.4015259856277167,361.1575580554054,280.2044677734375,263.9198303222656,264.5627136230469,265.7583923339844,1.1958211660385132,0.3975183963775635,0.016870953142642975,nan,nan,nan,nan
3104,812.8820563815534,2.7743414893568374,293.0,1.1049306483478516,0.3637295511746187,0.9146757679180887,1.4078737530553929,-27.75570978206133,212.52706909179688,240.427490234375,241.35791015625,242.2665557861328,0.9086092114448547,0.46825680136680603,0.00678431149572134,nan,nan,nan,nan
3105,711.2646174170077,2.8564844072972195,249.0,1.0492032155684432,0.34123562097828714,0.9036144578313253,1.3835824018929908,-42.238803792005,204.68894958496094,227.5436553955078,228.604248046875,228.119140625,-0.4850655496120453,0.327065110206604,0.013634703122079372,nan,nan,nan,nan
3106,607.9058590084314,2.7885589862772084,218.0,1.048760042692006,0.33991454083782935,0.9128440366972477,1.3481501859256555,-84.20745552802077,190.32937622070312,194.4247283935547,195.7039794921875,194.70191955566406,-1.0020971298217773,0.14660508930683136,0.021352669224143028,nan,nan,nan,nan
3107,1110.8142109960318,2.9078906047016537,382.0,1.107088732837555,0.36759170127908014,0.918848167539267,1.3790055463955617,93.92742890151749,242.1737823486328,245.13922119140625,246.0802001953125,245.71009826660156,-0.3699936866760254,0.30459457635879517,0.017201662063598633,nan,nan,nan,nan
3108,1354.7759286817163,3.353405764063654,404.0,1.0854180635833304,0.35690308447352653,0.8935643564356436,1.3841268637476234,294.321974109901,278.019287109375,232.9406280517578,233.6993408203125,233.86534118652344,0.16601073741912842,0.6771892309188843,0.00800248607993126,nan,nan,nan,nan
3109,513.1480250591412,2.0775223686604907,247.0,1.077184466197641,0.35240307831584133,0.9190283400809717,1.3757063550884896,-236.3947441064804,150.1478729248047,187.8626708984375,189.1387939453125,188.8858642578125,-0.2529189884662628,0.9722598195075989,0.10961609333753586,nan,nan,nan,nan
3110,1213.6992090158165,2.967479728645028,409.0,1.1059824170898662,0.3654632377433504,0.921760391198044,1.40169823780906,143.34362433552383,246.82492065429688,251.4713897705078,252.1186981201172,252.19873046875,0.08000849932432175,0.31248563528060913,0.012512260116636753,nan,nan,nan,nan
3111,1183.2495944723487,3.2241133364369174,367.0,1.0749138466524575,0.3502453135162191,0.9155313351498637,1.3911284907089068,196.06770270326706,262.2619934082031,250.7327117919922,251.48236083984375,252.15895080566406,0.6766144633293152,0.8145627975463867,0.023309793323278427,nan,nan,nan,nan
3112,362.7862519118935,2.10922239483659,172.0,1.0905465918514772,0.34876656390581273,0.9418604651162791,1.4235604440969873,-238.2320656265657,130.2040557861328,170.95713806152344,172.5162811279297,170.4176788330078,-2.098614454269409,1.008974552154541,0.026572760194540024,nan,nan,nan,nan
3113,562.9256125828251,2.655309493315213,212.0,1.132316492457534,0.3732790482709966,0.9245283018867925,1.4330481703459594,-117.30574582345412,179.29954528808594,223.65692138671875,224.776611328125,224.76902770996094,-0.007563944905996323,0.4543167054653168,0.016651654615998268,nan,nan,nan,nan
3114,774.2062894180417,2.9215331676152516,265.0,1.1043002063586043,0.36646620571275046,0.9245283018867925,1.3825200984099308,-10.982348138099042,217.2882080078125,225.46649169921875,226.55332946777344,226.4518280029297,-0.10156287997961044,0.19262626767158508,0.008738074451684952,nan,nan,nan,nan
3115,1583.7074596513994,3.341154978167509,474.0,1.070681602842786,0.3477278359758857,0.930379746835443,1.3930789633187404,384.6306835608991,286.6606140136719,255.6779327392578,256.2234802246094,256.7873840332031,0.5638017058372498,0.837056040763855,0.020672058686614037,nan,nan,nan,nan
3116,1067.2952115163207,3.1670481053896755,337.0,1.079190133512704,0.3509437897014957,0.9109792284866469,1.3748510194675774,139.5231003981039,253.8980255126953,243.07518005371094,243.7533721923828,244.7954559326172,1.0420747995376587,0.323007732629776,0.027698514983057976,nan,nan,nan,nan
3117,398.7390941902995,2.3182505476180206,172.0,1.1271970308677455,0.3772448000647922,0.9244186046511628,1.375171618823429,-202.2792233481597,142.33042907714844,192.2255096435547,193.6427764892578,192.75767517089844,-0.885136604309082,0.25240325927734375,0.0175932627171278,nan,nan,nan,nan
3118,722.4631288535893,2.7160268002014636,266.0,1.099632282165956,0.3584520931985217,0.924812030075188,1.410218721767715,-64.70583472424687,201.79714965820312,198.92266845703125,200.025146484375,199.87733459472656,-0.14778345823287964,0.4953734278678894,0.01563357561826706,nan,nan,nan,nan
3119,1028.2202714312007,3.2435970707608854,317.0,1.0629268173915976,0.345945753391163,0.9463722397476341,1.362250984900373,140.05468074689406,251.69784545898438,229.6232452392578,230.5159454345703,229.8844757080078,-0.6315516829490662,0.5006113052368164,0.01823909766972065,nan,nan,nan,nan
3120,903.9843247160316,3.0747766146803794,294.0,1.0641603297810185,0.343717610577919,0.9217687074829932,1.3605856693854106,61.36623253072139,234.48458862304688,235.87889099121094,236.69032287597656,236.53150939941406,-0.1587846875190735,0.25344112515449524,0.007579544093459845,nan,nan,nan,nan
3121,539.3441375028342,2.7517558035858887,196.0,1.1211020776541238,0.3698938597840269,0.9540816326530612,1.4166545266370694,-109.20200455631698,177.534423828125,203.50559997558594,204.8649444580078,203.69483947753906,-1.1699833869934082,0.5587862133979797,0.10036781430244446,nan,nan,nan,nan
3122,255.88056260347366,1.789374563660655,143.0,1.1144655236958552,0.3648210988516511,0.916083916083916,1.395621731249204,-287.708300305816,92.19001770019531,177.75013732910156,179.79766845703125,178.7363739013672,-1.0613183975219727,0.9341750741004944,0.07198234647512436,nan,nan,nan,nan
3123,219.51225078105927,1.7702600869440264,124.0,1.10931845319367,0.3614146143003363,0.9435483870967742,1.429001319432042,-286.4504177160159,84.13782501220703,158.52830505371094,162.0447540283203,160.5913848876953,-1.4533782005310059,0.8669004440307617,0.04994659125804901,nan,nan,nan,nan
3124,480.4881589151919,2.5972332914334695,185.0,1.0931587866077206,0.3637620222039505,0.9027027027027027,1.3814385743121784,-146.27439690530878,163.0543670654297,196.1658477783203,197.54917907714844,196.546630859375,-1.0025990009307861,0.3321930170059204,0.016861865296959877,nan,nan,nan,nan
3125,246.93140775780194,2.0075724207951375,123.0,1.0993839544388129,0.36239593955205485,0.9105691056910569,1.399955493054227,-257.0509347175778,95.84119415283203,168.82318115234375,171.5208282470703,172.316162109375,0.7953400015830994,0.8259067535400391,0.01821202225983143,nan,nan,nan,nan
3126,2113.5177843123674,3.5761722238787943,591.0,1.0954027667695097,0.3547288137144993,0.9204737732656514,1.3911012423109865,682.7428636834936,317.3421630859375,266.8619079589844,267.39849853515625,268.0552062988281,0.6565924286842346,0.975935697555542,0.03316587209701538,nan,nan,nan,nan
3127,1001.0131474174559,3.1478400862184146,318.0,1.0865035241562246,0.3541993651636344,0.940251572327044,1.3985033145658938,110.86723071145366,247.22430419921875,227.7286834716797,228.5753631591797,228.5599822998047,-0.015428227372467518,0.3025241792201996,0.005433051381260157,nan,nan,nan,nan
3128,393.90484315901995,2.2769066078556066,173.0,1.1050497447902556,0.37085939976337373,0.9132947976878613,1.3993136791076373,-209.09380040113479,139.56524658203125,184.02293395996094,185.91819763183594,187.00657653808594,1.0884209871292114,1.2441964149475098,0.040561750531196594,nan,nan,nan,nan
3129,1440.0035322345793,3.627212927543021,397.0,1.0773425571647697,0.34990171151731064,0.9143576826196473,1.3795160825008914,393.41185981463263,301.64739990234375,258.3241882324219,259.0903625488281,259.0713806152344,-0.018958916887640953,0.951533854007721,0.020537057891488075,nan,nan,nan,nan
3130,641.0002636164427,2.786957667897577,230.0,1.1071516812312348,0.3564487749114261,0.908695652173913,1.428600788286885,-74.87696318035546,194.62464904785156,208.8624725341797,209.74647521972656,209.7305908203125,-0.015933936461806297,0.5246837139129639,0.03262890502810478,nan,nan,nan,nan
3131,897.4893431067467,3.0841558182362427,291.0,1.0937160908535482,0.3608182721588542,0.8865979381443299,1.3906629076346033,60.812228986522996,232.461669921875,228.3086700439453,229.44151306152344,229.3477020263672,-0.09381234645843506,0.1773981899023056,0.004690679255872965,nan,nan,nan,nan
3132,427.1898340303451,2.296719537797554,186.0,1.0467415513863167,0.3345333994402217,0.956989247311828,1.3620318398249196,-201.55304781185112,148.8350372314453,181.080078125,182.4044647216797,181.5720977783203,-0.8323698043823242,1.2294776439666748,0.044858500361442566,nan,nan,nan,nan
3133,337.18789809104055,2.2330324376890105,151.0,1.074717162960395,0.34393012200566486,0.9403973509933775,1.37045825857823,-222.24357299181315,127.05868530273438,177.5900115966797,179.4205322265625,177.5908660888672,-1.8296799659729004,0.6474502086639404,0.06555366516113281,nan,nan,nan,nan
3134,692.06066754926,2.621441922535076,264.0,1.086604239418039,0.3573387028079719,0.9204545454545454,1.402336666272297,-91.14764398518514,198.5061798095703,220.9945068359375,221.77392578125,221.15380859375,-0.6201842427253723,0.29822584986686707,0.03245149552822113,nan,nan,nan,nan
3135,499.1736708879471,2.6134747166908223,191.0,1.0901632028057882,0.3550765694843432,0.9162303664921466,1.3792008009493244,-139.47084106272655,165.16183471679688,218.12548828125,219.3296661376953,219.08750915527344,-0.24207742512226105,0.3097010552883148,0.016524679958820343,nan,nan,nan,nan
3136,1465.816867802292,3.159088077160112,464.0,1.1001541739478111,0.36214034276643614,0.8987068965517241,1.388552652584734,286.5433519287469,276.39434814453125,256.0978088378906,256.7233581542969,257.1073303222656,0.3840857446193695,0.41526418924331665,0.02930932492017746,nan,nan,nan,nan
3137,480.3286033831537,2.3430663579666033,205.0,1.1164658272044832,0.3689342134285291,0.9073170731707317,1.3948746005362123,-186.04047287125695,158.51153564453125,213.84820556640625,215.01466369628906,213.7300567626953,-1.2846713066101074,0.30756446719169617,0.007418611086905003,nan,nan,nan,nan
3138,514.0592250302434,2.557508582240017,201.0,1.1414294367884603,0.3770156612369841,0.9253731343283582,1.4307244118755351,-144.38854713738533,169.667236328125,200.78228759765625,202.0267333984375,199.4050750732422,-2.621615409851074,0.12378713488578796,0.020522696897387505,nan,nan,nan,nan
3139,653.8707605726086,2.7473561368597,238.0,1.0984272556426895,0.36340993869556015,0.9243697478991597,1.402929045417503,-77.84907439775361,194.0137939453125,236.25599670410156,237.29811096191406,236.5328826904297,-0.7652516961097717,0.1647356152534485,0.02215540036559105,nan,nan,nan,nan
3140,1050.1068651676178,3.45429889857769,304.0,1.1027635570654226,0.35866366484362133,0.9210526315789473,1.4016144896075067,187.68551276535254,266.9124755859375,224.7039794921875,225.63446044921875,225.1815948486328,-0.4528447091579437,0.5739178657531738,0.03733358904719353,nan,nan,nan,nan
3141,1111.6207022075541,3.1670105475998693,351.0,1.0869798131168449,0.35345828395547146,0.9259259259259259,1.3834265226955067,156.12402678560034,256.5963439941406,236.0940704345703,236.8949432373047,236.53192138671875,-0.3629533350467682,0.6399348974227905,0.02446535974740982,nan,nan,nan,nan
3142,754.6735736969858,2.815946170511141,268.0,1.0923703093948594,0.35416870834468056,0.9365671641791045,1.3982159397868705,-36.45604192424139,213.0264434814453,229.7780303955078,230.76544189453125,231.43212890625,0.6666927337646484,0.27520155906677246,0.03362054005265236,nan,nan,nan,nan
3143,688.1836994001642,2.636719154789901,261.0,1.0669243952688319,0.34693451438600265,0.9157088122605364,1.3890105685622294,-89.08363406919443,198.3932647705078,198.6367645263672,199.628662109375,199.47711181640625,-0.15159088373184204,0.3680330514907837,0.01938553713262081,nan,nan,nan,nan
3144,1239.7455691257492,3.187006604436373,389.0,1.0924311974579335,0.3598156765335722,0.9383033419023136,1.3938029006744024,208.9965048793665,265.22882080078125,250.08941650390625,250.8635711669922,251.54571533203125,0.6821176409721375,0.2286943942308426,0.02989400364458561,nan,nan,nan,nan
3145,903.1663452703506,3.114366707828795,290.0,1.083102347552305,0.3550302435913098,0.9241379310344827,1.3835526393520698,68.46955717182232,236.8997344970703,235.0595703125,235.98866271972656,235.94537353515625,-0.043277084827423096,0.5216677188873291,0.007847225293517113,nan,nan,nan,nan
3146,768.7706912606955,2.7165042094017506,283.0,1.0916143703931724,0.3528019469094246,0.9434628975265018,1.3902829266465955,-52.06381468596419,209.9563751220703,195.1671600341797,196.18365478515625,195.5655059814453,-0.6180868744850159,0.29098495841026306,0.03182194009423256,nan,nan,nan,nan
3147,941.311860665679,2.835276688752045,332.0,1.1255087721844048,0.3709171703815237,0.8885542168674698,1.3843693076059074,23.441379655939727,227.83103942871094,241.62135314941406,242.3751678466797,242.49452209472656,0.11939742416143417,0.1868055760860443,0.00505976565182209,nan,nan,nan,nan
3148,1023.6066486686468,3.0284220374812034,338.0,1.111230083501289,0.3671702129166588,0.9260355029585798,1.3888423157427106,93.8542115287346,242.40908813476562,258.0580749511719,258.8605651855469,259.15380859375,0.29324355721473694,0.37702199816703796,0.0156678669154644,nan,nan,nan,nan
3149,826.0718145053834,3.0708989386817227,269.0,1.0750634427416523,0.3510352133793031,0.9219330855018587,1.381068469533987,32.96187286246072,225.82872009277344,220.9418487548828,222.15843200683594,222.6782684326172,0.5197951793670654,0.4994249641895294,0.0026707404758781195,nan,nan,nan,nan
3150,1449.665779909119,3.243100178767604,447.0,1.0785001756927939,0.35323482694923475,0.9172259507829977,1.3764726615378042,304.0578064043973,280.3759460449219,261.4960632324219,262.0008544921875,262.5513610839844,0.5505957007408142,0.7512727379798889,0.020565545186400414,nan,nan,nan,nan
3151,189.19614490494132,1.7199649536812847,110.0,1.117505432443547,0.37287746921920745,0.9090909090909091,1.4004205956361082,-289.0419592883968,77.02314758300781,205.7265167236328,208.3259735107422,208.87046813964844,0.5445137619972229,0.15975816547870636,0.03919386863708496,nan,nan,nan,nan
3152,1001.9536223169416,1.0019536223169416,1000.0,1.1385804522333933,0.3870232595081616,0.896,1.3969442202966247,-1238.7746411853914,90.52751159667969,102.81940460205078,102.98784637451172,104.33203125,1.3442133665084839,1.1804735660552979,0.26458853483200073,nan,nan,nan,nan
3153,853.6607533050701,3.048788404660965,280.0,1.0874149250672542,0.35160023829119463,0.9071428571428571,1.401470020465472,38.76722542349694,231.32994079589844,222.79200744628906,223.69451904296875,223.0041046142578,-0.6904248595237732,0.5388391017913818,0.053315550088882446,nan,nan,nan,nan
3154,920.2715797424316,3.1408586339332136,293.0,1.0624822220728425,0.34821917654721823,0.9180887372013652,1.3647646021637283,79.6338135788169,238.47467041015625,226.68450927734375,227.7161865234375,227.20103454589844,-0.5151709914207458,0.41118595004081726,0.03503945469856262,nan,nan,nan,nan
3155,1017.5869257403538,2.9667257310214397,343.0,1.1168590458475645,0.3653318518175654,0.880466472303207,1.387235114290217,77.932858491964,240.87039184570312,239.68385314941406,240.3433380126953,240.0832061767578,-0.26006054878234863,0.3322075307369232,0.029036762192845345,nan,nan,nan,nan
3156,573.9172009266913,2.746015315438714,209.0,1.1045357483670732,0.3660150163001769,0.9234449760765551,1.4062460004044681,-100.37317941450146,183.16844177246094,224.6123046875,225.6716766357422,225.6280517578125,-0.043642763048410416,0.2342391461133957,0.007307273335754871,nan,nan,nan,nan
3157,1553.6132188551128,3.2502368595295246,478.0,1.062216777661575,0.3443979405443211,0.9309623430962343,1.371440551960994,346.6151386778306,285.38885498046875,248.0462646484375,248.7626495361328,249.2982635498047,0.5356962084770203,0.33768582344055176,0.013182763941586018,nan,nan,nan,nan
3158,1450.8813770115376,3.2677508491250844,444.0,1.1128418646903708,0.3654667011508867,0.9256756756756757,1.422974990432216,311.2143815719023,277.3908386230469,240.65428161621094,241.39988708496094,242.2849578857422,0.8851882815361023,0.6325059533119202,0.014734962023794651,nan,nan,nan,nan
3159,606.0525119965896,2.754784145439044,220.0,1.0888198721924616,0.3504366140802052,0.9272727272727272,1.4030021343292454,-90.02145458325356,192.1222686767578,187.91522216796875,189.00616455078125,188.28770446777344,-0.7184776663780212,0.5356295108795166,0.021337829530239105,nan,nan,nan,nan
3160,1024.993465570733,2.9369440274233036,349.0,1.078368802490491,0.3550429726586568,0.9140401146131805,1.3792249835752683,73.45744219217022,237.4137725830078,251.23341369628906,252.1310272216797,252.5924835205078,0.46154913306236267,0.08436725288629532,0.019169606268405914,nan,nan,nan,nan
3161,782.3141315747052,2.8867680131907942,271.0,1.0746780948633983,0.35083066999925433,0.933579335793358,1.3766111386846298,-14.75646211160847,217.1758575439453,231.4732208251953,232.29302978515625,232.4960174560547,0.20294976234436035,0.2796310782432556,0.04140236973762512,nan,nan,nan,nan
3162,663.4012443013489,2.9096545802690743,228.0,1.0993042850327666,0.3629143120059253,0.9342105263157895,1.3836941118677286,-48.515330452058265,198.83255004882812,226.7271270751953,227.91477966308594,227.70257568359375,-0.21219013631343842,0.45957323908805847,0.03923926502466202,nan,nan,nan,nan
3163,645.3086953572929,2.677629441316568,241.0,1.0816564389907164,0.3557186798712002,0.9336099585062241,1.3686642304167003,-92.35211767815576,195.1070556640625,194.81640625,195.93011474609375,194.8826446533203,-1.0474576950073242,0.8115254044532776,0.018708916381001472,nan,nan,nan,nan
3164,369.3174656033516,2.134783038169662,173.0,1.1056919958285996,0.3644465810615033,0.930635838150289,1.3735331390920815,-233.68117795680314,131.712158203125,176.1815643310547,177.54200744628906,178.5314483642578,0.9894407391548157,1.0751787424087524,0.08731590211391449,nan,nan,nan,nan
3165,1007.8850828390568,3.1011848702740212,325.0,1.0906577300365508,0.3548608280527286,0.9384615384615385,1.4215149544853583,103.87688398118621,244.9431915283203,229.6586456298828,230.54994201660156,231.0088653564453,0.45903506875038147,0.25857117772102356,0.014539300464093685,nan,nan,nan,nan
3166,1205.907914014184,3.1568270000371306,382.0,1.0995633508628795,0.3583952313704449,0.9528795811518325,1.4086637457974605,189.02113191966964,255.8634490966797,252.99705505371094,253.7569580078125,254.52650451660156,0.7696213126182556,0.2517050802707672,0.016098076477646828,nan,nan,nan,nan
3167,1129.482838940341,3.0119542371742427,375.0,1.094255120784796,0.3578177327901358,0.9146666666666666,1.3729874418702732,126.45833899769536,251.7342987060547,224.12640380859375,224.93060302734375,223.84275817871094,-1.0878931283950806,0.16850781440734863,0.017693938687443733,nan,nan,nan,nan
3168,635.2272406090051,2.9408668546713197,216.0,1.0739502592004078,0.34760083129416963,0.9074074074074074,1.3789339125250057,-52.92542188405605,201.08831787109375,218.44703674316406,219.7649688720703,218.79248046875,-0.9724450707435608,0.4492546617984772,0.0291594248265028,nan,nan,nan,nan
3169,793.0364752411842,3.0153478146052635,263.0,1.0696903611989845,0.35159069232283224,0.9125475285171103,1.3634735696295224,11.808489728434552,225.96385192871094,227.19007873535156,228.15875244140625,227.2627716064453,-0.8959140181541443,0.5590702295303345,0.05396473780274391,nan,nan,nan,nan
3170,993.6625229269266,2.6287368331400174,378.0,1.0679966452437026,0.3467925387569452,0.9312169312169312,1.39719546832364,-15.302955080805532,224.0050048828125,213.1504364013672,213.9370880126953,213.1835174560547,-0.7535012364387512,0.4203679859638214,0.022359848022460938,nan,nan,nan,nan
3171,1322.486604951322,3.249352837718236,407.0,1.0927116105890706,0.35631707466563217,0.9066339066339066,1.400046222557888,256.0916723144203,274.3282470703125,233.7421112060547,234.38279724121094,234.2377471923828,-0.14504152536392212,0.3710940182209015,0.011171785183250904,nan,nan,nan,nan
3172,779.6260609775782,2.8145345161645423,277.0,1.0773325762050194,0.34882350173982246,0.9097472924187726,1.374327311762085,-29.326488838908517,217.01083374023438,224.6928253173828,225.60052490234375,224.604736328125,-0.9958155751228333,0.1701945662498474,0.013365023769438267,nan,nan,nan,nan
3173,1348.9230137318373,3.227088549597697,418.0,1.0892493968987784,0.35723816562915855,0.9090909090909091,1.3845195776557024,260.744494856285,268.7559814453125,257.8945007324219,258.4513854980469,259.1374816894531,0.6861400604248047,0.29513925313949585,0.009416962042450905,nan,nan,nan,nan
3174,815.7802187353373,3.101825926750332,263.0,1.090228257762689,0.3522696570194939,0.935361216730038,1.4101341952985769,34.552233222587574,226.66812133789062,227.7310028076172,228.6371612548828,228.14137268066406,-0.4958387613296509,0.39736616611480713,0.01193934865295887,nan,nan,nan,nan
3175,930.3642459325492,2.9535372886747595,315.0,1.091618819491007,0.3638601877499481,0.9111111111111111,1.3725837751895165,46.15930729163347,233.95870971679688,242.8770751953125,243.60801696777344,243.11212158203125,-0.49588680267333984,0.37140610814094543,0.029057389125227928,nan,nan,nan,nan
3176,1437.9478218331933,3.3913863722480975,424.0,1.0571045805630874,0.3456678928025281,0.9363207547169812,1.352694593945274,337.88734682746804,285.6134033203125,251.2884979248047,251.88243103027344,251.90208435058594,0.019638167694211006,0.8256409764289856,0.02531532570719719,nan,nan,nan,nan
3177,317.6361079774797,1.689553765837658,188.0,1.1234002375536758,0.3703468824865368,0.898936170212766,1.4063995189219074,-315.06742590810745,109.32191467285156,203.0928497314453,204.36412048339844,201.70118713378906,-2.6628901958465576,1.2077815532684326,0.03805588185787201,nan,nan,nan,nan
3178,421.2059140789788,2.4347162663524786,173.0,1.0702687642894677,0.34697075946799794,0.9479768786127167,1.361651651020032,-181.7927294811759,147.62840270996094,193.30653381347656,195.08740234375,195.64366149902344,0.5563535690307617,0.30843424797058105,0.008660638704895973,nan,nan,nan,nan
3179,669.5890276618302,2.615582139304024,256.0,1.1164566002029581,0.36622101048442346,0.91796875,1.4062602337579242,-97.776675699051,196.53530883789062,200.54396057128906,201.7989044189453,201.49383544921875,-0.3050263822078705,0.3570669889450073,0.019434720277786255,nan,nan,nan,nan
3180,1499.5138977393508,3.5117421492724845,427.0,1.0920384006286592,0.35675139962828223,0.9320843091334895,1.3913652989758825,393.51244466853905,293.6086120605469,258.3843688964844,258.9502868652344,260.0755920410156,1.125328540802002,0.9368245601654053,0.07658769935369492,nan,nan,nan,nan
3181,2359.760244480334,3.52203021564229,670.0,1.0777780170324702,0.3503401569331433,0.9253731343283582,1.3805071640471935,772.539568137516,316.758056640625,262.07818603515625,262.4817199707031,263.0250244140625,0.5433328747749329,0.8089138865470886,0.017201866954565048,nan,nan,nan,nan
3182,312.6537724509835,2.2493077154747017,139.0,1.0945850364324332,0.3620470208635138,0.9280575539568345,1.373038506237277,-223.01378637152413,120.72591400146484,181.1728057861328,182.76954650878906,182.2120819091797,-0.5575044751167297,0.13836391270160675,0.018628278747200966,nan,nan,nan,nan
3183,649.8841120116413,2.940652090550413,221.0,1.1219891370465254,0.37009179650068064,0.9230769230769231,1.409542015644294,-48.17018058989743,201.74745178222656,206.54774475097656,207.84519958496094,206.35145568847656,-1.4936436414718628,0.17400693893432617,0.013033095747232437,nan,nan,nan,nan
3184,776.6969978809357,2.9872961456959066,260.0,1.1232597785652831,0.36592090178716874,0.9076923076923077,1.4129267282809175,1.409990433272469,218.58804321289062,232.4117889404297,233.28367614746094,232.9962615966797,-0.28742843866348267,0.4704764783382416,0.023429378867149353,nan,nan,nan,nan
3185,563.2790513215587,2.721154837302216,207.0,1.0886185277324656,0.35819223700846725,0.9082125603864735,1.4079774973201113,-107.05067697624304,181.1468963623047,212.66783142089844,213.86602783203125,213.06642150878906,-0.7996280193328857,0.5503303408622742,0.013089502230286598,nan,nan,nan,nan
3186,538.6908580847085,2.5409946136071153,212.0,1.1291252618394456,0.37174341384200277,0.9245283018867925,1.402696732140286,-141.5405003215708,171.75228881835938,223.7491455078125,225.1841583251953,224.26658630371094,-0.9175755381584167,0.313535213470459,0.023536425083875656,nan,nan,nan,nan
3187,838.9172292202711,2.8631987345401746,293.0,1.1119397002001554,0.36289034758350325,0.9215017064846417,1.391857618778564,-1.7205369433436317,221.23033142089844,234.4727783203125,235.3020477294922,234.58294677734375,-0.7190904021263123,0.5418913960456848,0.024805713444948196,nan,nan,nan,nan
3188,437.6117094345391,2.327721858694357,188.0,1.1196369970569102,0.37084156781078337,0.9042553191489362,1.4039834766191353,-195.09182445104807,148.01852416992188,198.7252197265625,200.2616424560547,201.6446075439453,1.3829933404922485,1.2761503458023071,0.058988768607378006,nan,nan,nan,nan
3189,565.4397858008742,2.7184605086580493,208.0,1.092702811771035,0.35791105909279747,0.9182692307692307,1.3658600587142224,-106.87026851862288,183.72288513183594,208.7901153564453,209.93800354003906,208.5330352783203,-1.4050441980361938,0.6237454414367676,0.0766114741563797,nan,nan,nan,nan
3190,1387.7281546108425,3.3199238148584747,418.0,1.0971832822795562,0.357056975401355,0.9234449760765551,1.395689747241541,299.54963573529017,277.4500732421875,245.24603271484375,245.85296630859375,246.0955352783203,0.24253536760807037,0.7186330556869507,0.023252496495842934,nan,nan,nan,nan
3191,938.5458747874945,2.951402121973253,318.0,1.097006586298281,0.36416830750137363,0.9150943396226415,1.392152229862735,48.39995808149229,236.1627655029297,243.5130615234375,244.44737243652344,244.6074676513672,0.16014869511127472,0.2787891924381256,0.011874375864863396,nan,nan,nan,nan
3192,653.0944809999783,2.827248835497741,231.0,1.103632813779679,0.36562334305843985,0.9437229437229437,1.434700515087086,-64.76307181851541,198.85145568847656,216.74229431152344,217.836669921875,216.30921936035156,-1.5274343490600586,0.39008456468582153,0.034619174897670746,nan,nan,nan,nan
3193,894.5061823045835,3.0016985983375286,298.0,1.0796401295249602,0.3537846143765756,0.8993288590604027,1.3664389924714102,43.9667860324912,234.87867736816406,237.8865509033203,238.8673858642578,238.3067169189453,-0.5607261657714844,0.24417516589164734,0.0386541448533535,nan,nan,nan,nan
3194,1194.4340325891972,3.245744653774992,368.0,1.0925761871213857,0.3582897701431332,0.904891304347826,1.3811718871250387,205.27181479841988,262.4839172363281,246.371826171875,247.1767578125,248.02391052246094,0.847062885761261,0.3957638144493103,0.009958786889910698,nan,nan,nan,nan
3195,1524.9398555066437,3.2445528840566884,470.0,1.083709046336955,0.3525576039873383,0.9297872340425531,1.4037215202744424,333.7843835029255,277.96990966796875,259.9554748535156,260.52606201171875,261.1182556152344,0.5921105742454529,0.8713380098342896,0.016369324177503586,nan,nan,nan,nan
3196,-2.7356227040290833,-0.3419528380036354,8.0,1.163023996864043,0.37647396861575544,0.875,1.5212371652417578,-278.9804726844262,-1.7818204164505005,154.8179931640625,176.0459747314453,166.60118103027344,-9.444802284240723,2.7991297245025635,0.1722927987575531,nan,nan,nan,nan
3197,1362.22944000829,2.879977674436131,473.0,1.0661926891527977,0.34703619515032225,0.9260042283298098,1.3540040357117693,165.13298993948547,255.21263122558594,223.38502502441406,223.9430694580078,224.1381072998047,0.19503657519817352,0.39301440119743347,0.026074029505252838,nan,nan,nan,nan
3198,720.2147215413861,2.7700566213130235,260.0,1.0852418231659675,0.3599205994307667,0.9076923076923077,1.3625773998171427,-55.0722859062771,206.53396606445312,223.1309051513672,224.277099609375,223.39556884765625,-0.8814821243286133,0.30699360370635986,0.02260507643222809,nan,nan,nan,nan
3199,771.2552619576454,2.6322705186267763,293.0,1.0420054918434773,0.33445069165087166,0.9249146757679181,1.3789530307793538,-69.38250420596933,205.8820037841797,213.61268615722656,214.49658203125,213.8739471435547,-0.6225953102111816,0.3554130494594574,0.024512644857168198,nan,nan,nan,nan
3200,558.4765375554562,2.751115948549045,203.0,1.1210871283814186,0.3684929240047083,0.9014778325123153,1.4096221786932914,-103.93188665556352,179.9521484375,225.11322021484375,226.3412322998047,225.7977752685547,-0.5434772372245789,0.27235424518585205,0.029717495664954185,nan,nan,nan,nan
3201,785.0012943539768,2.6610213367931417,295.0,1.0812833245003712,0.3563225967093636,0.911864406779661,1.380439601540146,-59.597123853028734,206.58538818359375,232.45330810546875,233.2613983154297,233.46080017089844,0.19941645860671997,0.36002251505851746,0.014920944347977638,nan,nan,nan,nan
3202,1167.5719754351303,3.2164517229617915,363.0,1.064428015808426,0.3501959708121608,0.9118457300275482,1.3802831836487974,188.31138775283057,264.6471252441406,251.85113525390625,252.47340393066406,253.2069091796875,0.7334954142570496,0.15197037160396576,0.009522355161607265,nan,nan,nan,nan
3203,568.1438343152404,2.3672659763135018,240.0,1.1017762444287902,0.36349683059682625,0.8958333333333334,1.3753859530593269,-167.53665269851285,171.91815185546875,230.8136749267578,232.115966796875,231.9095916748047,-0.20636285841464996,0.256130188703537,0.015478580258786678,nan,nan,nan,nan
3204,407.0483490843326,2.4669596914201977,165.0,1.0922117263871427,0.3536635448888057,0.9090909090909091,1.3759481502379753,-180.10768630225812,148.95359802246094,187.9992218017578,189.119873046875,188.8330841064453,-0.28679540753364563,1.2129589319229126,0.05232812836766243,nan,nan,nan,nan
3205,1526.4887983351946,3.377187606936271,452.0,1.0696181867490193,0.3456574980924324,0.9424778761061947,1.3866684771649902,370.9791947219953,291.19769287109375,252.0488739013672,252.6071319580078,252.651123046875,0.04394656419754028,0.547423243522644,0.01704319566488266,nan,nan,nan,nan
3206,207.52215773425996,1.4311872947190343,145.0,1.0390940433964162,0.33539084451669154,0.9586206896551724,1.3859129255225833,-340.0273572184208,79.82752990722656,174.1292266845703,175.9984130859375,175.0728302001953,-0.925558865070343,1.3818955421447754,0.014468817971646786,nan,nan,nan,nan
3207,535.4037363305688,2.400913615832147,223.0,1.0779426216764973,0.34837479693453166,0.9327354260089686,1.418109885099297,-166.61120831436097,167.27386474609375,204.7943572998047,205.93409729003906,205.7281951904297,-0.20588178932666779,0.45194539427757263,0.030357930809259415,nan,nan,nan,nan
3208,677.3628655010834,2.4631376927312125,275.0,1.144219079684991,0.37765654397055964,0.9127272727272727,1.4117282901439652,-127.62903227201218,191.82469177246094,215.24684143066406,216.3887176513672,214.45001220703125,-1.938676357269287,0.35045045614242554,0.023874761536717415,nan,nan,nan,nan
3209,736.595705024898,2.688305492791599,274.0,1.0964110294619194,0.3615808905461118,0.9124087591240876,1.4044588618202485,-66.41586672650214,204.28256225585938,215.49896240234375,216.5814666748047,215.95697021484375,-0.6244853138923645,0.03739844262599945,0.015376505441963673,nan,nan,nan,nan
3210,991.3880374380387,0.9913880374380387,1000.0,1.1281794974935073,0.385020831032724,0.897,1.3845396962639684,-1249.3402260642943,90.78379821777344,98.7132568359375,98.84527587890625,99.7350082397461,0.8896999359130859,0.26729679107666016,0.05512398108839989,nan,nan,nan,nan
3211,607.3933763839304,2.8382868055323853,214.0,1.0996177217689487,0.36573900375859747,0.8691588785046729,1.373041286579862,-76.79863406573975,190.55496215820312,208.7188720703125,210.087158203125,209.33172607421875,-0.7554381489753723,0.2557353079319,0.014231938868761063,nan,nan,nan,nan
3212,792.7562302630395,2.5408853534071776,312.0,1.0764079470380699,0.34875958664092765,0.9358974358974359,1.3990489339354175,-85.50773031278982,201.84384155273438,225.9462890625,226.7664031982422,225.67689514160156,-1.0895371437072754,0.25226759910583496,0.030935710296034813,nan,nan,nan,nan
3213,821.3281414359808,2.861770527651501,287.0,1.0797065621842699,0.3505840565795213,0.9163763066202091,1.3624997007566941,-7.427668597460979,219.64471435546875,230.80767822265625,231.6334686279297,230.57044982910156,-1.0629664659500122,0.26415717601776123,0.004393899813294411,nan,nan,nan,nan
3214,346.3819310180843,2.309212873453895,150.0,1.050922376642288,0.3391175232056735,0.9333333333333333,1.3750259946040477,-211.06921404307388,129.241455078125,180.88340759277344,182.55218505859375,182.294189453125,-0.25798121094703674,0.15672771632671356,0.021307578310370445,nan,nan,nan,nan
3215,990.4612821354531,0.990461282135453,1000.0,1.1343157092442389,0.38583071992908174,0.873,1.3787448573548928,-1250.26698136688,91.12500762939453,96.48657989501953,96.6688461303711,97.62203979492188,0.953153133392334,1.2324891090393066,0.2680729329586029,nan,nan,nan,nan
3216,823.5452827177942,3.050167713769608,270.0,1.1101468526349592,0.3679490082665493,0.9296296296296296,1.3766316425521314,28.455015053175885,227.56900024414062,229.7350311279297,230.7374725341797,229.64398193359375,-1.0934631824493408,0.4138059616088867,0.011364982463419437,nan,nan,nan,nan
3217,974.786640769802,3.1960217730157443,305.0,1.0929130794333906,0.3538648090786186,0.9147540983606557,1.3960269025569714,110.38496234584136,248.00115966796875,227.4840545654297,228.3993682861328,228.26934814453125,-0.12999717891216278,0.4636135697364807,0.02010251209139824,nan,nan,nan,nan
3218,924.7908934131265,0.9247908934131265,1000.0,1.1182953116670706,0.380868098256217,0.885,1.3792817870275216,-1315.9373700892065,86.16736602783203,103.68954467773438,103.80953979492188,104.8883056640625,1.078718662261963,0.8805606365203857,0.10445121675729752,nan,nan,nan,nan
3219,1021.2758544450626,3.1423872444463465,325.0,1.0977845027488309,0.35825586399588827,0.92,1.3937510000561748,117.26765558719194,247.5266876220703,233.1708221435547,233.92539978027344,234.68092346191406,0.7554605603218079,0.3447306454181671,0.012379774823784828,nan,nan,nan,nan
3220,823.7169051095843,2.8902347547704714,285.0,1.0949781104666723,0.360287198657238,0.9192982456140351,1.4076263444351016,-1.0782528804663798,219.29864501953125,230.40846252441406,231.44415283203125,231.1851043701172,-0.2591409385204315,0.25453272461891174,0.016632724553346634,nan,nan,nan,nan
3221,795.5102790873498,3.0019255814616974,265.0,1.0925346546478403,0.3539357786828289,0.9433962264150944,1.409113093496126,10.321641531209025,221.64126586914062,229.22373962402344,230.154052734375,229.960693359375,-0.19335074722766876,0.23477447032928467,0.011078771203756332,nan,nan,nan,nan
3222,1494.6601936146617,3.381584148449461,442.0,1.1098172536030426,0.3627453994109604,0.9321266968325792,1.399860782890679,358.95385021841753,286.05316162109375,271.8412780761719,272.4473876953125,273.6186828613281,1.1713274717330933,0.9845187067985535,0.024286122992634773,nan,nan,nan,nan
3223,1606.4784521460533,3.3963603639451443,473.0,1.1048784229896695,0.3586179346478175,0.9281183932346723,1.3962526102594928,409.38200207724867,292.135498046875,245.4774627685547,245.98817443847656,245.7359619140625,-0.2521938383579254,0.2627144753932953,0.009940489195287228,nan,nan,nan,nan
3224,1176.9378469511867,3.1982006710630073,368.0,1.0893186257927214,0.3570986916617414,0.9347826086956522,1.4035798394515282,187.77562916040938,257.9575500488281,245.5979461669922,246.27061462402344,247.10557556152344,0.8350204825401306,0.27484044432640076,0.019881898537278175,nan,nan,nan,nan
3225,565.2784867896698,2.523564673168169,224.0,1.1391599306345979,0.3791736634335567,0.9017857142857143,1.4213871369546607,-138.71678387695533,178.0369110107422,203.5558624267578,204.61915588378906,203.4203338623047,-1.1989198923110962,0.39095988869667053,0.016222387552261353,nan,nan,nan,nan
3226,295.2861469620839,2.094227992638893,141.0,1.1520785257395267,0.39177436005165467,0.8297872340425532,1.3891609532149283,-244.34206390381473,114.53765106201172,197.91404724121094,200.40733337402344,199.4669647216797,-0.9404240250587463,0.10873434692621231,0.019216997548937798,nan,nan,nan,nan
3227,1316.2823181599379,3.234108889827857,407.0,1.082517438108699,0.35063255969681917,0.9533169533169533,1.4143884201054908,249.88738552303607,267.9041442871094,238.2635955810547,238.86907958984375,238.81321716308594,-0.05584059655666351,0.2692778408527374,0.005185415968298912,nan,nan,nan,nan
3228,1075.3163618296385,3.0988944144946355,347.0,1.1208414214751736,0.36796356009738346,0.9048991354466859,1.40923759334328,127.74099049446681,249.06137084960938,243.28208923339844,243.9462127685547,243.1759033203125,-0.7703166007995605,0.408477246761322,0.008601506240665913,nan,nan,nan,nan
3229,895.5782691277564,2.722122398564609,329.0,1.1063418303618218,0.3662671834317587,0.9118541033434651,1.4063132107653342,-16.35123381689641,216.14910888671875,234.7349853515625,235.7425079345703,236.3942108154297,0.6517265439033508,0.23144319653511047,0.017033396288752556,nan,nan,nan,nan
3230,1282.6666427776217,3.3754385336253203,380.0,1.0691546666953067,0.34582964231570557,0.9421052631578948,1.3912092032682408,269.74051272649854,277.7611389160156,243.46336364746094,244.1377410888672,244.20225524902344,0.06450579315423965,0.3618733882904053,0.00768324313685298,nan,nan,nan,nan
3231,532.2293742988259,2.7154559913205403,196.0,1.0707278337919341,0.34720800100439847,0.9336734693877551,1.3682148583702742,-116.31676776032532,175.895263671875,217.7005615234375,218.8395538330078,219.3433074951172,0.5037338137626648,0.10536163300275803,0.009376280009746552,nan,nan,nan,nan
3232,1028.0663957530633,3.05064212389633,337.0,1.100519870560224,0.3637160202328247,0.9109792284866469,1.3828406946622764,100.29428463484646,245.40362548828125,241.71435546875,242.56964111328125,242.43333435058594,-0.13621604442596436,0.28712138533592224,0.014984526671469212,nan,nan,nan,nan
3233,961.2620415966958,2.8107077239669467,342.0,1.072953096994709,0.35145141859718976,0.8976608187134503,1.3437196670606828,23.58830037000166,232.0340576171875,229.53346252441406,230.4608154296875,230.360107421875,-0.10067348927259445,0.18421466648578644,0.0028887621592730284,nan,nan,nan,nan
3234,1081.263950843364,3.296536435498061,328.0,1.0356943321175667,0.334445722250654,0.9542682926829268,1.3673434176123058,171.31477392040688,262.7083740234375,228.7518310546875,229.64141845703125,229.7967987060547,0.1553199291229248,0.33848506212234497,0.007401562761515379,nan,nan,nan,nan
3235,1071.03487606626,2.746243271964769,390.0,1.1072339616912048,0.36302359527166983,0.9025641025641026,1.4032861096248028,38.305485798181735,231.119873046875,245.25439453125,246.12164306640625,246.5769805908203,0.45536044239997864,0.2839336097240448,0.0372026152908802,nan,nan,nan,nan
3236,855.9836221691221,2.992949727864063,286.0,1.1020040882006858,0.36250642464495647,0.9090909090909091,1.3731701851372078,29.20813815737597,227.1353759765625,234.72084045410156,235.6013946533203,234.8075714111328,-0.7938291430473328,0.42495813965797424,0.010772500187158585,nan,nan,nan,nan
3237,494.31147597916424,2.7310026297191397,181.0,1.0881523763973928,0.35910381454980633,0.9226519337016574,1.3778694324720642,-124.52977575455441,170.54498291015625,167.0936737060547,168.73651123046875,168.3043975830078,-0.43209007382392883,0.6260812878608704,0.000919192738365382,nan,nan,nan,nan
3238,933.1426595747471,2.9252120989803982,319.0,1.1076565161474399,0.36564808773582896,0.9028213166144201,1.3896635363705154,41.01641684704941,230.85549926757812,227.5276641845703,228.26454162597656,229.1222686767578,0.8578097820281982,0.08798067271709442,0.011003292165696621,nan,nan,nan,nan
3239,794.3100468404591,2.9528254529385096,269.0,1.1047270577360895,0.3617435130015156,0.9219330855018587,1.4199857483418723,1.200105197536459,222.67413330078125,235.95562744140625,236.9141387939453,236.705322265625,-0.20880770683288574,0.2311815768480301,0.027663175016641617,nan,nan,nan,nan
3240,546.8435801155865,2.2411622135884692,244.0,1.055996586983876,0.34456556844792224,0.9549180327868853,1.3418387297022736,-196.75821098494862,164.56251525878906,176.4971923828125,177.735595703125,178.558837890625,0.8232523798942566,0.6656314134597778,0.08871280401945114,nan,nan,nan,nan
3241,520.3763442784548,2.409149742029883,216.0,1.0795759923645776,0.3517358715492904,0.9259259259259259,1.374986301348932,-167.77631821460636,168.8236541748047,157.32542419433594,158.63975524902344,157.61695861816406,-1.0228554010391235,0.6359162926673889,0.03544428572058678,nan,nan,nan,nan
3242,1375.5953601012006,3.2752270478600014,420.0,1.0607006591686678,0.3465551633178765,0.919047619047619,1.358118884806257,283.4561891822575,278.2724609375,247.128662109375,247.91746520996094,247.9879913330078,0.07063858956098557,0.409196674823761,0.006575670558959246,nan,nan,nan,nan
3243,982.1937281191349,3.0036505447068347,327.0,1.0608475458341426,0.34847975862993325,0.9296636085626911,1.3550169892707904,74.2248772178732,236.3064727783203,237.1291046142578,238.00233459472656,237.65248107910156,-0.34989890456199646,0.08425911515951157,0.014764814637601376,nan,nan,nan,nan
3244,681.196672603488,2.7578812656011658,247.0,1.1260124444542936,0.36814691874906136,0.9352226720647774,1.4189318098907846,-68.34609656213365,197.63528442382812,223.41160583496094,224.6570587158203,224.35986328125,-0.2971934974193573,0.20173822343349457,0.019146231934428215,nan,nan,nan,nan
3245,1473.489153407514,1.473489153407514,1000.0,1.126915357397763,0.3831079672814667,0.904,1.3892170128446322,-767.2391100948189,137.56011962890625,133.97642517089844,134.00599670410156,134.69227600097656,0.6862401962280273,0.390366792678833,0.07382448017597198,nan,nan,nan,nan
3246,587.167684301734,2.731012485124344,215.0,1.0980503398455943,0.3556050744275887,0.9488372093023256,1.4097173175302211,-99.00465216963175,189.07546997070312,206.5328369140625,207.6142578125,207.55320739746094,-0.06106792390346527,0.38330236077308655,0.01442081667482853,nan,nan,nan,nan
3247,1384.3410563617945,3.139095365899761,441.0,1.06917482669281,0.3500683948179236,0.9160997732426304,1.365988497662303,250.61503898724573,267.4361267089844,258.8589172363281,259.50677490234375,259.889892578125,0.38320276141166687,0.7808599472045898,0.011256861500442028,nan,nan,nan,nan
3248,360.816450111568,2.488389311114262,145.0,1.1467950299436172,0.38316648770819534,0.896551724137931,1.42630274793503,-186.73306484111276,138.82550048828125,158.95094299316406,160.80006408691406,160.69207763671875,-0.10797903686761856,0.12201698869466782,0.06242084130644798,nan,nan,nan,nan
3249,694.1897194571793,2.8685525597404102,242.0,1.095257913342399,0.3585917661319289,0.9256198347107438,1.3983668489652081,-45.45141959996488,205.50523376464844,198.3519744873047,199.59217834472656,199.8021240234375,0.20997898280620575,0.1232384443283081,0.013251318596303463,nan,nan,nan,nan
3250,643.7320537033956,2.595693764933047,248.0,1.071267398947113,0.3450926210191752,0.9112903225806451,1.3775049635118173,-107.79104148392162,191.0074920654297,211.3553924560547,212.3211669921875,211.3813018798828,-0.9398778080940247,0.22759772837162018,0.06329931318759918,nan,nan,nan,nan
3251,206.20872136205435,1.9093400126116142,108.0,1.1015656557093938,0.35922348955258104,0.9444444444444444,1.3865358489324027,-268.06873078789283,82.73912048339844,186.6514892578125,189.57275390625,190.2996368408203,0.7268568873405457,0.08063903450965881,0.024233883246779442,nan,nan,nan,nan
3252,481.1906267553568,2.5870463804051442,186.0,1.0893258685684877,0.3592838910623206,0.9354838709677419,1.374653246619124,-147.5522550868394,162.62338256835938,229.529296875,230.9431610107422,230.2939453125,-0.6491568088531494,0.1372920721769333,0.028931958600878716,nan,nan,nan,nan
3253,1273.7620814274997,3.1067367839695113,410.0,1.086510015055538,0.35504566440234536,0.9439024390243902,1.38348052912207,201.42617072551138,261.6523132324219,243.3077392578125,244.0351104736328,244.2274627685547,0.19234751164913177,0.33789604902267456,0.01695905067026615,nan,nan,nan,nan
3254,88.29841741919518,1.4241680228902447,62.0,1.0516991760008454,0.34804673403969677,0.9193548387096774,1.3463216153810709,-294.884037732759,41.78354263305664,247.525146484375,247.58197021484375,245.05824279785156,-2.523702621459961,1.2259441614151,0.03707475587725639,nan,nan,nan,nan
