episode_id,raw_return,return_per_step,episode_length,action_delta_l2_mean,action_delta_abs_mean,action_clip_fraction,sampled_noise_l2_mean,raw_return_length_residual,raw_hubl_score,oof_v_next_mean,oof_v_current_mean,oof_q_current_mean,oof_advantage_mean,oof_v_next_uncertainty,oof_advantage_uncertainty,clean_open_loop_return,raw_minus_clean_open_loop_return,clean_open_loop_steps,clean_open_loop_ended_early
0,1585.579174760729,3.096834325704549,512.0,1.0914232572205402,0.35855677109553125,0.9140625,1.3812933279939867,311.2500098457999,270.41961669921875,258.70477294921875,259.0404052734375,258.76751708984375,-0.2728918492794037,0.0,0.0,0.4743528073671208,1585.104821953362,12.0,1.0
1,562.7192746140063,2.7316469641456615,206.0,1.1194266500088144,0.3680595601128993,0.9174757281553398,1.4071992083254397,-105.63012766209988,179.6258087158203,210.2563018798828,211.17431640625,209.92015075683594,-1.2541768550872803,0.0,0.0,147.06406390431644,415.65521070968987,106.0,1.0
2,1392.0179062001407,3.3461968899041845,416.0,1.0649090979483569,0.34952718867058746,0.9206730769230769,1.3714426439489174,307.8000393679795,281.5411682128906,251.238525390625,251.60630798339844,253.0834197998047,1.4770997762680054,0.0,0.0,11.543060738175619,1380.474845461965,100.0,1.0
3,1107.5584464222193,3.201035972318553,346.0,1.0982820598050311,0.3603434902873938,0.930635838150289,1.3942953517153736,161.96340110874303,254.6973419189453,251.01495361328125,251.4794921875,252.9054412841797,1.4259343147277832,0.0,0.0,0.804957793224762,1106.7534886289945,14.0,1.0
4,828.511701092124,2.9276031840711094,283.0,1.0936609110598834,0.36299164794211014,0.911660777385159,1.3875060766537959,7.677195145464339,221.37315368652344,241.56724548339844,242.14195251464844,239.93446350097656,-2.207505702972412,0.0,0.0,73.74259323343846,754.7691078586855,91.0,1.0
5,552.8471943102777,2.6579192034147967,208.0,1.0981198940675276,0.36072918228371864,0.9471153846153846,1.398356337550624,-119.46286000921941,180.24974060058594,199.90081787109375,200.66354370117188,200.45741271972656,-0.20613354444503784,0.0,0.0,14.701939160516982,538.1452551497607,97.0,1.0
6,556.8313734484836,2.729565556120018,204.0,1.0924502140614074,0.35917957113740745,0.9117647058823529,1.3802009034113714,-107.55737678423156,180.50515747070312,199.9504852294922,200.8517608642578,200.55181884765625,-0.29989340901374817,0.0,0.0,254.02311482019712,302.8082586282865,131.0,1.0
7,830.1144174411893,3.0631528318863075,271.0,1.08971833119399,0.3581807895055998,0.9114391143911439,1.4291047180116447,33.043823754875575,231.5982208251953,233.34925842285156,233.97140502929688,233.14431762695312,-0.8270743489265442,0.0,0.0,101.54056556721135,728.5738518739779,75.0,1.0
8,665.5214063897729,2.609887868195188,255.0,1.1079991010189003,0.3653711842264967,0.8941176470588236,1.3703528461074133,-99.86397094941276,191.9464111328125,224.26341247558594,224.9025421142578,224.37469482421875,-0.5278269052505493,0.0,0.0,128.67328346176868,536.8481229280042,75.0,1.0
9,771.7964009512216,2.901490229139931,266.0,1.0995275287233306,0.36451471472841906,0.9135338345864662,1.3739127624475018,-15.372562626614581,213.2802276611328,235.106689453125,235.68582153320312,236.14373779296875,0.4578961730003357,0.0,0.0,130.2807725904753,641.5156283607463,76.0,1.0
10,942.3811449799687,2.8557004393332384,330.0,1.0851282178757986,0.3572950892348543,0.9424242424242424,1.4011666591269736,28.47131601362048,230.88607788085938,235.90440368652344,236.3665771484375,236.4984130859375,0.1318306177854538,0.0,0.0,273.02989310869526,669.3512518712735,132.0,1.0
11,1105.1642454005778,3.0361655093422466,364.0,1.1120380824991751,0.368951939400826,0.9038461538461539,1.386923796497815,123.92333169658264,247.3218994140625,253.69271850585938,254.14938354492188,254.6958770751953,0.546468198299408,0.0,0.0,116.23209963276688,988.9321457678109,143.0,1.0
12,662.8087896667421,2.72760818792898,243.0,1.134459450980006,0.3750867987344561,0.9218106995884774,1.4070804443954306,-78.81267541209763,196.16775512695312,217.7606201171875,218.50575256347656,217.1389923095703,-1.366749882698059,0.0,0.0,171.36204710513366,491.4467425616084,85.0,1.0
13,2127.9854980520904,3.4433422298577514,618.0,1.0855894293049138,0.3542576706575801,0.919093851132686,1.4011122111134093,643.7417748374382,307.2558898925781,276.0915832519531,276.3711242675781,275.7068786621094,-0.6642476916313171,0.0,0.0,228.5149226919417,1899.4705753601488,139.0,1.0
14,953.850087379571,3.190134071503582,299.0,1.0897314359237926,0.35321135056948944,0.9096989966555183,1.3945421103265252,101.33036508578334,244.18002319335938,238.51048278808594,239.13153076171875,239.13438415527344,0.0028168540447950363,0.0,0.0,28.932286828158293,924.9178005514127,53.0,1.0
15,1450.285742983222,3.511587755407317,413.0,1.0901287393286578,0.35489712675226365,0.9297820823244553,1.39135665518375,372.00885421614726,294.45477294921875,254.80419921875,255.1960906982422,254.57119750976562,-0.624875545501709,0.0,0.0,70.91835943115035,1379.3673835520717,93.0,1.0
16,763.8590138461441,3.043263003371092,251.0,1.1268078321054968,0.37248852026678503,0.9362549800796812,1.4009609815505533,6.39494059374033,218.12095642089844,234.78659057617188,235.43832397460938,234.40017700195312,-1.0381606817245483,0.0,0.0,99.66813227526853,664.1908815708755,64.0,1.0
17,1285.9707912877202,3.2805377328768373,392.0,1.0864644408518966,0.35449629680984723,0.9311224489795918,1.4025313551523182,249.28074897625106,271.1837463378906,236.44650268554688,236.87326049804688,237.31106567382812,0.4377826750278473,0.0,0.0,56.472058739135456,1229.4987325485847,101.0,1.0
18,795.7050796300173,2.991372479812095,266.0,1.0907665773604485,0.36156180980267383,0.8796992481203008,1.3540406376503664,8.536116052181114,218.810302734375,239.169677734375,239.72608947753906,239.58370971679688,-0.14238320291042328,0.0,0.0,90.40788689394125,705.297192736076,82.0,1.0
19,619.2802351117134,2.8277636306470932,219.0,1.0888294179146965,0.3576038558315344,0.9041095890410958,1.3780327671506085,-74.81340544643422,191.6692657470703,218.3235626220703,219.1095428466797,218.39971923828125,-0.709820568561554,0.0,0.0,120.88948960723992,498.3907455044735,65.0,1.0
20,565.1287852078676,2.9281284207661535,193.0,1.0682346012480977,0.34915132530633564,0.9533678756476683,1.3787074861776853,-77.47637878619707,190.32931518554688,190.2696990966797,191.13601684570312,190.8026885986328,-0.3333142399787903,0.0,0.0,146.97657450878478,418.15221069908284,69.0,1.0
21,630.8577408790588,2.730985891251337,231.0,1.0724393911293004,0.3474077595414041,0.9004329004329005,1.390341103307501,-86.99981193943484,192.1958465576172,203.60818481445312,204.35458374023438,204.23876953125,-0.11583257466554642,0.0,0.0,141.2585470068622,489.5991938721967,141.0,1.0
22,866.1086071077734,2.9161905963224695,297.0,1.1008195438480681,0.35765443507889777,0.9225589225589226,1.3890692421576267,17.54953685737678,227.25173950195312,222.598876953125,223.2313232421875,221.85369873046875,-1.3776618242263794,0.0,0.0,46.57337973071983,819.5352273770536,77.0,1.0
23,371.24612518772483,2.0510835645730654,181.0,1.1067735606730482,0.361766444691534,0.9060773480662984,1.3695300200176312,-247.59512654599382,132.27816772460938,139.94129943847656,140.9673309326172,143.08213806152344,2.114793539047241,0.0,0.0,45.30164188221998,325.94448330550483,91.0,1.0
24,1200.6441321279854,3.363148829490155,357.0,1.088737733348657,0.3543718339925124,0.9299719887955182,1.3966416313284,233.2655005758586,270.4701843261719,256.48236083984375,256.9131774902344,256.4713439941406,-0.44183972477912903,0.0,0.0,24.21515096949757,1176.4289811584879,101.0,1.0
25,1429.5474558323622,3.3875532128728962,422.0,1.0663491351815093,0.3484586682262125,0.9123222748815166,1.3905087228918551,333.447632870028,285.44085693359375,263.380859375,263.8022155761719,264.4026184082031,0.6004271507263184,0.0,0.0,174.27761845744914,1255.269837374913,86.0,1.0
26,997.7984384165611,0.9977984384165611,1000.0,1.1483901266869918,0.3920719196893236,0.897,1.3955802756221,-1242.9298250857719,91.14344024658203,97.18185424804688,97.26456451416016,97.01990509033203,-0.24465593695640564,0.0,0.0,-1.9670800416226033,999.7655184581837,11.0,1.0
27,946.8911858052015,2.977645238381137,318.0,1.1175047866639543,0.36735873893363374,0.9245283018867925,1.4109345078024327,56.74526909919928,234.4888458251953,236.7342071533203,237.21246337890625,237.71304321289062,0.5005823969841003,0.0,0.0,30.689462085407445,916.2017237197941,122.0,1.0
28,566.5270132273436,2.2481230683624744,252.0,1.0651544191165385,0.3428342241475153,0.9126984126984127,1.3641027569719533,-192.9173860467556,169.84417724609375,195.585205078125,196.274658203125,195.00225830078125,-1.2723888158798218,0.0,0.0,15.440184782929787,551.0868284444138,29.0,1.0
29,852.7151482701302,3.002518127711726,284.0,1.08384189292881,0.3540272589973387,0.9401408450704225,1.381036085977037,29.900316301774865,228.5037078857422,217.24081420898438,217.82188415527344,218.5298309326172,0.7079489231109619,0.0,0.0,71.06647952579699,781.6486687443331,126.0,1.0
30,1244.9565039128065,3.5168262822395664,354.0,1.078114836045975,0.3471699542116832,0.923728813559322,1.3756892195758097,283.51885042576623,283.3170166015625,243.4713134765625,244.0000457763672,244.1996612548828,0.19961784780025482,0.0,0.0,254.62792660120752,990.328577311599,120.0,1.0
31,556.8411360960454,2.626609132528516,212.0,1.0833907813450305,0.3488218459592102,0.9292452830188679,1.423749762143166,-123.39022231023387,177.0457000732422,187.42709350585938,188.189453125,187.3855743408203,-0.8038703799247742,0.0,0.0,62.19766453813766,494.64347155790773,88.0,1.0
32,714.6532871611416,2.928906914594843,244.0,1.1042054424889864,0.35826215849072246,0.9221311475409836,1.403473182238547,-28.948503939393504,209.4231414794922,217.31602478027344,218.10704040527344,217.53428649902344,-0.5727290511131287,0.0,0.0,71.87323365958795,642.7800535015537,88.0,1.0
33,1191.9910417194478,3.080080211161364,387.0,1.0591930360367448,0.3429557294636325,0.9302325581395349,1.3826681374438328,165.20262951645623,259.89385986328125,245.540771484375,245.9918670654297,247.03968811035156,1.0478236675262451,0.0,0.0,-1.4900975379796435,1193.4811392574275,146.0,1.0
34,1124.5221330672503,2.9828173290908495,377.0,1.1172847960326837,0.37038090006349716,0.9230769230769231,1.4108420748142152,117.53698108121353,246.05599975585938,255.73004150390625,256.1868896484375,256.7066955566406,0.5197833776473999,0.0,0.0,190.73418847506593,933.7879445921843,123.0,1.0
35,1422.505458716303,3.2183381418920884,442.0,1.0935200943124996,0.3574984817677025,0.9049773755656109,1.3823627154166662,286.79911532005895,274.93316650390625,262.8627014160156,263.2406921386719,264.5758361816406,1.3351045846939087,0.0,0.0,189.21619731262714,1233.289261403676,99.0,1.0
36,772.9272569245659,2.517678361317804,307.0,1.07832283760434,0.35353450962654787,0.9218241042345277,1.3867665944605145,-95.43507354278586,194.65977478027344,230.15811157226562,230.68338012695312,229.77565002441406,-0.9077146649360657,0.0,0.0,148.45069675975205,624.4765601648138,167.0,1.0
37,1297.5775751061738,3.2278049131994373,402.0,1.0962150798068035,0.3587398367207564,0.9054726368159204,1.3850769417261062,241.08427257774952,267.5496826171875,255.30441284179688,255.7266387939453,256.2130126953125,0.4863686263561249,0.0,0.0,37.37476684479939,1260.2028082613745,115.0,1.0
38,1064.9653077144176,3.1322509050424046,340.0,1.0884317406388362,0.35210506050349855,0.9411764705882353,1.407539156150109,131.2522185311143,252.3276824951172,230.98524475097656,231.4779815673828,231.91673278808594,0.4387328326702118,0.0,0.0,43.79382839554177,1021.1714793188758,81.0,1.0
39,643.7892396748066,2.554719205058756,252.0,1.0729715051547197,0.35113530565132073,0.9047619047619048,1.3838539512155508,-115.65515959929257,188.3703155517578,204.21725463867188,204.856689453125,203.61688232421875,-1.239821195602417,0.0,0.0,0.3220567700380831,643.4671829047685,10.0,1.0
40,932.5132021409809,3.1292389333589963,298.0,1.0879417352241818,0.35686639619529104,0.9228187919463087,1.411550182587562,81.97380586888858,245.0785369873047,222.2346954345703,222.8079071044922,223.3732147216797,0.5653088688850403,0.0,0.0,84.61335558984553,847.8998465511354,137.0,1.0
41,1337.5654793679714,3.438471669326405,389.0,1.0395034984222367,0.3377282240496937,0.922879177377892,1.3637932520014573,306.81641512158876,284.76202392578125,248.89552307128906,249.3411865234375,249.4940185546875,0.15283140540122986,0.0,0.0,-0.9693047600688106,1338.5347841280402,9.0,1.0
42,1024.5280322749168,3.162123556404064,324.0,1.0963367996481765,0.35938929745852244,0.9166666666666666,1.3801291886828733,122.50015943874155,248.306396484375,241.38427734375,241.87229919433594,242.1242218017578,0.25189507007598877,0.0,0.0,185.01040722856672,839.5176250463501,104.0,1.0
43,395.28415706846863,2.4102692504174916,164.0,1.133052038719856,0.3744492435337937,0.8963414634146342,1.4136486451944865,-189.89155229642654,144.22947692871094,190.24449157714844,191.22686767578125,191.14244079589844,-0.08442845940589905,0.0,0.0,207.15429382887612,188.1298632395925,140.0,1.0
44,872.2746782526374,2.9568633161106352,295.0,1.1012426394481631,0.3615808245529931,0.9050847457627119,1.4065855122796205,27.676260045631807,228.7257080078125,228.0684356689453,228.59910583496094,228.46939086914062,-0.12970389425754547,0.0,0.0,137.95843952209992,734.3162387305374,73.0,1.0
45,1110.9384614489973,2.9467863698912393,377.0,1.1079873777221647,0.3631193772935479,0.9283819628647215,1.3995938506812753,103.95330946296053,248.9271240234375,231.39236450195312,231.8080596923828,231.4593048095703,-0.34873706102371216,0.0,0.0,36.310120866919554,1074.6283405820777,41.0,1.0
46,1480.5714851543307,3.2974866039071955,449.0,1.0991762970252352,0.36120727064389435,0.9220489977728286,1.3705410255952055,331.00285960621795,279.9732360839844,263.88067626953125,264.2519836425781,265.3475646972656,1.0955817699432373,0.0,0.0,-1.8250968343734908,1482.3965819887042,12.0,1.0
47,1423.303826406598,3.4214034288620145,416.0,1.055514144597846,0.34298789184158984,0.9326923076923077,1.3644112922263252,339.08595957443686,288.1763916015625,257.51666259765625,258.02496337890625,258.43414306640625,0.4091671109199524,0.0,0.0,73.14506343275404,1350.158762973844,102.0,1.0
48,678.971991635859,2.6943333001422975,252.0,1.0804676263718074,0.3594676439577828,0.8968253968253969,1.362305073999077,-80.47240763824016,196.52511596679688,227.38394165039062,227.97445678710938,227.1868133544922,-0.7876474261283875,0.0,0.0,67.44873529451249,611.5232563413465,100.0,1.0
49,1174.147938773036,3.106211478235545,378.0,1.09487225226832,0.3584450894115781,0.9259259259259259,1.3812815471332536,165.18246076530386,255.47776794433594,236.5782470703125,237.04283142089844,235.95091247558594,-1.0919195413589478,0.0,0.0,93.06295930194072,1081.0849794710953,142.0,1.0
50,1012.3540620328858,1.012354062032886,1000.0,1.1272755564131494,0.3845434560900806,0.879,1.3773701799640206,-1228.3742014694471,92.36963653564453,95.70838165283203,95.80807495117188,96.15574645996094,0.3476797640323639,0.0,0.0,6.879235656715794,1005.4748263761701,106.0,1.0
51,1171.3569584563375,3.2811119284491244,357.0,1.0776752935938008,0.34914239122141594,0.9159663865546218,1.3784771817028771,203.9783269042107,269.3371276855469,242.22943115234375,242.72422790527344,243.28665161132812,0.5624370574951172,0.0,0.0,37.57010417426538,1133.786854282072,46.0,1.0
52,543.541088109836,2.638548971406971,206.0,1.1347139879006842,0.37681851332044997,0.8980582524271845,1.3942483990021899,-124.80831416627018,174.4750518798828,206.62921142578125,207.3538055419922,206.72439575195312,-0.6293890476226807,0.0,0.0,139.5684986931542,403.9725894166818,71.0,1.0
53,2313.377740780823,3.382131199971963,684.0,1.0859456823240836,0.356001969767266,0.9283625730994152,1.3977623463829998,698.4325001342677,305.5278625488281,273.3144226074219,273.53741455078125,274.71478271484375,1.1773409843444824,0.0,0.0,292.5256948624342,2020.8520459183887,162.0,1.0
54,2020.1950397081673,3.495147127522781,578.0,1.0930085404379415,0.35800198269695443,0.9342560553633218,1.4121822822069245,615.1643573613351,310.269287109375,271.701416015625,271.961181640625,271.2525329589844,-0.7086427211761475,0.0,0.0,201.60523934922716,1818.5898003589402,77.0,1.0
55,1062.4751090100035,3.143417482278117,338.0,1.0734715896358882,0.3517076722613749,0.9289940828402367,1.3702046997966726,132.7226718700913,256.2691955566406,229.0217742919922,229.55015563964844,230.14830017089844,0.5981260538101196,0.0,0.0,15.902562542393953,1046.5725464676095,27.0,1.0
56,1945.4433009140193,3.486457528519748,558.0,1.045744331603595,0.3379579224118369,0.953405017921147,1.3670142296672,580.0191390010971,307.7473449707031,252.2654266357422,252.55838012695312,254.35556030273438,1.7971878051757812,0.0,0.0,0.920680554164051,1944.5226203598552,14.0,1.0
57,82.36332111991942,1.0696535210379146,77.0,1.1334066441879278,0.37830670123659793,0.948051948051948,1.4219792293050237,-330.5240243574673,33.008785247802734,203.90789794921875,204.4600830078125,203.53759765625,-0.9224947690963745,0.0,0.0,124.22198246034257,-41.858661340423154,77.0,0.0
58,626.7687238818035,2.928825812531792,214.0,1.0713202116972451,0.3508733937843569,0.9345794392523364,1.3576296672337402,-57.42328656786674,198.4151611328125,203.4758758544922,204.27972412109375,202.80499267578125,-1.474701166152954,0.0,0.0,229.09328726717075,397.6754366146327,116.0,1.0
59,941.6176534332335,3.0771818739648156,306.0,1.0951971200016324,0.3590290733598934,0.9477124183006536,1.3907698777426039,75.2356489875774,240.9211883544922,243.2476806640625,243.7751007080078,243.21359252929688,-0.5615112781524658,0.0,0.0,144.10661308303054,797.511040350203,134.0,1.0
60,746.8622779883444,2.818348218823941,265.0,1.0765301001108942,0.3531318957666989,0.9207547169811321,1.3707552844470858,-38.32635956779632,210.6561279296875,222.81878662109375,223.47959899902344,224.27357482910156,0.7939615249633789,0.0,0.0,311.8035936235794,435.05868436476504,221.0,1.0
61,985.0666742697358,2.994123629999197,329.0,1.081249879467608,0.3537280613449407,0.9331306990881459,1.3786362409805641,73.13717132508305,233.30152893066406,238.1172332763672,238.64468383789062,239.32522583007812,0.6805589199066162,0.0,0.0,15.903794663135029,969.1628796066008,44.0,1.0
62,434.4103005134966,2.2163790842525337,196.0,1.090617049419242,0.3581208079305144,0.9336734693877551,1.3865373969695955,-214.13584154565456,141.18873596191406,177.09095764160156,177.99497985839844,176.5457000732422,-1.4492762088775635,0.0,0.0,41.80694372325926,392.60335679023734,136.0,1.0
63,765.7781205512583,2.8680828485065857,267.0,1.0937693361784935,0.35469426594614417,0.9438202247191011,1.41287436529358,-23.37116904827326,214.2473907470703,200.05282592773438,200.76406860351562,201.3820037841797,0.6179453134536743,0.0,0.0,485.36932568158903,280.4087948696693,192.0,1.0
64,1814.3881914587691,3.310927356676586,548.0,1.1066424898956202,0.36316375779990706,0.9397810218978102,1.4095948028948275,468.76728976280197,292.3356018066406,279.8342590332031,280.15521240234375,280.2396545410156,0.08439953625202179,0.0,0.0,185.94593962139942,1628.4422518373697,114.0,1.0
65,737.171062335372,2.8136300089136337,262.0,1.084679363556024,0.35473839083535985,0.9351145038167938,1.3690136311053653,-42.07659715568229,206.4916534423828,216.13096618652344,216.81968688964844,216.1246337890625,-0.6950674653053284,0.0,0.0,182.62430243307296,554.5467599022991,90.0,1.0
66,897.7658000104129,3.161147183135257,284.0,1.107188815582881,0.36138913404232575,0.9084507042253521,1.3786303662756647,74.95096804205764,238.5850067138672,221.91964721679688,222.46426391601562,223.09190368652344,0.6276468634605408,0.0,0.0,47.156431487128195,850.6093685232847,100.0,1.0
67,2048.2660310715437,3.574635307280181,573.0,1.084535527881961,0.35190562872193626,0.9109947643979057,1.3740023117875781,653.136978833189,315.8253173828125,269.7026672363281,270.008544921875,271.1136779785156,1.1051642894744873,0.0,0.0,335.2947651966976,1712.971265874846,163.0,1.0
68,1541.9620176265016,2.898424845162597,532.0,1.1094235772588243,0.3668352765778486,0.924812030075188,1.4055280707275433,228.02633227766228,259.19390869140625,246.33131408691406,246.6439971923828,247.29505920410156,0.6510542035102844,0.0,0.0,7.0823482219655824,1534.8796694045361,27.0,1.0
69,764.8653131015599,2.864664094013333,267.0,1.0837917051607993,0.35889181460765623,0.9325842696629213,1.379710667350746,-24.283976497971707,210.52786254882812,243.48687744140625,244.1529998779297,244.40367126464844,0.2506699562072754,0.0,0.0,88.20841358239676,676.6568995191631,139.0,1.0
70,1161.4655554266647,3.097241481137772,375.0,1.093212321487947,0.3600360639012004,0.9146666666666666,1.3900585957820155,158.441055484019,256.9378356933594,239.1329803466797,239.54208374023438,238.36880493164062,-1.1732739210128784,0.0,0.0,7.189038805131618,1154.2765166215331,25.0,1.0
71,572.8340126294643,2.849920460843106,201.0,1.085939105111186,0.3577864562872887,0.8955223880597015,1.370699312400913,-85.61375953816446,186.07687377929688,217.75148010253906,218.53929138183594,218.42471313476562,-0.11457210034132004,0.0,0.0,42.0127586388037,530.8212539906606,112.0,1.0
72,755.9505535918288,3.1629730275808736,239.0,1.0987828989338484,0.35623676559531925,0.9456066945606695,1.3855149976943522,22.25039259977109,225.0836181640625,219.15121459960938,219.8577880859375,220.53170776367188,0.6739153265953064,0.0,0.0,61.93990421084199,694.0106493809868,125.0,1.0
73,1324.9267971422523,3.2315287735176885,410.0,1.1012554859468022,0.3599494891052136,0.9146341463414634,1.409316345590085,252.59088644026406,273.4486999511719,257.01806640625,257.3955383300781,257.22186279296875,-0.17366665601730347,0.0,0.0,343.47536798144813,981.4514291608042,226.0,1.0
74,967.7641369067132,3.033743375883114,319.0,1.0839827100394812,0.3519441157233278,0.9310344827586207,1.3919916818389269,75.63789417901557,239.03651428222656,232.4140167236328,232.95005798339844,233.81613159179688,0.8660441637039185,0.0,0.0,179.73313530918844,788.0310015975248,84.0,1.0
75,1016.3195692747831,2.9120904563747367,349.0,1.1066159733495309,0.36549481055990607,0.9226361031518625,1.3916007106329096,64.7835458962204,232.48838806152344,251.4248809814453,251.9115753173828,252.3490753173828,0.4374842643737793,0.0,0.0,-0.5079147374165078,1016.8274840121996,12.0,1.0
76,598.4226916134357,2.6715298732742667,224.0,1.104878918142962,0.36287655838402444,0.9151785714285714,1.395984148643772,-105.57257905318943,184.60276794433594,199.6355438232422,200.5084991455078,201.75526428222656,1.2467596530914307,0.0,0.0,13.541246081501237,584.8814455319346,30.0,1.0
77,911.2412611469626,3.0173551693608034,302.0,1.0965714735298553,0.35827463431846696,0.9205298013245033,1.3870706598387657,52.78056078808845,235.9778594970703,231.75051879882812,232.3269805908203,231.02923583984375,-1.2977733612060547,0.0,0.0,213.32974360213564,697.911517544827,156.0,1.0
78,1456.4006841778755,3.492567587956536,417.0,1.0817649881548537,0.3531073584733773,0.9280575539568345,1.3896261159774808,370.20249132401887,293.77349853515625,252.85321044921875,253.29144287109375,253.65106201171875,0.35961395502090454,0.0,0.0,86.94504356881038,1369.455640609065,92.0,1.0
79,263.7004666477442,2.126616666514066,124.0,1.1638017059934407,0.38279625315537424,0.8629032258064516,1.4139014747343703,-242.262201849331,111.05570983886719,167.29312133789062,168.34329223632812,166.1042938232422,-2.2390153408050537,0.0,0.0,13.08253738155236,250.61792926619182,33.0,1.0
80,682.7355769760907,2.4826748253676025,275.0,1.1359116982401076,0.38342892660025624,0.8945454545454545,1.4031670193035184,-122.25632079700495,189.05238342285156,220.17230224609375,220.86094665527344,220.63861083984375,-0.22233445942401886,0.0,0.0,29.62463402174442,653.1109429543462,55.0,1.0
81,697.669398583239,2.9814931563386278,234.0,1.095989642068303,0.36266922386229816,0.9017094017094017,1.376189065080395,-26.12913230034121,207.98040771484375,226.09080505371094,226.78253173828125,226.13014221191406,-0.6524117588996887,0.0,0.0,116.10649221016443,581.5629063730745,106.0,1.0
82,1368.1848757266998,3.2268511219969334,424.0,1.0841477641427524,0.35644530607157704,0.9150943396226415,1.3807390852291026,268.12440072097456,270.8690185546875,271.9120788574219,272.2770690917969,272.6930236816406,0.41594934463500977,0.0,0.0,2.8171531388533833,1365.3677225878464,17.0,1.0
83,1651.23098622635,3.3767504830804707,489.0,1.0831831858251464,0.3555944231451286,0.9079754601226994,1.3788976111905231,422.44931981041736,289.60845947265625,263.8473815917969,264.1748352050781,264.7478332519531,0.5729788541793823,0.0,0.0,31.52994475169428,1619.7010414746558,47.0,1.0
84,29.795925999060273,0.8052952972718993,37.0,1.0363994045501546,0.3488075708978817,0.9459459459459459,1.3373317680999535,-303.8783786105064,12.129012107849121,187.2921142578125,188.2651824951172,190.0152130126953,1.7499958276748657,0.0,0.0,30.70421873893755,-0.9082927398772753,37.0,0.0
85,1587.036649769172,3.320160355165632,478.0,1.087717627295551,0.3557102910740906,0.9058577405857741,1.3866200163519373,380.0385695918899,283.41156005859375,267.86822509765625,268.2239074707031,270.4247131347656,2.2007992267608643,0.0,0.0,195.95412725769435,1391.0825225114777,153.0,1.0
86,1649.1710695251822,3.25280289847176,507.0,1.0755182281249935,0.35186655736176414,0.9230769230769231,1.3822683051988058,384.74353471873064,283.7017517089844,274.04290771484375,274.3960876464844,274.5472106933594,0.15110857784748077,0.0,0.0,19.91696755385144,1629.2541019713308,27.0,1.0
87,702.1839082315564,2.9503525555947747,238.0,1.0993787426621326,0.363732728251391,0.9411764705882353,1.3867773454739072,-29.535926738805756,211.1734619140625,228.09825134277344,228.8665313720703,228.05508422851562,-0.8114342093467712,0.0,0.0,60.00331647757123,642.1805917539851,135.0,1.0
88,603.0836416296661,2.728885256242833,221.0,1.077923544490161,0.352418180931721,0.9276018099547512,1.367736396725149,-94.9706509718726,192.08006286621094,198.91770935058594,199.70225524902344,201.63999938964844,1.9377548694610596,0.0,0.0,232.10641402926433,370.97722760040176,130.0,1.0
89,452.39006009697914,2.5273187714915037,179.0,1.0575420911152542,0.342213306479326,0.9441340782122905,1.3620662455416044,-162.49053959334856,157.9484405517578,186.7360076904297,187.63949584960938,185.24517822265625,-2.394331693649292,0.0,0.0,56.41859427965607,395.97146581732306,132.0,1.0
90,469.593768353574,2.471546149229337,190.0,1.0809927395639591,0.34556462407896393,0.9368421052631579,1.388188002380652,-167.07041757540424,159.95709228515625,166.74610900878906,167.56431579589844,168.0877685546875,0.5234774351119995,0.0,0.0,137.40957656346507,332.1841917901089,81.0,1.0
91,397.39387941360474,2.3939390326120766,166.0,1.0791538087679227,0.3548259145510862,0.9036144578313253,1.351582455748142,-191.74248199468138,142.54470825195312,186.54150390625,187.56655883789062,186.5432586669922,-1.0233043432235718,0.0,0.0,17.3669771782821,380.0269022353226,51.0,1.0
92,1127.4805361256003,3.149386972417878,358.0,1.1015004389889518,0.3620450804934771,0.9078212290502793,1.3911858424619294,158.12157855177816,258.83935546875,231.5481414794922,232.060791015625,231.73550415039062,-0.32527875900268555,0.0,0.0,1.2498162562466746,1126.2307198693536,161.0,1.0
93,697.9936260841787,2.9701856429113986,235.0,1.0854991591895211,0.35119872252012646,0.9106382978723404,1.3891310253500602,-27.785230821097002,209.47470092773438,208.27423095703125,208.96881103515625,208.00338745117188,-0.9653789401054382,0.0,0.0,-3.5833449545595992,701.5769710387383,8.0,1.0
94,993.7816282790154,0.9937816282790154,1000.0,1.1396851744034004,0.3891483335719192,0.906,1.3930440384738563,-1246.9466352233176,91.30615234375,98.87980651855469,98.96126556396484,97.77197265625,-1.1892859935760498,0.0,0.0,14.228080367962374,979.5535479110531,30.0,1.0
95,617.0721237920225,2.6713078952035603,231.0,1.083397506176794,0.3576745956065738,0.8917748917748918,1.3866489539517153,-100.7854290264712,185.65151977539062,208.66673278808594,209.33721923828125,208.5877685546875,-0.7494704127311707,0.0,0.0,14.564076999910485,602.5080467921119,95.0,1.0
96,682.1602171869017,2.623693143026545,260.0,1.0578555240330387,0.34809246309779174,0.9153846153846154,1.3579728415304904,-93.12679026076148,195.0887908935547,216.66839599609375,217.25582885742188,215.6305389404297,-1.6252931356430054,0.0,0.0,20.16049457283815,661.9997226140636,28.0,1.0
97,585.3214878700674,2.709821703102164,216.0,1.0952181363258158,0.36420852164640866,0.9259259259259259,1.3832282462776713,-102.83117462299379,183.11721801757812,216.74160766601562,217.48458862304688,217.64981079101562,0.1652449518442154,0.0,0.0,78.71937966544095,506.6021082046264,111.0,1.0
98,1506.4607911095954,3.4237745252490805,440.0,1.0830173681997348,0.3518549966309696,0.9363636363636364,1.3989955824340452,374.71509975674235,289.02813720703125,258.819091796875,259.251953125,259.6689147949219,0.4169904589653015,0.0,0.0,246.5807031558033,1259.880087953792,125.0,1.0
99,410.1734217242338,2.241384818165212,183.0,1.1051514401445786,0.36434960147520307,0.8688524590163934,1.386384048577115,-212.62848205287582,142.7415313720703,185.5087890625,186.51953125,185.48890686035156,-1.0306161642074585,0.0,0.0,75.07232898398068,335.1010927402531,73.0,1.0
100,1245.5556853907183,3.235209572443424,385.0,1.0792781028568281,0.3498075800733661,0.9324675324675324,1.3864975120240124,222.72792523111752,269.6614990234375,247.3021240234375,247.67919921875,248.43624877929688,0.7570300698280334,0.0,0.0,-0.951816482815297,1246.5075018735336,14.0,1.0
101,1014.4755221586674,3.0648807315971824,331.0,1.0936272558016316,0.36171376091275226,0.9033232628398792,1.3998015637122407,98.58536717062384,244.31236267089844,241.6670379638672,242.20050048828125,241.1343231201172,-1.0661907196044922,0.0,0.0,29.565357165867425,984.9101649928,178.0,1.0
102,1155.406573973596,3.236432980318196,357.0,1.0681758124329535,0.35132602154234654,0.9299719887955182,1.3837152463710403,188.02794242146933,263.2279052734375,245.77813720703125,246.30398559570312,247.23851013183594,0.9345271587371826,0.0,0.0,167.13305242191228,988.2735215516839,80.0,1.0
103,302.77072912454605,2.259483053168254,134.0,1.0730187498135872,0.3554476375388391,0.9552238805970149,1.3991636853125473,-222.99519958948417,120.90648651123047,177.00685119628906,178.22012329101562,177.95648193359375,-0.2636701166629791,0.0,0.0,80.52904981678196,222.2416793077641,112.0,1.0
104,1412.8702300330624,3.4460249513001524,410.0,1.093757178624669,0.35761989728832516,0.9219512195121952,1.3957444762941238,340.53431933107413,288.1710205078125,252.57107543945312,252.976318359375,254.25750732421875,1.2811925411224365,0.0,0.0,55.42597261233767,1357.4442574207246,65.0,1.0
105,1152.346827114001,3.1745091656033084,363.0,1.0785029117656353,0.3509404592865599,0.9366391184573003,1.3892925362449278,173.0862394317012,261.73382568359375,241.67816162109375,242.15374755859375,242.98977661132812,0.8360298275947571,0.0,0.0,133.49841633679682,1018.8484107772041,121.0,1.0
106,670.8280790257268,2.738073791941742,245.0,1.074958282710222,0.3489433771125231,0.9346938775510204,1.3855377356729828,-74.7540380965039,195.55638122558594,193.7781982421875,194.5094757080078,195.36561584472656,0.8561344146728516,0.0,0.0,0.20555456067083064,670.6225244650559,14.0,1.0
107,726.4986039996147,2.837885171873495,256.0,1.0824100375066574,0.35495504009562256,0.90625,1.3723431107592368,-40.86709936126647,204.5419464111328,226.63330078125,227.3047332763672,225.89329528808594,-1.411449670791626,0.0,0.0,72.39041125526971,654.108192744345,133.0,1.0
108,588.8625796735287,2.777653677705324,212.0,1.0875128016214768,0.3544985730919083,0.8726415094339622,1.3591570734626066,-91.36877873275057,186.80311584472656,212.9398193359375,213.7081756591797,212.60757446289062,-1.1006087064743042,0.0,0.0,174.1106886449541,414.75189102857456,147.0,1.0
109,1132.3820399865508,3.1281271822832895,362.0,1.0942343863432198,0.35935546515404326,0.9281767955801105,1.4100019561490373,155.10177832594673,252.5662384033203,257.8247375488281,258.36627197265625,259.4654541015625,1.099167823791504,0.0,0.0,315.889156576707,816.4928834098438,122.0,1.0
110,1603.641135893762,3.2861498686347583,488.0,1.0974729900969442,0.3615751899270719,0.9139344262295082,1.3995458988623755,376.8397954995248,287.2821350097656,264.79327392578125,265.1341247558594,265.1816711425781,0.04752917215228081,0.0,0.0,228.28575779227248,1375.3553781014896,138.0,1.0
111,764.8948596324772,2.7220457638166446,281.0,1.0935472411001854,0.3594563904181849,0.9217081850533808,1.3851884835610384,-51.97899427079142,208.57505798339844,233.7321014404297,234.28903198242188,234.21299743652344,-0.07603687793016434,0.0,0.0,19.7787601868673,745.1160994456098,31.0,1.0
112,1230.7350840121508,3.1236931066298244,394.0,1.0968862185379082,0.36061721155311605,0.9213197969543148,1.3869038197618693,190.08438965729056,259.79498291015625,251.01007080078125,251.41148376464844,252.0693817138672,0.657875120639801,0.0,0.0,215.851648925342,1014.8834350868087,105.0,1.0
113,544.608713068068,2.593374824133657,210.0,1.1028084985080426,0.36473625422924727,0.8904761904761904,1.380692650985687,-131.66199329482015,174.44154357910156,204.07000732421875,204.96633911132812,205.28456115722656,0.3182498514652252,0.0,0.0,80.39179102192557,464.2169220461425,130.0,1.0
114,469.7912267949432,2.5812704768952925,182.0,1.0437612927669773,0.335437123593789,0.9230769230769231,1.3824276551653127,-151.03035096047097,165.24166870117188,168.3690185546875,169.2445526123047,167.54742431640625,-1.6971430778503418,0.0,0.0,112.34672121117934,357.4445055837639,95.0,1.0
115,664.9181681466289,2.617788063569405,254.0,1.1065345169338558,0.36920406830732666,0.8937007874015748,1.3850864195108532,-98.48688317086135,186.8452606201172,232.6658172607422,233.35714721679688,231.70709228515625,-1.6500284671783447,0.0,0.0,40.429889855787245,624.4882782908417,110.0,1.0
116,1026.6270897239447,3.218266738946535,319.0,1.0798972492987688,0.35204810618480464,0.9278996865203761,1.3753408279581885,134.500846996247,250.86363220214844,235.69883728027344,236.21145629882812,236.71766662597656,0.506240725517273,0.0,0.0,-2.5190086072512585,1029.1460983311958,10.0,1.0
117,642.4549808502197,2.5393477503961255,253.0,1.0979596611583144,0.36665400218022853,0.9407114624505929,1.385772746999251,-118.96974444557497,185.52285766601562,213.34616088867188,214.03179931640625,213.6313018798828,-0.40051528811454773,0.0,0.0,95.34379929620331,547.1111815540164,128.0,1.0
118,1387.8211692702025,3.1047453451234954,447.0,1.0953516258972202,0.3585466491152226,0.9194630872483222,1.3920001324018334,242.2131957654808,266.7971496582031,253.12445068359375,253.5084228515625,253.7498321533203,0.24140658974647522,0.0,0.0,368.6406235371064,1019.1805457330961,156.0,1.0
119,503.94530245661736,2.6805601194500923,188.0,1.0635903934365154,0.3435075206464117,0.9361702127659575,1.3861234935988491,-128.7582314289698,169.8072967529297,158.0313262939453,158.9803466796875,161.1034393310547,2.1230924129486084,0.0,0.0,4.378604192882508,499.56669826373485,16.0,1.0
120,960.8669996970566,3.0311261820096425,317.0,1.092122660102533,0.3582671604850785,0.9305993690851735,1.3998979416246407,72.70140901274999,236.383056640625,237.90936279296875,238.40744018554688,237.5546875,-0.8527395129203796,0.0,0.0,0.9129870945663421,959.9540126024903,14.0,1.0
121,1157.6941248178482,3.154479904135826,367.0,1.1229807956583322,0.3666306651529596,0.896457765667575,1.4084436667265912,170.51223304876657,255.2021942138672,261.9815368652344,262.4615478515625,262.11737060546875,-0.3441596031188965,0.0,0.0,268.1119315555535,889.5821932622947,121.0,1.0
122,528.9919174611568,2.5190091307674134,210.0,1.093686391723845,0.3612826626886436,0.8952380952380953,1.3904045725877363,-147.27878890173133,170.72682189941406,209.28482055664062,210.15122985839844,210.2313690185547,0.08013956248760223,0.0,0.0,250.06253313595047,278.92938432520634,159.0,1.0
123,265.12498025479726,1.2447182171586726,213.0,1.101821419022873,0.3653882478452125,0.9295774647887324,1.3766714624077434,-417.0867041731774,84.83834075927734,174.04763793945312,175.0742950439453,174.45579528808594,-0.6185243725776672,0.0,0.0,5.917890112266683,259.2070901425306,26.0,1.0
124,610.3245268603787,2.5861208765270285,236.0,1.1272473660852187,0.3759388615981357,0.8940677966101694,1.3920725818320336,-117.43465606659242,185.8173370361328,200.70233154296875,201.34934997558594,202.19708251953125,0.8477449417114258,0.0,0.0,276.4994012549438,333.8251256054349,182.0,1.0
125,641.7350468933582,2.852155763970481,225.0,1.078274131652798,0.3531898609023645,0.92,1.366749442459222,-64.24054979496248,197.01864624023438,214.40594482421875,215.0883026123047,215.16188049316406,0.07358323782682419,0.0,0.0,63.525339142191875,578.2097077511663,121.0,1.0
126,428.85316010937095,2.6636842242818073,161.0,1.0883955264446605,0.35935344151992493,0.8944099378881988,1.3776505328152904,-150.38157119043774,156.3665008544922,190.11849975585938,191.15213012695312,191.08868408203125,-0.06342064589262009,0.0,0.0,162.76872779131565,266.0844323180553,81.0,1.0
127,1045.3789173923433,3.2364672365088025,323.0,1.0813338268670194,0.3556640360002085,0.9380804953560371,1.3676215620994545,145.33137057786348,255.03855895996094,243.17893981933594,243.6723175048828,244.98532104492188,1.31302809715271,0.0,0.0,75.10595581562552,970.2729615767178,125.0,1.0
128,1063.8760593002662,3.2141270673724054,331.0,1.0927813980927068,0.35365451453634644,0.9063444108761329,1.3763754872714078,147.9859043122226,256.275634765625,231.68067932128906,232.19284057617188,232.85658264160156,0.6637473702430725,0.0,0.0,63.49779105870404,1000.3782682415622,108.0,1.0
129,685.2090469151735,2.891177413144192,237.0,1.099071044801777,0.36444243194149606,0.9156118143459916,1.3705115757294084,-44.53046203349322,205.01036071777344,209.7176513671875,210.39059448242188,210.71571350097656,0.32510337233543396,0.0,0.0,204.05757107046387,481.1514758447097,91.0,1.0
130,684.9924222826958,2.665340164524108,257.0,1.0914225772176354,0.3586058405443275,0.9455252918287937,1.41627115057243,-84.35360709988095,194.01133728027344,217.88978576660156,218.50030517578125,217.807861328125,-0.6924335360527039,0.0,0.0,246.6650681462569,438.3273541364389,149.0,1.0
131,1352.3927581384778,3.2666491742475308,414.0,1.1109621664448597,0.36428521978677303,0.9130434782608695,1.4069713793229335,272.13554334970763,273.72320556640625,258.9273681640625,259.3714294433594,258.1977233886719,-1.1736690998077393,0.0,0.0,117.36257062352124,1235.0301875149567,123.0,1.0
132,590.061685513705,2.634203953186183,224.0,1.0923492048176784,0.35652426248379054,0.9196428571428571,1.3781013470089971,-113.93358515292016,183.34852600097656,196.99319458007812,197.86135864257812,198.03536987304688,0.17400076985359192,0.0,0.0,6.262858897816442,583.7988266158886,15.0,1.0
133,483.4581714645028,2.5992374809919507,186.0,1.1165536113740526,0.3657503724621344,0.8655913978494624,1.4182784442395173,-145.2847103776934,163.30992126464844,192.3772735595703,193.32403564453125,193.33474731445312,0.01070203073322773,0.0,0.0,29.35342183270592,454.1047496317969,55.0,1.0
134,596.4320496758446,2.7110547712538393,220.0,1.1140454307247885,0.3657930436668473,0.9272727272727272,1.4169922972317974,-99.64191690399855,187.2115020751953,205.98062133789062,206.7796173095703,207.81661987304688,1.0369770526885986,0.0,0.0,-2.266844042033882,598.6988937178785,11.0,1.0
135,644.4742771096062,2.9030372842775054,222.0,1.0927762564492258,0.3579139661416813,0.8873873873873874,1.3701232471015021,-55.56034151362792,198.67506408691406,210.08270263671875,210.75279235839844,210.29974365234375,-0.4530441462993622,0.0,0.0,253.3014835096347,391.1727935999715,159.0,1.0
136,133.52262966893613,1.6283247520601967,82.0,1.1092890294076316,0.35974249114070417,0.9512195121951219,1.4366370188807984,-289.266345916928,59.15345764160156,134.09205627441406,136.83395385742188,137.8017578125,0.9678051471710205,0.0,0.0,51.56579732758817,81.95683234134796,73.0,1.0
137,624.4093237873167,2.8774623216005377,217.0,1.0850245508792726,0.3582760728467378,0.8940092165898618,1.4003717276339642,-65.72366472744,194.67507934570312,217.67710876464844,218.42478942871094,219.06898498535156,0.6441599726676941,0.0,0.0,133.52269605294236,490.8866277343743,69.0,1.0
138,668.9878472462296,2.7305626418213453,245.0,1.1198200101817462,0.36810989512841785,0.8938775510204081,1.3972990744882936,-76.59426987600102,197.80332946777344,224.1640625,224.82949829101562,222.685302734375,-2.144207239151001,0.0,0.0,156.2260177846122,512.7618294616175,92.0,1.0
139,295.3405421897769,2.1401488564476585,138.0,1.1201910389844845,0.38123859362429285,0.8840579710144928,1.40132441965425,-238.34669061103523,117.94112396240234,173.59983825683594,175.08673095703125,174.4138946533203,-0.6728370785713196,0.0,0.0,14.169761327657797,281.1707808621191,31.0,1.0
140,598.4637516178191,2.8096889747315448,213.0,1.105051476399049,0.3630211792424604,0.8967136150234741,1.3898825212018524,-83.74793281015559,188.10108947753906,226.84268188476562,227.6146697998047,227.03077697753906,-0.5839143395423889,0.0,0.0,233.72805625595174,364.73569536186733,125.0,1.0
141,979.9430775229848,0.9799430775229848,1000.0,1.1230156489868595,0.3811929806508173,0.879,1.386023629287485,-1260.7851859793482,88.8923568725586,89.76277923583984,89.84839630126953,89.86750030517578,0.019100308418273926,0.0,0.0,11.073580208951116,968.8694973140337,23.0,1.0
142,1425.392471820116,3.146561747947276,453.0,1.104316046089672,0.36321624838754796,0.9205298013245033,1.397438326965826,267.90254218522136,268.92578125,259.9349060058594,260.2821044921875,259.7251281738281,-0.5569939613342285,0.0,0.0,161.0728410107893,1264.3196308093268,100.0,1.0
143,536.4525556564331,2.7231094195758025,197.0,1.088908223176416,0.36011043222827527,0.9035532994923858,1.3808641423306047,-114.07391242441349,177.72967529296875,228.1259765625,228.9422149658203,229.2593536376953,0.3171265125274658,0.0,0.0,113.14722937242432,423.3053262840088,108.0,1.0
144,1116.2999248588458,3.322321204937041,336.0,1.1285496454288446,0.3712115959886952,0.9047619047619048,1.394322186271062,190.50813976232462,264.80670166015625,236.74493408203125,237.21475219726562,237.8883056640625,0.673550009727478,0.0,0.0,213.04623408335877,903.253690775487,97.0,1.0
145,841.3801972623914,3.0819787445508844,273.0,1.088440516943498,0.3583280584247986,0.9084249084249084,1.3703869700521238,40.34895153268667,228.58306884765625,225.32650756835938,225.88027954101562,225.75949096679688,-0.12078581005334854,0.0,0.0,34.86892666745726,806.5112705949342,52.0,1.0
146,1125.7337521016598,3.310981623828411,340.0,1.1230782465146332,0.3675445430429867,0.9382352941176471,1.4233639170556458,192.0206629183565,267.9798278808594,233.06082153320312,233.6112518310547,234.23574829101562,0.6245079636573792,0.0,0.0,51.119982689238554,1074.6137694124213,115.0,1.0
147,823.6341735441238,3.0392404927827443,271.0,1.0804362406446544,0.3526725978098682,0.9372693726937269,1.391813036740447,26.563579857810055,227.4189453125,217.91229248046875,218.52828979492188,217.43643188476562,-1.0918606519699097,0.0,0.0,244.3145365611681,579.3196369829557,130.0,1.0
148,594.1980910170823,2.676567977554425,222.0,1.092870445354947,0.36134821235534115,0.8873873873873874,1.370410952803282,-105.83652760615178,184.92335510253906,207.0635528564453,207.80006408691406,208.40150451660156,0.6014569997787476,0.0,0.0,192.1183097688285,402.0797812482538,98.0,1.0
149,1043.7880086898804,3.097293794331989,337.0,1.1335812748667375,0.3702232758144956,0.9198813056379822,1.426047918071523,116.01589757166357,245.2277374267578,257.0722351074219,257.5550842285156,257.4072570800781,-0.14781582355499268,0.0,0.0,92.64064210479908,951.1473665850813,138.0,1.0
150,452.1747987829149,2.4844769163896423,182.0,1.0678121443876425,0.34969007939414976,0.9010989010989011,1.3634589189960384,-168.6467789724993,158.00755310058594,180.40420532226562,181.42848205566406,181.9018096923828,0.4733175039291382,0.0,0.0,18.521966501637564,433.6528322812773,32.0,1.0
151,1092.5775632709265,3.2614255620027657,335.0,1.0609667607704578,0.3434453240112142,0.9402985074626866,1.4114989874215722,168.76610419610074,261.7024230957031,231.33950805664062,231.94631958007812,232.13792419433594,0.19159746170043945,0.0,0.0,18.283274154515787,1074.2942891164107,55.0,1.0
152,521.891291147098,2.6901612945726696,194.0,1.0839916997618775,0.356159003394509,0.9329896907216495,1.3861664042420787,-122.69419886866217,174.1455841064453,197.44627380371094,198.39585876464844,197.8904571533203,-0.5054131746292114,0.0,0.0,42.28303477328683,479.6082563738111,107.0,1.0
153,529.4987080469728,2.7015240206478204,196.0,1.1159109359883523,0.3658720556659256,0.9285714285714286,1.408264328880195,-119.04743401217843,172.890625,197.29432678222656,198.20065307617188,197.5465087890625,-0.6541274785995483,0.0,0.0,54.08875228675223,475.4099557602205,68.0,1.0
154,418.1720321364701,2.417179376511388,173.0,1.1319974009879499,0.37626531174243116,0.9132947976878613,1.38890763276866,-184.82661142368465,145.83973693847656,189.30120849609375,190.1942901611328,190.9416046142578,0.7473116517066956,0.0,0.0,74.72912072005053,343.4429114164195,127.0,1.0
155,998.4565607234836,2.728023389954873,366.0,1.083277494734793,0.35277670015042506,0.9234972677595629,1.380215352161385,13.25499497609735,224.6092071533203,228.08883666992188,228.56202697753906,228.82667541503906,0.2646220326423645,0.0,0.0,18.49858412071471,979.9579766027689,32.0,1.0
156,463.20933589339256,2.5877616530357126,179.0,1.108063606740665,0.3609645356992897,0.9441340782122905,1.405443967375034,-151.67126379693514,161.08518981933594,192.05267333984375,193.06092834472656,194.10629272460938,1.0453702211380005,0.0,0.0,147.13079523348236,316.07854065991023,118.0,1.0
157,229.85178251564503,2.052248058175402,112.0,1.122895114415378,0.3758123539851762,0.9017857142857143,1.4128574209704783,-252.34697372108417,94.69691467285156,163.14578247070312,164.90834045410156,165.9788360595703,1.0704619884490967,0.0,0.0,-2.2203459490083364,232.07212846465336,12.0,1.0
158,551.1968200318515,2.662786570202181,207.0,1.0852900181326546,0.3576912735345145,0.8888888888888888,1.3537047634615547,-119.13290826595016,179.31211853027344,201.0732421875,201.82887268066406,202.02633666992188,0.1974516063928604,0.0,0.0,5.577988318570901,545.6188317132807,27.0,1.0
159,1037.2153804553673,1.0372153804553672,1000.0,1.1316557102385794,0.38509797138231805,0.877,1.3880713023294389,-1203.5128830469657,94.01227569580078,97.89486694335938,97.98736572265625,97.6013412475586,-0.38602322340011597,0.0,0.0,14.378845704499279,1022.8365347508679,28.0,1.0
160,1541.4847158745397,3.2181309308445507,479.0,1.0806274420192432,0.35671553334957895,0.918580375782881,1.370888757479774,332.5063096755621,278.55120849609375,269.300048828125,269.6301574707031,269.2447204589844,-0.38545817136764526,0.0,0.0,316.74680058638796,1224.7379152881517,155.0,1.0
161,786.6383270472288,2.968446517159354,265.0,1.1148257519605393,0.3672536535143893,0.9245283018867925,1.4039914364397612,1.4496894910880656,220.9398193359375,220.5335235595703,221.11880493164062,219.73797607421875,-1.3808153867721558,0.0,0.0,154.40477392959502,632.2335531176338,80.0,1.0
162,613.4263427829137,2.57742160833157,238.0,1.1010853317753253,0.36313695932643264,0.9243697478991597,1.4109602847302998,-118.29349218744846,183.72943115234375,219.1886444091797,219.87973022460938,220.1162567138672,0.23653654754161835,0.0,0.0,139.07047757670242,474.3558652062113,159.0,1.0
163,797.1277178376913,2.867365891502487,278.0,1.0927996634410555,0.35793966781074404,0.9028776978417267,1.395317838388349,-13.805158000490792,215.27645874023438,235.79180908203125,236.41650390625,236.41473388671875,-0.001750808791257441,0.0,0.0,47.19346356275926,749.9342542749321,140.0,1.0
164,651.1358978301287,2.8811322912837554,226.0,1.1035397332579808,0.36183538596859405,0.911504424778761,1.3963469393621029,-56.82002487988757,197.2913818359375,226.73963928222656,227.4315948486328,228.0962371826172,0.6646620631217957,0.0,0.0,-0.46125812217271356,651.5971559523014,12.0,1.0
165,478.4613596852869,2.428737866422776,197.0,1.126545212063508,0.3729798055692992,0.9035532994923858,1.408508487897609,-172.06510839555972,156.2369842529297,204.9952850341797,205.8579864501953,204.92202758789062,-0.9359434247016907,0.0,0.0,21.83888421198939,456.62247547329747,27.0,1.0
166,563.7103849127889,2.3586208573756857,239.0,1.0674388987094345,0.3582529518814177,0.895397489539749,1.3511315262534815,-169.98977607926884,169.07797241210938,209.4281463623047,210.17433166503906,210.2421875,0.06786125898361206,0.0,0.0,-12.25761399453556,575.9679989073244,178.0,1.0
167,762.8916224092245,3.0273477079731133,252.0,1.1184973739444484,0.3720705735418796,0.9047619047619048,1.4052083183109703,3.4472231351253413,215.3529815673828,241.0265350341797,241.6920928955078,241.11007690429688,-0.5820183157920837,0.0,0.0,32.54273993068913,730.3488824785354,52.0,1.0
168,850.526222968474,2.8350874098949133,300.0,1.0871123073388596,0.35592679852580966,0.9233333333333333,1.3973719004345473,-3.9738253470090967,221.58718872070312,220.8832244873047,221.45582580566406,221.32208251953125,-0.13376347720623016,0.0,0.0,33.37165050943198,817.154572459042,39.0,1.0
169,637.9328329153359,2.51154658628085,254.0,1.1000245058091125,0.36425777999442066,0.9212598425196851,1.3792823049476595,-125.47221840215434,187.2089080810547,200.7157440185547,201.35801696777344,201.8633270263672,0.505307674407959,0.0,0.0,366.707200320428,271.2256325949079,209.0,1.0
170,928.9342062652577,2.8235082257302664,329.0,1.0746682372151024,0.3519108377445508,0.9513677811550152,1.4033580201577567,17.004703320604904,223.06942749023438,235.85353088378906,236.41445922851562,235.73855590820312,-0.675909161567688,0.0,0.0,14.750747931295237,914.1834583339624,128.0,1.0
171,883.9084310792387,2.8421492960747226,311.0,1.1107740588085722,0.3687585881502704,0.909967845659164,1.4041272700584906,7.624796525105012,218.68272399902344,236.47659301757812,237.0323486328125,236.64987182617188,-0.38250887393951416,0.0,0.0,25.21879642981769,858.689634649421,47.0,1.0
172,622.1948573887348,2.560472664151172,243.0,1.0946033292685675,0.36260489576225663,0.9218106995884774,1.3967864458414683,-119.4266076901049,184.80654907226562,206.97207641601562,207.6881103515625,208.01309204101562,0.32497283816337585,0.0,0.0,18.542730061893234,603.6521273268415,34.0,1.0
173,1343.9229585174471,3.2461907210566356,414.0,1.1020947639676226,0.36505532125275875,0.9106280193236715,1.401050529545529,263.66574372867694,273.7293701171875,255.33663940429688,255.78509521484375,255.51547241210938,-0.26961955428123474,0.0,0.0,53.53669821863761,1290.3862602988095,124.0,1.0
174,848.4976832419634,3.1194767766248654,272.0,1.0915885142941641,0.3581875696570433,0.9264705882352942,1.3783811401191415,49.446763533954254,232.90216064453125,228.32861328125,228.95819091796875,229.59129333496094,0.6330901980400085,0.0,0.0,123.73299780421925,724.7646854377441,92.0,1.0
175,357.3041803371161,2.3051882602394587,155.0,1.0771546763093078,0.3517327889959673,0.9161290322580645,1.362370871741672,-210.04859483251948,133.41445922851562,152.72927856445312,153.9721221923828,155.41571044921875,1.4435919523239136,0.0,0.0,0.43014493610413806,356.874035401012,12.0,1.0
176,530.1959215621464,2.637790654538042,201.0,1.0639220753224197,0.3502765422567286,0.9154228855721394,1.36947067785158,-128.25185060548233,173.87095642089844,206.38539123535156,207.30755615234375,207.59422302246094,0.2866668403148651,0.0,0.0,259.50937237064636,270.68654919150003,162.0,1.0
177,640.7237672060728,2.5940233490124407,247.0,1.0735643966310633,0.34917203601802904,0.9635627530364372,1.392881508069829,-108.81900195954881,187.96267700195312,195.6282196044922,196.27305603027344,196.55563354492188,0.2825794816017151,0.0,0.0,10.11153638906446,630.6122308170084,27.0,1.0
178,570.187858203426,2.61554063396067,218.0,1.104455954188977,0.35740921305263257,0.9311926605504587,1.4172226789017435,-121.9254563330262,180.38624572753906,197.84597778320312,198.62818908691406,198.7782440185547,0.15002399682998657,0.0,0.0,84.36234055339149,485.8255176500345,111.0,1.0
179,973.829304728657,2.9332207973754727,332.0,1.0867124804224122,0.35759352555734114,0.9246987951807228,1.3813070774625438,55.958823718917756,235.20407104492188,242.4479217529297,242.99301147460938,241.52781677246094,-1.4651836156845093,0.0,0.0,149.7049702529151,824.1243344757419,130.0,1.0
180,1375.7180640483275,3.3391215146804067,412.0,1.0842427831392993,0.35659080719225666,0.9271844660194175,1.3957251243204143,299.4215013029484,280.0302734375,264.2593078613281,264.6681823730469,264.2416687011719,-0.4264989197254181,0.0,0.0,212.98279041727744,1162.73527363105,146.0,1.0
181,845.29183609553,2.7444540132971755,308.0,1.1080743785045801,0.36199458403091017,0.9155844155844156,1.4053556089432961,-25.050820393517142,217.07498168945312,211.3609161376953,211.86361694335938,210.6468048095703,-1.2168192863464355,0.0,0.0,37.9670762360956,807.3247598594344,43.0,1.0
182,473.49886552989483,2.287434132994661,207.0,1.098006366665688,0.36147612690042263,0.9082125603864735,1.3922906103661254,-196.83086276790686,155.59425354003906,178.6467742919922,179.41567993164062,181.27023315429688,1.8545403480529785,0.0,0.0,380.0734036191391,93.4254619107557,180.0,1.0
183,736.9208148010075,2.801980284414477,263.0,1.0845150150818208,0.355318686589277,0.9239543726235742,1.3714798574597755,-44.307170711742174,208.07156372070312,225.4446563720703,226.14483642578125,226.555908203125,0.41106554865837097,0.0,0.0,36.58313599502193,700.3376788059855,116.0,1.0
184,503.2805770467967,2.607671383662159,193.0,1.1095370740020998,0.36614871816146666,0.9119170984455959,1.404427097161737,-139.32458694726802,166.01698303222656,220.69427490234375,221.4762420654297,222.3367919921875,0.8605645298957825,0.0,0.0,135.49421982203023,367.78635722476645,157.0,1.0
185,504.1107333637774,2.3778808177536668,212.0,1.1113425708712972,0.36226693594589554,0.9339622641509434,1.4041145394993653,-176.12062504250184,159.15013122558594,178.4798583984375,179.3551025390625,178.70367431640625,-0.6514310836791992,0.0,0.0,140.02395682549258,364.0867765382848,81.0,1.0
186,1104.7393834255636,3.36810787629745,328.0,1.0526747468764606,0.3440490433270209,0.9237804878048781,1.3566937484260393,194.79020650260645,267.05560302734375,247.36276245117188,247.933349609375,248.90171813964844,0.9683525562286377,0.0,0.0,166.1249678298799,938.6144155956837,89.0,1.0
187,1216.2516784444451,3.3413507649572667,364.0,1.1037122225243674,0.3584042999989853,0.9368131868131868,1.4019198466978837,235.01076474044999,275.1312255859375,235.5570068359375,236.05567932128906,235.8070526123047,-0.2486349493265152,0.0,0.0,173.75272065158788,1042.4989577928573,115.0,1.0
188,598.2973580004182,2.612652218342437,229.0,1.0712514788554615,0.3457401803839719,0.9039301310043668,1.3539358478711405,-115.59954277468455,184.55023193359375,187.7234649658203,188.43023681640625,187.15887451171875,-1.2713574171066284,0.0,0.0,9.075636685868472,589.2217213145497,25.0,1.0
189,1093.6055233739316,3.2547783433747965,336.0,1.1121171077142709,0.3649563671460205,0.9375,1.4013370557172569,167.8137382774105,260.4720458984375,241.59393310546875,242.0668182373047,242.76976013183594,0.702957272529602,0.0,0.0,135.97391404559232,957.6316093283393,81.0,1.0
190,496.62817030726,2.4464441887057142,203.0,1.1215314713457156,0.3726050691680649,0.8817733990147784,1.388038713579558,-165.78025390375967,161.23269653320312,212.35252380371094,213.1236572265625,212.74551391601562,-0.3781261444091797,0.0,0.0,49.71302146753887,446.91514883972116,111.0,1.0
191,1045.7332085287198,3.188211001611951,328.0,1.0741527291533186,0.35266205976296355,0.9359756097560976,1.3950858993564426,135.78403160576272,251.70457458496094,237.3085174560547,237.9031982421875,238.45684814453125,0.5536321997642517,0.0,0.0,340.6151443881097,705.1180641406102,185.0,1.0
192,1126.8358209356666,3.2012381276581436,352.0,1.0700204291543771,0.3466576286647813,0.9431818181818182,1.3867202200712023,169.35881949201735,259.7427978515625,236.86610412597656,237.3800811767578,236.51829528808594,-0.8618143200874329,0.0,0.0,13.255287199014532,1113.5805337366521,30.0,1.0
193,804.713015894522,2.9156268691830505,276.0,1.1299004510343271,0.378053365365686,0.9347826086956522,1.4156665622869138,-2.2592079002693026,219.33543395996094,244.21229553222656,244.8941650390625,244.6669464111328,-0.2272094488143921,0.0,0.0,547.8457566012505,256.86725929327145,212.0,1.0
194,595.4857984185219,2.769701387993125,215.0,1.0657714572660892,0.35244258099755393,0.8930232558139535,1.3368087943176883,-90.68653805284384,186.9619903564453,213.88510131835938,214.5913848876953,214.47158813476562,-0.11979437619447708,0.0,0.0,259.9563464172998,335.52945200122207,114.0,1.0
195,1391.3710452970117,3.176646222139296,438.0,1.0943784420244351,0.35582111314741066,0.9178082191780822,1.3890923770927417,263.58600598754947,271.1468200683594,254.14505004882812,254.5132293701172,253.97000122070312,-0.5432566404342651,0.0,0.0,153.05822869154485,1238.3128166054669,118.0,1.0
196,572.8077449426055,2.8640387247130277,200.0,1.117318890084235,0.36833594697891386,0.91,1.3973615232540129,-83.6597012033277,186.87875366210938,223.7460174560547,224.60824584960938,224.4059600830078,-0.20226562023162842,0.0,0.0,218.53012284085085,354.2776221017547,130.0,1.0
197,572.633902693633,2.83482130046353,202.0,1.0760051350100917,0.3540883141128625,0.9108910891089109,1.391333506650628,-87.79419549569116,186.0109100341797,209.62437438964844,210.43077087402344,210.00802612304688,-0.4227355122566223,0.0,0.0,192.48582778876843,380.14807490486453,114.0,1.0
198,280.99692163895816,2.0215605873306344,139.0,1.0921245329627112,0.36180559590506883,0.8920863309352518,1.3518397426991968,-254.6706371835495,113.67530059814453,192.6675567626953,193.59959411621094,192.3571014404297,-1.2424947023391724,0.0,0.0,8.423564787135616,272.57335685182255,28.0,1.0
199,466.148742929101,2.506176037253231,186.0,1.1133378848031266,0.37377216185179807,0.8870967741935484,1.3757851946171666,-162.5941389130952,159.97816467285156,232.68740844726562,233.6046905517578,232.71719360351562,-0.8874932527542114,0.0,0.0,80.55887446740279,385.5898684616982,116.0,1.0
200,753.0585924014449,2.8204441662975466,267.0,1.064113803314295,0.3457335647734489,0.9213483146067416,1.3716888520697985,-36.09069719808667,207.85354614257812,212.77859497070312,213.41043090820312,213.379150390625,-0.03127080202102661,0.0,0.0,128.2446235156289,624.813968885816,108.0,1.0
201,820.5461609847844,2.909738159520512,282.0,1.0965856423490778,0.36193322075790135,0.9078014184397163,1.3897764967098054,1.6919810598201366,221.28175354003906,224.36395263671875,224.99563598632812,224.79319763183594,-0.2024456113576889,0.0,0.0,92.7551900541087,727.7909709306757,155.0,1.0
202,890.286591312848,3.0594040938585843,291.0,1.0815286192636668,0.35768364302987093,0.8831615120274914,1.3583989553686238,53.609477192624354,232.83889770507812,240.5099639892578,241.1130828857422,241.70103454589844,0.5879356265068054,0.0,0.0,73.72121489263697,816.5653764202111,132.0,1.0
203,841.2066253423691,2.9107495686587166,289.0,1.069734834225382,0.34814886268731954,0.9273356401384083,1.3993980808378081,8.490163265536466,224.7489013671875,201.78965759277344,202.28504943847656,205.3480224609375,3.0629723072052,0.0,0.0,19.683693350507482,821.5229319918616,90.0,1.0
204,1423.1230783779174,3.2270364589068423,441.0,1.0570979342236773,0.34303322906773037,0.9138321995464853,1.3700488824630432,289.39706100336866,275.7787780761719,259.5605773925781,259.9049987792969,260.1417236328125,0.23669026792049408,0.0,0.0,222.51737345836506,1200.6057049195524,171.0,1.0
205,568.6294840760529,2.6083921287892333,218.0,1.0696090084180212,0.34448777451550167,0.926605504587156,1.3870729580891796,-123.4838304603993,177.90431213378906,195.59547424316406,196.31529235839844,194.96580505371094,-1.3495030403137207,0.0,0.0,20.22533133622947,548.4041527398234,39.0,1.0
206,1062.545770674944,2.984679131109393,356.0,1.1412744164332775,0.3794051905561911,0.9213483146067416,1.417006565703624,97.14746514451281,237.5384521484375,248.6775360107422,249.14207458496094,250.8253173828125,1.683262825012207,0.0,0.0,59.11777699307416,1003.4279936818698,59.0,1.0
207,1015.9860844947398,3.0787457105901206,330.0,1.077253841829345,0.3551643247324256,0.9121212121212121,1.3779090357508896,102.07625552839158,242.53306579589844,243.89857482910156,244.45440673828125,244.8765869140625,0.42216455936431885,0.0,0.0,118.39633153453045,897.5897529602094,74.0,1.0
208,494.5900741741061,2.6168786993338946,189.0,1.111553870006922,0.3656728824666177,0.9153439153439153,1.3898765197929766,-140.09378573317656,166.89987182617188,200.73345947265625,201.50706481933594,201.78744506835938,0.2803412675857544,0.0,0.0,62.05349888539592,432.5365752887102,110.0,1.0
209,858.2430191710591,2.980010483232844,288.0,1.1122313224329043,0.3678995620827697,0.9305555555555556,1.3886473234250702,27.506883115921937,227.14479064941406,238.0725860595703,238.69422912597656,238.14349365234375,-0.55076003074646,0.0,0.0,42.07309293624094,816.1699262348181,118.0,1.0
210,940.0541262966581,3.003367815644275,313.0,1.0838532031436,0.35557926942374785,0.9073482428115016,1.3837480257405321,59.80983969913336,238.5913848876953,241.3430938720703,241.9234161376953,243.24215698242188,1.3187382221221924,0.0,0.0,2.297480197401819,937.7566460992563,14.0,1.0
211,1276.058799520135,3.393773402979082,376.0,1.081808951264558,0.3516741495040544,0.9414893617021277,1.3979993810462825,271.0539735557936,276.6289978027344,245.732666015625,246.17495727539062,246.89100646972656,0.7160574793815613,0.0,0.0,55.69248675429764,1220.3663127658374,84.0,1.0
212,668.8297821767628,2.8460841794755867,235.0,1.090475190783934,0.3595069524715241,0.9106382978723404,1.3852101684260298,-56.94907472851287,201.75758361816406,213.49853515625,214.23068237304688,213.4609375,-0.7697470188140869,0.0,0.0,-1.0444637276241977,669.8742459043871,12.0,1.0
213,883.5402774526738,0.8835402774526737,1000.0,1.1412450866216581,0.3868693679056014,0.891,1.3894369879586144,-1357.1879860496592,84.20570373535156,95.73453521728516,95.81925964355469,94.43991088867188,-1.3793593645095825,0.0,0.0,10.411331550910466,873.1289459017632,28.0,1.0
214,347.6263488009572,2.00940086012114,173.0,1.109693396386572,0.3657028767389518,0.9479768786127167,1.4014788303268992,-255.37229475919753,124.01998138427734,173.1605224609375,174.26043701171875,174.6144256591797,0.3539969027042389,0.0,0.0,2.4816051942655797,345.14474360669163,13.0,1.0
215,951.5836781598628,2.635965867478844,361.0,1.0841594489650521,0.35539897496929534,0.9030470914127424,1.3748852946393075,-23.716257479045908,218.1646270751953,219.26852416992188,219.68568420410156,219.78602600097656,0.10037349909543991,0.0,0.0,131.69989685608914,819.8837813037736,168.0,1.0
216,904.3135041440837,0.9043135041440837,1000.0,1.1197757251631268,0.37966376102257343,0.888,1.3865481777141204,-1336.4147593582493,82.7362060546875,98.2158432006836,98.31495666503906,97.8205795288086,-0.4943757951259613,0.0,0.0,33.68221805039802,870.6312860936857,46.0,1.0
217,699.7328647561371,2.856052509208723,245.0,1.0970710254335787,0.36108426499175744,0.8979591836734694,1.3821290534659854,-45.84925236609354,206.6077117919922,213.28736877441406,214.0099639892578,212.7823028564453,-1.227659821510315,0.0,0.0,140.52883399434924,559.2040307617879,126.0,1.0
218,675.7668977454305,2.875603820193321,235.0,1.1018467889641994,0.36082624717638667,0.9106382978723404,1.3771898854041429,-50.01195915984522,200.991455078125,223.3205108642578,224.09913635253906,223.10655212402344,-0.9925692677497864,0.0,0.0,133.04294074844768,542.7239569969828,130.0,1.0
219,143.3255177438259,1.3915098810080186,103.0,1.1096744384965842,0.3638016131859495,0.9223300970873787,1.3839643446155983,-321.0503042976437,61.09550476074219,181.22421264648438,181.55064392089844,185.5855712890625,4.034934043884277,0.0,0.0,168.66919216409275,-25.343674420266836,103.0,0.0
220,1069.9909902429208,2.8457207187311724,376.0,1.0860524034449905,0.3531096935497101,0.9574468085106383,1.397908302661109,64.98616427857951,233.72650146484375,242.4746551513672,242.87960815429688,242.39556884765625,-0.48405757546424866,0.0,0.0,98.11607619442023,971.8749140485006,161.0,1.0
221,780.8677914068103,2.81901729749751,277.0,1.1050041224708422,0.3653726239703964,0.924187725631769,1.4015419189331177,-28.084758409676397,211.15858459472656,202.0596466064453,202.68148803710938,201.98008728027344,-0.7013974189758301,0.0,0.0,138.93681818489128,641.930973221919,73.0,1.0
222,1023.2444783076644,3.09137304624672,331.0,1.1127474344939252,0.36145273411307915,0.945619335347432,1.406509175481617,107.35432331962079,250.5380401611328,216.49749755859375,217.06842041015625,217.68418884277344,0.6157713532447815,0.0,0.0,22.240224733394516,1001.0042535742699,29.0,1.0
223,523.0891311913729,2.5641624078008474,204.0,1.0709498426178916,0.3554039399394099,0.9117647058823529,1.3775448271448516,-141.29961904134234,167.2152099609375,217.33106994628906,218.1115264892578,215.3401641845703,-2.7713592052459717,0.0,0.0,101.4504721361204,421.63865905525245,131.0,1.0
224,570.92581968382,2.5374480874836447,225.0,1.08600599158524,0.3555019537382759,0.9422222222222222,1.3946447794353478,-135.0497770045007,176.1931915283203,213.58787536621094,214.25704956054688,214.3229217529297,0.06587615609169006,0.0,0.0,90.77977933371328,480.1460403501067,105.0,1.0
225,581.837466718629,2.783911324012579,209.0,1.098078168238299,0.3620309358569637,0.8803827751196173,1.3916499617498348,-92.45291362256376,186.04429626464844,214.62893676757812,215.33627319335938,213.2224884033203,-2.113795280456543,0.0,0.0,163.43495139804713,418.40251532058187,136.0,1.0
226,714.0504559129477,2.7892595934099518,256.0,1.0874652070406383,0.3611875673246535,0.89453125,1.3694636871133687,-53.31524744793353,207.79824829101562,209.16851806640625,209.8399658203125,208.88818359375,-0.9517934918403625,0.0,0.0,0.18331427196624434,713.8671416409815,14.0,1.0
227,565.2026766687632,2.757086227652503,205.0,1.0707492856736567,0.3538805437743725,0.9463414634146341,1.373495679114443,-101.16639958564747,181.13111877441406,206.91427612304688,207.64930725097656,207.9532012939453,0.3039216697216034,0.0,0.0,79.9511050663187,485.25157160244447,106.0,1.0
228,815.5241747200489,3.009314297859959,271.0,1.1087009212639134,0.3641605722340951,0.922509225092251,1.4147277626493369,18.45358103373519,226.4518585205078,225.30300903320312,225.9188232421875,226.28973388671875,0.3709326684474945,0.0,0.0,72.37975611590461,743.1444186041443,119.0,1.0
229,283.38280744850636,1.8892187163233758,150.0,1.1156421852371192,0.36959282305130425,0.9,1.3911212269528968,-274.0683376126518,104.3014907836914,157.09083557128906,158.20973205566406,162.61468505859375,4.404933929443359,0.0,0.0,199.3694370178123,84.01337043069407,150.0,0.0
230,382.0857744887471,2.0993723873008086,182.0,1.113279499615899,0.36955183213589465,0.9120879120879121,1.3846147172995886,-238.73580326666706,134.86090087890625,160.4840850830078,161.52259826660156,163.1874542236328,1.664848804473877,0.0,0.0,38.09843617007564,343.9873383186715,53.0,1.0
231,591.710266360722,2.804314058581621,211.0,1.1215337169529127,0.37149843665792154,0.909952606635071,1.407688227314599,-86.54076602386158,188.78225708007812,204.88125610351562,205.6742706298828,205.94607543945312,0.2718215882778168,0.0,0.0,142.40674158012536,449.30352478059666,129.0,1.0
232,1511.1140035558492,3.1092880731601835,486.0,1.087034039856719,0.3554039218126693,0.9300411522633745,1.3829835345338168,288.273315205003,272.535400390625,258.4582824707031,258.82647705078125,259.59429931640625,0.7678490877151489,0.0,0.0,9.460287974248914,1501.6537155816002,19.0,1.0
233,1841.5784972533584,3.3241489120096723,554.0,1.079761502558077,0.350522741621442,0.927797833935018,1.3876410265571724,484.075639427218,296.20220947265625,274.6947326660156,274.9975891113281,275.395263671875,0.3977007269859314,0.0,0.0,67.18620998108102,1774.3922872722774,66.0,1.0
234,1827.4084622599185,3.2172684194716874,568.0,1.081552082211607,0.35217108248687023,0.9049295774647887,1.3758528413723001,442.1810401300411,287.2886657714844,251.09117126464844,251.4142303466797,253.1790008544922,1.764740228652954,0.0,0.0,11.928129795952804,1815.4803324639656,28.0,1.0
235,1103.2705325894058,3.0561510598044483,361.0,1.095082577642442,0.3583608393178778,0.9168975069252078,1.388101155767005,127.97059695049711,246.47589111328125,243.95401000976562,244.3777313232422,246.21875,1.841023325920105,0.0,0.0,279.2288704612644,824.0416621281413,139.0,1.0
236,12.328010232653469,0.5603641014842485,22.0,1.0400824932440862,0.333544063579404,0.9545454545454546,1.321874961015891,-291.64140405148066,6.397675037384033,195.27548217773438,196.53802490234375,198.69248962402344,2.1544382572174072,0.0,0.0,15.879110100202926,-3.551099867549457,22.0,0.0
237,732.1328528784215,2.6916649002883144,272.0,1.1093222990804013,0.36798433093827043,0.9007352941176471,1.3856168403586726,-66.91806682958759,204.32249450683594,212.7801513671875,213.43020629882812,211.9276885986328,-1.502503752708435,0.0,0.0,-2.2575103160199474,734.3903631944415,7.0,1.0
238,1620.9760970799252,3.356058172008127,483.0,1.104921868292559,0.3611608436417521,0.9337474120082816,1.4125366777519837,404.0763867941655,294.6138000488281,257.9048767089844,258.25653076171875,258.8097229003906,0.5531973242759705,0.0,0.0,5.6674399059530165,1615.3086571739723,20.0,1.0
239,1476.5445348266512,3.3943552524750604,435.0,1.111971334232172,0.36653042185156853,0.9149425287356322,1.4286291981285206,354.70047358227544,289.1499328613281,255.69317626953125,256.07049560546875,255.22244262695312,-0.8480404019355774,0.0,0.0,34.47416718985649,1442.0703676367948,51.0,1.0
240,1164.8764827810228,3.0574185899764377,381.0,1.1063872585987462,0.36376712576010317,0.9081364829396326,1.384265368183105,149.97002670820416,252.65414428710938,249.84584045410156,250.29364013671875,250.80377197265625,0.5101232528686523,0.0,0.0,-0.8868823585196921,1165.7633651395424,9.0,1.0
241,663.3053336320445,2.9878618632074074,222.0,1.078843598492227,0.3550664409511763,0.9234234234234234,1.3772568851322902,-36.729284991189616,205.60610961914062,212.34999084472656,213.17579650878906,213.03529357910156,-0.14047691226005554,0.0,0.0,230.02401646554114,433.28131716650336,151.0,1.0
242,546.6668229401112,2.366523043030784,231.0,1.0622323390925001,0.34600052898719885,0.9437229437229437,1.3829433491230363,-171.1907298783825,169.4755859375,189.72164916992188,190.488037109375,187.58798217773438,-2.9000539779663086,0.0,0.0,233.35370026448737,313.3131226756238,186.0,1.0
243,585.8784023448825,2.547297401499489,230.0,1.1064866424229218,0.3671388918398103,0.9304347826086956,1.3671182401461361,-129.99882445191565,180.9613494873047,204.6408233642578,205.3264617919922,204.55758666992188,-0.7688673138618469,0.0,0.0,115.96159549826422,469.9168068466183,120.0,1.0
244,974.5078559191898,2.7069662664421936,360.0,1.0933225065515635,0.36067373922037577,0.9194444444444444,1.3744519337302532,1.1882463019765055,225.74923706054688,233.18173217773438,233.64955139160156,234.11370849609375,0.4641728699207306,0.0,0.0,8.939132388304,965.5687235308858,28.0,1.0
245,886.4649066329002,2.964765574023078,299.0,1.1280528870930882,0.3683404029082764,0.919732441471572,1.397407825321382,33.94518433911253,227.2169189453125,218.30747985839844,218.9054412841797,218.35894775390625,-0.5465036630630493,0.0,0.0,59.842250709739716,826.6226559231606,92.0,1.0
246,1113.0725669637322,3.041181876950088,366.0,1.0585372773044388,0.34665111943249544,0.907103825136612,1.340569251207917,127.87100121634603,248.0137176513672,240.46302795410156,240.9523162841797,241.19334411621094,0.24100714921951294,0.0,0.0,25.182431695194023,1087.8901352685382,51.0,1.0
247,565.7391152700875,2.74630638480625,206.0,1.0907552681762647,0.3609200850550898,0.9271844660194175,1.3801087734475708,-102.61028700601867,183.4949493408203,203.4235076904297,204.25038146972656,204.28477478027344,0.03442045673727989,0.0,0.0,307.89358554373234,257.84552972635515,145.0,1.0
248,964.6513796020299,3.05269423924693,316.0,1.0721935957942732,0.3489327019851464,0.939873417721519,1.3785162098823553,78.46611493941873,239.84068298339844,227.39401245117188,227.90647888183594,226.99258422851562,-0.91389000415802,0.0,0.0,188.9070297131735,775.7443498888564,84.0,1.0
249,25.08347202464938,0.24591639239852334,102.0,1.0508091618449757,0.3344877986355344,0.9215686274509803,1.389478079986585,-437.3120239951248,7.563004493713379,105.78936767578125,106.7376480102539,100.06078338623047,-6.676863670349121,0.0,0.0,12.38288657061998,12.700585454029401,31.0,1.0
250,422.854148497805,2.562752415138212,165.0,1.134879905666095,0.3782568370302518,0.9272727272727272,1.4169231426707918,-164.3018868887857,151.65440368652344,202.69728088378906,203.73574829101562,202.34976196289062,-1.3859837055206299,0.0,0.0,79.5060207805307,343.3481277172743,93.0,1.0
251,725.6924329707399,2.974149315453852,244.0,1.0523845975753108,0.34205701583239395,0.9426229508196722,1.3755736948293358,-17.909358129795237,214.29991149902344,218.40887451171875,219.06964111328125,217.66073608398438,-1.408921241760254,0.0,0.0,667.3978884961608,58.294544474579084,227.0,1.0
252,859.0249014645815,3.12372691441666,275.0,1.1172585872566272,0.36978140592123526,0.9127272727272727,1.4206625186729156,54.033003691485874,237.35000610351562,227.98760986328125,228.6700897216797,229.33865356445312,0.6685576438903809,0.0,0.0,47.15575419261963,811.8691472719619,118.0,1.0
253,1087.3582598697394,3.1701406993286865,343.0,1.063745943371892,0.34789750977035,0.9300291545189504,1.3754298816909496,147.70419262134965,253.74453735351562,254.55990600585938,255.01547241210938,254.77342224121094,-0.24205733835697174,0.0,0.0,157.03433036891613,930.3239295008233,79.0,1.0
254,836.3874693363905,2.8840947218496225,290.0,1.0757914060143097,0.35462896727806964,0.9620689655172414,1.391782552867165,1.6906812378622362,218.40481567382812,226.2119140625,226.7568359375,226.23410034179688,-0.5227128863334656,0.0,0.0,105.6534213970907,730.7340479392998,73.0,1.0
255,1639.9771611494943,3.2931268296174587,498.0,1.0859601076687757,0.351882978472603,0.9437751004016064,1.4016397155831068,393.3725605383022,291.6785888671875,260.09722900390625,260.437255859375,259.9571533203125,-0.480125367641449,0.0,0.0,219.95842622582865,1420.0187349236658,115.0,1.0
256,240.58619326353073,1.7308359227592138,139.0,1.0678725322720226,0.3423227201482813,0.935251798561151,1.3842110921792574,-295.0813655589769,93.19356536865234,174.73448181152344,176.2288055419922,176.45816040039062,0.22933334112167358,0.0,0.0,nan,nan,nan,nan
257,938.3412209735252,0.9383412209735252,1000.0,1.137891345055557,0.38919181757089005,0.896,1.3913767777271313,-1302.3870425288078,86.43995666503906,94.61369323730469,94.6969985961914,95.20630645751953,0.5093051791191101,0.0,0.0,nan,nan,nan,nan
258,705.2705109417439,2.878655146700995,245.0,1.0787684078324724,0.35252489558758443,0.926530612244898,1.3645516833831652,-40.31160618048682,206.92698669433594,212.86892700195312,213.62205505371094,213.35255432128906,-0.26951920986175537,0.0,0.0,nan,nan,nan,nan
259,772.3360306969844,3.052711583782547,253.0,1.1003689905963492,0.3539817287238342,0.9051383399209486,1.3987509442470698,10.91130540118968,220.3612518310547,211.2738037109375,211.948486328125,211.72775268554688,-0.22074715793132782,0.0,0.0,nan,nan,nan,nan
260,1106.4696594253182,2.966406593633561,373.0,1.1029411322345861,0.36270000180350487,0.900804289544236,1.3866105984554242,107.40581152606364,240.17388916015625,257.14508056640625,257.6165466308594,258.0181579589844,0.4015902578830719,0.0,0.0,nan,nan,nan,nan
261,930.8862064536661,3.1989216716620827,291.0,1.0732219503515865,0.34876621465605684,0.9415807560137457,1.388055364086483,94.20909233344241,247.94223022460938,222.8268280029297,223.39434814453125,223.29469299316406,-0.09964518994092941,0.0,0.0,nan,nan,nan,nan
262,1126.485803685151,2.9108160301941886,387.0,1.1019478742112576,0.36072628302852605,0.9328165374677002,1.389791202315083,99.69739148215945,240.2113800048828,241.59722900390625,241.9947967529297,241.83782958984375,-0.1569642871618271,0.0,0.0,nan,nan,nan,nan
263,1303.9994283095002,3.0255207153352672,431.0,1.1224565329088787,0.3694924414830879,0.9048723897911833,1.3934935860446693,190.07667115190657,260.1641540527344,252.33460998535156,252.78662109375,253.8360137939453,1.049394130706787,0.0,0.0,nan,nan,nan,nan
264,800.440030477941,3.0205284168978905,265.0,1.1424025509534645,0.37232462014262,0.8981132075471698,1.4029034768561528,15.251392921800289,222.60299682617188,216.62332153320312,217.21310424804688,218.28587341308594,1.0727653503417969,0.0,0.0,nan,nan,nan,nan
265,1040.5836768802255,3.124875906547224,333.0,1.0991219676080561,0.36209162144242163,0.9279279279279279,1.3937844385864964,120.73286984879087,245.50759887695312,258.4493103027344,258.9382019042969,258.8988037109375,-0.03940030187368393,0.0,0.0,nan,nan,nan,nan
266,1098.2998621314764,3.2398226021577474,339.0,1.0796155102522358,0.3535741536248239,0.9233038348082596,1.3778660518287988,166.56709896986877,257.4835510253906,265.59906005859375,266.14398193359375,266.2298889160156,0.0859389379620552,0.0,0.0,nan,nan,nan,nan
267,854.4777957685292,3.118532101344997,274.0,1.0974880341081672,0.3579431272811741,0.8941605839416058,1.3749538203942417,51.46622401712898,233.85662841796875,227.466552734375,228.085205078125,227.75111389160156,-0.33408111333847046,0.0,0.0,nan,nan,nan,nan
268,264.93768732994795,1.8657583614785067,142.0,1.057194314112731,0.34548392824873303,0.9507042253521126,1.3612787827562975,-276.6708495576463,99.86187744140625,162.21823120117188,163.28550720214844,160.97064208984375,-2.314859628677368,0.0,0.0,nan,nan,nan,nan
269,1008.9187567867339,3.0027343951986127,336.0,1.0992626939543957,0.36231122261198745,0.9345238095238095,1.4057403966250155,83.12697169021271,237.62353515625,240.44219970703125,240.8981170654297,241.7994384765625,0.9013108611106873,0.0,0.0,nan,nan,nan,nan
270,472.2897334769368,2.6683035789657445,177.0,1.0926311668443733,0.3630874883306231,0.8983050847457628,1.4043491759788056,-138.63021416999982,164.13809204101562,201.5966339111328,202.54588317871094,201.15106201171875,-1.3948169946670532,0.0,0.0,nan,nan,nan,nan
271,967.4449813812971,3.0138472940227325,321.0,1.092065749939798,0.35673478396579444,0.9096573208722741,1.3973609629486432,71.35808661020837,241.27638244628906,219.69110107421875,220.1949920654297,219.8341827392578,-0.3608141839504242,0.0,0.0,nan,nan,nan,nan
272,642.9971597641706,2.75964446250717,233.0,1.1101081122799101,0.3693710846988566,0.9141630901287554,1.3981644505270128,-78.82104509771398,195.02679443359375,211.56619262695312,212.2804718017578,212.45330810546875,0.17282935976982117,0.0,0.0,nan,nan,nan,nan
273,933.870952680707,3.04192492729872,307.0,1.091384634912066,0.35825890074580113,0.9250814332247557,1.3742743195106317,65.50862221335524,234.7926025390625,238.51405334472656,239.03216552734375,238.93148803710938,-0.1006707027554512,0.0,0.0,nan,nan,nan,nan
274,760.1402492970228,3.0405609971880914,250.0,1.0615375540698322,0.34636949549824925,0.916,1.3816822579418584,4.656502066314715,218.33924865722656,215.2790985107422,215.9288787841797,214.84205627441406,-1.086802363395691,0.0,0.0,nan,nan,nan,nan
275,548.3529363553971,2.4925133470699867,220.0,1.1267084090278368,0.3787534056500369,0.9136363636363637,1.4181257691218772,-147.72103022444605,174.3129119873047,210.2200164794922,210.96005249023438,211.8745880126953,0.9145624041557312,0.0,0.0,nan,nan,nan,nan
276,968.7877800785936,2.9717416566828025,326.0,1.095175740717955,0.35999061224537193,0.9171779141104295,1.4032320080046945,62.79925519902736,234.34291076660156,234.35232543945312,234.85906982421875,234.81771850585938,-0.041321177035570145,0.0,0.0,nan,nan,nan,nan
277,713.3856737911701,3.1426681664809255,227.0,1.0843528728047849,0.34965088394744537,0.9251101321585903,1.3913664009827431,3.449425059458463,216.11390686035156,216.1895294189453,216.92955017089844,216.47584533691406,-0.4536975622177124,0.0,0.0,nan,nan,nan,nan
278,591.9279273877619,2.7028672483459446,219.0,1.0964608516207919,0.36426658372240933,0.91324200913242,1.3791280622096438,-102.16571317038574,187.34182739257812,210.6706085205078,211.48631286621094,210.30609130859375,-1.1802204847335815,0.0,0.0,nan,nan,nan,nan
279,1147.016996614635,3.353850867294254,342.0,1.069389472399079,0.3453917869036068,0.9210526315789473,1.3788182071579789,209.34325538794087,266.8721618652344,230.94076538085938,231.4523468017578,231.6365203857422,0.18416354060173035,0.0,0.0,nan,nan,nan,nan
280,467.71962864883244,2.448793867271374,191.0,1.0473585013026825,0.3357575714162934,0.93717277486911,1.392282271889681,-170.9248833018412,159.03829956054688,173.34754943847656,174.20851135253906,174.15553283691406,-0.05297751724720001,0.0,0.0,nan,nan,nan,nan
281,1264.1714504086412,3.144705100519008,402.0,1.1184433953273794,0.36622757887782237,0.8930348258706468,1.41145706034794,207.678147880217,262.585205078125,251.91192626953125,252.30453491210938,253.1693878173828,0.8648498058319092,0.0,0.0,nan,nan,nan,nan
282,815.8775457981974,3.1021959916281268,263.0,1.087579047751695,0.3581234600577333,0.9315589353612167,1.4017343753650753,34.649560285447706,226.7953643798828,226.47637939453125,227.15762329101562,226.8611602783203,-0.29643890261650085,0.0,0.0,nan,nan,nan,nan
283,1481.9889898523688,3.271498873846289,453.0,1.0942293042496027,0.357046637188742,0.9426048565121413,1.3973465750437863,324.49906021747415,280.5884704589844,274.5030517578125,274.8736877441406,273.6849060058594,-1.1887606382369995,0.0,0.0,nan,nan,nan,nan
284,912.8491523684934,2.963795949248355,308.0,1.0860474340032138,0.35397329483372364,0.922077922077922,1.4013673381321556,42.50649587944622,234.88438415527344,220.53652954101562,221.1056671142578,220.2642059326172,-0.841463565826416,0.0,0.0,nan,nan,nan,nan
285,340.4043902363628,2.239502567344492,152.0,1.095827635585129,0.3622164502584175,0.9342105263157895,1.3776697032178589,-221.0074068681863,129.3079071044922,185.41761779785156,186.53250122070312,187.1490478515625,0.6165518760681152,0.0,0.0,nan,nan,nan,nan
286,1058.8415869921446,3.141963166148797,337.0,1.0682281265501676,0.34583443807620295,0.9258160237388724,1.364591309840306,131.0694758739278,251.12496948242188,243.7721405029297,244.24066162109375,243.59161376953125,-0.6490483283996582,0.0,0.0,nan,nan,nan,nan
287,715.3345674611628,2.7726146025626464,258.0,1.0802494171647574,0.35294747788721376,0.9108527131782945,1.3863108700443938,-55.99178794310933,205.46900939941406,222.3121795654297,222.96853637695312,222.9414825439453,-0.02706507034599781,0.0,0.0,nan,nan,nan,nan
288,975.7026686435565,2.0848347620588816,468.0,1.0697046177897087,0.35119953666466414,0.9423076923076923,1.385058830745469,-211.49215131677056,187.31610107421875,193.03024291992188,193.40887451171875,193.11325073242188,-0.29562124609947205,0.0,0.0,nan,nan,nan,nan
289,1451.8929969146848,3.3843659601740903,429.0,1.0732230502011773,0.35123420466576466,0.9230769230769231,1.3692606547892563,341.93089180048196,286.2420654296875,258.64019775390625,259.0316162109375,259.14508056640625,0.11344313621520996,0.0,0.0,nan,nan,nan,nan
290,644.5946391113102,2.7904529831658453,231.0,1.1101086144923378,0.37050270739565483,0.8658008658008658,1.3705174615102558,-73.26291370718343,197.9525909423828,212.86001586914062,213.59786987304688,212.0110321044922,-1.586825966835022,0.0,0.0,nan,nan,nan,nan
291,559.754436865449,2.544338349388404,220.0,1.1051442080272447,0.36806358651722826,0.9136363636363637,1.4136934717590106,-136.3195297143942,174.9940185546875,216.33721923828125,217.11154174804688,216.74301147460938,-0.36852431297302246,0.0,0.0,nan,nan,nan,nan
292,1021.0161995925009,3.047809551022391,335.0,1.0889994093232547,0.3596465701149285,0.9074626865671642,1.380061843306042,97.20474051767519,242.42942810058594,244.7168426513672,245.22169494628906,245.00665283203125,-0.21503236889839172,0.0,0.0,nan,nan,nan,nan
293,737.9966895878315,3.100826426839628,238.0,1.085296847772247,0.35187051266456915,0.9369747899159664,1.3998514789136627,6.276854617469326,218.75291442871094,224.68521118164062,225.30813598632812,224.5840606689453,-0.7240474820137024,0.0,0.0,nan,nan,nan,nan
294,1428.1550635509193,3.3446254415712398,427.0,1.0970149858833962,0.36016043245369667,0.9110070257611241,1.3845456243565266,322.15361048010755,281.3369445800781,265.5690612792969,266.05963134765625,264.46685791015625,-1.5927608013153076,0.0,0.0,nan,nan,nan,nan
295,430.16292660310864,2.5155726701936176,171.0,1.0805814319672673,0.354847242184884,0.9005847953216374,1.3589588885605222,-168.87506491365502,148.67279052734375,210.54103088378906,211.55226135253906,212.0550994873047,0.5028188824653625,0.0,0.0,nan,nan,nan,nan
296,566.7382976412773,2.4640795549620753,230.0,1.1066688004485985,0.3631324335516842,0.9173913043478261,1.385904391767642,-149.13892915552083,173.7683868408203,228.5330810546875,229.36984252929688,228.6253662109375,-0.7444676160812378,0.0,0.0,nan,nan,nan,nan
297,1083.9908587224782,3.4303508187420193,316.0,1.1152365095834207,0.36321602774762357,0.9272151898734177,1.405141536018163,197.80559405986696,268.79095458984375,252.99183654785156,253.50430297851562,252.27590942382812,-1.2283995151519775,0.0,0.0,nan,nan,nan,nan
298,0.5309516713023186,0.05309516713023186,10.0,1.1502867371463146,0.3689201215902964,1.0,1.5565503029387462,-279.6745503524858,-0.6182138323783875,168.0811309814453,171.60739135742188,162.6805877685547,-8.926828384399414,0.0,0.0,nan,nan,nan,nan
299,1621.068069273606,3.5317387130143922,459.0,1.0810643362762453,0.3487164186073732,0.9477124183006536,1.3919721400094394,451.6961835085383,300.61138916015625,265.3611755371094,265.75030517578125,267.10150146484375,1.3511977195739746,0.0,0.0,nan,nan,nan,nan
300,836.3209594041109,3.0974850348300405,270.0,1.0542641039339657,0.33734821180357055,0.9407407407407408,1.366043418099539,41.23069173949261,232.1361541748047,217.70297241210938,218.32147216796875,218.77020263671875,0.44871875643730164,0.0,0.0,nan,nan,nan,nan
301,826.6911533623934,2.8408630699738606,291.0,1.0781264911991661,0.3530538198623469,0.9140893470790378,1.378134021277926,-9.985960757830298,217.31863403320312,229.9442138671875,230.57183837890625,230.71566772460938,0.1438191533088684,0.0,0.0,nan,nan,nan,nan
302,820.7916969601065,2.7359723232003548,300.0,1.1038576255481933,0.3612669518068692,0.9033333333333333,1.3983160869445472,-33.708351355376635,214.8224334716797,218.79942321777344,219.35853576660156,218.81983947753906,-0.5387012958526611,0.0,0.0,nan,nan,nan,nan
303,776.0077267363667,3.0793957410173283,252.0,1.0842899742800316,0.3539175987248272,0.9206349206349206,1.3935761952697643,16.56332746226758,221.6417694091797,225.28900146484375,225.96421813964844,225.1515350341797,-0.8126764297485352,0.0,0.0,nan,nan,nan,nan
304,1657.6106045767665,3.431906013616494,483.0,1.0877332510752755,0.35555245511436184,0.9296066252587992,1.380868541193578,440.71089429100675,295.8072509765625,267.5371398925781,267.91680908203125,268.1150817871094,0.19828692078590393,0.0,0.0,nan,nan,nan,nan
305,380.47464659577236,2.125556684892583,179.0,1.1425493056801628,0.37307121658436393,0.8938547486033519,1.4178236819863639,-234.40595309455534,134.39688110351562,188.96957397460938,189.896240234375,188.36904907226562,-1.5271934270858765,0.0,0.0,nan,nan,nan,nan
306,695.5964803360403,2.605230263430862,267.0,1.0911624802974766,0.36025507436625165,0.9063670411985019,1.3716925570956424,-93.55280926349133,196.83673095703125,217.62588500976562,218.27012634277344,217.32232666015625,-0.9478132724761963,0.0,0.0,nan,nan,nan,nan
307,898.3901139292866,3.185780545848534,282.0,1.1001880708795178,0.3586266270802934,0.9219858156028369,1.374215178359736,79.53593400432237,239.18943786621094,236.7975616455078,237.43292236328125,238.1141357421875,0.6811903715133667,0.0,0.0,nan,nan,nan,nan
308,2026.0776032730937,3.469310964508722,584.0,1.094252237058511,0.35692303932040526,0.934931506849315,1.3916446616128397,609.1649647960885,309.1827087402344,265.0616455078125,265.36712646484375,264.9532775878906,-0.4138481020927429,0.0,0.0,nan,nan,nan,nan
309,585.5562051832676,3.0497719019961855,192.0,1.1030164467294379,0.3578359288892696,0.9010416666666666,1.3994598089997894,-55.06863278910157,196.2412109375,187.5660400390625,188.39317321777344,188.0831756591797,-0.3100009858608246,0.0,0.0,nan,nan,nan,nan
310,521.34952557832,2.673587310658051,195.0,1.100520768978061,0.3620162060042758,0.8923076923076924,1.382453511607315,-125.21629045913573,172.23629760742188,206.9586181640625,207.7777099609375,206.4129180908203,-1.3647699356079102,0.0,0.0,nan,nan,nan,nan
311,485.7703917622566,2.5566862724329296,190.0,1.1261706141326788,0.37157623437560044,0.8947368421052632,1.3873386028630896,-150.8937941667216,163.26654052734375,203.4537811279297,204.4330596923828,204.33084106445312,-0.10222814232110977,0.0,0.0,nan,nan,nan,nan
312,1012.1051984988153,3.1827207499962746,318.0,1.104820100930272,0.3591244408203801,0.9591194968553459,1.4102505562517782,121.95928179281304,250.7618408203125,230.1451416015625,230.6899871826172,231.758544921875,1.0685573816299438,0.0,0.0,nan,nan,nan,nan
313,856.563696288038,2.8840528494546738,297.0,1.0835186746250438,0.3495928457112285,0.9393939393939394,1.3924522947530589,8.004626037641401,229.83273315429688,209.7059326171875,210.25082397460938,208.8866729736328,-1.364151120185852,0.0,0.0,nan,nan,nan,nan
314,713.9330195374787,2.867200881676621,249.0,1.073397581208758,0.34928060194052846,0.9437751004016064,1.395453483552434,-39.570401671534,207.37586975097656,223.61273193359375,224.23623657226562,224.62330627441406,0.38707059621810913,0.0,0.0,nan,nan,nan,nan
315,738.3755275905132,2.665615623070445,277.0,1.0990245233831135,0.36511439556590336,0.8880866425992779,1.3951143180508805,-70.57702222597345,202.9567108154297,220.99195861816406,221.6015167236328,221.0216827392578,-0.579826831817627,0.0,0.0,nan,nan,nan,nan
316,556.3089894670993,2.225235957868397,250.0,1.0553252900135335,0.3429979724988807,0.94,1.34761011652128,-199.1747577636088,161.79856872558594,193.49459838867188,194.2107391357422,192.19700622558594,-2.0137197971343994,0.0,0.0,nan,nan,nan,nan
317,991.6684910294134,0.9916684910294135,1000.0,1.1408910561896746,0.3886864767656953,0.888,1.4045102161237684,-1249.0597724729196,89.82373809814453,97.94926452636719,98.03860473632812,98.8538818359375,0.8152869343757629,0.0,0.0,nan,nan,nan,nan
318,429.96415884047747,2.34953092262556,183.0,1.0678822622299662,0.3467895913770963,0.9562841530054644,1.3823638496729684,-192.83774493663213,150.1831817626953,187.39683532714844,188.3513641357422,189.286376953125,0.9350249171257019,0.0,0.0,nan,nan,nan,nan
319,535.6620736103505,2.600301328205585,206.0,1.0852840305016842,0.35663934173944034,0.9368932038834952,1.379746157626909,-132.68732866575567,170.0533447265625,215.1058807373047,215.91580200195312,215.94447326660156,0.02868674509227276,0.0,0.0,nan,nan,nan,nan
320,737.2820717096329,3.0720086321234703,240.0,1.1082772153870952,0.3645500891807186,0.9083333333333333,1.3824312025015317,1.6015846958796374,219.98472595214844,226.52191162109375,227.1779022216797,227.1062469482422,-0.07164939492940903,0.0,0.0,nan,nan,nan,nan
321,868.4001009762287,2.8850501693562416,301.0,1.0886706935257122,0.3563267329728949,0.9335548172757475,1.3873055417341673,11.91972663904994,221.92893981933594,231.71548461914062,232.30642700195312,233.37030029296875,1.0638911724090576,0.0,0.0,nan,nan,nan,nan
322,590.482301523909,2.3339221404107073,253.0,1.0765503442944027,0.35542905378623685,0.924901185770751,1.379869528323987,-170.94242377188573,172.95408630371094,205.89031982421875,206.53884887695312,208.60140991210938,2.0625648498535156,0.0,0.0,nan,nan,nan,nan
323,726.8677224768326,2.817316753786173,258.0,1.0842591091403588,0.35793926373445395,0.937984496124031,1.3791735927748945,-44.45863292743957,209.7045440673828,217.0869903564453,217.6886749267578,217.00209045410156,-0.6865686178207397,0.0,0.0,nan,nan,nan,nan
324,1323.1604565829039,3.203778345237055,413.0,1.0794052866732777,0.3549026214400721,0.9200968523002422,1.3824184364945205,244.8835678158291,270.7077331542969,254.13014221191406,254.53504943847656,254.9680633544922,0.4330083727836609,0.0,0.0,nan,nan,nan,nan
325,933.0956460386515,3.069393572495564,304.0,1.1253133483992193,0.37046165727518027,0.944078947368421,1.4147857428928285,70.67429363638621,236.44737243652344,248.54417419433594,249.1356658935547,248.03831481933594,-1.097364068031311,0.0,0.0,nan,nan,nan,nan
326,-2.6471476405858994,-0.3308934550732374,8.0,1.0881562637031017,0.3608355941420692,0.875,1.4113563328482408,-278.89199762098303,-2.159651756286621,176.3502197265625,176.3039093017578,174.73077392578125,-1.5731334686279297,0.0,0.0,nan,nan,nan,nan
327,122.79817884555086,0.5247785420750037,234.0,1.1250817539897802,0.37490291597087466,0.9230769230769231,1.391715440073699,-601.0003520380293,20.53671646118164,125.04637908935547,125.34334564208984,119.63993072509766,-5.703411102294922,0.0,0.0,nan,nan,nan,nan
328,199.28149380069226,1.8624438672961894,107.0,1.1304381371110541,0.3740790489476429,0.8691588785046729,1.3848884507718926,-273.0156323275594,83.51252746582031,166.34213256835938,168.17930603027344,166.41390991210938,-1.7653740644454956,0.0,0.0,nan,nan,nan,nan
329,931.1010791028384,3.244254631020343,287.0,1.0584853154423548,0.34332119706414016,0.926829268292683,1.3769497986008892,102.34526906939664,247.2345428466797,232.14749145507812,232.77493286132812,233.05177307128906,0.27681276202201843,0.0,0.0,nan,nan,nan,nan
330,1274.2692811116576,3.3890140455097275,376.0,1.0860839490780598,0.35866275039455664,0.9308510638297872,1.3676542971943593,269.2644551473163,274.3106689453125,254.84324645996094,255.31561279296875,255.29122924804688,-0.024362117052078247,0.0,0.0,nan,nan,nan,nan
331,410.02944805659354,2.411937929744668,170.0,1.0912761175463792,0.36042387515931923,0.8941176470588236,1.355677593225075,-187.0282174384747,150.7182159423828,190.28753662109375,191.3452606201172,191.64779663085938,0.30254948139190674,0.0,0.0,nan,nan,nan,nan
332,545.5185492057353,2.610136599070504,209.0,1.091145005468724,0.3656021795554278,0.9043062200956937,1.3635136617078394,-128.77183113545743,173.83827209472656,205.0670623779297,205.90431213378906,205.8494110107422,-0.05487867444753647,0.0,0.0,nan,nan,nan,nan
333,951.1472376175225,3.000464471979566,317.0,1.1024911865265343,0.36359681863081666,0.9400630914826499,1.3918240762008642,62.98164693321587,240.95391845703125,221.33169555664062,221.87010192871094,220.7086944580078,-1.1614108085632324,0.0,0.0,nan,nan,nan,nan
334,738.25819927454,2.8504177578167567,259.0,1.1318472491218539,0.3741198118299335,0.9266409266409267,1.419555154822331,-35.048482151427834,207.6080780029297,216.5084686279297,217.17184448242188,218.4068603515625,1.2350080013275146,0.0,0.0,nan,nan,nan,nan
335,2066.8922019042075,3.2912296208665723,628.0,1.0859762829268198,0.35574428105557127,0.9267515923566879,1.3867709257647156,562.8452184726002,294.77752685546875,275.5355224609375,275.7880859375,275.8282165527344,0.04013948515057564,0.0,0.0,nan,nan,nan,nan
336,770.2893892140128,2.985617787651212,258.0,1.0566216466256177,0.34195142359932607,0.9418604651162791,1.3671002822058889,-1.0369661902593634,218.54273986816406,227.7352294921875,228.35621643066406,227.83938598632812,-0.5168207287788391,0.0,0.0,nan,nan,nan,nan
337,1064.560625648126,3.041601787566074,350.0,1.0749880804354284,0.3519236133347675,0.9314285714285714,1.3670799602128454,111.04427624786786,244.21714782714844,248.53579711914062,249.00799560546875,247.8093719482422,-1.1985663175582886,0.0,0.0,nan,nan,nan,nan
338,695.2461352571845,2.715805215848377,256.0,1.1318906947515561,0.37584027145211013,0.90625,1.4135901309434709,-72.11956810369668,200.9530487060547,218.963134765625,219.63385009765625,218.68753051757812,-0.9463147521018982,0.0,0.0,nan,nan,nan,nan
339,258.78040365106426,2.1211508495988873,122.0,1.0890177894593074,0.35935063552253876,0.9098360655737705,1.4004190346950702,-243.22161280261992,105.31314849853516,155.7418975830078,157.46353149414062,156.6267547607422,-0.8367906212806702,0.0,0.0,nan,nan,nan,nan
340,543.6568306237459,2.7879837467884405,195.0,1.111439721473264,0.3635663131500184,0.958974358974359,1.4219624539045503,-102.90898541370984,185.4488525390625,175.35195922851562,176.25599670410156,176.7133026123047,0.4573034942150116,0.0,0.0,nan,nan,nan,nan
341,885.9130175933242,3.0654429674509487,289.0,1.1169788295918828,0.36950917089142593,0.9238754325259516,1.415609127499358,53.19655551649157,233.4383087158203,232.46009826660156,233.0858612060547,232.13711547851562,-0.9487498998641968,0.0,0.0,nan,nan,nan,nan
342,1033.6997309352155,3.0402933262800453,340.0,1.101059641593813,0.3570742437240494,0.9235294117647059,1.4187447583987234,99.9866417519122,245.45831298828125,232.83111572265625,233.3560028076172,234.2379608154297,0.8819609880447388,0.0,0.0,nan,nan,nan,nan
343,534.0479765310884,2.5675383487071555,208.0,1.1187162436691145,0.36980559476876057,0.9134615384615384,1.3970794815307792,-138.26207778840876,176.74928283691406,191.95223999023438,192.71986389160156,192.87796020507812,0.158126100897789,0.0,0.0,nan,nan,nan,nan
344,740.3952180445194,2.742204511275998,270.0,1.09758669312752,0.3626311469966845,0.9148148148148149,1.3742256432410054,-54.69504962009887,207.06365966796875,216.28857421875,216.95770263671875,217.5247039794922,0.5670183897018433,0.0,0.0,nan,nan,nan,nan
345,674.6440599355847,2.9460439298497145,229.0,1.0867841481958458,0.3589318874400738,0.9039301310043668,1.355948278178691,-39.25284083951806,208.49624633789062,177.31796264648438,178.08917236328125,178.84585571289062,0.7566777467727661,0.0,0.0,nan,nan,nan,nan
346,513.069649938494,2.714654232478804,189.0,1.1198570515586725,0.37599786138316005,0.8359788359788359,1.3835199890893908,-121.61420996878871,170.77862548828125,208.1053466796875,209.0445556640625,208.67869567871094,-0.3658255934715271,0.0,0.0,nan,nan,nan,nan
347,1721.405499394983,3.336057169370122,516.0,1.079215218908934,0.35275799784002904,0.9205426356589147,1.379986777641802,439.1550303932718,290.842041015625,253.0648956298828,253.3595428466797,253.99847412109375,0.6389079689979553,0.0,0.0,nan,nan,nan,nan
348,857.292417421937,3.040044033411124,282.0,1.1005927578483437,0.35971515825148737,0.9397163120567376,1.4156498988174184,38.43823749697276,232.12289428710938,222.7101593017578,223.29226684570312,223.7623748779297,0.47011348605155945,0.0,0.0,nan,nan,nan,nan
349,958.1376018747687,0.9581376018747687,1000.0,1.1052046084735017,0.37598069898555214,0.878,1.3750154879499652,-1282.5906616275643,89.4384536743164,98.53782653808594,98.62366485595703,97.28367614746094,-1.339984655380249,0.0,0.0,nan,nan,nan,nan
350,817.4819735661149,3.084837636098547,265.0,1.1103190019024842,0.36376317236426076,0.9283018867924528,1.3891728036781152,32.293336009974155,226.27818298339844,241.197021484375,241.85958862304688,242.10317993164062,0.24361734092235565,0.0,0.0,nan,nan,nan,nan
351,478.58963832538575,2.505704912698355,191.0,1.1007532378634055,0.35885067175904956,0.9109947643979057,1.3795547353985476,-160.05487362528788,160.79568481445312,173.63363647460938,174.4991455078125,175.81744384765625,1.3183130025863647,0.0,0.0,nan,nan,nan,nan
352,899.8794656377286,2.760366459011437,326.0,1.1317814330833873,0.37462666705394176,0.8926380368098159,1.4161375985953066,-6.109059241837713,220.55136108398438,224.20492553710938,224.70265197753906,224.65847778320312,-0.044163428246974945,0.0,0.0,nan,nan,nan,nan
353,958.3912562727928,2.9949726758524777,320.0,1.1042590808498916,0.3667260933578291,0.9375,1.4204101385950676,64.28468752339973,232.1408233642578,254.9043731689453,255.4714813232422,255.0682830810547,-0.40319132804870605,0.0,0.0,nan,nan,nan,nan
354,728.7913758875802,2.9625665686487,246.0,1.1108360609871977,0.36451108806604404,0.8943089430894309,1.387204244401785,-18.771067256345987,211.1345977783203,235.68972778320312,236.37928771972656,235.64015197753906,-0.739112913608551,0.0,0.0,nan,nan,nan,nan
355,1059.6045902892947,2.968080084843963,357.0,1.0922443598000704,0.3558243915055927,0.938375350140056,1.4051244162309722,92.22595873716796,243.37127685546875,244.04290771484375,244.46823120117188,245.35653686523438,0.8882907629013062,0.0,0.0,nan,nan,nan,nan
356,785.0735001824796,2.90767963030548,270.0,1.0820721130579278,0.34832018825948097,0.9444444444444444,1.3928571009789816,-10.016767482138675,218.9685516357422,211.8702850341797,212.62936401367188,212.11415100097656,-0.5152179002761841,0.0,0.0,nan,nan,nan,nan
357,454.87919133901596,2.472169518146826,184.0,1.072076414984616,0.3496074642826515,0.907608695652174,1.3557138129148163,-169.9030384597893,155.1328125,184.3741455078125,185.318359375,186.77279663085938,1.45443856716156,0.0,0.0,nan,nan,nan,nan
358,-1.8045234610326588,-0.22556543262908235,8.0,1.2657033133153557,0.43018555714904017,0.875,1.5657447916259872,-278.0493734414298,-1.5372402667999268,177.37667846679688,180.59744262695312,185.5224609375,4.925022125244141,0.0,0.0,nan,nan,nan,nan
359,1340.5144217982888,3.574705124795437,375.0,1.0836959414165166,0.3518771906275587,0.9386666666666666,1.4068811084658435,337.48992185564316,289.1084899902344,262.3516845703125,262.77886962890625,261.8182373046875,-0.9605941772460938,0.0,0.0,nan,nan,nan,nan
360,1344.192057594657,3.1777590014058084,423.0,1.1113299999152322,0.3658016581070691,0.9078014184397163,1.4090559727642529,246.11190861062732,266.580810546875,257.1922302246094,257.59466552734375,257.65533447265625,0.060656897723674774,0.0,0.0,nan,nan,nan,nan
361,622.8971582115628,2.8058430550070397,222.0,1.1031335552258146,0.3631636061261313,0.8738738738738738,1.3980568733476348,-77.13746041167133,194.09136962890625,200.67001342773438,201.48074340820312,200.85630798339844,-0.6244369149208069,0.0,0.0,nan,nan,nan,nan
362,-2.8426220044493675,-0.31584688938326305,9.0,1.240044102487974,0.4024613410648372,0.8888888888888888,1.4533215794685275,-281.06779800654203,-1.8230029344558716,179.627197265625,179.7050018310547,175.8964080810547,-3.808598756790161,0.0,0.0,nan,nan,nan,nan
363,718.6376142427325,2.863098064712082,251.0,1.1354000982498937,0.377046358914629,0.9203187250996016,1.4190599598062636,-38.826459009671225,209.57728576660156,230.61341857910156,231.31202697753906,229.68093872070312,-1.631094217300415,0.0,0.0,nan,nan,nan,nan
364,716.5530827194452,2.663766106763737,269.0,1.0804596820978274,0.3486952228171438,0.9256505576208178,1.3922589437426938,-76.55685892347742,203.28952026367188,201.34117126464844,201.95123291015625,199.67355346679688,-2.2776787281036377,0.0,0.0,nan,nan,nan,nan
365,1279.7284535547951,3.272962796815333,391.0,1.064569648306998,0.34923984093486066,0.9028132992327366,1.377858312805896,245.0187372650214,273.2016906738281,255.9781036376953,256.4344482421875,257.0331726074219,0.5987207293510437,0.0,0.0,nan,nan,nan,nan
366,873.0222999490798,2.9493996619901344,296.0,1.1053188105277012,0.3640870243153741,0.9121621621621622,1.3988182411780927,26.443555720378527,227.2187042236328,243.98886108398438,244.53610229492188,244.76812744140625,0.23201921582221985,0.0,0.0,nan,nan,nan,nan
367,895.2903924547136,2.8880335240474633,310.0,1.1005808491335596,0.3611320547511681,0.9451612903225807,1.401057812927757,20.98708392227536,225.72891235351562,222.91143798828125,223.47215270996094,224.46170043945312,0.9895310997962952,0.0,0.0,nan,nan,nan,nan
368,697.8221285222098,2.6135660244277523,267.0,1.0819377413656912,0.35265093584011276,0.9288389513108615,1.3928666629858915,-91.32716107732176,196.3505859375,212.5636444091797,213.20545959472656,211.91439819335938,-1.2910585403442383,0.0,0.0,nan,nan,nan,nan
369,743.5454429164529,2.9861262767729033,249.0,1.0938650341645064,0.35934608098938614,0.9196787148594378,1.3758145971613782,-9.957978292559801,215.8708038330078,231.3397674560547,232.0457000732422,232.35565185546875,0.30995380878448486,0.0,0.0,nan,nan,nan,nan
370,689.4525445215404,2.860798939923404,241.0,1.1054537556948854,0.3641956538014452,0.9087136929460581,1.4274695181304358,-48.20826851390825,205.36624145507812,211.0808868408203,211.6967010498047,210.6630401611328,-1.033667802810669,0.0,0.0,nan,nan,nan,nan
371,582.9096007524058,2.545456771844567,229.0,1.0855136674338088,0.35857701653913215,0.9126637554585153,1.391237458022328,-130.9873000226969,183.4770050048828,211.55673217773438,212.3890380859375,212.015380859375,-0.37362709641456604,0.0,0.0,nan,nan,nan,nan
372,1101.6732023879886,3.1120711931864085,354.0,1.0708705794142601,0.3489097353892322,0.903954802259887,1.374544692044645,140.2355489009483,250.68048095703125,234.7038116455078,235.18832397460938,237.50582885742188,2.3174946308135986,0.0,0.0,nan,nan,nan,nan
373,586.1229637386277,2.504798990336016,234.0,1.0661096026694283,0.3451967585551704,0.9401709401709402,1.3744524450716924,-137.67556714495242,175.15097045898438,206.08155822753906,206.68527221679688,208.88778686523438,2.2025129795074463,0.0,0.0,nan,nan,nan,nan
374,1047.2461101450026,3.3782132585322664,310.0,1.0792866695325725,0.35381565029817064,0.9258064516129032,1.369079889553195,172.94280161256438,260.53009033203125,243.6780242919922,244.21376037597656,244.70590209960938,0.4921357333660126,0.0,0.0,nan,nan,nan,nan
375,659.0637159049511,2.865494416978048,230.0,1.1049859712819063,0.362939961232811,0.9130434782608695,1.360087048399434,-56.813510891847045,200.3914031982422,213.22776794433594,213.99905395507812,212.5602569580078,-1.4388130903244019,0.0,0.0,nan,nan,nan,nan
376,627.0814889110625,2.876520591335149,218.0,1.0896548773278276,0.35521552094154407,0.9495412844036697,1.3847311283959274,-65.03182562538973,197.92410278320312,213.9567413330078,214.79843139648438,214.80667114257812,0.008261374197900295,0.0,0.0,nan,nan,nan,nan
377,336.9076505973935,2.5142361984880113,134.0,1.0543025611032433,0.3451691967297915,0.9029850746268657,1.3482969111892118,-188.8582781166367,134.0243682861328,169.90960693359375,171.392578125,169.0928192138672,-2.2997677326202393,0.0,0.0,nan,nan,nan,nan
378,875.1335351411253,2.9665543564105943,295.0,1.0998066310163472,0.3617631561856514,0.9186440677966101,1.379906558630452,30.535116934119742,229.9877166748047,234.9669952392578,235.6343994140625,234.345947265625,-1.2884639501571655,0.0,0.0,nan,nan,nan,nan
379,1139.8131708204746,2.842426859901433,401.0,1.0786305337780284,0.35326646828593516,0.9301745635910225,1.3917680459030208,85.30019431374603,241.5173797607422,232.06935119628906,232.49188232421875,233.8436737060547,1.3518240451812744,0.0,0.0,nan,nan,nan,nan
380,376.6123919133097,2.2417404280554147,168.0,1.1141574051552834,0.36911338874040034,0.9702380952380952,1.4042297614791528,-216.4846215383675,132.7792205810547,200.9619598388672,202.1414794921875,204.66229248046875,2.520815134048462,0.0,0.0,nan,nan,nan,nan
381,394.34497837291565,2.44934769175724,161.0,1.0780976930548989,0.349819633837919,0.9130434782608695,1.4002650190922623,-184.88975292689304,141.9171905517578,189.0048828125,190.12200927734375,189.39662170410156,-0.7253953218460083,0.0,0.0,nan,nan,nan,nan
382,781.1782507374883,3.0278226772770864,258.0,1.0912886516574085,0.35847845745286616,0.9186046511627907,1.3589290280856403,9.851895333216135,220.67227172851562,236.525634765625,237.17938232421875,236.19090270996094,-0.9884470701217651,0.0,0.0,nan,nan,nan,nan
383,470.18737111985683,2.5143709685553843,187.0,1.0888693495273531,0.35924870248862384,0.9251336898395722,1.38285035906958,-160.5358367440349,162.36276245117188,194.28228759765625,195.2239990234375,194.83750915527344,-0.3864898383617401,0.0,0.0,nan,nan,nan,nan
384,1350.8764725469518,3.0153492690780177,448.0,1.0913664456529448,0.35736615377915026,0.9174107142857143,1.3808797459213784,203.2881730205347,261.8328552246094,249.6980743408203,250.1231689453125,249.98825073242188,-0.1349136084318161,0.0,0.0,nan,nan,nan,nan
385,817.6034621559083,2.8487925510658827,287.0,1.0890190270228934,0.3604906908805406,0.9094076655052264,1.382664620134638,-11.15234787753343,215.92086791992188,233.6563262939453,234.19406127929688,234.29693603515625,0.10283520072698593,0.0,0.0,nan,nan,nan,nan
386,781.9501194991171,2.6417233766862065,296.0,1.1237192886460745,0.37574321437368946,0.8918918918918919,1.396734532203804,-64.62862472958409,206.4932098388672,230.16685485839844,230.75942993164062,228.7545166015625,-2.0049009323120117,0.0,0.0,nan,nan,nan,nan
387,799.3778572492301,2.8346732526568443,282.0,1.0846619594055493,0.3594712775337042,0.9184397163120568,1.3761433437639825,-19.47632267573408,213.53236389160156,247.28733825683594,247.85971069335938,247.0302734375,-0.8294339179992676,0.0,0.0,nan,nan,nan,nan
388,840.3880999460816,2.9079173008514934,289.0,1.0887373652987256,0.35376847502743264,0.9100346020761245,1.3739648384173588,7.671637869249025,218.6483612060547,236.82455444335938,237.34791564941406,234.96255493164062,-2.38533353805542,0.0,0.0,nan,nan,nan,nan
389,615.174508780241,2.9862840232050534,206.0,1.0617907636847073,0.351004482614642,0.9320388349514563,1.3810281186160873,-53.17489349586515,198.06942749023438,224.16835021972656,225.00083923339844,224.86178588867188,-0.13904394209384918,0.0,0.0,nan,nan,nan,nan
390,913.7426788825542,2.9763605175327497,307.0,1.067052136961311,0.3476858572453214,0.9446254071661238,1.375219127073089,45.380348415202434,236.0865936279297,222.5454559326172,223.0499267578125,223.2589874267578,0.20906594395637512,0.0,0.0,nan,nan,nan,nan
391,700.9846663903445,2.8265510741546147,248.0,1.0934092569759073,0.35811190264791143,0.9274193548387096,1.3927902887478179,-50.53842879697277,205.11770629882812,222.7834930419922,223.47872924804688,223.1361846923828,-0.3425568640232086,0.0,0.0,nan,nan,nan,nan
392,928.6740622334182,2.9575607077497397,314.0,1.1062651208725753,0.3637606132401984,0.9171974522292994,1.4089437585715268,46.4494496141981,232.00521850585938,239.65264892578125,240.14627075195312,239.03768920898438,-1.1085774898529053,0.0,0.0,nan,nan,nan,nan
393,601.3557831738144,2.4545134007094465,245.0,1.0846348890475688,0.3573196790172785,0.9061224489795918,1.3880004109808919,-144.22633394841625,181.74969482421875,217.57484436035156,218.26748657226562,217.164306640625,-1.103186011314392,0.0,0.0,nan,nan,nan,nan
394,844.900706788525,2.8640701925034744,295.0,1.0898153336633811,0.3558034437519464,0.9322033898305084,1.3821058243878837,0.30228858151940585,220.2936248779297,211.18077087402344,211.75535583496094,210.9125213623047,-0.8428388237953186,0.0,0.0,nan,nan,nan,nan
395,1546.7957601230592,3.131165506321982,494.0,1.097969627165926,0.35896945514948486,0.9392712550607287,1.39715174977406,308.1124635986489,274.1156311035156,255.35433959960938,255.745849609375,255.19345092773438,-0.5524312853813171,0.0,0.0,nan,nan,nan,nan
396,690.0297221578658,2.9362966900334713,235.0,1.0877731436367737,0.3603557283365901,0.8936170212765957,1.3903347716449894,-35.749134747409926,206.9357147216797,219.59494018554688,220.29676818847656,219.94122314453125,-0.3555455505847931,0.0,0.0,nan,nan,nan,nan
397,475.0142750553787,2.423542219670299,196.0,1.0909775982990533,0.3564051878894461,0.9132653061224489,1.392145015710295,-173.5318670037725,158.95896911621094,201.60079956054688,202.45057678222656,201.9453582763672,-0.5052202343940735,0.0,0.0,nan,nan,nan,nan
398,167.50931109674275,1.642248148007282,102.0,1.12542220651036,0.3683334185290637,0.9117647058823529,1.4135095346833901,-294.8861849230314,66.88884735107422,172.55703735351562,174.37786865234375,175.4751434326172,1.0972579717636108,0.0,0.0,nan,nan,nan,nan
399,574.5748608894646,2.736070766140308,210.0,1.0647850846222753,0.3481509943800842,0.8952380952380953,1.366128936974408,-101.69584547342356,184.11688232421875,200.67120361328125,201.62704467773438,202.38414001464844,0.757092297077179,0.0,0.0,nan,nan,nan,nan
400,824.7671857327223,2.731017171300405,302.0,1.086527908594146,0.3568386849054242,0.9238410596026491,1.4037172346647284,-33.69351462615191,216.83883666992188,208.53895568847656,209.07315063476562,208.37481689453125,-0.6983257532119751,0.0,0.0,nan,nan,nan,nan
401,778.7406462095678,2.722869392341146,286.0,1.0993896083240156,0.3589671565232514,0.9230769230769231,1.3902197240717822,-48.034837802178345,214.30218505859375,215.81365966796875,216.46754455566406,216.86474609375,0.39720669388771057,0.0,0.0,nan,nan,nan,nan
402,1137.7644089609385,3.3170974022184794,343.0,1.0847066645732237,0.3542746201388816,0.9446064139941691,1.3835523874791398,198.1103417125487,265.0843200683594,235.80413818359375,236.3131866455078,237.4637451171875,1.1505248546600342,0.0,0.0,nan,nan,nan,nan
403,1096.812795439735,3.0467022095548195,360.0,1.0942020765941158,0.3591196758435453,0.925,1.3928195554893994,123.49318582252181,252.36544799804688,238.97686767578125,239.46031188964844,240.63619995117188,1.175850749015808,0.0,0.0,nan,nan,nan,nan
404,850.1034763418138,2.993322099795119,284.0,1.0779026330423653,0.3520886393228342,0.9119718309859155,1.3783668536802747,27.28864437345851,226.8974151611328,219.64418029785156,220.26400756835938,220.9249267578125,0.6609286665916443,0.0,0.0,nan,nan,nan,nan
405,511.89803564768954,2.625118131526613,195.0,1.1418789920000587,0.3755070223911809,0.9076923076923077,1.4148246367518666,-134.66778038976622,171.6922607421875,196.21273803710938,197.00177001953125,195.41827392578125,-1.5834647417068481,0.0,0.0,nan,nan,nan,nan
406,1169.4000608418137,3.239335348592282,361.0,1.066959257836467,0.34748698057802885,0.9335180055401662,1.3889987836796192,194.10012520290502,264.8603820800781,247.6705780029297,248.08262634277344,246.115478515625,-1.9671385288238525,0.0,0.0,nan,nan,nan,nan
407,928.3153761513531,3.201087503970183,290.0,1.0943779461925,0.35861991946358,0.9379310344827586,1.409654717986525,93.61858805282486,244.8859100341797,226.68087768554688,227.33949279785156,226.48416137695312,-0.8553391098976135,0.0,0.0,nan,nan,nan,nan
408,930.4841668009758,3.111987179936374,299.0,1.1041061280945246,0.3658736348741375,0.8929765886287625,1.3557436437662325,77.96444450718809,240.3120880126953,229.42095947265625,229.97451782226562,230.15110778808594,0.17658276855945587,0.0,0.0,nan,nan,nan,nan
409,488.3895403537899,2.4917833691519893,196.0,1.1347631455777656,0.3772913742860777,0.8826530612244898,1.3883474824884896,-160.15660170536125,166.21067810058594,198.90318298339844,199.84454345703125,200.08126831054688,0.23673765361309052,0.0,0.0,nan,nan,nan,nan
410,708.662222057581,2.8575089599096004,248.0,1.107704004700753,0.364035436189458,0.9153225806451613,1.38739289734001,-42.86087312973632,208.7593231201172,205.7908477783203,206.47637939453125,205.08738708496094,-1.3889821767807007,0.0,0.0,nan,nan,nan,nan
411,545.9535217136145,2.575252460913276,212.0,1.0543508914263386,0.3495459639606961,0.910377358490566,1.3270485824683345,-134.27783669266478,174.20550537109375,217.65716552734375,218.51454162597656,217.916015625,-0.5985404253005981,0.0,0.0,nan,nan,nan,nan
412,757.2788837440312,3.078369446113948,246.0,1.0674293592455788,0.34513283694542496,0.9552845528455285,1.3797796644233715,9.716440600104988,218.99879455566406,208.8759002685547,209.59254455566406,210.7346954345703,1.1421658992767334,0.0,0.0,nan,nan,nan,nan
413,1481.4307551756501,3.336555754900113,444.0,1.0613630402813998,0.34551208361189895,0.9391891891891891,1.38880203556899,341.7637597360149,282.2988586425781,257.3238220214844,257.67620849609375,259.1880187988281,1.511812448501587,0.0,0.0,nan,nan,nan,nan
414,946.00811253133,2.8666912500949393,330.0,1.1138831668798082,0.3653636237289792,0.9333333333333333,1.401953233063826,32.098283564981784,227.03953552246094,246.599853515625,247.09962463378906,246.2926788330078,-0.8069246411323547,0.0,0.0,nan,nan,nan,nan
415,1368.6420486569405,3.160836140085313,433.0,1.0704350107947782,0.34621983091996655,0.9214780600461894,1.3921757140902395,250.75863945595574,275.12530517578125,236.18099975585938,236.57199096679688,236.29489135742188,-0.27709853649139404,0.0,0.0,nan,nan,nan,nan
416,692.9548764955252,2.5107060742591494,276.0,1.095760796611653,0.36036580839345994,0.9130434782608695,1.3603462711986465,-114.01734729926602,192.61402893066406,200.20269775390625,200.81417846679688,200.35565185546875,-0.4585379362106323,0.0,0.0,nan,nan,nan,nan
417,463.36335726082325,2.64779061291899,175.0,1.1120028264842459,0.3669363686464549,0.9142857142857143,1.3982437495421118,-143.59593834272243,160.93460083007812,206.15476989746094,207.20196533203125,207.30767822265625,0.10570700466632843,0.0,0.0,nan,nan,nan,nan
418,922.1498267799616,3.0944625059730253,298.0,1.0748064384592357,0.3524076057555934,0.8926174496644296,1.385121458269648,71.6104305078693,237.72242736816406,229.70973205566406,230.31265258789062,231.67108154296875,1.3584212064743042,0.0,0.0,nan,nan,nan,nan
419,666.1328346435912,2.7988774564856773,238.0,1.0793068516075413,0.3518754367020035,0.9369747899159664,1.3785559985998357,-65.58700032677098,204.7788848876953,205.80752563476562,206.5015106201172,205.2597198486328,-1.2418172359466553,0.0,0.0,nan,nan,nan,nan
420,1627.9843206480145,3.288857213430332,495.0,1.0895528945895983,0.3562143418167895,0.9111111111111111,1.3877029111315486,387.3206981019089,284.62274169921875,262.99261474609375,263.4347839355469,265.1477966308594,1.7130012512207031,0.0,0.0,nan,nan,nan,nan
421,1054.5431998893619,3.2547629626214873,324.0,1.0710043496262303,0.34593090288213607,0.9444444444444444,1.405750250964138,152.51532705318664,255.95872497558594,236.28652954101562,236.8206024169922,236.08901977539062,-0.7315683960914612,0.0,0.0,nan,nan,nan,nan
422,1007.3525210246444,2.98917662025117,337.0,1.0998393455995454,0.3622178824243333,0.9198813056379822,1.4204123857203872,79.58040990642758,239.13369750976562,237.050537109375,237.5331573486328,237.25543212890625,-0.27771782875061035,0.0,0.0,nan,nan,nan,nan
423,930.0409087399021,3.1314508711781213,297.0,1.086393018524653,0.3587428685667385,0.8922558922558923,1.3836286238580353,81.48183848950544,238.63841247558594,239.0414581298828,239.6083221435547,239.51002502441406,-0.09829380363225937,0.0,0.0,nan,nan,nan,nan
424,971.5268439948559,3.0647534510878733,317.0,1.0834662911280208,0.35059450145457804,0.9400630914826499,1.3850965184716495,83.36125331054927,240.3225860595703,236.96633911132812,237.5386199951172,238.7939910888672,1.255372405052185,0.0,0.0,nan,nan,nan,nan
425,456.2563464641571,2.2041369394403727,207.0,1.1089686917858264,0.3667772091199095,0.9227053140096618,1.4151118499875088,-214.0733818336446,150.0719757080078,187.5264892578125,188.27981567382812,189.0176239013672,0.7378236055374146,0.0,0.0,nan,nan,nan,nan
426,682.6620542295277,2.719769140356684,251.0,1.0885676835586775,0.35846258696090744,0.9482071713147411,1.4130888573998084,-74.80201902287604,202.74078369140625,199.71380615234375,200.43594360351562,200.29893493652344,-0.13701152801513672,0.0,0.0,nan,nan,nan,nan
427,894.6239152811468,3.042938487350839,294.0,1.0819185428409936,0.3542544061472205,0.9115646258503401,1.373192167752672,52.005823095836604,232.01046752929688,234.52923583984375,235.050537109375,234.2328338623047,-0.8177090287208557,0.0,0.0,nan,nan,nan,nan
428,1827.24472195399,3.3775318335563584,541.0,1.088198390121745,0.35132676468503926,0.9316081330868762,1.403562276552912,495.48610240989115,299.9571838378906,258.5592041015625,258.8540344238281,258.322021484375,-0.5320050120353699,0.0,0.0,nan,nan,nan,nan
429,766.8604633938521,2.960851210014873,259.0,1.097468160281435,0.36274731684036177,0.8957528957528957,1.3710489483384498,-6.446218032115667,215.79473876953125,238.0419921875,238.6466827392578,238.90333557128906,0.2566568851470947,0.0,0.0,nan,nan,nan,nan
430,1757.1469017481431,3.2660723080820504,538.0,1.082564927979402,0.3520345845503664,0.912639405204461,1.3806879357942445,431.3292602691308,282.8674621582031,261.3397521972656,261.66357421875,261.84478759765625,0.18123523890972137,0.0,0.0,nan,nan,nan,nan
431,844.3532887920737,2.7414067817924472,308.0,1.0800744259233706,0.35295463517737613,0.9188311688311688,1.369786842747747,-25.98936769697343,214.0038604736328,220.9928741455078,221.6420135498047,221.94505310058594,0.30303841829299927,0.0,0.0,nan,nan,nan,nan
432,964.6841120757163,2.9774200989991244,324.0,1.0852576729041787,0.3569443675619574,0.9166666666666666,1.3687719742925075,62.65623923954104,234.71206665039062,243.13763427734375,243.7445526123047,244.1409454345703,0.39639005064964294,0.0,0.0,nan,nan,nan,nan
433,923.7599948346615,3.1103030129113183,297.0,1.0628954669826287,0.34652429034469745,0.9225589225589226,1.383574444232763,75.20092458426484,240.26544189453125,232.57427978515625,233.10484313964844,232.74005126953125,-0.36476173996925354,0.0,0.0,nan,nan,nan,nan
434,768.1114227073267,2.3418031180101426,328.0,1.0720227622676912,0.3559258478416586,0.9420731707317073,1.3834661426347545,-141.8377542156304,194.569580078125,191.75637817382812,192.3221893310547,190.48826599121094,-1.8339087963104248,0.0,0.0,nan,nan,nan,nan
435,486.12815117836,2.7938399493009194,174.0,1.1224175986445468,0.3717912717783017,0.896551724137931,1.3919167749259145,-118.85081840349017,170.3599395751953,224.3367919921875,225.4005889892578,225.98599243164062,0.5853834748268127,0.0,0.0,nan,nan,nan,nan
436,353.15372033417225,2.1403255777828623,165.0,1.090439787349137,0.3489003208987979,0.9090909090909091,1.3878324191311562,-234.00231505241845,128.97755432128906,174.5470428466797,175.64834594726562,174.62599182128906,-1.0223466157913208,0.0,0.0,nan,nan,nan,nan
437,556.1099898833781,2.7805499494168906,200.0,1.0928595133830978,0.3624462637864053,0.94,1.3991071492082816,-100.35745626255505,179.78257751464844,215.56292724609375,216.5036163330078,215.81707763671875,-0.6865313649177551,0.0,0.0,nan,nan,nan,nan
438,43.384129949845374,0.619773284997791,70.0,1.023622442891332,0.3298092833366051,0.9428571428571428,1.355025290776905,-355.64093337567283,16.209789276123047,151.07420349121094,152.38836669921875,146.77000427246094,-5.618353843688965,0.0,0.0,nan,nan,nan,nan
439,1169.338616244495,3.2302171719461183,362.0,1.1279056411305868,0.3675337282984267,0.9171270718232044,1.4012471315955093,192.05835458389083,259.6084289550781,247.9566650390625,248.43722534179688,249.4004669189453,0.9632440209388733,0.0,0.0,nan,nan,nan,nan
440,1210.887954853475,3.081139834232761,393.0,1.0747546956143552,0.3476701763361439,0.9338422391857506,1.394413221238273,172.2175865203103,259.13848876953125,232.68960571289062,233.11764526367188,231.66236877441406,-1.4552688598632812,0.0,0.0,nan,nan,nan,nan
441,893.114121042192,2.997027251819436,298.0,1.101575348016563,0.3553236480295747,0.9463087248322147,1.410688841378678,42.57472477009969,233.84951782226562,216.95657348632812,217.54579162597656,218.27906799316406,0.7332702279090881,0.0,0.0,nan,nan,nan,nan
442,670.0768963545561,2.735007740222678,245.0,1.0972910212332245,0.35899583841064237,0.9346938775510204,1.399130488472606,-75.50522076767459,196.53909301757812,217.3993682861328,218.06346130371094,217.30381774902344,-0.7596415877342224,0.0,0.0,nan,nan,nan,nan
443,572.2855726033449,2.6131761306088808,219.0,1.0748982780574599,0.348722965789844,0.954337899543379,1.392288884535243,-121.80806795480271,179.9212646484375,197.6208038330078,198.49017333984375,199.44993591308594,0.9597538709640503,0.0,0.0,nan,nan,nan,nan
444,795.5233842879534,3.0248037425397465,263.0,1.0817434249712947,0.3480555304224014,0.9277566539923955,1.3936517577206855,14.295398775203694,224.5375213623047,201.85316467285156,202.5618133544922,203.59011840820312,1.0282783508300781,0.0,0.0,nan,nan,nan,nan
445,829.8154848366976,2.9014527441842572,286.0,1.1020837339728264,0.3615276518832493,0.8951048951048951,1.3976712824027608,3.0400008249514485,222.39002990722656,245.57394409179688,246.1009063720703,245.65756225585938,-0.4433654546737671,0.0,0.0,nan,nan,nan,nan
446,651.6045979186893,3.0027861655239136,217.0,1.0995661019252854,0.37161740500261053,0.8940092165898618,1.3730596916732585,-38.528390596067425,204.30831909179688,217.2328643798828,218.05087280273438,217.4809112548828,-0.5699408650398254,0.0,0.0,nan,nan,nan,nan
447,828.4803853388876,2.7616012844629587,300.0,1.086201819744567,0.35712184919037904,0.92,1.383635886591343,-26.019662976595555,216.9176788330078,218.13816833496094,218.626953125,218.4901580810547,-0.13676005601882935,0.0,0.0,nan,nan,nan,nan
448,596.9174964481499,2.5400744529708508,235.0,1.096548344630535,0.3656635901345772,0.9106382978723404,1.3647196764500014,-128.86136045712578,179.70465087890625,215.17446899414062,215.8808135986328,216.1560516357422,0.2752414047718048,0.0,0.0,nan,nan,nan,nan
449,1556.852803824935,3.1137056076498704,500.0,1.1134119827828863,0.36287132082089857,0.928,1.4062205570536515,306.2875511703519,274.5029296875,239.5375518798828,239.97518920898438,241.20860290527344,1.2334381341934204,0.0,0.0,nan,nan,nan,nan
450,1275.4766262099147,3.022456460213068,422.0,1.116183617209048,0.365148755327168,0.9312796208530806,1.4022113637650766,179.37680324758048,256.2044982910156,249.33203125,249.82237243652344,250.27935791015625,0.4570196568965912,0.0,0.0,nan,nan,nan,nan
451,1737.0740509778261,3.4127191571273596,509.0,1.0676695614199838,0.3445969845770229,0.9410609037328095,1.3934325193875479,468.68586412798345,295.08038330078125,268.22991943359375,268.5994567871094,270.66748046875,2.0679969787597656,0.0,0.0,nan,nan,nan,nan
452,2196.1425872147083,3.426119480834178,641.0,1.075223210414581,0.3522843204208217,0.9126365054602185,1.370486794732415,666.3513655010595,309.2339172363281,277.1047058105469,277.3695373535156,277.9582824707031,0.5887091159820557,0.0,0.0,nan,nan,nan,nan
453,1179.6054192744195,3.3042168607126596,357.0,1.0639468815865358,0.3478457735554988,0.9131652661064426,1.3823198109495785,212.22678772229278,266.8539123535156,244.48599243164062,245.0354766845703,246.43801879882812,1.402565360069275,0.0,0.0,nan,nan,nan,nan
454,1119.6298759449273,3.042472488980781,368.0,1.0858931398931768,0.36001907104667,0.8940217391304348,1.3743867584823946,130.46765815415006,253.3751678466797,239.68348693847656,240.19461059570312,241.27120971679688,1.076606035232544,0.0,0.0,nan,nan,nan,nan
455,1993.7311801165342,3.5039212304332765,569.0,1.0736319274230324,0.34998192128168304,0.9244288224956063,1.3786483819392148,606.5234319649614,309.1761169433594,276.4385986328125,276.7223815917969,278.42498779296875,1.7026325464248657,0.0,0.0,nan,nan,nan,nan
456,685.1768731186166,2.843057564807538,241.0,1.1072243532202763,0.36494686052953995,0.8838174273858921,1.4079520657503806,-52.483939916832014,205.30604553222656,222.7595977783203,223.48313903808594,223.86566162109375,0.3825259506702423,0.0,0.0,nan,nan,nan,nan
457,574.4281798712909,2.748460190771727,209.0,1.0964707392856274,0.3639275676834856,0.9473684210526315,1.3896232924755074,-99.86220046990184,182.80551147460938,220.58163452148438,221.3211212158203,221.19789123535156,-0.12319931387901306,0.0,0.0,nan,nan,nan,nan
458,941.8249647635967,3.0381450476245053,310.0,1.0539818934906204,0.3434432072876026,0.9225806451612903,1.3612781613452536,67.52165623115843,239.51052856445312,226.09486389160156,226.64883422851562,226.8507537841797,0.20191030204296112,0.0,0.0,nan,nan,nan,nan
459,1229.5880964174867,3.036019991154288,405.0,1.1296656880135059,0.373421436712532,0.9012345679012346,1.4039926795997133,167.15381582397595,253.67550659179688,245.74118041992188,246.15127563476562,245.53387451171875,-0.6174110174179077,0.0,0.0,nan,nan,nan,nan
460,587.7564377747476,2.6239126686372662,224.0,1.0657566237555032,0.346488532686895,0.9285714285714286,1.370470639254345,-116.23883289187756,182.25125122070312,201.1267852783203,201.93080139160156,200.82933044433594,-1.1014703512191772,0.0,0.0,nan,nan,nan,nan
461,191.3413107097149,1.7882365486889242,107.0,1.104193455718766,0.3645994404107448,0.9252336448598131,1.4047814202841378,-280.95581541853676,84.33332824707031,157.99923706054688,159.56324768066406,163.95639038085938,4.393131256103516,0.0,0.0,nan,nan,nan,nan
462,616.5547927180305,2.9785255686861376,207.0,1.1062425288323339,0.36436399773393885,0.9371980676328503,1.4013573796209056,-53.77493557977118,197.91452026367188,216.0729522705078,217.06936645507812,217.6893310546875,0.6199687123298645,0.0,0.0,nan,nan,nan,nan
463,1064.985542120412,3.0341468436478976,351.0,1.0962228660023403,0.36305799261846045,0.886039886039886,1.3782831484393077,109.4888666984582,246.114990234375,249.15451049804688,249.65420532226562,250.0355224609375,0.3813234567642212,0.0,0.0,nan,nan,nan,nan
464,1586.7049425556324,3.41962272102507,464.0,1.1025634584228423,0.3566126799679223,0.9482758620689655,1.411569685530406,407.43142668208725,295.8655700683594,253.15798950195312,253.55224609375,254.26063537597656,0.7083874344825745,0.0,0.0,nan,nan,nan,nan
465,900.8251604866236,2.6890303298108167,335.0,1.060858394209118,0.3461257931600853,0.9343283582089552,1.3596280921585273,-22.98629858820209,218.67364501953125,216.0079345703125,216.45953369140625,216.37879943847656,-0.08073347806930542,0.0,0.0,nan,nan,nan,nan
466,684.2133602220565,2.839059585983637,241.0,1.1138525720264216,0.36950061755487695,0.8838174273858921,1.3914315283369896,-53.44745281339215,205.623779296875,214.4196319580078,215.12557983398438,214.33712768554688,-0.7884530425071716,0.0,0.0,nan,nan,nan,nan
467,1396.0804345272481,3.421765770900118,408.0,1.1077563794221268,0.364662228080918,0.928921568627451,1.4116801716968885,327.70517586865094,286.3882141113281,248.5500946044922,248.9641876220703,249.60012817382812,0.6359331607818604,0.0,0.0,nan,nan,nan,nan
468,1350.5838525104336,3.1629598419448093,427.0,1.0955945642470006,0.3617632229754554,0.9039812646370023,1.380040033365195,244.5823994396219,264.8520812988281,263.0389709472656,263.42108154296875,263.99786376953125,0.5767873525619507,0.0,0.0,nan,nan,nan,nan
469,209.7701820395887,1.651733716847155,127.0,1.0920457748870955,0.34995766649138205,0.9212598425196851,1.4058739156742701,-302.133464522573,82.7948226928711,159.65525817871094,161.37002563476562,164.04959106445312,2.6795530319213867,0.0,0.0,nan,nan,nan,nan
470,1128.263789407909,3.169280307325587,356.0,1.0941958353285,0.3572025978491923,0.9213483146067416,1.3754666002265652,162.8654838774778,259.64288330078125,239.0865936279297,239.52642822265625,240.19981384277344,0.6733907461166382,0.0,0.0,nan,nan,nan,nan
471,-0.7421874888241291,-0.07421874888241291,10.0,1.1684521562507344,0.379055589189132,1.0,1.6661414155324394,-280.94768951261227,-1.86294686794281,181.96530151367188,183.10325622558594,185.60240173339844,2.4991393089294434,0.0,0.0,nan,nan,nan,nan
472,1456.7811851538718,3.230113492580647,451.0,1.076819626886091,0.34994587137307753,0.9401330376940134,1.3784498001745802,303.25190756236816,276.6187438964844,252.16259765625,252.55213928222656,251.91543579101562,-0.6367015242576599,0.0,0.0,nan,nan,nan,nan
473,477.91134326159954,2.5420816130936146,188.0,1.1387630592032516,0.372525992365686,0.8936170212765957,1.4016245487244943,-154.7921906239876,160.891357421875,189.806640625,190.5976104736328,190.4580841064453,-0.13952702283859253,0.0,0.0,nan,nan,nan,nan
474,1320.3560918867588,3.4930055340919544,378.0,1.0748864058435263,0.348789054682668,0.9206349206349206,1.390782208468361,311.39061387902666,288.0059509277344,235.00064086914062,235.45994567871094,237.512939453125,2.0529730319976807,0.0,0.0,nan,nan,nan,nan
475,1145.667206659913,3.3111768978610203,346.0,1.0724466225107243,0.3495940353107003,0.9219653179190751,1.3918779744432002,200.07216134643681,266.0652770996094,241.31019592285156,241.81846618652344,242.7497100830078,0.9312599301338196,0.0,0.0,nan,nan,nan,nan
476,830.2288481630385,2.9972160583503196,277.0,1.0951226588033283,0.36036747959438237,0.8953068592057761,1.40347036294705,21.276298346551812,223.8765869140625,227.5234832763672,228.19573974609375,229.43154907226562,1.2358076572418213,0.0,0.0,nan,nan,nan,nan
477,103.57840697444044,0.7729731863764212,134.0,1.0997754101836017,0.3637977684714799,0.9477611940298507,1.3900521923312346,-422.1875217395898,34.24873352050781,145.9248809814453,146.63490295410156,140.2220916748047,-6.412805080413818,0.0,0.0,nan,nan,nan,nan
478,487.9895367352292,2.5819552208213183,189.0,1.0514118105180625,0.3450695730419748,0.9047619047619048,1.3659276509206735,-146.6943231720535,168.03155517578125,194.0912322998047,194.92774963378906,193.30047607421875,-1.6272797584533691,0.0,0.0,nan,nan,nan,nan
479,1298.7646504864097,3.070365603986784,423.0,1.102363988469985,0.36270908821968917,0.9148936170212766,1.4005698670938158,200.68450150238004,263.5119934082031,261.5480651855469,261.9295654296875,261.25738525390625,-0.6721829175949097,0.0,0.0,nan,nan,nan,nan
480,1433.4077620655298,3.4961164928427557,410.0,1.0755714145511912,0.35090144317286237,0.9292682926829269,1.3669997983260962,361.07185136354155,291.8083190917969,256.84454345703125,257.29949951171875,258.23822021484375,0.9387040138244629,0.0,0.0,nan,nan,nan,nan
481,577.253675237298,2.775258054025471,208.0,1.0908391990728243,0.3600412719779109,0.9086538461538461,1.3786073972562545,-95.0563790821991,185.94284057617188,210.4695587158203,211.27554321289062,210.82131958007812,-0.45421716570854187,0.0,0.0,nan,nan,nan,nan
482,1054.7039712686092,2.905520582007188,363.0,1.093628504972713,0.36071729337668507,0.8925619834710744,1.387225523664575,75.44338358630944,238.29788208007812,234.29893493652344,234.7473907470703,235.2292938232422,0.48189467191696167,0.0,0.0,nan,nan,nan,nan
483,557.5974590424448,2.266656337570914,246.0,1.075276752237439,0.35131442145481756,0.9146341463414634,1.357111227318399,-189.96498410148138,168.0402374267578,186.3324737548828,187.04833984375,183.41334533691406,-3.6350038051605225,0.0,0.0,nan,nan,nan,nan
484,1041.4661733005196,2.807186450944797,371.0,1.0732566919397915,0.3536995335626717,0.9299191374663073,1.3547326951692542,46.362977444655826,232.0036163330078,236.0250244140625,236.44970703125,235.22940063476562,-1.2203145027160645,0.0,0.0,nan,nan,nan,nan
485,1171.326933491975,3.1487283158386425,372.0,1.092494825049068,0.35799778026012713,0.9301075268817204,1.3882948270468463,174.2434116144159,258.3414611816406,244.25802612304688,244.74664306640625,244.1360626220703,-0.6105941534042358,0.0,0.0,nan,nan,nan,nan
486,419.6927883643657,2.5591023680754006,164.0,1.1038214721670176,0.3621873553924886,0.8963414634146342,1.39292708101016,-165.48292100052947,151.30807495117188,204.31666564941406,205.44383239746094,204.95193481445312,-0.49190717935562134,0.0,0.0,nan,nan,nan,nan
487,866.6621818896383,2.9180544844768965,297.0,1.0878428186732079,0.36053665835110105,0.9057239057239057,1.3834876992774268,18.10311163924166,223.8661346435547,240.11770629882812,240.7099151611328,239.1334686279297,-1.5764131546020508,0.0,0.0,nan,nan,nan,nan
488,762.3420863896608,2.712961161529042,281.0,1.0867257776402204,0.35983953584674117,0.9074733096085409,1.379691152516231,-54.53176751360775,209.02032470703125,216.14291381835938,216.82077026367188,218.17796325683594,1.3572072982788086,0.0,0.0,nan,nan,nan,nan
489,885.6670430856757,2.8386764201463963,312.0,1.1291285397812798,0.37492801822926186,0.9102564102564102,1.4114608755797564,7.403082509846399,225.345947265625,224.23793029785156,224.78317260742188,223.86288452148438,-0.9202803373336792,0.0,0.0,nan,nan,nan,nan
490,834.1529763489962,3.0113825860974592,277.0,1.1056161568295653,0.36466977938328965,0.9133574007220217,1.3798330468976285,25.200426532509482,230.4705047607422,220.8963165283203,221.45225524902344,220.8295135498047,-0.6227221488952637,0.0,0.0,nan,nan,nan,nan
491,802.4371456429362,3.062737197110444,262.0,1.12155300517674,0.36707474142202656,0.9083969465648855,1.407215398591179,23.189486151881965,226.72283935546875,240.43899536132812,241.18115234375,241.39410400390625,0.21295614540576935,0.0,0.0,nan,nan,nan,nan
492,948.001295093447,3.1082009675194984,305.0,1.0619952870218683,0.3461535345245142,0.9016393442622951,1.364677429677544,83.5996166694863,241.01670837402344,237.47210693359375,238.03634643554688,237.76885986328125,-0.2674824297428131,0.0,0.0,nan,nan,nan,nan
493,651.2225626371801,2.8688218618377976,227.0,1.0832680327682633,0.35999537100923135,0.8854625550660793,1.3636653926841638,-58.71368609453157,199.33834838867188,216.9642791748047,217.7207794189453,217.04449462890625,-0.676264226436615,0.0,0.0,nan,nan,nan,nan
494,797.0223370026797,2.8263203439811337,282.0,1.126776843121106,0.37368578643331785,0.9113475177304965,1.3898358608010999,-21.831842922284523,213.0459747314453,248.9228515625,249.4736328125,249.65675354003906,0.18312503397464752,0.0,0.0,nan,nan,nan,nan
495,936.2480253651738,3.0596340698208295,306.0,1.1061952133638409,0.36387051324259134,0.8790849673202614,1.3683276931536523,69.86602091951772,236.31275939941406,237.49566650390625,238.05972290039062,239.2532196044922,1.1934864521026611,0.0,0.0,nan,nan,nan,nan
496,1541.7588679371402,3.152881120525849,489.0,1.0776666978967826,0.35599877064839397,0.8977505112474438,1.3846681746060006,312.97720152120746,272.9307861328125,259.8805236816406,260.1937255859375,260.1138916015625,-0.07984016090631485,0.0,0.0,nan,nan,nan,nan
497,393.2321615740657,2.137131312902531,184.0,1.052793113593818,0.34735449511872896,0.8967391304347826,1.3549901604662096,-231.55006822473956,134.33306884765625,198.3590087890625,199.30247497558594,201.17425537109375,1.871763825416565,0.0,0.0,nan,nan,nan,nan
498,540.2264769151807,2.5482380986565127,212.0,1.1180214650331977,0.3677765790654241,0.9292452830188679,1.4134478654243878,-140.00488149109856,173.6488800048828,195.94439697265625,196.777099609375,196.5918731689453,-0.1852445751428604,0.0,0.0,nan,nan,nan,nan
499,1249.740210195072,3.040730438430832,411.0,1.1192127422823082,0.36889977307078325,0.9245742092457421,1.4138934765469104,175.4239734713883,256.4237060546875,263.1566162109375,263.6040954589844,264.7502746582031,1.146167516708374,0.0,0.0,nan,nan,nan,nan
500,540.4585221037269,2.4566296459260313,220.0,1.0921349600273806,0.36189799697171876,0.8954545454545455,1.3880422257132061,-155.6154444761163,169.68032836914062,213.61068725585938,214.4290771484375,214.43194580078125,0.0028748251497745514,0.0,0.0,nan,nan,nan,nan
501,1294.2844942002557,3.227642130175201,401.0,1.0634029762591026,0.3423372153241386,0.9476309226932669,1.3742489002487375,239.77151769352713,275.6084899902344,242.59979248046875,243.099609375,244.59693908691406,1.4973393678665161,0.0,0.0,nan,nan,nan,nan
502,978.3655732348561,3.2503839642354024,301.0,1.0943932914099475,0.355833902948867,0.9136212624584718,1.3966585694004983,121.88519889767736,250.91990661621094,246.303466796875,246.89913940429688,248.70571899414062,1.8066030740737915,0.0,0.0,nan,nan,nan,nan
503,442.4518849560991,2.6026581468005827,170.0,1.0590468713945749,0.34510228020189254,0.9117647058823529,1.36479451060876,-154.60578053896916,162.58724975585938,175.44654846191406,176.38453674316406,178.27252197265625,1.8879990577697754,0.0,0.0,nan,nan,nan,nan
504,764.2093976028264,2.9968995984424565,255.0,1.0811924326970785,0.3575404841415553,0.9333333333333333,1.3867441748569882,-1.1759797363592952,216.0026092529297,239.1476287841797,239.87940979003906,239.56808471679688,-0.31132155656814575,0.0,0.0,nan,nan,nan,nan
505,615.3599397484213,2.722831591807174,226.0,1.0797610324734788,0.3534604192990947,0.9070796460176991,1.3636312520995097,-92.59598296159493,189.93238830566406,204.71279907226562,205.45468139648438,206.48681640625,1.0321305990219116,0.0,0.0,nan,nan,nan,nan
506,488.0787867680192,2.582427443217033,189.0,1.1276940341639101,0.371381182278481,0.8835978835978836,1.4106212816954764,-146.60507313926348,163.48712158203125,201.50180053710938,202.43588256835938,202.50669860839844,0.0708165243268013,0.0,0.0,nan,nan,nan,nan
507,714.0111411139369,3.000046811403096,238.0,1.100212216753563,0.36166275547705173,0.8739495798319328,1.3980541523551164,-17.70869385642527,210.91099548339844,223.8748016357422,224.54335021972656,224.486083984375,-0.05725972726941109,0.0,0.0,nan,nan,nan,nan
508,1496.3093429654837,3.4084495283951792,439.0,1.0706275298119552,0.3519643389850331,0.9202733485193622,1.372586445866432,366.543977634326,288.1757507324219,262.9148864746094,263.304443359375,262.928955078125,-0.37548547983169556,0.0,0.0,nan,nan,nan,nan
509,736.3030855059624,3.0425747334957123,242.0,1.0646718033761218,0.34948496091803,0.9214876033057852,1.372394255358278,-3.3380535511818152,216.03076171875,217.88278198242188,218.559814453125,217.70408630371094,-0.8557270169258118,0.0,0.0,nan,nan,nan,nan
510,832.8956109862775,2.7949517147190517,298.0,1.0723309477050698,0.35290660762027665,0.9395973154362416,1.3844518342302106,-17.64378528581483,216.0717315673828,243.16505432128906,243.7017364501953,242.94683837890625,-0.7548969984054565,0.0,0.0,nan,nan,nan,nan
511,771.3882287964225,3.0132352687360253,256.0,1.0947031380699475,0.3659038220428859,0.9140625,1.396139853062916,4.022525435541297,217.9465789794922,245.3917694091797,246.13088989257812,245.546630859375,-0.5842787027359009,0.0,0.0,nan,nan,nan,nan
512,625.0695085525513,2.717693515445875,230.0,1.1204509049631,0.37232457024645926,0.9304347826086956,1.405593076404151,-90.80771824424687,189.8990478515625,227.53390502929688,228.3132781982422,228.3998565673828,0.08656191825866699,0.0,0.0,nan,nan,nan,nan
513,685.4351772600785,2.646467865869029,259.0,1.1373231549434986,0.38017753450876957,0.9073359073359073,1.3910687512057005,-87.87150416588929,197.25254821777344,222.4732208251953,223.128173828125,223.5553436279297,0.42716285586357117,0.0,0.0,nan,nan,nan,nan
514,917.1930926851928,2.9682624358744105,309.0,1.1123997309123905,0.36698860776099673,0.9449838187702265,1.3973393325097692,44.87011017445025,231.05723571777344,239.9866943359375,240.51173400878906,240.75430297851562,0.24255897104740143,0.0,0.0,nan,nan,nan,nan
515,913.8435297757387,2.938403632719417,311.0,1.0985846452814128,0.36315199216048655,0.909967845659164,1.3947005599798192,37.559895221605075,228.62429809570312,242.27879333496094,242.8777618408203,243.0980682373047,0.22031816840171814,0.0,0.0,nan,nan,nan,nan
516,870.5207645650953,2.901735881883651,300.0,1.0984844063395753,0.35595504171202064,0.9133333333333333,1.4042914224680052,16.020716249612178,226.9105682373047,227.59397888183594,228.15013122558594,227.821044921875,-0.3290797472000122,0.0,0.0,nan,nan,nan,nan
517,990.8929389826953,3.0489013507159854,325.0,1.1183527730942313,0.3677876595635182,0.9046153846153846,1.4228110103739742,86.8847401248247,239.7263946533203,236.81500244140625,237.3627471923828,238.23678588867188,0.8740386366844177,0.0,0.0,nan,nan,nan,nan
518,588.8882099203765,2.8176469374180697,209.0,1.0859125285573492,0.35118584435892125,0.9043062200956937,1.377256541178458,-85.40217042081622,189.0160675048828,198.67311096191406,199.5132293701172,199.28173828125,-0.23149652779102325,0.0,0.0,nan,nan,nan,nan
519,1214.267511036247,3.1135064385544795,390.0,1.0923932141043713,0.3563633033751041,0.9307692307692308,1.404621780526982,181.5381207681687,256.6383056640625,254.79322814941406,255.22271728515625,253.60679626464844,-1.6159096956253052,0.0,0.0,nan,nan,nan,nan
520,1549.3692621551454,3.0863929525002898,502.0,1.0984665609334603,0.3577885109624191,0.9123505976095617,1.3913151471913192,294.8433574571711,270.49310302734375,262.46923828125,262.8196105957031,262.4870300292969,-0.33255642652511597,0.0,0.0,nan,nan,nan,nan
521,989.7252795733511,3.0928914986667224,320.0,1.1118351108893296,0.36407866639826053,0.928125,1.3988718880228144,95.61871082395805,242.94509887695312,233.3212127685547,233.87289428710938,232.30978393554688,-1.5631206035614014,0.0,0.0,nan,nan,nan,nan
522,487.6162101738155,2.607573316437516,187.0,1.1227265338649377,0.3710934499041269,0.9037433155080213,1.4133853243034606,-143.10699769007624,164.19859313964844,219.24269104003906,220.13308715820312,219.76663208007812,-0.36646395921707153,0.0,0.0,nan,nan,nan,nan
523,892.9158208270092,3.079020071817273,290.0,1.0746621957106088,0.3508056773205325,0.9275862068965517,1.3935005455743033,58.2190327284809,232.52047729492188,230.5625,231.08534240722656,230.20826721191406,-0.8770552277565002,0.0,0.0,nan,nan,nan,nan
524,732.4447115892544,3.0774987881901446,238.0,1.0759223337430328,0.3519645377376493,0.9243697478991597,1.3902851411120174,0.7248766188922673,216.5850067138672,221.4420623779297,222.18914794921875,223.02359008789062,0.8344400525093079,0.0,0.0,nan,nan,nan,nan
525,612.0568280406296,2.59346113576538,236.0,1.1065188598974078,0.36499271977075903,0.9110169491525424,1.411014547955902,-115.70235488634148,186.0950469970703,208.07296752929688,208.8120574951172,210.1214599609375,1.3094019889831543,0.0,0.0,nan,nan,nan,nan
526,548.466557636857,2.587106403947439,212.0,1.0824497091557195,0.3582946340024103,0.9339622641509434,1.3949202326465024,-131.7648007694222,174.36599731445312,202.01515197753906,202.7703094482422,202.71783447265625,-0.05246749147772789,0.0,0.0,nan,nan,nan,nan
527,1070.1273657036945,3.057506759153413,350.0,1.1351257027285655,0.3780635549798829,0.8971428571428571,1.4028884274857838,116.61101630343637,245.70904541015625,255.49166870117188,256.0133361816406,256.5951843261719,0.5818432569503784,0.0,0.0,nan,nan,nan,nan
528,1349.6789949703962,3.228897117154058,418.0,1.0714262624525335,0.34775737802225526,0.9497607655502392,1.380603959522683,261.50047609484386,272.66400146484375,247.53173828125,247.9093475341797,248.64959716796875,0.7402511835098267,0.0,0.0,nan,nan,nan,nan
529,922.8865084965946,3.0762883616553154,300.0,1.0824865031661342,0.35440975444601563,0.89,1.3732486201566152,68.38646018111149,239.08692932128906,226.58786010742188,227.15859985351562,227.7698974609375,0.6113201379776001,0.0,0.0,nan,nan,nan,nan
530,872.1814263835549,2.966603491100527,294.0,1.095527114926768,0.3577763581552248,0.9387755102040817,1.3899847555528022,29.563334198244775,225.571533203125,253.66746520996094,254.1941375732422,253.87643432617188,-0.3176727294921875,0.0,0.0,nan,nan,nan,nan
531,603.805538225919,2.6835801698929735,225.0,1.138314258721312,0.38146744375496544,0.8711111111111111,1.4015040989905474,-102.1700584624017,186.1271209716797,226.14353942871094,227.0516815185547,226.1125030517578,-0.9391750693321228,0.0,0.0,nan,nan,nan,nan
532,954.9770671492442,3.215411000502506,297.0,1.0730803107159115,0.3491672212016266,0.936026936026936,1.3670541400941867,106.4179968988476,249.58543395996094,216.4436798095703,217.06642150878906,217.8926239013672,0.8261977434158325,0.0,0.0,nan,nan,nan,nan
533,1024.6098484620452,3.123810513603796,328.0,1.0736717448873536,0.3519657188796957,0.9054878048780488,1.3796964059934702,114.66067153908807,247.74880981445312,236.31040954589844,236.8252716064453,236.36328125,-0.4619968831539154,0.0,0.0,nan,nan,nan,nan
534,2090.6997850239277,3.543558957667674,590.0,1.088768455336056,0.3550486326253168,0.9203389830508475,1.3862098106112313,661.9051904167495,311.9554138183594,276.6912536621094,276.96392822265625,277.0299377441406,0.06597910821437836,0.0,0.0,nan,nan,nan,nan
535,544.3563545458019,2.6948334383455537,202.0,1.131108512480376,0.3706876080749838,0.9356435643564357,1.4153375647569466,-116.07174364352227,179.41336059570312,193.2930145263672,194.1728973388672,194.330322265625,0.15741434693336487,0.0,0.0,nan,nan,nan,nan
536,1054.3499894752167,3.110176960103884,339.0,1.0622514745018754,0.3455911757596292,0.9174041297935103,1.376141768196237,122.61722631360908,251.1680908203125,238.79507446289062,239.28659057617188,239.6702117919922,0.3836072087287903,0.0,0.0,nan,nan,nan,nan
537,346.214325793786,1.9127863303524086,181.0,1.0995345450337277,0.3590217817932347,0.9447513812154696,1.3925258175034396,-272.6269259399327,121.49713134765625,154.6197509765625,155.63009643554688,155.10740661621094,-0.5226969718933105,0.0,0.0,nan,nan,nan,nan
538,639.8507522642612,2.935095193872758,218.0,1.1014228966913147,0.3623341335763725,0.8853211009174312,1.3857341559787517,-52.26256227219096,200.47286987304688,208.2139129638672,208.9786834716797,209.38084411621094,0.4021736681461334,0.0,0.0,nan,nan,nan,nan
539,629.7776572052389,2.875697064864105,219.0,1.114161144703539,0.36377145929810095,0.9360730593607306,1.4297833299490217,-64.31598335290869,198.3839569091797,212.07847595214844,212.8625030517578,213.8252716064453,0.9627817869186401,0.0,0.0,nan,nan,nan,nan
540,254.26231437921524,1.9558639567631941,130.0,1.1211366007225447,0.3736206053565137,0.8923076923076924,1.3939821189115924,-263.58231024803285,100.43197631835938,191.04693603515625,192.1614227294922,191.9664306640625,-0.19497069716453552,0.0,0.0,nan,nan,nan,nan
541,1153.7580210976303,2.8140439538966593,410.0,1.0928665241682751,0.36132388755341244,0.9170731707317074,1.3784904227148789,81.422110395642,234.1216278076172,236.6538543701172,237.0810546875,237.11624145507812,0.035160232335329056,0.0,0.0,nan,nan,nan,nan
542,831.2628219923936,3.18491502679078,261.0,1.0952192528526943,0.35089709678443864,0.9233716475095786,1.4179670416100139,53.995488523034965,234.50157165527344,205.86077880859375,206.4625244140625,205.11915588378906,-1.343385100364685,0.0,0.0,nan,nan,nan,nan
543,646.177083786577,2.299562575752943,281.0,1.0837553721979973,0.3580929722458034,0.9181494661921709,1.3836472419632404,-170.6967701166916,175.50155639648438,214.17929077148438,214.80038452148438,213.49822998046875,-1.3021559715270996,0.0,0.0,nan,nan,nan,nan
544,643.691055893898,2.810877973335799,229.0,1.0507632922503338,0.3435835403954852,0.9301310043668122,1.3721021504730733,-70.20584488120471,198.99330139160156,199.61834716796875,200.3824920654297,200.14697265625,-0.23552946746349335,0.0,0.0,nan,nan,nan,nan
545,1450.8066776376218,3.366140783381953,431.0,1.0955573452045466,0.36027627482703095,0.9234338747099768,1.39018806378953,336.8839204800281,286.58447265625,254.33485412597656,254.6741180419922,253.88275146484375,-0.7913898825645447,0.0,0.0,nan,nan,nan,nan
546,846.0096936523914,3.0000343746538705,282.0,1.095619641749526,0.35922680696425463,0.8794326241134752,1.3710441856045157,27.155513727427206,227.8510284423828,233.24945068359375,233.91990661621094,234.30992126464844,0.39000892639160156,0.0,0.0,nan,nan,nan,nan
547,598.089507330209,2.6464137492487123,226.0,1.1111775347600124,0.36491213167538855,0.9026548672566371,1.4137647573954546,-109.86641537980722,184.87600708007812,197.67105102539062,198.49957275390625,198.1893310546875,-0.310233473777771,0.0,0.0,nan,nan,nan,nan
548,265.2094103358686,2.009162199514156,132.0,1.1004803367602132,0.36704190284026394,0.8787878787878788,1.3716372538207404,-256.59586633477056,103.87493896484375,180.7816619873047,182.1295623779297,178.8014678955078,-3.3280789852142334,0.0,0.0,nan,nan,nan,nan
549,753.6369049903005,3.0266542369088376,249.0,1.1115549329630774,0.36499684458081716,0.9156626506024096,1.4154627599994654,0.13348378128785043,217.4882354736328,214.40185546875,215.11302185058594,213.28457641601562,-1.8284313678741455,0.0,0.0,nan,nan,nan,nan
550,288.8671039734036,1.6412903634852476,176.0,1.1034600009145021,0.36064911123839644,0.8693181818181818,1.3580802843571151,-320.07251765183764,99.81547546386719,178.60125732421875,179.8004150390625,180.31089782714844,0.5104870200157166,0.0,0.0,nan,nan,nan,nan
551,465.77637280803174,2.6464566636819984,176.0,1.0606125909565456,0.346860438035671,0.9147727272727273,1.3614160634880987,-143.16324881720948,159.7208709716797,204.85777282714844,205.86846923828125,205.77503967285156,-0.09340706467628479,0.0,0.0,nan,nan,nan,nan
552,979.2466994710267,2.905776556293848,337.0,1.106168291766534,0.3631149983962731,0.9465875370919882,1.3974233272295136,51.47458835280986,234.0249481201172,238.29525756835938,238.7622833251953,238.30938720703125,-0.4528965651988983,0.0,0.0,nan,nan,nan,nan
553,727.323123101145,2.944628028749575,247.0,1.0936927905075555,0.36124098180056713,0.9230769230769231,1.3699808326417064,-22.219646064476592,213.81825256347656,210.6866455078125,211.37205505371094,211.4478759765625,0.07582132518291473,0.0,0.0,nan,nan,nan,nan
554,676.6910517141223,2.8313433126113905,239.0,1.112881641902551,0.3683115819648832,0.9288702928870293,1.3877924498883192,-57.00910927793541,203.6781768798828,208.93765258789062,209.61744689941406,209.3740997314453,-0.24335798621177673,0.0,0.0,nan,nan,nan,nan
555,1559.7799709960818,3.222685890487772,484.0,1.0868478018702463,0.3578496093856908,0.9214876033057852,1.3850198841037948,340.8999346886267,278.84075927734375,264.600341796875,264.9745178222656,265.27227783203125,0.29775574803352356,0.0,0.0,nan,nan,nan,nan
556,1005.8212190736085,3.286997447952969,306.0,1.0676690511560043,0.3445666090004229,0.9248366013071896,1.377844858188317,139.43921462795242,257.998779296875,231.30152893066406,231.84442138671875,232.07994079589844,0.2355310022830963,0.0,0.0,nan,nan,nan,nan
557,560.0601577088237,2.7589170330483923,203.0,1.1147452515543452,0.3668224730965496,0.9113300492610837,1.3997923468161364,-102.348266502196,179.8824920654297,225.30368041992188,226.145263671875,225.1306915283203,-1.0145658254623413,0.0,0.0,nan,nan,nan,nan
558,496.80264835897833,2.5875137935363455,192.0,1.0518778024626758,0.3381458566262457,0.9114583333333334,1.3589722553573236,-143.82218961339083,163.9007110595703,201.8311767578125,202.7908477783203,203.9162139892578,1.1253565549850464,0.0,0.0,nan,nan,nan,nan
559,425.0610722992569,2.014507451655246,211.0,1.086808726534204,0.35893060226410134,0.919431279620853,1.3872666305044352,-253.18996008532667,136.51382446289062,184.13339233398438,184.91796875,179.07583618164062,-5.842123508453369,0.0,0.0,nan,nan,nan,nan
560,1034.1188990646042,2.848812394117367,363.0,1.1001891566859776,0.3622233244646905,0.9090909090909091,1.380378239246404,54.858311382304464,237.8230743408203,222.9927520751953,223.488037109375,223.78671264648438,0.2986842691898346,0.0,0.0,nan,nan,nan,nan
561,1252.8399396110326,3.2882938047533665,381.0,1.0670245183992728,0.3413465630823218,0.9396325459317585,1.3863576113939744,237.93348353821398,272.98773193359375,231.9827117919922,232.45449829101562,232.3176727294922,-0.13683690130710602,0.0,0.0,nan,nan,nan,nan
562,1046.1847210675478,3.1511587983962284,332.0,1.088920761692859,0.35621557874320975,0.9156626506024096,1.4004204391696577,128.31424005780855,255.66275024414062,225.20545959472656,225.7256622314453,227.21969604492188,1.4940261840820312,0.0,0.0,nan,nan,nan,nan
563,888.6727304682136,2.8033840077861627,317.0,1.128183459453576,0.3705841860267898,0.943217665615142,1.4196421033575621,0.5071397839069505,226.79855346679688,220.03750610351562,220.58497619628906,219.5155792236328,-1.0693988800048828,0.0,0.0,nan,nan,nan,nan
564,1335.6284264791757,3.28164232550166,407.0,1.0882405659951175,0.356266749035098,0.9041769041769042,1.3951477667553205,269.2334938422739,274.294921875,265.8222961425781,266.2275390625,264.24896240234375,-1.9785741567611694,0.0,0.0,nan,nan,nan,nan
565,648.6448404453695,2.9218236056097724,222.0,1.0747755386503153,0.35364251594791923,0.9144144144144144,1.3587893057844322,-51.38977817786463,199.24046325683594,212.63548278808594,213.39988708496094,213.03175354003906,-0.3681381642818451,0.0,0.0,nan,nan,nan,nan
566,1100.715826883912,3.066060799119532,359.0,1.1241616560028957,0.3657158905383634,0.9136490250696379,1.4114579717970663,129.3765432883945,244.94325256347656,248.36367797851562,248.7997283935547,248.6560821533203,-0.14365066587924957,0.0,0.0,nan,nan,nan,nan
567,612.4389752075076,2.734102567890659,224.0,1.089333179912367,0.35804147105270767,0.90625,1.3523554931169488,-91.55629545911756,189.91392517089844,210.03369140625,210.81149291992188,209.80929565429688,-1.0021964311599731,0.0,0.0,nan,nan,nan,nan
568,704.7349655777216,2.973565255602201,237.0,1.0812698794160571,0.3565731313734206,0.9113924050632911,1.371114039274777,-25.004543370945157,210.04400634765625,225.49264526367188,226.2004852294922,225.98687744140625,-0.2135848104953766,0.0,0.0,nan,nan,nan,nan
569,1014.9881536327302,3.066429467168369,331.0,1.0751116081365821,0.35593124540059146,0.9063444108761329,1.3674825139270235,99.09799864468664,242.6311798095703,265.5604553222656,266.0539245605469,264.02734375,-2.0265843868255615,0.0,0.0,nan,nan,nan,nan
570,986.3865404576063,3.0072760379805072,328.0,1.0758229906455905,0.3464794486648227,0.9115853658536586,1.4036393669373604,76.4373635346492,236.01690673828125,238.61489868164062,239.16053771972656,240.57749938964844,1.4169729948043823,0.0,0.0,nan,nan,nan,nan
571,1926.4039963446558,3.502552720626647,550.0,1.0799809715795337,0.3518595280549242,0.9345454545454546,1.3836350199273275,576.8224426052975,307.41387939453125,271.7000427246094,271.99951171875,271.4154968261719,-0.584043562412262,0.0,0.0,nan,nan,nan,nan
572,1213.165256138891,2.9092691993738393,417.0,1.1071343401554807,0.3630250975568064,0.9184652278177458,1.3919236146061849,126.96706328503433,242.68963623046875,246.51280212402344,246.90847778320312,246.94728088378906,0.038808517158031464,0.0,0.0,nan,nan,nan,nan
573,576.1519606634974,2.549344958688042,226.0,1.1024062238582906,0.3649610520088441,0.911504424778761,1.3721332677690916,-131.8039620465188,178.66845703125,228.5512237548828,229.15859985351562,231.225830078125,2.067244291305542,0.0,0.0,nan,nan,nan,nan
574,1383.2764075249434,3.080793780679161,449.0,1.0874034827136008,0.3539461205088939,0.9220489977728286,1.3913147146010676,233.70778197683057,263.4504699707031,261.98529052734375,262.3896789550781,261.9090270996094,-0.4806405007839203,0.0,0.0,nan,nan,nan,nan
575,841.8451283087488,2.8061504276958296,300.0,1.0817637802814553,0.3518148145959519,0.9233333333333333,1.3894744962229235,-12.6549200067343,218.1348114013672,218.57106018066406,219.1467742919922,221.21453857421875,2.067741632461548,0.0,0.0,nan,nan,nan,nan
576,642.6119220070541,2.818473342136202,228.0,1.1100053054685979,0.3649709469713482,0.9166666666666666,1.4021614772574278,-69.3046527463531,194.59083557128906,222.74472045898438,223.45516967773438,222.69247436523438,-0.7626966238021851,0.0,0.0,nan,nan,nan,nan
577,1904.3406390245073,3.6273155029038233,525.0,1.0672700146009113,0.34145216425872477,0.9504761904761905,1.3935643683512717,604.2672358275365,318.572509765625,246.42288208007812,246.81625366210938,248.17318725585938,1.3568975925445557,0.0,0.0,nan,nan,nan,nan
578,786.1777221858501,2.869261759802373,274.0,1.0997243228564046,0.3621742596671777,0.9452554744525548,1.4008498367230853,-16.833849565550054,217.05752563476562,223.10845947265625,223.700927734375,224.45562744140625,0.7547090649604797,0.0,0.0,nan,nan,nan,nan
579,712.1358894202858,2.8485435576811433,250.0,1.0948985953485992,0.35533277167946414,0.904,1.3846171800953575,-43.34785781042228,209.53375244140625,188.33062744140625,188.9958038330078,187.3299102783203,-1.6659026145935059,0.0,0.0,nan,nan,nan,nan
580,-2.4886535685509443,-0.27651706317232716,9.0,1.150658929176707,0.3750086432253873,1.0,1.4463195173563697,-280.7138295706436,-1.854665994644165,170.4331817626953,171.35458374023438,166.6318359375,-4.722742557525635,0.0,0.0,nan,nan,nan,nan
581,893.8768053501844,2.81980064779238,317.0,1.1062738776676986,0.36901326536947177,0.917981072555205,1.3917545376939895,5.711214665877833,224.61888122558594,232.2835235595703,232.7993927001953,232.60040283203125,-0.1989871710538864,0.0,0.0,nan,nan,nan,nan
582,756.5832161307335,2.9554031880106777,256.0,1.1250657258180086,0.3743932818877056,0.8984375,1.3963539577745823,-10.782487230147694,213.13217163085938,238.16494750976562,238.814697265625,238.60003662109375,-0.21467304229736328,0.0,0.0,nan,nan,nan,nan
583,794.0962946712971,2.930244629783384,271.0,1.0736629050007005,0.34777114758248523,0.9261992619926199,1.3915457481509654,-2.9742990150166406,219.97662353515625,228.4553680419922,229.10983276367188,228.67340087890625,-0.4364372193813324,0.0,0.0,nan,nan,nan,nan
584,815.5369152538478,3.124662510551141,261.0,1.0910161434912946,0.35636774480752026,0.9386973180076629,1.3952763419310257,38.26958178448922,229.6632537841797,236.1845703125,236.81321716308594,237.37347412109375,0.5602526664733887,0.0,0.0,nan,nan,nan,nan
585,551.1907664872706,2.460673064675315,224.0,1.1081256102830006,0.36710080150823204,0.9196428571428571,1.3979524705451423,-152.80450417935458,173.91812133789062,183.03746032714844,183.80735778808594,185.61917114257812,1.811815857887268,0.0,0.0,nan,nan,nan,nan
586,506.6797540560365,2.3899988398869647,212.0,1.100783224236965,0.359237160283813,0.9433962264150944,1.3744131179499657,-173.55160435024277,161.58224487304688,198.6920623779297,199.55140686035156,199.16412353515625,-0.3872803747653961,0.0,0.0,nan,nan,nan,nan
587,990.7441125065088,0.9907441125065088,1000.0,1.127300892920963,0.38456868758318885,0.886,1.3832602506373792,-1249.9841509958242,90.93063354492188,98.91191101074219,99.00189971923828,99.18645477294922,0.18455110490322113,0.0,0.0,nan,nan,nan,nan
588,1192.651621364057,3.2946177385747433,362.0,1.1294418671483961,0.3724179481198834,0.8977900552486188,1.3998661109329815,215.37135970345298,271.9593505859375,236.9154815673828,237.4332733154297,237.73193359375,0.2986741065979004,0.0,0.0,nan,nan,nan,nan
589,1662.396701048594,3.448955811304137,482.0,1.0922209051575162,0.35580107209378625,0.9253112033195021,1.3973909096067851,447.4773167845299,299.4532775878906,260.6299743652344,260.9913024902344,261.6007995605469,0.6095026135444641,0.0,0.0,nan,nan,nan,nan
590,760.3124253624119,3.0291331687745493,251.0,1.0842759308956178,0.35926905790499103,0.900398406374502,1.3724027611317187,2.848352110008136,219.84486389160156,232.15008544921875,232.78175354003906,232.3507080078125,-0.43103301525115967,0.0,0.0,nan,nan,nan,nan
591,473.67772441357374,2.588402865647944,183.0,1.1324028228100913,0.3760653708263924,0.9453551912568307,1.3984710253949764,-149.12417936353586,164.8794708251953,178.8463897705078,179.76119995117188,178.77159118652344,-0.9896096587181091,0.0,0.0,nan,nan,nan,nan
592,948.7000187970698,3.021337639481114,314.0,1.089590482423046,0.355870983895416,0.9076433121019108,1.3952919287165564,66.47540617784966,236.30067443847656,238.68374633789062,239.21034240722656,240.11793518066406,0.9075810313224792,0.0,0.0,nan,nan,nan,nan
593,363.3782861456275,2.125019217225892,171.0,1.0661566189870362,0.3456435863307149,0.9122807017543859,1.3686787772752653,-235.65970537113617,129.94325256347656,166.7434844970703,167.51148986816406,168.48590087890625,0.9744082689285278,0.0,0.0,nan,nan,nan,nan
594,795.1879652403295,3.0007093027936964,265.0,1.065745393410768,0.34766652109518753,0.9132075471698113,1.3808432026450712,9.999327684188756,221.67709350585938,206.62782287597656,207.3259735107422,206.8555145263672,-0.4704514145851135,0.0,0.0,nan,nan,nan,nan
595,851.4077581744641,3.1650846028790487,269.0,1.0822550873622332,0.35698297262726103,0.9219330855018587,1.3755226405815284,58.29781653154146,234.68826293945312,240.97515869140625,241.50128173828125,241.10130310058594,-0.39995265007019043,0.0,0.0,nan,nan,nan,nan
596,805.6862580776215,3.1107577531954496,259.0,1.091699904184855,0.3545791067403937,0.9343629343629344,1.3706045102767135,32.37957665165368,228.7457733154297,242.90187072753906,243.5276641845703,242.64608764648438,-0.8816049098968506,0.0,0.0,nan,nan,nan,nan
597,1142.613999903202,3.0715430104924786,372.0,1.0933260459558571,0.3579598664377873,0.9354838709677419,1.3996430081717548,145.53047802564288,254.175048828125,254.2480010986328,254.64263916015625,254.08993530273438,-0.5527329444885254,0.0,0.0,nan,nan,nan,nan
598,497.1375424005091,2.3339790723028595,213.0,1.0840740772335014,0.3581991377466975,0.9295774647887324,1.3716899979993844,-185.07414202746554,159.40135192871094,201.26290893554688,202.07937622070312,200.7190399169922,-1.3603193759918213,0.0,0.0,nan,nan,nan,nan
599,987.3329647206701,2.8701539672112504,344.0,1.1149528066872896,0.3656300889886679,0.9011627906976745,1.398136810086446,45.69857145058495,230.37718200683594,228.21627807617188,228.73223876953125,231.55804443359375,2.825822591781616,0.0,0.0,nan,nan,nan,nan
600,1014.4957949519157,2.833787136737195,358.0,1.1033618126845748,0.36196187109188044,0.9078212290502793,1.372784928626085,45.13683737809356,232.21543884277344,228.0319061279297,228.5337371826172,230.3915252685547,1.857763648033142,0.0,0.0,nan,nan,nan,nan
601,928.1274637375027,3.2226648046441064,288.0,1.0758503031169218,0.34878309938585517,0.9236111111111112,1.3772225942386973,97.3913276823655,241.87939453125,234.24978637695312,234.88270568847656,234.89073181152344,0.00803952757269144,0.0,0.0,nan,nan,nan,nan
602,679.9028323665261,2.6455363127102185,257.0,1.1209968427006025,0.37144647353378896,0.8949416342412452,1.3980711123362701,-89.44319701605059,195.76109313964844,219.51675415039062,220.17340087890625,219.61599731445312,-0.5573724508285522,0.0,0.0,nan,nan,nan,nan
603,264.8523539695889,1.9765101042506632,134.0,1.0842655181629473,0.35301584516019463,0.917910447761194,1.3928435118952054,-260.91357474444135,100.0291976928711,159.0349884033203,160.4796600341797,161.05856323242188,0.5789283514022827,0.0,0.0,nan,nan,nan,nan
604,361.38867629133165,2.0533447516552936,176.0,1.1103421089760048,0.3681484268831396,0.9147727272727273,1.3923086312538266,-247.55094533390957,127.75424194335938,179.42852783203125,180.40032958984375,181.39291381835938,0.9925743341445923,0.0,0.0,nan,nan,nan,nan
605,664.2403450571001,2.965358683290625,224.0,1.121437229494052,0.3664801292566803,0.9419642857142857,1.4312872031174897,-39.75492560952512,205.3361053466797,205.3571319580078,206.0687255859375,205.7001190185547,-0.3686138987541199,0.0,0.0,nan,nan,nan,nan
606,1036.36988549307,3.0214865466270258,343.0,1.0917250228115236,0.35249495447137114,0.9358600583090378,1.3966652329804363,96.71581824468012,243.79617309570312,243.45188903808594,243.90306091308594,244.36390686035156,0.46084415912628174,0.0,0.0,nan,nan,nan,nan
607,760.9628595467657,2.839413655025245,268.0,1.1081441603674276,0.36455954983953526,0.9328358208955224,1.4361205619246882,-30.166756074461546,214.4343719482422,224.67910766601562,225.32447814941406,225.66357421875,0.3390674293041229,0.0,0.0,nan,nan,nan,nan
608,448.4445445649326,2.533584997541992,177.0,1.114265508358623,0.36926234220764614,0.9096045197740112,1.3882182590305387,-162.47540308200405,157.13430786132812,194.34230041503906,195.2633514404297,196.79031372070312,1.5269709825515747,0.0,0.0,nan,nan,nan,nan
609,1129.2324037626386,3.172001134164715,356.0,1.0689878065723821,0.3502774385331863,0.901685393258427,1.3516596729302075,163.83409823220745,255.97630310058594,255.90994262695312,256.3720703125,256.52197265625,0.14990800619125366,0.0,0.0,nan,nan,nan,nan
610,287.49020478874445,1.3187624072878186,218.0,1.1069881185490082,0.36682302950591633,0.926605504587156,1.3965641713564072,-404.62310974770776,87.31138610839844,139.58885192871094,140.5714111328125,137.08363342285156,-3.4877917766571045,0.0,0.0,nan,nan,nan,nan
611,1034.5870188102126,3.125640540212123,331.0,1.1187601251812327,0.36840625817247435,0.9154078549848943,1.4112314880039054,118.69686382216901,249.4723663330078,251.5171356201172,252.01321411132812,252.79019165039062,0.7769758701324463,0.0,0.0,nan,nan,nan,nan
612,588.7568954452872,2.8860632129670942,204.0,1.0986187856511271,0.3651078233700414,0.9117647058823529,1.3814548236640218,-75.63185478742798,189.58203125,214.96408081054688,215.81112670898438,214.94308471679688,-0.8680242896080017,0.0,0.0,nan,nan,nan,nan
613,997.5303224548697,2.9600306304298805,337.0,1.0536065010315667,0.34330551828046785,0.9317507418397626,1.373298137828166,69.75821133665295,237.16575622558594,231.03700256347656,231.55433654785156,232.5055694580078,0.951225221157074,0.0,0.0,nan,nan,nan,nan
614,1020.6987189408392,1.0206987189408392,1000.0,1.1248411276755292,0.382512466978534,0.894,1.3850152162923917,-1220.0295445614938,91.42405700683594,95.79154968261719,95.87372589111328,95.88937377929688,0.015649087727069855,0.0,0.0,nan,nan,nan,nan
615,528.7104354798794,2.5297150022960735,209.0,1.1040892987179034,0.3631508261633018,0.9186602870813397,1.4026107816716866,-145.57994486131338,165.42494201660156,192.92359924316406,193.79612731933594,193.15782165527344,-0.6383011341094971,0.0,0.0,nan,nan,nan,nan
616,438.38553757965565,2.271427655853138,193.0,1.1302398193630019,0.3756533623182429,0.9533678756476683,1.4141575633548895,-204.21962641440905,147.0186767578125,206.03724670410156,207.02366638183594,208.6957244873047,1.6720517873764038,0.0,0.0,nan,nan,nan,nan
617,1286.6865267716348,3.0929964585856604,416.0,1.0663912365378183,0.3486843210706493,0.90625,1.3475215582101556,202.46865993947358,258.25946044921875,254.03050231933594,254.44509887695312,254.56971740722656,0.12458647042512894,0.0,0.0,nan,nan,nan,nan
618,401.8006213036133,2.160218394105448,186.0,1.1041480899756975,0.3674810188070339,0.9354838709677419,1.4002943128487981,-226.9422605385829,136.46543884277344,211.6122283935547,212.4417266845703,210.94766235351562,-1.4940502643585205,0.0,0.0,nan,nan,nan,nan
619,813.2488842755556,3.0345107622222223,268.0,1.1057712242321196,0.36271168782232555,0.9440298507462687,1.4017492179285131,22.11926865432838,224.6611785888672,249.9201202392578,250.54579162597656,250.20799255371094,-0.3378030061721802,0.0,0.0,nan,nan,nan,nan
620,830.5524987857789,2.571369965281049,323.0,1.0951496071461437,0.3570745719878891,0.9411764705882353,1.3985242820262498,-69.49504802870092,204.27210998535156,215.6024627685547,216.16786193847656,215.0601348876953,-1.1077625751495361,0.0,0.0,nan,nan,nan,nan
621,1120.8107142411172,3.1133630951142144,360.0,1.0650487924196037,0.34801923838093457,0.9166666666666666,1.3873304876972958,147.491104623904,248.5384521484375,247.2200469970703,247.7255401611328,247.32504272460938,-0.4005129933357239,0.0,0.0,nan,nan,nan,nan
622,1093.9234698731452,2.980717901561704,367.0,1.0828085858721186,0.35697384847820374,0.9046321525885559,1.3784513515042793,106.74157810406359,243.87840270996094,246.45486450195312,246.94691467285156,248.53976440429688,1.5928503274917603,0.0,0.0,nan,nan,nan,nan
623,357.6186371408403,2.1543291394026522,166.0,1.1322402229583244,0.3788957597211426,0.8975903614457831,1.397668197438166,-231.51772426744583,129.45620727539062,184.24305725097656,185.2677459716797,186.66114807128906,1.3934067487716675,0.0,0.0,nan,nan,nan,nan
624,865.0575508698821,2.772620355352186,312.0,1.0978171541553474,0.36205052713598385,0.9102564102564102,1.3853433165253892,-13.20640970594718,213.98532104492188,232.9023895263672,233.48043823242188,229.49586486816406,-3.984572649002075,0.0,0.0,nan,nan,nan,nan
625,489.29791471362114,2.363758042094788,207.0,1.0935657690967557,0.36058204224125645,0.9371980676328503,1.362019585290762,-181.03181358418055,157.55575561523438,209.1510467529297,209.95350646972656,209.64976501464844,-0.30376091599464417,0.0,0.0,nan,nan,nan,nan
626,903.3169223531149,0.9033169223531149,1000.0,1.1370123438663793,0.3837715364376587,0.889,1.4028000261177567,-1337.411341149218,81.30789947509766,100.34083557128906,100.4327621459961,98.82640075683594,-1.6063545942306519,0.0,0.0,nan,nan,nan,nan
627,600.128961160779,2.871430436175976,209.0,1.08642771543186,0.3591535140071777,0.9043062200956937,1.3721556249169775,-74.16141918041376,192.9136962890625,213.89295959472656,214.65606689453125,215.02645874023438,0.37039947509765625,0.0,0.0,nan,nan,nan,nan
628,1360.3507402811665,3.163606372746899,430.0,1.1256867446866647,0.37195814070637,0.9093023255813953,1.396357592145236,248.40830914526828,269.072265625,256.3211364746094,256.68292236328125,256.44708251953125,-0.23583360016345978,0.0,0.0,nan,nan,nan,nan
629,549.2375411875546,2.615416862797879,210.0,1.0928085961392033,0.35847785132271903,0.919047619047619,1.3691154327049684,-127.03316517533358,176.15040588378906,200.26190185546875,201.12815856933594,201.2154083251953,0.08722908049821854,0.0,0.0,nan,nan,nan,nan
630,657.187605060637,2.7156512605811445,242.0,1.0767065161396188,0.350708856045603,0.9380165289256198,1.3985761500889466,-82.45353399650719,196.58267211914062,196.80931091308594,197.4871063232422,196.6515655517578,-0.8355517387390137,0.0,0.0,nan,nan,nan,nan
631,922.4275381118059,3.0747584603726863,300.0,1.102270808769933,0.3612281483245574,0.9033333333333333,1.3981739467910659,67.92748979632279,238.34434509277344,244.73867797851562,245.33169555664062,246.33963012695312,1.0079532861709595,0.0,0.0,nan,nan,nan,nan
632,1027.7211234793067,3.0227091867038434,340.0,1.0724638364363603,0.34729396795201134,0.9411764705882353,1.3842018356749068,94.00803429600342,244.3533935546875,215.13311767578125,215.60105895996094,215.2898406982422,-0.3111908733844757,0.0,0.0,nan,nan,nan,nan
633,505.68035169597715,2.7187115682579415,186.0,1.090771523984771,0.3581654173210927,0.8978494623655914,1.3736301937917492,-123.06253014621905,170.45372009277344,205.887939453125,206.83372497558594,205.5015106201172,-1.332226276397705,0.0,0.0,nan,nan,nan,nan
634,1017.848664729856,1.017848664729856,1000.0,1.1376681285638746,0.38670810604088185,0.891,1.391515077526216,-1222.879598772477,91.48797607421875,96.55538177490234,96.65928649902344,96.75719451904297,0.09790784120559692,0.0,0.0,nan,nan,nan,nan
635,524.8275266177952,2.7477880974753677,191.0,1.0750815964063147,0.34253265156880364,0.9319371727748691,1.3887433488749958,-113.8169853328784,178.14544677734375,153.9952850341797,155.02548217773438,157.4708709716797,2.4453907012939453,0.0,0.0,nan,nan,nan,nan
636,1516.7145185396075,3.282931858310839,462.0,1.1093845707389443,0.36393769282670746,0.9069264069264069,1.3870774066981013,341.4016547094534,279.09228515625,267.00408935546875,267.33892822265625,265.7390441894531,-1.5998799800872803,0.0,0.0,nan,nan,nan,nan
637,931.5222528409213,2.9856482462850042,312.0,1.0600840682295547,0.345954393293623,0.8974358974358975,1.3645646995617313,53.258292265091995,234.40975952148438,243.00582885742188,243.5546875,244.94754028320312,1.3928639888763428,0.0,0.0,nan,nan,nan,nan
638,668.4165150141343,2.8935779870741745,231.0,1.1139518774711652,0.3656105302557454,0.9134199134199135,1.406293589461339,-49.441037804359325,205.09548950195312,213.03932189941406,213.8235321044922,212.8978271484375,-0.9256770014762878,0.0,0.0,nan,nan,nan,nan
639,1043.3366591893137,1.0433366591893136,1000.0,1.1328111049261422,0.38565343480043035,0.894,1.3849227214441744,-1197.3916043130193,94.44280242919922,92.7441635131836,92.8394775390625,93.78148651123047,0.9420034885406494,0.0,0.0,nan,nan,nan,nan
640,1030.7898232918233,2.9877965892516616,345.0,1.0984938156415187,0.35927773435432225,0.9217391304347826,1.3939395018579772,87.17510400004267,239.00509643554688,225.31629943847656,225.85482788085938,225.73568725585938,-0.11912985891103745,0.0,0.0,nan,nan,nan,nan
641,707.1721921227872,2.619156267121434,270.0,1.0877957354969892,0.35507825399119475,0.9185185185185185,1.3940664653250199,-87.91807554183106,198.77537536621094,215.71072387695312,216.271240234375,216.30416870117188,0.03293010592460632,0.0,0.0,nan,nan,nan,nan
642,615.0155435055494,2.9426581028973655,209.0,1.0761445483305803,0.3526130514659442,0.8899521531100478,1.345294648501909,-59.27483683564333,197.96458435058594,202.75936889648438,203.59417724609375,203.9481201171875,0.35392823815345764,0.0,0.0,nan,nan,nan,nan
643,924.4828195677837,2.9726135677420698,311.0,1.0851923961631054,0.3508470822735201,0.9131832797427653,1.381335471176412,48.199185013650094,232.15969848632812,209.17562866210938,209.71046447753906,210.1330108642578,0.4225647747516632,0.0,0.0,nan,nan,nan,nan
644,853.1348705904093,3.014610850142789,283.0,1.109303153459151,0.36071691626048147,0.9187279151943463,1.411187388997938,32.30036464374962,228.11927795410156,228.4488983154297,229.0776824951172,230.29702758789062,1.2193530797958374,0.0,0.0,nan,nan,nan,nan
645,498.1285900780931,2.7673810559894063,180.0,1.0525376361476413,0.3388334465987067,0.9333333333333333,1.391444178953744,-118.73233563393,176.01805114746094,194.7083282470703,195.6353759765625,197.32400512695312,1.6886179447174072,0.0,0.0,nan,nan,nan,nan
646,992.522366642952,3.072824664529263,323.0,1.120465017475032,0.36351790418031443,0.9164086687306502,1.4232847132586504,92.47481982847216,247.22044372558594,225.60787963867188,226.18701171875,225.76707458496094,-0.4199333190917969,0.0,0.0,nan,nan,nan,nan
647,1410.331616749987,3.326253813089592,424.0,1.0914220496860918,0.3593089569171438,0.9033018867924528,1.37831310771075,310.27114174426174,278.9085998535156,249.9093475341797,250.298828125,250.55447387695312,0.2556338906288147,0.0,0.0,nan,nan,nan,nan
648,566.6682720929384,2.737527884506949,207.0,1.0867643504233244,0.35830203947336897,0.9082125603864735,1.3989862550051884,-103.66145620486327,180.0299072265625,216.429931640625,217.21255493164062,217.9032745361328,0.6906987428665161,0.0,0.0,nan,nan,nan,nan
649,703.4665564391762,2.8949241005727417,243.0,1.0824635219581877,0.3531956152482002,0.9176954732510288,1.416228003967125,-38.15490863966352,210.33056640625,215.28726196289062,216.0122833251953,216.1983642578125,0.18608790636062622,0.0,0.0,nan,nan,nan,nan
650,910.670407243073,2.863743419003374,318.0,1.0936978262001615,0.35719247979799723,0.9088050314465409,1.3716852876269214,20.524490537070733,226.34422302246094,225.8406524658203,226.51039123535156,228.34585571289062,1.835483431816101,0.0,0.0,nan,nan,nan,nan
651,1075.34555167472,3.2195974601039516,334.0,1.0853229236210433,0.35285273513943977,0.9221556886227545,1.3958430819474834,153.5144186215898,252.9793701171875,245.1573028564453,245.60060119628906,245.9198455810547,0.3192448318004608,0.0,0.0,nan,nan,nan,nan
652,623.6367611959577,2.8091745999817914,222.0,1.0714948576180408,0.3471067611232271,0.9279279279279279,1.3814604488294633,-76.39785742727645,192.8103485107422,204.88389587402344,205.68243408203125,204.3822021484375,-1.3002407550811768,0.0,0.0,nan,nan,nan,nan
653,628.0364061556756,2.7912729162474474,225.0,1.098644225465249,0.3561763372723686,0.9022222222222223,1.3865504261525223,-77.93919053264506,192.3858184814453,224.1240234375,224.8167724609375,224.42535400390625,-0.3914251923561096,0.0,0.0,nan,nan,nan,nan
654,797.2935136593878,2.74928797813582,290.0,1.0698301047894536,0.353601492047524,0.9310344827586207,1.376035429285837,-37.40327443914043,211.40174865722656,238.02963256835938,238.645263671875,238.855712890625,0.2104470133781433,0.0,0.0,nan,nan,nan,nan
655,1042.1374564021826,2.98606721032144,349.0,1.079108197094481,0.35055445308373206,0.9169054441260746,1.3948156136757655,90.60143302361985,239.17105102539062,234.33432006835938,234.80453491210938,235.2974090576172,0.492889404296875,0.0,0.0,nan,nan,nan,nan
656,1114.0612189732492,3.002860428499324,371.0,1.1078328375767295,0.3679352815998073,0.9002695417789758,1.3808332821237375,118.95802311738544,244.2009735107422,251.38157653808594,251.81494140625,252.52127075195312,0.7063102722167969,0.0,0.0,nan,nan,nan,nan
657,1312.0985230123624,3.381697224258666,388.0,1.0612489161849026,0.3469854678171401,0.9381443298969072,1.3789689251538573,283.3297847876752,279.6876220703125,260.2579345703125,260.692138671875,261.6900329589844,0.9978999495506287,0.0,0.0,nan,nan,nan,nan
658,791.7635399065912,2.848070287433781,278.0,1.0511233982014832,0.3403544356155643,0.9280575539568345,1.3586788978774025,-19.169335931590922,218.76516723632812,209.81089782714844,210.43150329589844,211.59976196289062,1.168267846107483,0.0,0.0,nan,nan,nan,nan
659,1055.2778766471893,3.1595146007400876,334.0,1.0657542829803042,0.3459958295490084,0.9131736526946108,1.3664549146837035,133.44674359405917,254.0528564453125,226.75387573242188,227.21788024902344,226.92376708984375,-0.2941308915615082,0.0,0.0,nan,nan,nan,nan
660,910.824395570904,2.9765503123232158,306.0,1.0926570526516626,0.36105634600153874,0.9248366013071896,1.3964952134441528,44.44239112524792,230.4112091064453,248.4398956298828,249.075439453125,248.35263061523438,-0.7228143811225891,0.0,0.0,nan,nan,nan,nan
661,668.3246532417834,2.750307214986763,243.0,1.1471527924412832,0.38300956197150704,0.9218106995884774,1.4129752864050436,-73.29681183705634,194.3019256591797,221.49578857421875,222.24932861328125,219.74765014648438,-2.5016930103302,0.0,0.0,nan,nan,nan,nan
662,1365.4413403831422,3.182846947280052,429.0,1.097847661995645,0.3593045774889873,0.9324009324009324,1.3853249423151666,255.47923526893942,266.3555603027344,255.17938232421875,255.5878448486328,255.45333862304688,-0.13450294733047485,0.0,0.0,nan,nan,nan,nan
663,1566.9726743772626,3.2919593999522325,476.0,1.0661411913763204,0.3455015890665824,0.9222689075630253,1.3757576752201044,363.93524624337147,284.9957275390625,258.84149169921875,259.1848449707031,259.5915222167969,0.4067053198814392,0.0,0.0,nan,nan,nan,nan
664,230.72413923719432,1.8025323377905806,128.0,1.089549746071246,0.35107811179962783,0.9296875,1.3983046317393395,-283.1598333466628,87.14102935791016,166.6457977294922,168.25564575195312,167.25299072265625,-1.002662181854248,0.0,0.0,nan,nan,nan,nan
665,1530.237525050994,3.2013337344163055,478.0,1.073591509600041,0.34854463967082255,0.9309623430962343,1.3801166490696406,323.2394448737118,282.0894775390625,246.3170928955078,246.6969757080078,246.71163940429688,0.014678268693387508,0.0,0.0,nan,nan,nan,nan
666,959.2584936842322,3.1554555713297114,304.0,1.095385053149027,0.3560099548683451,0.9276315789473685,1.4012801624749067,96.83714128196698,248.30044555664062,229.3245849609375,229.95001220703125,230.43310546875,0.48311248421669006,0.0,0.0,nan,nan,nan,nan
667,1053.5772133357823,3.3660613844593685,313.0,1.0935735399052315,0.3553907264915917,0.9297124600638977,1.4016235076647463,173.33292673825758,260.9952392578125,237.9429473876953,238.3985137939453,237.36526489257812,-1.0332791805267334,0.0,0.0,nan,nan,nan,nan
668,679.5367791010067,2.9417176584459166,231.0,1.103517239641168,0.36256225767568,0.9393939393939394,1.3951290292304241,-38.320773717486986,209.11766052246094,206.6307830810547,207.38661193847656,207.5147247314453,0.12811844050884247,0.0,0.0,nan,nan,nan,nan
669,1011.4570940881968,3.074337672000598,329.0,1.0983620897366855,0.3618711795291613,0.9088145896656535,1.3748030517627932,99.52759114354399,246.36099243164062,239.47691345214844,239.99159240722656,239.92703247070312,-0.06458451598882675,0.0,0.0,nan,nan,nan,nan
670,1425.3986671157181,3.246921792974301,439.0,1.071030596677524,0.35065108640993664,0.9157175398633257,1.3725267809104325,295.63330178456044,280.4392395019531,244.77700805664062,245.14599609375,245.26077270507812,0.1147790476679802,0.0,0.0,nan,nan,nan,nan
671,893.2766354177147,2.853918962995894,313.0,1.0886865471855485,0.36022139548203047,0.9201277955271565,1.366957245849212,13.032348820190009,226.26292419433594,246.3626251220703,246.9150390625,246.54318237304688,-0.37187400460243225,0.0,0.0,nan,nan,nan,nan
672,743.852960022632,2.765252639489338,269.0,1.0729919735528277,0.35465187952443544,0.895910780669145,1.354843022609728,-49.25698162029062,207.48294067382812,198.65272521972656,199.38824462890625,200.6847686767578,1.2965327501296997,0.0,0.0,nan,nan,nan,nan
673,424.44342701137066,2.5880696768986016,164.0,1.1189599867882856,0.36697688137798196,0.9207317073170732,1.4090959927894318,-160.7322823535245,153.0760955810547,220.68609619140625,221.58815002441406,221.96591186523438,0.37774068117141724,0.0,0.0,nan,nan,nan,nan
674,469.7860158327967,2.5393838693664685,185.0,1.1265098547579278,0.3695210170960431,0.9351351351351351,1.4180739300590326,-156.97653998770397,159.84898376464844,209.7650146484375,210.55374145507812,208.63450622558594,-1.9192334413528442,0.0,0.0,nan,nan,nan,nan
675,613.6799576273188,2.789454352851449,220.0,1.111206172695454,0.3640449557805726,0.8772727272727273,1.3892618653410125,-82.39400895252436,193.4475860595703,215.88717651367188,216.61932373046875,216.9377899169922,0.31847378611564636,0.0,0.0,nan,nan,nan,nan
676,1728.8738147616386,3.4926743732558356,495.0,1.094800886824306,0.35768130431676864,0.9131313131313131,1.3878277696494108,488.21019221553297,304.35870361328125,266.5189208984375,266.8699035644531,267.1766357421875,0.30672118067741394,0.0,0.0,nan,nan,nan,nan
677,1399.2788136657327,3.239071327929937,432.0,1.0855758902303456,0.3535675530953916,0.9351851851851852,1.3922444063553494,283.37573048644344,270.7686767578125,257.7658996582031,258.1416931152344,260.1780090332031,2.0363430976867676,0.0,0.0,nan,nan,nan,nan
678,628.9139946848154,2.845764681831744,221.0,1.1140179984743093,0.36682912535703993,0.9049773755656109,1.3883789115761282,-69.14029791672328,196.05564880371094,205.8436737060547,206.70521545410156,208.1856231689453,1.4804400205612183,0.0,0.0,nan,nan,nan,nan
679,1384.7310893721879,3.3206980560484123,417.0,1.0764837341331785,0.3507100638320136,0.9088729016786571,1.3673747111276717,298.5328965183312,277.2787170410156,270.68621826171875,271.15582275390625,272.2243957519531,1.0685367584228516,0.0,0.0,nan,nan,nan,nan
680,1448.5296778418706,3.408305124333813,425.0,1.0708050083452978,0.3505109524460254,0.92,1.3619478109070409,346.4888768144499,286.5201110839844,252.13613891601562,252.57693481445312,251.7306365966797,-0.8462930917739868,0.0,0.0,nan,nan,nan,nan
681,943.2262378558517,3.2413272778551603,291.0,1.0974608621759854,0.3583878683672262,0.9209621993127147,1.3912159213563011,106.54912373562797,248.8811798095703,220.69204711914062,221.32801818847656,220.7289276123047,-0.5990956425666809,0.0,0.0,nan,nan,nan,nan
682,1400.9744801968336,3.2656747790135983,429.0,1.0739481524207297,0.3498266689792009,0.9230769230769231,1.3784707789658326,291.0123750826308,276.05596923828125,274.6910705566406,275.1316223144531,275.758056640625,0.6264155507087708,0.0,0.0,nan,nan,nan,nan
683,1247.5316335633397,3.1266456981537334,399.0,1.1208240862729224,0.36686335951089377,0.9097744360902256,1.3963418151538878,196.97930910000196,262.791259765625,246.61692810058594,247.07374572753906,247.15065002441406,0.07693196833133698,0.0,0.0,nan,nan,nan,nan
684,717.6698044613004,3.0028025291267797,239.0,1.098878190179459,0.36541684505906713,0.9037656903765691,1.383174556815161,-16.03035653075733,213.6737060546875,213.8367919921875,214.58448791503906,213.75729370117188,-0.8271974921226501,0.0,0.0,nan,nan,nan,nan
685,1438.6212471425533,3.299590016382003,436.0,1.0706041838978453,0.34969842025176384,0.9174311926605505,1.375052501167699,314.79685987648213,277.1279296875,251.5615692138672,251.94215393066406,252.60443115234375,0.66227787733078,0.0,0.0,nan,nan,nan,nan
686,1018.4573747217655,2.9435184240513452,346.0,1.0909506468677517,0.35733129390558455,0.9219653179190751,1.3975929268566136,72.86232940828927,238.94459533691406,240.24281311035156,240.81529235839844,241.24354553222656,0.42824405431747437,0.0,0.0,nan,nan,nan,nan
687,743.1979520618916,2.783512929070755,267.0,1.0797457333323406,0.3533511528391106,0.9176029962546817,1.386875901447387,-45.95133753764003,207.6266632080078,224.7561492919922,225.40492248535156,226.12799072265625,0.7230662107467651,0.0,0.0,nan,nan,nan,nan
688,796.4400276765227,2.982921451971995,267.0,1.1182369466267936,0.36793749868278547,0.9063670411985019,1.4081628018441326,7.290738076991147,217.92100524902344,228.02232360839844,228.63267517089844,227.6236572265625,-1.0090373754501343,0.0,0.0,nan,nan,nan,nan
689,785.1248005107045,3.054960313271224,257.0,1.1001753027728671,0.3584904123510472,0.9377431906614786,1.412371672711718,15.7787711281278,219.70596313476562,226.10366821289062,226.86509704589844,227.7009735107422,0.8358644247055054,0.0,0.0,nan,nan,nan,nan
690,29.118860041722655,0.7102160985786014,41.0,1.183616214897525,0.3946128507103105,0.9024390243902439,1.4374132466974874,-312.476748654626,12.381814002990723,178.42587280273438,179.04119873046875,179.63546752929688,0.5942623019218445,0.0,0.0,nan,nan,nan,nan
691,601.6506597134285,2.837974809969002,212.0,1.0645578647592528,0.351825188204494,0.9528301886792453,1.363713283574989,-78.58069869285077,190.88592529296875,213.05577087402344,213.87367248535156,214.5181121826172,0.6444312930107117,0.0,0.0,nan,nan,nan,nan
692,759.9000123529695,3.192857194760376,238.0,1.1204396539968895,0.36976033260976354,0.9285714285714286,1.4015549724624328,28.180177382607326,225.78897094726562,229.54808044433594,230.2510528564453,228.8929901123047,-1.358044147491455,0.0,0.0,nan,nan,nan,nan
693,515.13498711586,2.1198970663204113,243.0,1.0972296699725135,0.35129177672915046,0.9382716049382716,1.4011806975058556,-226.48647796297973,155.97286987304688,171.94268798828125,172.63699340820312,171.99609375,-0.6408911347389221,0.0,0.0,nan,nan,nan,nan
694,574.2229657992721,2.760687335573423,208.0,1.0854642765817937,0.3582792915780234,0.8990384615384616,1.3666418115483039,-98.08708852022505,188.89401245117188,184.20037841796875,185.00747680664062,186.01531982421875,1.007848858833313,0.0,0.0,nan,nan,nan,nan
695,1622.3332769721746,3.36583667421613,482.0,1.0796663173602838,0.3530950073241561,0.91701244813278,1.3731716021348308,407.41389270811055,290.47198486328125,264.1553649902344,264.49127197265625,265.3890380859375,0.8977455496788025,0.0,0.0,nan,nan,nan,nan
696,192.49355914629996,1.765995955470642,109.0,1.1171564660128437,0.362314681059023,0.908256880733945,1.3867932799722564,-283.76421902534275,79.3610610961914,165.8489990234375,167.07362365722656,167.7521514892578,0.6785205602645874,0.0,0.0,nan,nan,nan,nan
697,1239.556693624705,3.3411231634089087,371.0,1.087870761342801,0.35306318049124125,0.9433962264150944,1.3943051340069437,244.45349776884132,271.7113952636719,252.43812561035156,252.8514404296875,253.57875061035156,0.7273422479629517,0.0,0.0,nan,nan,nan,nan
698,797.987545825541,3.057423547224295,261.0,1.1003834912494992,0.36210789394060616,0.9042145593869731,1.40299491837738,20.7202123561824,224.36817932128906,232.6411590576172,233.28427124023438,232.6461944580078,-0.638081431388855,0.0,0.0,nan,nan,nan,nan
699,1324.6976160667837,3.5231319576244244,376.0,1.0735018261005904,0.35083927999116993,0.9148936170212766,1.379761951900869,319.69279010244236,290.679443359375,249.05032348632812,249.5255126953125,249.6538848876953,0.1283627301454544,0.0,0.0,nan,nan,nan,nan
700,190.87141948193312,1.631379653691736,117.0,1.1399145191877749,0.36859977538690797,0.9401709401709402,1.447769375973862,-301.2289668632735,73.7998046875,184.26626586914062,184.86802673339844,193.03282165527344,8.16484546661377,0.0,0.0,nan,nan,nan,nan
701,208.07497967034578,1.8578123184852302,112.0,1.101120402078632,0.3649715112149438,0.9017857142857143,1.377918657243871,-274.1237765663834,83.40582275390625,171.537841796875,173.31619262695312,173.4688262939453,0.15263406932353973,0.0,0.0,nan,nan,nan,nan
702,1151.7231015916914,3.0712616042445102,375.0,1.0810572504843636,0.35239097328897984,0.9173333333333333,1.3929161819347864,148.6986016490457,252.9876251220703,240.114501953125,240.54620361328125,241.42491149902344,0.8786828517913818,0.0,0.0,nan,nan,nan,nan
703,751.1071783974767,2.8668212915934226,262.0,1.10789956797629,0.36589827424778903,0.9312977099236641,1.3905127080146589,-28.14048109357759,209.1802215576172,236.7534942626953,237.4167938232422,237.37559509277344,-0.0411805585026741,0.0,0.0,nan,nan,nan,nan
704,698.1111798463389,2.8378503245786137,246.0,1.0719743548445528,0.3456916066981678,0.9146341463414634,1.4050452887657852,-49.451263297587275,205.34629821777344,216.62692260742188,217.2971649169922,216.98875427246094,-0.3083842396736145,0.0,0.0,nan,nan,nan,nan
705,1266.3906053081155,3.2223679524379527,393.0,1.0947829201464743,0.3580407248565056,0.8982188295165394,1.3950602083770873,227.7202369749507,268.7068176269531,254.44000244140625,254.89239501953125,254.8677978515625,-0.02460675872862339,0.0,0.0,nan,nan,nan,nan
706,1649.9612269848585,3.2352180921271736,510.0,1.1033606113918977,0.3621756310004808,0.9156862745098039,1.3791930903992649,379.5927141133202,280.5384826660156,276.7691345214844,277.0966796875,276.8802185058594,-0.2164698839187622,0.0,0.0,nan,nan,nan,nan
707,1112.8587042689323,3.126007596261046,356.0,1.1133307586755792,0.36787934285672064,0.8960674157303371,1.3849544736628765,147.46039873850123,255.70948791503906,252.92222595214844,253.38162231445312,252.86196899414062,-0.5196684002876282,0.0,0.0,nan,nan,nan,nan
708,868.6978261750191,3.037404986625941,286.0,1.1049724124103923,0.3647770258765733,0.9020979020979021,1.3987601471841793,41.922342163273015,232.0923309326172,217.82867431640625,218.3948211669922,219.68287658691406,1.2880629301071167,0.0,0.0,nan,nan,nan,nan
709,533.6078258045018,2.641622900022286,202.0,1.095670325340529,0.36595855083965106,0.9158415841584159,1.373471581805797,-126.82027238482237,175.27305603027344,215.6925048828125,216.5027313232422,215.5939483642578,-0.9087778329849243,0.0,0.0,nan,nan,nan,nan
710,857.804524956271,3.177053796134337,270.0,1.108024631047933,0.3646266243272507,0.9259259259259259,1.394089761840198,62.71425729165276,234.86753845214844,216.50833129882812,217.1318817138672,219.21426391601562,2.0823590755462646,0.0,0.0,nan,nan,nan,nan
711,950.1614478230476,3.265159614512191,291.0,1.0989467775154782,0.3586028428790389,0.9072164948453608,1.386632612973488,113.48433370282396,247.70228576660156,238.08547973632812,238.75064086914062,238.1241912841797,-0.6264330744743347,0.0,0.0,nan,nan,nan,nan
712,1014.0946285817772,3.0823544941695356,329.0,1.094817368174299,0.3618537950026178,0.9148936170212766,1.3813435735917563,102.16512563712445,243.53057861328125,246.65557861328125,247.1292724609375,247.73651123046875,0.6072303056716919,0.0,0.0,nan,nan,nan,nan
713,709.3944045845419,2.8262725282252665,251.0,1.0926863546120933,0.35894949783625635,0.9243027888446215,1.3858368007631385,-48.06966866786183,204.4659881591797,216.40977478027344,217.0675048828125,216.14218139648438,-0.925325334072113,0.0,0.0,nan,nan,nan,nan
714,733.9585771933198,2.901022044242371,253.0,1.094715846536271,0.3604312354895257,0.9090909090909091,1.3943876631973333,-27.466148102474904,212.8403778076172,212.3927001953125,213.0784912109375,212.7437286376953,-0.33476361632347107,0.0,0.0,nan,nan,nan,nan
715,521.6729470863938,2.608364735431969,200.0,1.0831362151505122,0.3587756152714913,0.925,1.3675387741687546,-134.79449905953936,167.77027893066406,209.99136352539062,210.90574645996094,210.05592346191406,-0.8498347997665405,0.0,0.0,nan,nan,nan,nan
716,776.0548068955541,2.895726891401321,268.0,1.0760975621102875,0.3504802023680669,0.9029850746268657,1.3645919059871081,-15.074808725673165,216.17881774902344,236.85182189941406,237.4593048095703,237.74717712402344,0.2878621220588684,0.0,0.0,nan,nan,nan,nan
717,693.9266897793859,2.9528795309761104,235.0,1.0845128045005368,0.35498583406186823,0.9574468085106383,1.369823821247353,-31.852167125889764,206.08224487304688,231.06423950195312,231.79954528808594,230.82073974609375,-0.9788238406181335,0.0,0.0,nan,nan,nan,nan
718,989.6799720823765,3.2448523674832015,305.0,1.0974009825248578,0.35561606136450924,0.9377049180327869,1.4027347077820493,125.2782936584158,249.5547637939453,233.87176513671875,234.45953369140625,233.26931762695312,-1.1902316808700562,0.0,0.0,nan,nan,nan,nan
719,799.2546065393835,2.6730923295631555,299.0,1.0875204978602142,0.35160620175777035,0.9331103678929766,1.4008002728766975,-53.26511575440418,210.5697479248047,222.89161682128906,223.5601806640625,224.51930236816406,0.9591512680053711,0.0,0.0,nan,nan,nan,nan
720,318.48721757531166,2.2428677294036032,142.0,1.1101015818450095,0.3729400193693659,0.8661971830985915,1.3890260701188395,-223.1213193122826,121.2208251953125,183.68348693847656,184.8465576171875,181.12118530273438,-3.7253787517547607,0.0,0.0,nan,nan,nan,nan
721,774.821294143796,3.003183310634868,258.0,1.0849964910132734,0.35805942962049236,0.9031007751937985,1.381232330965319,3.494938739523832,218.96142578125,231.83145141601562,232.47799682617188,233.4172821044922,0.9392896890640259,0.0,0.0,nan,nan,nan,nan
722,399.8444613441825,2.3112396609490315,173.0,1.1217866433650503,0.3682946533959284,0.9421965317919075,1.392240277353964,-203.15418221597224,138.31561279296875,183.27651977539062,184.49603271484375,182.42767333984375,-2.0683414936065674,0.0,0.0,nan,nan,nan,nan
723,843.3883936852217,3.170633058966999,266.0,1.1481032799014108,0.3752177088307847,0.8984962406015038,1.4101905133216377,56.219430107385506,232.63723754882812,230.57078552246094,231.19229125976562,231.1579132080078,-0.03437850996851921,0.0,0.0,nan,nan,nan,nan
724,1101.3169452622533,2.8457802203159,387.0,1.0954342054198976,0.35888689194636864,0.9483204134366925,1.3973510022672087,74.52853305926169,236.4907989501953,243.28700256347656,243.68756103515625,242.96754455566406,-0.7200102806091309,0.0,0.0,nan,nan,nan,nan
725,548.9123481065035,2.677621210275627,205.0,1.0808393972886277,0.3590581734975178,0.9219512195121952,1.3772475267856388,-117.45672814790714,177.54710388183594,221.83914184570312,222.66265869140625,220.75799560546875,-1.9046380519866943,0.0,0.0,nan,nan,nan,nan
726,434.40013797208667,2.3737712457491074,183.0,1.1355856321740336,0.38053678207623515,0.912568306010929,1.4084403856568797,-188.40176580502293,147.76998901367188,219.0001220703125,220.06741333007812,220.15599060058594,0.08860032260417938,0.0,0.0,nan,nan,nan,nan
727,1077.8239922076464,3.0794971205932753,350.0,1.0776831968776412,0.3504991407303273,0.9428571428571428,1.381739455494232,124.30764280738822,244.15013122558594,244.24261474609375,244.79586791992188,245.22116088867188,0.42530351877212524,0.0,0.0,nan,nan,nan,nan
728,1262.034221533686,3.2359851834197073,390.0,1.1002841678228596,0.36121698686651316,0.9153846153846154,1.3997143119445197,229.30483126560762,266.0047607421875,259.83721923828125,260.2994079589844,260.517333984375,0.21790149807929993,0.0,0.0,nan,nan,nan,nan
729,537.6440455727279,2.648492835333635,203.0,1.1416034741772805,0.3790457886705356,0.8916256157635468,1.4276500663006462,-124.76437863829176,174.13885498046875,207.63746643066406,208.40261840820312,207.0824737548828,-1.3201323747634888,0.0,0.0,nan,nan,nan,nan
730,882.0987354256213,3.0417197773297286,290.0,1.0895600240874221,0.35682081179920816,0.9206896551724137,1.4033694100534575,47.40194732709301,230.4713134765625,231.65328979492188,232.22036743164062,232.81993103027344,0.5995702147483826,0.0,0.0,nan,nan,nan,nan
731,790.820019710809,2.814306119967292,281.0,1.113343833770679,0.3707946079684679,0.9181494661921709,1.3913306271453267,-26.05383419245959,213.7618408203125,225.947265625,226.49085998535156,225.21180725097656,-1.2790498733520508,0.0,0.0,nan,nan,nan,nan
732,863.4033758314326,3.029485529233097,285.0,1.0761787632097126,0.35108113087487697,0.9333333333333333,1.3823680744570161,38.60821784138193,232.26239013671875,226.34381103515625,226.97071838378906,226.7728271484375,-0.19789396226406097,0.0,0.0,nan,nan,nan,nan
733,386.182774707675,2.0325409195140787,190.0,1.1030154584039653,0.3701883105699508,0.9157894736842105,1.4121288052520784,-250.48141122130323,132.75413513183594,184.93017578125,185.79379272460938,185.85015869140625,0.05638716742396355,0.0,0.0,nan,nan,nan,nan
734,2725.1313708443195,3.566925878068481,764.0,1.0799870369469038,0.3498846277440971,0.930628272251309,1.3867731159114014,951.7600484621241,326.9547119140625,275.7017822265625,275.9320068359375,277.2143249511719,1.2823340892791748,0.0,0.0,nan,nan,nan,nan
735,791.9068459607661,2.9996471437907806,264.0,1.1131552577387012,0.36695856521824183,0.9090909090909091,1.3756505585728678,8.698534426320975,219.33706665039062,246.5916290283203,247.2069549560547,247.74269104003906,0.535720944404602,0.0,0.0,nan,nan,nan,nan
736,266.07296408712864,1.9709108450898418,135.0,1.0721791374048901,0.3481451599531014,0.9037037037037037,1.3747535095521297,-261.673290648597,102.28376007080078,166.84982299804688,168.23443603515625,167.0579071044922,-1.176526665687561,0.0,0.0,nan,nan,nan,nan
737,1284.6903726370074,3.235995900848885,397.0,1.08175203151948,0.3544271630109168,0.9193954659949622,1.3970909696229887,238.0987002170607,270.3646240234375,251.989990234375,252.42860412597656,252.48260498046875,0.05400707945227623,0.0,0.0,nan,nan,nan,nan
738,795.6521899439394,3.095922918069803,257.0,1.1087106399875017,0.3612247949386309,0.933852140077821,1.395539584149973,26.30616056136273,224.94451904296875,216.41806030273438,217.15020751953125,218.0109405517578,0.8607388138771057,0.0,0.0,nan,nan,nan,nan
739,880.3887985963374,2.6438102059950075,333.0,1.066796318515471,0.35268283682713125,0.9459459459459459,1.3681189845012527,-39.46200843509723,213.64804077148438,221.2066650390625,221.6822509765625,220.88137817382812,-0.8008385896682739,0.0,0.0,nan,nan,nan,nan
740,985.4192095827311,3.220324214322651,306.0,1.1274046250678607,0.3693002431394993,0.9379084967320261,1.4100407216037913,119.03720513707503,254.13455200195312,221.2484130859375,221.83578491210938,220.217529296875,-1.6182695627212524,0.0,0.0,nan,nan,nan,nan
741,701.4656508490443,2.7508456896040956,255.0,1.1153652095371198,0.36927751900218847,0.9137254901960784,1.4070596643603954,-63.91972649014133,205.0257110595703,209.83743286132812,210.60646057128906,212.03744506835938,1.4309673309326172,0.0,0.0,nan,nan,nan,nan
742,1169.7324035111815,2.976418329544991,393.0,1.0827475559475535,0.35456550376579316,0.9287531806615776,1.4062831992195457,131.06203517801669,243.6188507080078,249.6795654296875,250.12081909179688,250.03048706054688,-0.0903058797121048,0.0,0.0,nan,nan,nan,nan
743,872.0165327675641,3.1367501178689357,278.0,1.0659347927726128,0.3496152533322117,0.9280575539568345,1.3759877789657136,61.08365692938196,233.86602783203125,224.07049560546875,224.78070068359375,225.6770477294922,0.8963560461997986,0.0,0.0,nan,nan,nan,nan
744,1072.7712766434997,2.9716655862700825,361.0,1.1003090740931842,0.3608231472187734,0.9141274238227147,1.3877541912645277,97.47134100459107,242.0430450439453,243.34669494628906,243.83349609375,244.51194763183594,0.678432047367096,0.0,0.0,nan,nan,nan,nan
745,785.8287111446261,3.1183679013675643,252.0,1.0997689477840664,0.36194264042571483,0.8928571428571429,1.4019508363351787,26.38431187052697,224.5578155517578,234.90196228027344,235.56427001953125,235.8212432861328,0.25697019696235657,0.0,0.0,nan,nan,nan,nan
746,981.6848922893405,2.719348732103436,361.0,1.0896114190192288,0.3590885799966199,0.925207756232687,1.395017349586154,6.384956650431832,226.4290771484375,243.90802001953125,244.4490966796875,245.43234252929688,0.9832602143287659,0.0,0.0,nan,nan,nan,nan
747,635.8781411424279,2.8772766567530677,221.0,1.0800420981382175,0.35563353499886474,0.9004524886877828,1.3664518499203673,-62.17615145911077,196.77590942382812,213.16648864746094,213.9481201171875,213.99185180664062,0.04373403638601303,0.0,0.0,nan,nan,nan,nan
748,1172.549545450136,3.160510904178264,371.0,1.0745639172701353,0.35156506932497095,0.9272237196765498,1.396971660974662,177.4463495942723,260.0235595703125,245.71591186523438,246.16018676757812,245.25509643554688,-0.9051101803779602,0.0,0.0,nan,nan,nan,nan
749,1139.4081603151863,3.200584719986478,356.0,1.1173905247428413,0.3673849891242702,0.9382022471910112,1.4150005179066194,174.00985478475513,261.54248046875,244.8778076171875,245.2964324951172,245.1055145263672,-0.1909075379371643,0.0,0.0,nan,nan,nan,nan
750,649.1211683899164,2.7505134253810017,236.0,1.1040766872434822,0.3645803448003368,0.902542372881356,1.389715751114344,-78.63801453705469,193.04269409179688,217.3721160888672,218.04617309570312,217.4052276611328,-0.6409639120101929,0.0,0.0,nan,nan,nan,nan
751,1188.6197306602262,3.3482245934090877,355.0,1.0873755415890012,0.35934497584630365,0.9183098591549296,1.3790442035569865,225.2017511514905,269.77410888671875,258.3262634277344,258.7523498535156,258.50726318359375,-0.2450784593820572,0.0,0.0,nan,nan,nan,nan
752,966.7248339566868,0.9667248339566867,1000.0,1.1201086023789097,0.3804294557434866,0.901,1.387942731029281,-1274.0034295456462,88.82770538330078,97.12458038330078,97.2131118774414,96.70869445800781,-0.5044132471084595,0.0,0.0,nan,nan,nan,nan
753,798.5256651863456,2.914327245205641,274.0,1.0866492634864926,0.35612522519754847,0.9379562043795621,1.4047752951638557,-4.48590656505462,219.45822143554688,230.89279174804688,231.51119995117188,232.2779998779297,0.7667944431304932,0.0,0.0,nan,nan,nan,nan
754,340.94036542996764,1.8135125820742959,188.0,1.0781152164045325,0.3500963958665144,0.925531914893617,1.3853333327727302,-291.7631684556195,118.01016235351562,175.99937438964844,176.94444274902344,170.78268432617188,-6.161733627319336,0.0,0.0,nan,nan,nan,nan
755,1683.0502070663497,3.151779413981928,534.0,1.090788950671045,0.3571221068617815,0.9157303370786517,1.4064875447504799,365.1538696741195,278.640380859375,263.2156677246094,263.5192565917969,263.93927001953125,0.41997817158699036,0.0,0.0,nan,nan,nan,nan
756,1168.9195131659508,3.1764117205596487,368.0,1.0900951611238092,0.35729962843483454,0.907608695652174,1.39564106913391,179.7572953751735,261.8584899902344,240.89012145996094,241.37557983398438,241.49745178222656,0.12188030034303665,0.0,0.0,nan,nan,nan,nan
757,801.8733719713055,2.8844365898248396,278.0,1.088275763200536,0.3563261846646028,0.9244604316546763,1.392779902274283,-9.05950386687664,216.5374298095703,243.91236877441406,244.63682556152344,245.16799926757812,0.5311721563339233,0.0,0.0,nan,nan,nan,nan
758,1120.6140995062888,3.375343673211713,332.0,1.0954313921749643,0.35981658426097995,0.9186746987951807,1.3950672751208655,202.74361849654952,268.28680419921875,244.4579315185547,244.97166442871094,244.15211486816406,-0.8195633292198181,0.0,0.0,nan,nan,nan,nan
759,1306.428131379187,3.3158074400486983,394.0,1.0893242116765653,0.35589921100412236,0.9187817258883249,1.3998013890742103,265.7774370243269,273.54681396484375,247.69873046875,248.12353515625,247.48309326171875,-0.6404447555541992,0.0,0.0,nan,nan,nan,nan
760,1235.2097913213074,3.259128736995534,379.0,1.1115418735278058,0.36685120273209865,0.9261213720316622,1.4055983904384532,224.26398729187963,270.0885009765625,246.914306640625,247.33558654785156,246.35865783691406,-0.9769144654273987,0.0,0.0,nan,nan,nan,nan
761,665.6477876529098,2.8086404542316865,237.0,1.0928436003296502,0.35810857072399543,0.9029535864978903,1.3878914352866936,-64.091721295757,201.79322814941406,214.13047790527344,214.78704833984375,214.9850616455078,0.19800937175750732,0.0,0.0,nan,nan,nan,nan
762,614.0517671164125,2.7050738639489538,227.0,1.100488060997064,0.36497240961086896,0.9162995594713657,1.395731969333049,-95.88448161529914,187.46307373046875,220.9510040283203,221.6923828125,222.1326446533203,0.44023722410202026,0.0,0.0,nan,nan,nan,nan
763,572.3501397892833,2.5665925551088935,223.0,1.0806217174025414,0.3497641277152339,0.9192825112107623,1.4008640867467954,-129.66480485564648,177.5779266357422,195.09371948242188,195.8479766845703,193.92079162597656,-1.9271800518035889,0.0,0.0,nan,nan,nan,nan
764,933.8283238969743,3.0517265486829226,306.0,1.0615482609571762,0.3481136422025035,0.9215686274509803,1.3612529357159906,67.44631945131823,234.58460998535156,248.00628662109375,248.54296875,248.41778564453125,-0.1251794397830963,0.0,0.0,nan,nan,nan,nan
765,831.7895105704665,2.99204859917434,278.0,1.0682684748473603,0.34825812614617374,0.9136690647482014,1.3737200758608665,20.85663473228442,228.07626342773438,210.39801025390625,211.07159423828125,211.48143005371094,0.4098453223705292,0.0,0.0,nan,nan,nan,nan
766,853.9929330796003,2.763731175014888,309.0,1.108250754085965,0.36318033601589,0.9546925566343042,1.3981014538670062,-18.330049431142243,220.21240234375,210.62869262695312,211.2274932861328,210.75588989257812,-0.47160443663597107,0.0,0.0,nan,nan,nan,nan
767,1533.752718910575,3.305501549376239,464.0,1.1013540260284325,0.3638304295801108,0.9288793103448276,1.393149169818204,354.4792030370297,280.7768859863281,262.88104248046875,263.2653503417969,263.23687744140625,-0.028470663353800774,0.0,0.0,nan,nan,nan,nan
768,761.16582852602,3.0692170505081453,248.0,1.0980888468412144,0.35724669924273117,0.9153225806451613,1.378302437541533,9.642733338702783,222.68809509277344,213.5534210205078,214.2205047607422,215.43246459960938,1.2119492292404175,0.0,0.0,nan,nan,nan,nan
769,808.5237611290067,2.9616254986410504,273.0,1.1038453122859497,0.3617383211606136,0.9377289377289377,1.404528398536039,7.492515399301965,220.1246795654297,228.36865234375,229.02484130859375,229.19293212890625,0.16807740926742554,0.0,0.0,nan,nan,nan,nan
770,615.296320926398,2.5744615938343016,239.0,1.0786041573840552,0.35641728266084016,0.9330543933054394,1.3699237916002696,-118.40384006565967,182.25074768066406,220.25827026367188,220.9940643310547,221.3257293701172,0.331651508808136,0.0,0.0,nan,nan,nan,nan
771,726.1205734256655,2.881430846927244,252.0,1.104078661266202,0.362157132023226,0.9087301587301587,1.4014051441005155,-33.32382584843367,208.23062133789062,223.8555908203125,224.44931030273438,224.4492645263672,-3.6057972465641797e-05,0.0,0.0,nan,nan,nan,nan
772,1024.439528873656,1.0244395288736559,1000.0,1.1316983740877997,0.3862192166474512,0.893,1.3843080823666292,-1216.288734628677,93.60511779785156,99.7567138671875,99.84214782714844,99.76210021972656,-0.08004378527402878,0.0,0.0,nan,nan,nan,nan
773,602.8471489697695,2.511863120707373,240.0,1.112452230028962,0.360687498960437,0.9208333333333333,1.4053833730259315,-132.83333804398376,179.96102905273438,197.0242156982422,197.74853515625,195.89942932128906,-1.8491095304489136,0.0,0.0,nan,nan,nan,nan
774,1426.8288741190918,3.2281196247038277,442.0,1.0822715728803762,0.35644439840250336,0.920814479638009,1.3768447818643024,291.1225307228476,273.1436462402344,266.349853515625,266.7674865722656,266.4680480957031,-0.29943108558654785,0.0,0.0,nan,nan,nan,nan
775,826.5663561560214,3.0277155903150965,273.0,1.0890453907524609,0.3644957074021889,0.9304029304029304,1.394279829849223,25.535110426316578,229.06500244140625,233.4036407470703,234.05532836914062,234.64529418945312,0.5899692177772522,0.0,0.0,nan,nan,nan,nan
776,737.8921478483826,2.743093486425214,269.0,1.1022048193468874,0.3625056932545717,0.9033457249070632,1.3861908912599294,-55.21779379454006,207.9084930419922,212.31163024902344,212.91172790527344,212.7274932861328,-0.18424460291862488,0.0,0.0,nan,nan,nan,nan
777,838.3448844063096,3.0596528627967503,274.0,1.066277033843248,0.3456353284697583,0.8978102189781022,1.3591560603605102,35.33331265490938,231.1460418701172,211.533935546875,212.19451904296875,210.46517944335938,-1.7293187379837036,0.0,0.0,nan,nan,nan,nan
778,597.8403925714083,2.916294597909309,205.0,1.0895088123955443,0.35545632408702804,0.9073170731707317,1.3899145093259577,-68.52868368300233,193.97219848632812,197.60494995117188,198.38922119140625,197.19432067871094,-1.1948800086975098,0.0,0.0,nan,nan,nan,nan
779,494.4722117315978,2.5620321851378125,193.0,1.123024147521993,0.36833809920392013,0.9222797927461139,1.4180677980561722,-148.13295226246692,165.5557861328125,207.06781005859375,207.91461181640625,208.25372314453125,0.3391067385673523,0.0,0.0,nan,nan,nan,nan
780,136.00108021497726,1.2592692612497896,108.0,1.0366736895969562,0.33761885092566063,0.9259259259259259,1.346628500652356,-338.2763719349699,54.91413497924805,161.3606719970703,162.2504119873047,163.33790588378906,1.0874536037445068,0.0,0.0,nan,nan,nan,nan
781,651.4143377058208,2.748583703400088,237.0,1.0927139320342976,0.3578401370892241,0.9409282700421941,1.3832282706746202,-78.32517124284595,196.53082275390625,224.571044921875,225.3031005859375,223.52993774414062,-1.773176670074463,0.0,0.0,nan,nan,nan,nan
782,926.0999075546861,2.939999706522813,315.0,1.0992805024360346,0.36405362310306855,0.8920634920634921,1.3870997349966183,41.8949689137703,234.72467041015625,241.18699645996094,241.83154296875,242.19781494140625,0.3662545084953308,0.0,0.0,nan,nan,nan,nan
783,742.8849896704778,2.824657755401056,263.0,1.0963153842521403,0.3598955338127339,0.9277566539923955,1.3804879978882776,-38.342995842271876,211.06175231933594,219.1898193359375,219.81341552734375,219.11448669433594,-0.6989408135414124,0.0,0.0,nan,nan,nan,nan
784,589.0762776713818,2.6298048110329546,224.0,1.1041948532744865,0.3590049523240201,0.9330357142857143,1.4114993890424103,-114.91899299524334,183.79898071289062,192.3740997314453,193.23265075683594,192.0703125,-1.1623457670211792,0.0,0.0,nan,nan,nan,nan
785,966.063877524808,0.966063877524808,1000.0,1.1334260140027494,0.383728831615755,0.893,1.3933085649717964,-1274.664385977525,87.8935317993164,97.27318572998047,97.37071228027344,97.1189193725586,-0.25179123878479004,0.0,0.0,nan,nan,nan,nan
786,231.98202642053366,1.7983102823297183,129.0,1.0344062683792419,0.3350273950626467,0.9147286821705426,1.3792851497488732,-283.882272185019,90.73580169677734,176.86721801757812,178.453857421875,176.36007690429688,-2.093790292739868,0.0,0.0,nan,nan,nan,nan
787,1595.1787942498922,3.3094995731325567,482.0,1.0840705361782246,0.3533315944033432,0.9273858921161826,1.392855105426851,380.25940998582814,286.09906005859375,270.2149963378906,270.5185546875,270.22283935546875,-0.2957072854042053,0.0,0.0,nan,nan,nan,nan
788,763.1112751625478,2.9463755797781768,259.0,1.110326881243438,0.3624455487164411,0.9266409266409267,1.3951015475293211,-10.195406263419954,213.71405029296875,224.1541748046875,224.80783081054688,226.32501220703125,1.5171798467636108,0.0,0.0,nan,nan,nan,nan
789,1078.620029065758,3.0045126157820556,359.0,1.0989922340171154,0.363231677095013,0.9192200557103064,1.4008477726778166,107.28074547024039,243.32327270507812,249.59054565429688,250.046875,248.87811279296875,-1.1687661409378052,0.0,0.0,nan,nan,nan,nan
790,1160.4974648691714,3.241613030360814,358.0,1.0822853696390735,0.3540064719383882,0.9078212290502793,1.3600378391790033,191.1385072953492,262.5565490722656,244.14076232910156,244.6383514404297,246.10015869140625,1.4618066549301147,0.0,0.0,nan,nan,nan,nan
791,837.5093578547239,2.8780390304286048,291.0,1.0734243608417102,0.35027757311288643,0.9209621993127147,1.385811483792524,0.8322437345002527,221.3702392578125,229.684326171875,230.3353729248047,228.86598205566406,-1.4693470001220703,0.0,0.0,nan,nan,nan,nan
792,885.3111428655684,2.902659484805142,305.0,1.0641743879744938,0.3481443484795987,0.9442622950819672,1.3823353732849606,20.909464441607724,226.53370666503906,235.80215454101562,236.34835815429688,236.87612915039062,0.5277568101882935,0.0,0.0,nan,nan,nan,nan
793,1261.356718737632,2.9539969993855553,427.0,1.1137033678520551,0.3657030078611115,0.9133489461358314,1.4070842999675908,155.3552656668203,251.6855926513672,249.13812255859375,249.53054809570312,248.6864013671875,-0.8441582322120667,0.0,0.0,nan,nan,nan,nan
794,1376.5386786796153,3.277473044475274,420.0,1.1004770920725722,0.3604958351877276,0.9380952380952381,1.404743785754792,284.3995077606721,279.4494934082031,246.9248809814453,247.2838592529297,246.87139892578125,-0.4124743938446045,0.0,0.0,nan,nan,nan,nan
795,826.2869234252721,2.90946099797631,284.0,1.0825712151913895,0.3534331282708294,0.9330985915492958,1.4028016890894932,3.4720914569168144,222.09115600585938,234.627197265625,235.22254943847656,235.23941040039062,0.01687503792345524,0.0,0.0,nan,nan,nan,nan
796,510.78944744355977,2.4795604244833,206.0,1.0845211211975831,0.3591556394642538,0.941747572815534,1.390314249434676,-157.5599548325464,165.48126220703125,199.47549438476562,200.30810546875,200.4861602783203,0.17804710566997528,0.0,0.0,nan,nan,nan,nan
797,905.2176607698202,2.939018379122793,308.0,1.1030727552401096,0.3682911000329799,0.8701298701298701,1.3685536442680548,34.875004280773055,232.40170288085938,247.74815368652344,248.38204956054688,247.88499450683594,-0.4970610439777374,0.0,0.0,nan,nan,nan,nan
798,846.8864558897913,3.046354157876947,278.0,1.086198330721635,0.3556758933340836,0.9460431654676259,1.3805595405253248,35.95358005160915,225.88536071777344,224.59825134277344,225.2439422607422,225.10476684570312,-0.1391780525445938,0.0,0.0,nan,nan,nan,nan
799,622.5222949497402,2.978575573922202,209.0,1.087126694760769,0.351834403631033,0.9234449760765551,1.3801044118291148,-51.76808539145259,197.40858459472656,201.4525146484375,202.2389678955078,202.0716552734375,-0.1673184633255005,0.0,0.0,nan,nan,nan,nan
800,581.8908934593201,2.6815248546512445,217.0,1.0993319227089648,0.36324368849716443,0.9078341013824884,1.3941095707872981,-108.24209505543661,183.6945037841797,224.263427734375,225.01873779296875,224.23681640625,-0.7819087505340576,0.0,0.0,nan,nan,nan,nan
801,762.1548948436975,2.942682991674508,259.0,1.093940610839271,0.357740824300524,0.9111969111969112,1.3815649126318439,-11.151786582270233,216.5067596435547,222.54623413085938,223.18048095703125,224.002197265625,0.821695864200592,0.0,0.0,nan,nan,nan,nan
802,619.3290946744382,2.7648620297965993,224.0,1.0580750622372952,0.3485235071459014,0.9419642857142857,1.3647403411301176,-84.66617599218694,192.9040985107422,214.2240447998047,214.94236755371094,214.69876098632812,-0.24358487129211426,0.0,0.0,nan,nan,nan,nan
803,744.2174679338932,2.629743702946619,283.0,1.0709880254034017,0.35081142615339056,0.9151943462897526,1.3820457511956024,-76.61703801276644,201.92889404296875,218.90017700195312,219.4633331298828,218.60499572753906,-0.8583441972732544,0.0,0.0,nan,nan,nan,nan
804,854.0630507469177,2.965496703982353,288.0,1.0991347594838183,0.3573771903670772,0.9097222222222222,1.3946236625085364,23.32691469178053,223.56790161132812,232.36119079589844,232.89892578125,231.32058715820312,-1.57832932472229,0.0,0.0,nan,nan,nan,nan
805,883.9808057956398,2.870067551284545,308.0,1.1233551607822982,0.3710680697540384,0.9415584415584416,1.4240773489493694,13.638149306592595,226.71435546875,241.23193359375,241.78675842285156,243.27313232421875,1.4863736629486084,0.0,0.0,nan,nan,nan,nan
806,541.0582279339433,2.760501162928282,196.0,1.0638170021586226,0.349353700473138,0.9030612244897959,1.3592528062979263,-107.48791412520791,177.3336181640625,215.08502197265625,215.91094970703125,215.9393768310547,0.02842910960316658,0.0,0.0,nan,nan,nan,nan
807,951.1501946039498,3.0485583160383007,312.0,1.0909732965879952,0.35881535056667524,0.9134615384615384,1.3794041326101245,72.8862340281205,238.10508728027344,240.74549865722656,241.30609130859375,241.4322967529297,0.12621131539344788,0.0,0.0,nan,nan,nan,nan
808,1389.6923984736204,3.4398326694891592,404.0,1.106601758457718,0.35799077464272266,0.9034653465346535,1.386605732430521,329.2384439018051,285.3299865722656,258.7554626464844,259.2088928222656,258.68096923828125,-0.527885377407074,0.0,0.0,nan,nan,nan,nan
809,390.8149332217872,2.7522178395900507,142.0,1.1050360188169648,0.3628106071734517,0.8591549295774648,1.3412595618077998,-150.79360366580704,154.9666748046875,181.7577362060547,182.95555114746094,180.8572235107422,-2.098306179046631,0.0,0.0,nan,nan,nan,nan
810,537.1050130166113,2.569880445055557,209.0,1.0780586720152354,0.34982801361051813,0.9186602870813397,1.3927900021933808,-137.18536732458142,172.14520263671875,177.14163208007812,177.87298583984375,178.2838592529297,0.4109106957912445,0.0,0.0,nan,nan,nan,nan
811,672.4374021738768,2.9622793047307345,227.0,1.0760405534083473,0.3523965275343152,0.9074889867841409,1.3736817535495165,-37.498846557834895,204.2587890625,220.77639770507812,221.43556213378906,220.1127166748047,-1.322835087776184,0.0,0.0,nan,nan,nan,nan
812,1182.514571852982,3.284762699591617,360.0,1.093313184098162,0.3585590160478778,0.9166666666666666,1.3937145245200753,209.1949622357688,264.39556884765625,259.8375549316406,260.33807373046875,261.39141845703125,1.0533645153045654,0.0,0.0,nan,nan,nan,nan
813,1252.281217686832,3.375421071932162,371.0,1.0898167369638476,0.3540240627584744,0.9245283018867925,1.3920065061290514,257.1780218309682,280.1949768066406,233.4777374267578,233.9876251220703,233.3732452392578,-0.6143320202827454,0.0,0.0,nan,nan,nan,nan
814,800.6694516986609,2.9875725809651525,268.0,1.1193688328147815,0.36726773084130887,0.8917910447761194,1.4182185384331363,9.53983607743362,221.31077575683594,241.57383728027344,242.1968231201172,242.0889892578125,-0.10784069448709488,0.0,0.0,nan,nan,nan,nan
815,1029.8710868246853,3.2798442255563227,314.0,1.0877999295990861,0.3551521649985634,0.9331210191082803,1.3835674739981223,147.6464742054652,256.2614440917969,247.5063934326172,248.0403594970703,248.26754760742188,0.2271726131439209,0.0,0.0,nan,nan,nan,nan
816,1068.9362838882953,2.8056070443262344,381.0,1.0944928333512933,0.360610116125303,0.9396325459317585,1.3911639057230532,54.029827815476665,233.75839233398438,244.2002716064453,244.67079162597656,245.39529418945312,0.7244940996170044,0.0,0.0,nan,nan,nan,nan
817,1171.7147316890769,3.083459820234413,380.0,1.0973175603512202,0.35998636005204293,0.9289473684210526,1.3902888542724625,158.78860163795366,256.0343017578125,244.83860778808594,245.27532958984375,245.49534606933594,0.22002768516540527,0.0,0.0,nan,nan,nan,nan
818,497.4010991305113,2.810175701302324,177.0,1.0990575481167506,0.3569945330867937,0.9378531073446328,1.3801996252968374,-113.51884851642535,171.9616241455078,199.8009796142578,200.6842498779297,201.45118713378906,0.7669480443000793,0.0,0.0,nan,nan,nan,nan
819,2181.686823256314,3.6120642769144267,604.0,1.0703862651792093,0.3462385614962504,0.9354304635761589,1.3853837623564458,725.1676643453986,323.2977600097656,265.20166015625,265.5093078613281,266.87762451171875,1.3683475255966187,0.0,0.0,nan,nan,nan,nan
820,1034.1518501378596,3.2934772297384063,314.0,1.0978990114465168,0.3624702384088617,0.9171974522292994,1.3988274847269877,151.92723751863946,257.04205322265625,247.21267700195312,247.78436279296875,247.42613220214844,-0.3582286834716797,0.0,0.0,nan,nan,nan,nan
821,708.0217766351998,2.9136698626962954,243.0,1.1037093593161298,0.3613764619804785,0.9094650205761317,1.3804619774154931,-33.599688443639934,207.70001220703125,212.84017944335938,213.6280059814453,213.1754913330078,-0.4525015354156494,0.0,0.0,nan,nan,nan,nan
822,738.2693575210869,3.0133443164125997,245.0,1.1026898214542473,0.35949848524293215,0.9020408163265307,1.3876255933408281,-7.312759601143739,213.09039306640625,221.13377380371094,221.85516357421875,222.0751953125,0.22002959251403809,0.0,0.0,nan,nan,nan,nan
823,1503.6263127677666,3.2475730297359973,463.0,1.0505683421593313,0.3439260241888159,0.9308855291576674,1.3549741345304689,326.3331229159169,276.1878967285156,263.3567199707031,263.6965026855469,263.0659484863281,-0.6305461525917053,0.0,0.0,nan,nan,nan,nan
824,879.329339697957,2.892530722690648,304.0,1.098891080019567,0.3629007214549347,0.9243421052631579,1.3766580120848717,16.907987295691782,226.47589111328125,234.13040161132812,234.68374633789062,234.4872589111328,-0.19646380841732025,0.0,0.0,nan,nan,nan,nan
825,693.1931103244424,2.7184043542134995,255.0,1.0973861813139738,0.36131485880967357,0.8862745098039215,1.3863329210562132,-72.19226701474327,198.3177032470703,216.9707489013672,217.692138671875,217.30645751953125,-0.38566523790359497,0.0,0.0,nan,nan,nan,nan
826,2378.030367977917,3.3587999547710696,708.0,1.0768373296832197,0.35114842402282775,0.9392655367231638,1.376442291553199,715.5573028106699,304.47528076171875,261.9732666015625,262.2146301269531,262.7840881347656,0.5694538950920105,0.0,0.0,nan,nan,nan,nan
827,712.0499410033226,2.918237463128371,244.0,1.0716643961826744,0.3522333878431535,0.8934426229508197,1.3665060585314894,-31.551850097212537,212.36817932128906,210.4300079345703,211.0882568359375,209.9632568359375,-1.125009298324585,0.0,0.0,nan,nan,nan,nan
828,743.0764844119549,2.9962761468223986,248.0,1.0964400740963027,0.35666737538591525,0.9435483870967742,1.4196243752287414,-8.446610775362387,216.96795654296875,220.32241821289062,220.98428344726562,219.24549865722656,-1.738789677619934,0.0,0.0,nan,nan,nan,nan
829,1321.063771840185,3.2699598312875864,404.0,1.090191356511522,0.3562134607671174,0.9405940594059405,1.3880032928061738,260.6098172683696,274.7475280761719,260.4331970214844,260.90264892578125,261.0323486328125,0.12969505786895752,0.0,0.0,nan,nan,nan,nan
830,170.38054374605417,1.7747973306880642,96.0,1.14744304332718,0.37599301266426566,0.90625,1.4182986969517792,-280.13299614354696,73.40350341796875,170.37159729003906,172.2969512939453,172.12396240234375,-0.1729903221130371,0.0,0.0,nan,nan,nan,nan
831,399.41176999663,2.4655047530656176,162.0,1.121479604812277,0.37270416238214893,0.8703703703703703,1.381918832911364,-181.8032873248742,141.98666381835938,220.74114990234375,221.83535766601562,220.59408569335938,-1.2412725687026978,0.0,0.0,nan,nan,nan,nan
832,610.7213718742132,2.763445121602775,221.0,1.0926080891018806,0.3597561136175363,0.9276018099547512,1.4266602228705343,-87.33292072732547,190.10772705078125,203.98875427246094,204.70677185058594,205.2956085205078,0.588838517665863,0.0,0.0,nan,nan,nan,nan
833,445.21248503774405,2.31881502623825,192.0,1.100917850131792,0.3586418040940771,0.9479166666666666,1.4164051363429444,-195.41235293462512,147.72373962402344,183.0954132080078,183.93017578125,185.402099609375,1.471913456916809,0.0,0.0,nan,nan,nan,nan
834,533.9610537488479,2.752376565715711,194.0,1.096367817895343,0.35948203068198176,0.9123711340206185,1.3904688445594702,-110.6244362669122,177.95339965820312,207.04638671875,207.81094360351562,206.8984832763672,-0.9124611020088196,0.0,0.0,nan,nan,nan,nan
835,851.6701380163431,3.1082851752421283,274.0,1.1098816706623482,0.36534301251663187,0.9051094890510949,1.3959237171124301,48.65856626494292,231.5654754638672,233.67535400390625,234.30006408691406,233.0867919921875,-1.2132790088653564,0.0,0.0,nan,nan,nan,nan
836,199.62904375232756,1.8314591169938308,109.0,1.0974718549030023,0.35706801348812994,0.9357798165137615,1.3769823211892516,-276.62873441931515,80.04706573486328,155.6642608642578,157.73963928222656,152.75502014160156,-4.984613418579102,0.0,0.0,nan,nan,nan,nan
837,1036.1885091261938,1.0361885091261938,1000.0,1.1492045610035468,0.3938379748219352,0.87,1.3995661898828553,-1204.5397543761392,93.30564880371094,95.54161834716797,95.63033294677734,96.33480834960938,0.7044824957847595,0.0,0.0,nan,nan,nan,nan
838,1026.1404492799193,1.0261404492799193,1000.0,1.1387407299022825,0.38923271861865455,0.899,1.3959803181097559,-1214.5878142224137,92.15186309814453,98.34014129638672,98.43180847167969,98.5158462524414,0.08404038846492767,0.0,0.0,nan,nan,nan,nan
839,775.0219423770905,2.891872919317502,268.0,1.1015753544812534,0.3621161175668845,0.9365671641791045,1.405886381974728,-16.107673244136777,218.4543914794922,214.7888641357422,215.46458435058594,214.6310577392578,-0.8335298299789429,0.0,0.0,nan,nan,nan,nan
840,1407.9749250803143,3.4764812964946032,405.0,1.1051253477347438,0.36045271200875256,0.9259259259259259,1.3879769470021825,345.54064448680356,289.5580749511719,268.0190124511719,268.4241638183594,267.9471740722656,-0.4769763946533203,0.0,0.0,nan,nan,nan,nan
841,895.5160944964737,3.056368923196156,293.0,1.1028123035396107,0.36426338591755314,0.9044368600682594,1.3802240910313552,54.87832833285893,230.9114227294922,242.070068359375,242.6033477783203,242.65689086914062,0.05350496992468834,0.0,0.0,nan,nan,nan,nan
842,431.5236970335245,2.508858703683282,172.0,1.1222322326134602,0.372726962855176,0.877906976744186,1.419623256928076,-169.4946205049347,153.4868927001953,184.61419677734375,185.6240234375,186.37806701660156,0.7540479302406311,0.0,0.0,nan,nan,nan,nan
843,1575.5904276445508,3.4030030834655527,463.0,1.0952088281147823,0.35436177779633976,0.937365010799136,1.419106092500866,398.297237792701,292.0782470703125,248.55926513671875,248.9488525390625,248.66773986816406,-0.28110426664352417,0.0,0.0,nan,nan,nan,nan
844,761.5523005020805,2.998237403551498,254.0,1.1112347180107873,0.36915256249552764,0.9173228346456693,1.4070041888979905,-1.8527508154097632,216.72874450683594,226.31166076660156,227.0417938232422,225.82073974609375,-1.2210512161254883,0.0,0.0,nan,nan,nan,nan
845,603.561707880348,2.303670640764687,262.0,1.1160143537827925,0.37255263616646844,0.8816793893129771,1.3989367435215234,-175.6859516107063,174.233154296875,213.3065948486328,213.98487854003906,214.60787963867188,0.623000979423523,0.0,0.0,nan,nan,nan,nan
846,1342.4485602071509,3.1887139197319496,421.0,1.1002667933796562,0.35695955022865433,0.9311163895486936,1.3951916274401985,248.3290632665121,269.1973571777344,237.57723999023438,238.04913330078125,238.7513427734375,0.7022027969360352,0.0,0.0,nan,nan,nan,nan
847,664.567462362349,2.769031093176454,240.0,1.0959005446293244,0.3598823339574058,0.8666666666666667,1.391533888605646,-71.1130246514042,197.17994689941406,212.05917358398438,212.76539611816406,212.9602813720703,0.19487714767456055,0.0,0.0,nan,nan,nan,nan
848,707.5043568238616,3.023522892409665,234.0,1.0880725985647761,0.35851141402922093,0.9316239316239316,1.371314796818489,-16.294174059718557,212.96275329589844,212.30929565429688,213.07618713378906,212.70974731445312,-0.36644548177719116,0.0,0.0,nan,nan,nan,nan
849,506.29533486813307,2.376973403136775,213.0,1.0676930202586636,0.3507205463971098,0.8967136150234741,1.3763109724890865,-175.9163495598416,163.72607421875,189.1372528076172,190.02735900878906,188.80123901367188,-1.2261252403259277,0.0,0.0,nan,nan,nan,nan
850,1247.8856241255999,3.2079321956956295,389.0,1.0827891728601566,0.3526612629999314,0.922879177377892,1.3747238965828568,217.1365598792172,264.1655578613281,263.1925964355469,263.6186828613281,263.97930908203125,0.36063352227211,0.0,0.0,nan,nan,nan,nan
851,696.4805653914809,2.9764126726131663,234.0,1.1298747318561913,0.3755008880530696,0.905982905982906,1.4157510790623478,-27.317965492099233,208.5419464111328,213.78189086914062,214.44190979003906,214.428955078125,-0.012976524420082569,0.0,0.0,nan,nan,nan,nan
852,1071.0862617343664,3.2164752604635627,333.0,1.0695510778585626,0.34737117552907915,0.9279279279279279,1.3856818882689705,151.23545470293175,256.9581604003906,236.7258758544922,237.22799682617188,237.14259338378906,-0.0854058489203453,0.0,0.0,nan,nan,nan,nan
853,920.0389125458896,3.1400645479381897,293.0,1.0784657053488613,0.35605215616332847,0.9385665529010239,1.3811997499940527,79.40114638227487,242.14964294433594,225.91238403320312,226.4549102783203,225.9151611328125,-0.5397355556488037,0.0,0.0,nan,nan,nan,nan
854,352.9356567431241,2.1133871661264916,167.0,1.1466304521414337,0.3872046154892833,0.8682634730538922,1.4070662573996449,-238.18103068685753,127.45128631591797,194.06101989746094,195.10357666015625,193.6532745361328,-1.4502971172332764,0.0,0.0,nan,nan,nan,nan
855,596.1174421031028,2.82520114740807,211.0,1.0875527686259803,0.35963384992385833,0.909952606635071,1.3767308652036099,-82.13359028148079,187.16302490234375,223.38323974609375,224.0493621826172,223.6988525390625,-0.35053351521492004,0.0,0.0,nan,nan,nan,nan
856,735.3167553506792,3.001292878982364,245.0,1.079742825190875,0.35012862432504954,0.9306122448979591,1.3849309568668835,-10.265361771551511,215.53988647460938,213.55123901367188,214.31358337402344,213.2245330810547,-1.0890445709228516,0.0,0.0,nan,nan,nan,nan
857,1219.4360285373405,3.2260212395167738,378.0,1.0779253227674543,0.3535678504689636,0.9206349206349206,1.3688124436386808,210.47055052960832,264.5664978027344,259.41351318359375,259.8275146484375,260.58026123046875,0.7527446150779724,0.0,0.0,nan,nan,nan,nan
858,664.2055860459805,2.5844575332528423,257.0,1.1224812747071102,0.36922970074624545,0.9182879377431906,1.4093295311929015,-105.14044333659626,193.29495239257812,210.10012817382812,210.7744598388672,212.07196044921875,1.2975102663040161,0.0,0.0,nan,nan,nan,nan
859,625.6832310780883,2.7685098720269394,226.0,1.0868292610536165,0.36105940705702705,0.9292035398230089,1.3515858412310684,-82.27269163192796,191.91123962402344,227.96148681640625,228.67550659179688,229.0083770751953,0.33287733793258667,0.0,0.0,nan,nan,nan,nan
860,576.6588647272438,2.3252373577711443,248.0,1.0534056838720103,0.33708848860946855,0.9556451612903226,1.402044357434702,-174.8642304600735,171.31814575195312,177.6279754638672,178.27407836914062,177.2084503173828,-1.0656180381774902,0.0,0.0,nan,nan,nan,nan
861,1521.6641144156456,3.482068911706283,437.0,1.1019213302163184,0.3627099824980643,0.9130434782608695,1.4106898223874718,395.859401127879,294.1502380371094,267.5196228027344,267.9476318359375,269.5650939941406,1.6174782514572144,0.0,0.0,nan,nan,nan,nan
862,1269.0365954171866,3.237338253615272,392.0,1.0835932166284645,0.35228864622285677,0.9438775510204082,1.4020859246487951,232.34655310571748,267.38006591796875,254.2387237548828,254.72068786621094,256.30426025390625,1.5835844278335571,0.0,0.0,nan,nan,nan,nan
863,685.8788137286901,2.689720838151726,255.0,1.1002387902308837,0.35987476188437617,0.8862745098039215,1.3843066774749795,-79.5065636104955,195.508544921875,235.90509033203125,236.52960205078125,236.24114990234375,-0.28843897581100464,0.0,0.0,nan,nan,nan,nan
864,676.2473320625722,2.7158527392071172,249.0,1.073884129488636,0.3551062003379299,0.9156626506024096,1.3907482766596388,-77.25608914644044,196.39044189453125,224.0038299560547,224.68026733398438,222.96444702148438,-1.7158203125,0.0,0.0,nan,nan,nan,nan
865,936.7355773374438,3.051255952239231,307.0,1.0842870589955003,0.3539286618866166,0.9315960912052117,1.3936546197025936,68.37324687009209,238.31253051757812,218.96119689941406,219.52325439453125,220.8479766845703,1.3247126340866089,0.0,0.0,nan,nan,nan,nan
866,788.3387068510056,2.997485577380249,263.0,1.0984841021146015,0.36250092882936125,0.8973384030418251,1.385434552741896,7.110721338255871,221.95042419433594,228.46018981933594,229.089111328125,228.5650177001953,-0.5240923166275024,0.0,0.0,nan,nan,nan,nan
867,1502.8496410250664,3.354575091573809,448.0,1.0774041952409024,0.35307951582342956,0.9129464285714286,1.3671960048401937,355.26134149864924,284.06201171875,260.78546142578125,261.1587829589844,260.0435485839844,-1.1152405738830566,0.0,0.0,nan,nan,nan,nan
868,987.4233239591122,3.2696136554937487,302.0,1.105802387441064,0.3607857037821598,0.9271523178807947,1.4003673534941785,128.96262360023798,253.15899658203125,243.5269012451172,244.14393615722656,244.72381591796875,0.5798749327659607,0.0,0.0,nan,nan,nan,nan
869,1428.1567210610956,3.253204375993384,439.0,1.105796730322909,0.3624496549737968,0.9157175398633257,1.405190264791251,298.3913557299379,273.04681396484375,268.64093017578125,269.0485534667969,268.23828125,-0.8102532625198364,0.0,0.0,nan,nan,nan,nan
870,1229.2469631754211,3.2779919018011228,375.0,1.1048682995779264,0.360903168016786,0.92,1.3907996974583834,226.22246323277545,269.0246276855469,244.82643127441406,245.29489135742188,245.7154541015625,0.420558363199234,0.0,0.0,nan,nan,nan,nan
871,536.7191249897005,2.5928460144429977,207.0,1.112111919781722,0.3716982249208035,0.9178743961352657,1.3940584528056101,-133.6106033081012,171.58473205566406,224.31117248535156,225.07815551757812,224.3842315673828,-0.6939189434051514,0.0,0.0,nan,nan,nan,nan
872,1873.4939554296434,3.463020250332058,541.0,1.0913331809741347,0.35383395625790526,0.933456561922366,1.382029662500711,541.7353358855446,304.0023193359375,251.28945922851562,251.5685577392578,251.8905029296875,0.3219497501850128,0.0,0.0,nan,nan,nan,nan
873,169.65191623568535,1.5855319274363118,107.0,1.0421145789212158,0.3404708484918853,0.897196261682243,1.3611930347632728,-302.6452098925663,73.16780090332031,171.16412353515625,172.31126403808594,170.79444885253906,-1.516835331916809,0.0,0.0,nan,nan,nan,nan
874,220.4548514187336,2.249539300191159,98.0,1.1355126869164838,0.39020366237346765,0.8775510204081632,1.3697411512620905,-234.0193405142586,96.55671691894531,179.93638610839844,181.93185424804688,179.38294982910156,-2.5489344596862793,0.0,0.0,nan,nan,nan,nan
875,602.6132466005511,2.6782810960024492,225.0,1.0712073916379017,0.3449359294444461,0.92,1.3979767820855284,-103.36235008776964,188.78602600097656,215.08226013183594,215.83798217773438,215.38368225097656,-0.454302042722702,0.0,0.0,nan,nan,nan,nan
876,962.4399839043617,0.9624399839043617,1000.0,1.1276511527140796,0.38316088195033565,0.891,1.393113343500056,-1278.2882795979713,88.41216278076172,91.34326171875,91.44424438476562,91.70634460449219,0.2621116042137146,0.0,0.0,nan,nan,nan,nan
877,916.4040500186384,2.9278084665132216,313.0,1.0846138982931233,0.3512379767971893,0.9329073482428115,1.3846984482169988,36.15976342111367,232.05076599121094,214.8765411376953,215.4710235595703,213.7420654296875,-1.728958249092102,0.0,0.0,nan,nan,nan,nan
878,611.6166030466557,2.8580215095638115,214.0,1.076460760482314,0.3510757881883373,0.9205607476635514,1.3990660808715756,-72.57540740301454,192.33453369140625,216.7355499267578,217.3506622314453,216.4403839111328,-0.9102808237075806,0.0,0.0,nan,nan,nan,nan
879,575.6362267956138,2.581328371280779,223.0,1.0985357637009652,0.36033369526990955,0.9103139013452914,1.3952511753553918,-126.37871784931599,179.93394470214844,208.7434844970703,209.5489044189453,207.65109252929688,-1.8978121280670166,0.0,0.0,nan,nan,nan,nan
880,1284.6162367016077,3.285463520975979,391.0,1.0860249154423804,0.3548283263301963,0.9258312020460358,1.3652110765814218,249.90652041183398,271.89886474609375,266.4964904785156,266.99365234375,266.9736633300781,-0.01999572664499283,0.0,0.0,nan,nan,nan,nan
881,1188.1239229738712,3.3003442304829758,360.0,1.0691552146226775,0.34801028636798875,0.9388888888888889,1.3960813591897567,214.80431335665799,266.4207458496094,248.22210693359375,248.6882781982422,249.65631103515625,0.9680386185646057,0.0,0.0,nan,nan,nan,nan
882,913.2083374783397,3.044027791594466,300.0,1.0826169228244948,0.3533154519861435,0.9266666666666666,1.4030356806098718,58.708289162856545,232.92994689941406,227.30108642578125,227.870361328125,228.45565795898438,0.5852779746055603,0.0,0.0,nan,nan,nan,nan
883,1046.963371500373,3.1346208727556073,334.0,1.0954738335341088,0.3636707564710269,0.9191616766467066,1.3808856400431189,125.1322384472428,247.2593994140625,245.58145141601562,246.0825653076172,246.12083435058594,0.038240283727645874,0.0,0.0,nan,nan,nan,nan
884,1375.5832181423903,3.298760714969761,417.0,1.09686298981223,0.35906666458984887,0.9136690647482014,1.3891680277009724,289.3850252885336,276.034423828125,263.8364562988281,264.28826904296875,263.669921875,-0.6183525919914246,0.0,0.0,nan,nan,nan,nan
885,1043.4367942623794,3.1523770219407234,331.0,1.103341790332808,0.3627841176433735,0.9214501510574018,1.3984224967816483,127.5466392743358,253.70980834960938,235.2598876953125,235.83590698242188,234.0036163330078,-1.8323148488998413,0.0,0.0,nan,nan,nan,nan
886,671.5524219423532,2.958380713402437,227.0,1.125333574671681,0.37430669363509805,0.9295154185022027,1.4115151024298933,-38.38382678935841,204.17088317871094,220.18508911132812,220.9881134033203,219.69259643554688,-1.2954944372177124,0.0,0.0,nan,nan,nan,nan
887,490.77538177371025,2.429581097889655,202.0,1.0885538569562037,0.35589865133592885,0.9306930693069307,1.3765476459629464,-169.6527164156139,161.38427734375,184.9494171142578,185.8203582763672,183.54052734375,-2.2798285484313965,0.0,0.0,nan,nan,nan,nan
888,814.6567912455648,2.8685098283294534,284.0,1.0634001120211065,0.34959011850946914,0.9436619718309859,1.3587750126825258,-8.158040722790474,218.21481323242188,239.96990966796875,240.60012817382812,242.1456298828125,1.5455204248428345,0.0,0.0,nan,nan,nan,nan
889,1109.7519871853292,2.889979133295128,384.0,1.1049910294353913,0.36022651983997395,0.9244791666666666,1.407017878913677,88.90455304742409,240.76177978515625,246.8566436767578,247.31666564941406,246.48255920410156,-0.8340938091278076,0.0,0.0,nan,nan,nan,nan
890,1960.63486610353,3.3630100619271523,583.0,1.1041323707770423,0.36283476805828807,0.9313893653516295,1.3925612450508689,545.7025536482201,299.9235534667969,273.9019470214844,274.1686706542969,274.2635192871094,0.0948307067155838,0.0,0.0,nan,nan,nan,nan
891,2206.870180308819,3.491883196691169,632.0,1.1025204053060307,0.3610612543064999,0.930379746835443,1.3960334407127684,694.9018927904294,313.8741455078125,277.9121398925781,278.21112060546875,277.8423156738281,-0.3688148558139801,0.0,0.0,nan,nan,nan,nan
892,268.6292624771595,1.5801721322185853,170.0,1.084450272833042,0.35614796875828797,0.9235294117647059,1.4334929595274286,-328.42840301790875,97.31686401367188,189.7150115966797,190.88479614257812,188.9299774169922,-1.9548155069351196,0.0,0.0,nan,nan,nan,nan
893,972.6099803652614,2.694210471925932,361.0,1.099493553182874,0.3594548940065045,0.9196675900277008,1.3964773624995064,-2.6899552736472288,224.7106170654297,229.2541961669922,229.7535858154297,229.90248107910156,0.1489201784133911,0.0,0.0,nan,nan,nan,nan
894,922.7587530054152,3.0155514804098535,306.0,1.0698613169358093,0.34284888508379374,0.954248366013072,1.3886880962953032,56.37674855975911,237.88186645507812,218.69940185546875,219.2388458251953,218.86988830566406,-0.3689257502555847,0.0,0.0,nan,nan,nan,nan
895,688.560683041811,3.0068152097895675,229.0,1.066257764429971,0.3444365941559465,0.925764192139738,1.3733493745318863,-25.336217733291733,208.2565155029297,208.48899841308594,209.14614868164062,207.9434051513672,-1.202717661857605,0.0,0.0,nan,nan,nan,nan
896,590.7155170030892,2.535259729626992,233.0,1.1095987048967284,0.3706051949054807,0.9227467811158798,1.4002602969026414,-131.10268785879543,180.26243591308594,204.8195343017578,205.63046264648438,204.5820770263672,-1.0483810901641846,0.0,0.0,nan,nan,nan,nan
897,523.2812079105643,2.6973258139719807,194.0,1.0943844959537483,0.3593693373883239,0.9175257731958762,1.3946036112501823,-121.30428210519585,176.76361083984375,190.24343872070312,191.03627014160156,191.88128662109375,0.8450222015380859,0.0,0.0,nan,nan,nan,nan
898,610.6492859721184,2.7261128838040998,224.0,1.119289217047028,0.3714775569787889,0.9285714285714286,1.4264500635734367,-93.3459846945068,187.8400115966797,218.7700958251953,219.53775024414062,219.8765411376953,0.33877676725387573,0.0,0.0,nan,nan,nan,nan
899,1286.0153246298432,3.2639982858625465,394.0,1.0806346055348717,0.35151534877904034,0.9314720812182741,1.3733956550166269,245.36463027498303,272.0569763183594,258.8457336425781,259.26043701171875,257.7648010253906,-1.4956456422805786,0.0,0.0,nan,nan,nan,nan
900,590.6001913547516,2.6723990559038535,221.0,1.0684472121832302,0.3503623191879355,0.9411764705882353,1.384051925080607,-107.4541012467871,185.99423217773438,199.06158447265625,199.86729431152344,198.8764190673828,-0.9908809065818787,0.0,0.0,nan,nan,nan,nan
901,1440.768724001944,2.9645446995924774,486.0,1.1058726740618163,0.36561603399472054,0.9074074074074074,1.3946839750987619,217.92803565109784,258.86041259765625,250.14698791503906,250.48568725585938,250.47976684570312,-0.005966688971966505,0.0,0.0,nan,nan,nan,nan
902,1038.2652956470847,3.2244263839971574,322.0,1.1004978127258884,0.35818955025890664,0.9316770186335404,1.4059350700968694,140.19807485430056,252.40052795410156,247.0430908203125,247.5513458251953,248.30735778808594,0.7560120820999146,0.0,0.0,nan,nan,nan,nan
903,984.2896777242422,3.164918577891454,311.0,1.0935727557010486,0.35947977464474473,0.9421221864951769,1.388457559215324,108.00604317010857,245.28521728515625,232.42835998535156,232.90721130371094,232.93362426757812,0.026465265080332756,0.0,0.0,nan,nan,nan,nan
904,818.8566620498896,3.032802452036628,270.0,1.075166143379861,0.3515656309570243,0.9259259259259259,1.3903812385029883,23.76639438527127,224.4066619873047,229.6415557861328,230.24986267089844,229.98573303222656,-0.26410725712776184,0.0,0.0,nan,nan,nan,nan
905,606.574261055328,2.7697454842709037,219.0,1.1050058540388359,0.36032414511487565,0.958904109589041,1.4132149638224516,-87.51937950281967,189.37400817871094,219.8964080810547,220.6851806640625,220.78543090820312,0.10021791607141495,0.0,0.0,nan,nan,nan,nan
906,708.8804646134377,2.905247805792777,244.0,1.0627936688892219,0.34810534403189447,0.9221311475409836,1.3656135745061484,-34.721326487097485,211.22865295410156,222.56475830078125,223.2457733154297,222.18490600585938,-1.060871958732605,0.0,0.0,nan,nan,nan,nan
907,803.0887500923127,2.857967082179049,281.0,1.0753208743862446,0.3504661571873575,0.9181494661921709,1.3654504264837113,-13.785103810955889,220.28890991210938,215.1953887939453,215.69573974609375,215.080078125,-0.6156888008117676,0.0,0.0,nan,nan,nan,nan
908,539.0192465223372,2.695096232611686,200.0,1.0527700984081916,0.342068115996905,0.93,1.3703687006818912,-117.448199623596,176.51206970214844,200.2498779296875,201.1586456298828,199.96890258789062,-1.189751386642456,0.0,0.0,nan,nan,nan,nan
909,922.1960316700861,3.0536292439406822,302.0,1.0917398434466565,0.3588032712864383,0.9006622516556292,1.3836841729970177,63.735331311211894,235.8501434326172,233.05528259277344,233.6370849609375,233.80015563964844,0.16309094429016113,0.0,0.0,nan,nan,nan,nan
910,508.45712877064943,2.620913034900255,194.0,1.1214050162597093,0.3766147349781078,0.8969072164948454,1.4152539352810787,-136.12836124511068,168.62013244628906,224.5709228515625,225.430419921875,225.51333618164062,0.0829143300652504,0.0,0.0,nan,nan,nan,nan
911,1145.2826422471553,3.272236120706158,350.0,1.0559057382422095,0.34184289849529576,0.9342857142857143,1.360950503190073,191.76629284689716,265.0652770996094,244.5363006591797,245.02821350097656,244.8334197998047,-0.19482596218585968,0.0,0.0,nan,nan,nan,nan
912,382.6073416043073,2.406335481788096,159.0,1.0892934521486217,0.35269925094222304,0.9056603773584906,1.3533558095413367,-192.66673765211044,140.05282592773438,180.09617614746094,181.10568237304688,180.1741180419922,-0.9315742254257202,0.0,0.0,nan,nan,nan,nan
913,879.4013627953827,3.042911289949421,289.0,1.069122717934241,0.35131139566691116,0.9100346020761245,1.3664263390004243,46.684900718550125,231.36343383789062,228.18263244628906,228.72607421875,228.4586944580078,-0.2673870921134949,0.0,0.0,nan,nan,nan,nan
914,688.3248833343387,2.6993132679777987,255.0,1.115716062397799,0.3685009207853476,0.9411764705882353,1.4067238028472853,-77.06049400484699,200.5076904296875,213.3711700439453,214.06192016601562,215.3538055419922,1.2918905019760132,0.0,0.0,nan,nan,nan,nan
915,559.8982895612717,2.6286304674238106,213.0,1.0946898187846585,0.36083175318919747,0.9295774647887324,1.3838170700839034,-122.31339486670299,180.32965087890625,217.6848602294922,218.50701904296875,217.0282440185547,-1.478749394416809,0.0,0.0,nan,nan,nan,nan
916,854.9696704261005,2.978988398697214,287.0,1.0747275134973844,0.34195421544327803,0.9303135888501742,1.3841023763329046,26.213860392658717,230.11441040039062,183.91763305664062,184.57333374023438,184.42941284179688,-0.14392578601837158,0.0,0.0,nan,nan,nan,nan
917,570.6559971813112,2.8111132866074446,203.0,1.1111690628135857,0.3698687694565552,0.896551724137931,1.3652223853078518,-91.75242702970843,185.0067901611328,216.9503936767578,217.73619079589844,217.2116241455078,-0.5245743989944458,0.0,0.0,nan,nan,nan,nan
918,702.8557752259076,3.0165483915275004,233.0,1.0664399867547534,0.35151687429335005,0.9484978540772532,1.3622751148483307,-18.96242963597706,211.38063049316406,209.13861083984375,209.8995819091797,210.41537475585938,0.5158068537712097,0.0,0.0,nan,nan,nan,nan
919,608.2056139409542,2.7771945842052705,219.0,1.0993767470913265,0.36460155887245127,0.8858447488584474,1.400923151742741,-85.88802661719342,189.31527709960938,216.9140625,217.70477294921875,218.27001953125,0.5652426481246948,0.0,0.0,nan,nan,nan,nan
920,866.7577804103494,2.8325417660468934,306.0,1.0906600421446564,0.3563479090314019,0.9215686274509803,1.4009649881648363,0.37577596469327545,219.04315185546875,230.8303680419922,231.3971405029297,231.79794311523438,0.40081897377967834,0.0,0.0,nan,nan,nan,nan
921,693.9017005413771,2.952773193793094,235.0,1.0674711437745277,0.3432877913536009,0.9319148936170213,1.3786740472291672,-31.87715636389862,205.68565368652344,214.90228271484375,215.74774169921875,216.29843139648438,0.5507163405418396,0.0,0.0,nan,nan,nan,nan
922,812.5846394337714,3.211796993809373,253.0,1.0594295473222233,0.3390681059891174,0.9130434782608695,1.38595325870506,51.15991413797667,236.93312072753906,217.18814086914062,217.8582000732422,214.54327392578125,-3.3149161338806152,0.0,0.0,nan,nan,nan,nan
923,586.5772278299555,2.97754937984749,197.0,1.071137709485093,0.345921525176297,0.9390862944162437,1.3692797273359634,-63.94924025089108,193.09481811523438,208.890869140625,209.7777557373047,210.79025268554688,1.0125014781951904,0.0,0.0,nan,nan,nan,nan
924,1029.9449312873185,3.169061327037903,325.0,1.0558921214706274,0.3410826429949315,0.9384615384615385,1.3805691158175606,125.93673242944783,252.71669006347656,232.01480102539062,232.5094757080078,231.4361572265625,-1.073335886001587,0.0,0.0,nan,nan,nan,nan
925,1108.7054696716368,3.2418288586889967,342.0,1.0616364110636916,0.3488576330041041,0.9385964912280702,1.345808107728743,171.0317284449427,259.7774658203125,254.1324462890625,254.67379760742188,254.4293670654297,-0.2444189190864563,0.0,0.0,nan,nan,nan,nan
926,956.9798125326633,2.9812455219086087,321.0,1.066930066075195,0.3469474467124366,0.9190031152647975,1.3651923334341725,60.89291776157461,236.0164794921875,238.41529846191406,238.94244384765625,238.41574096679688,-0.5266961455345154,0.0,0.0,nan,nan,nan,nan
927,614.2245855173096,2.5592691063221236,240.0,1.0995864593448492,0.359595165052047,0.9333333333333333,1.401346242358995,-121.45590149644363,186.72509765625,191.774658203125,192.48095703125,193.100341796875,0.619396984577179,0.0,0.0,nan,nan,nan,nan
928,916.4453809708357,2.965842656863546,309.0,1.07779786515314,0.354097305909029,0.9449838187702265,1.3832999554493146,44.12239846009311,232.32809448242188,230.926025390625,231.5313720703125,231.05484008789062,-0.47652775049209595,0.0,0.0,nan,nan,nan,nan
929,895.2489169985056,2.897245686079306,309.0,1.0863023211756428,0.357541407429349,0.912621359223301,1.3903576022308592,22.925934487763016,228.5889434814453,221.19300842285156,221.72572326660156,221.75106811523438,0.025336552411317825,0.0,0.0,nan,nan,nan,nan
930,1378.2405130099505,3.305133124724102,417.0,1.06742702115195,0.34886953912575436,0.9256594724220624,1.372200989811449,292.04232015609387,276.53021240234375,256.3179931640625,256.7002868652344,255.89361572265625,-0.8066654205322266,0.0,0.0,nan,nan,nan,nan
931,1250.2884193868376,3.2815969012777892,381.0,1.100842342812057,0.36157285735430317,0.9133858267716536,1.3637748810997834,235.381963314019,267.9561767578125,259.3276062011719,259.79345703125,258.5674743652344,-1.225990653038025,0.0,0.0,nan,nan,nan,nan
932,1847.9873488806188,3.353879036080978,551.0,1.0857145229160994,0.3550536905669455,0.911070780399274,1.3693127900833981,496.42546911956515,296.2078552246094,260.1913146972656,260.47747802734375,261.2302551269531,0.7527735233306885,0.0,0.0,nan,nan,nan,nan
933,578.3447331935167,2.8350232019290034,204.0,1.0557410873768873,0.34298693864248514,0.9019607843137255,1.3624637822702874,-86.04401703919848,192.26332092285156,196.09103393554688,196.90834045410156,196.53472900390625,-0.37361183762550354,0.0,0.0,nan,nan,nan,nan
934,506.7327987793833,2.5085782117791253,202.0,1.0832036474533475,0.3533415026255236,0.9108910891089109,1.3705953647849947,-153.69529940994084,166.0057373046875,207.48008728027344,208.38165283203125,207.88072204589844,-0.5009401440620422,0.0,0.0,nan,nan,nan,nan
935,1162.592970058322,3.067527625483699,379.0,1.0717886403934156,0.3484676906465501,0.9445910290237467,1.3882589592562868,151.64716602889416,254.82009887695312,239.90472412109375,240.40431213378906,239.59786987304688,-0.8064543604850769,0.0,0.0,nan,nan,nan,nan
936,977.2873823530972,3.152539943074507,310.0,1.0775645617587248,0.3550278612772398,0.9,1.3805158856828839,102.98407382065898,247.0390167236328,220.36830139160156,221.03306579589844,220.25503540039062,-0.7780006527900696,0.0,0.0,nan,nan,nan,nan
937,684.4695625798777,2.694762057401093,254.0,1.1260823867266363,0.37408936181575614,0.8661417322834646,1.39439591870216,-78.93548873761256,194.765869140625,229.56625366210938,230.24270629882812,229.85159301757812,-0.3911433815956116,0.0,0.0,nan,nan,nan,nan
938,1307.0599218255375,3.2676498045638436,400.0,1.0910549465102732,0.3584433517100599,0.9325,1.3923164683592393,254.52727134050429,269.9390563964844,252.0164031982422,252.4573974609375,253.15167236328125,0.6942827701568604,0.0,0.0,nan,nan,nan,nan
939,316.45636263489723,2.4531500979449397,129.0,1.1003895877389362,0.3642603073844287,0.9147286821705426,1.379740838886292,-199.40793597065544,126.3332290649414,167.00820922851562,168.3966064453125,168.80178833007812,0.405182421207428,0.0,0.0,nan,nan,nan,nan
940,1606.3171729650348,3.264872302774461,492.0,1.1112175511120634,0.36325576453157987,0.9288617886178862,1.3979610798800874,371.59452848401565,282.7585144042969,252.2700958251953,252.6310272216797,252.14932250976562,-0.48169854283332825,0.0,0.0,nan,nan,nan,nan
941,206.17100726813078,1.9450095025295357,106.0,1.097102542541889,0.36158715329784974,0.9339622641509434,1.4160449237786514,-264.1457928384254,86.86441802978516,166.30332946777344,167.89944458007812,167.90829467773438,0.008852832950651646,0.0,0.0,nan,nan,nan,nan
942,598.0113497078419,2.7431713289350546,218.0,1.0933118625029516,0.36469358824701154,0.9220183486238532,1.3869268010910472,-94.10196482861033,188.84144592285156,215.9969024658203,216.76548767089844,216.17091369628906,-0.5945637822151184,0.0,0.0,nan,nan,nan,nan
943,1574.852809369564,3.4161666146845207,461.0,1.08772139830912,0.3559123574103217,0.9327548806941431,1.3894629848012283,401.52027156110535,289.5425109863281,273.02899169921875,273.3620300292969,271.9674377441406,-1.394598126411438,0.0,0.0,nan,nan,nan,nan
944,198.1605488397181,1.8348198966640565,108.0,1.0660280602448708,0.3432957893029074,0.8981481481481481,1.3817603316349254,-276.1169033102291,84.26224517822266,159.75497436523438,161.37371826171875,160.169921875,-1.2037631273269653,0.0,0.0,nan,nan,nan,nan
945,1201.8565552532673,3.1298347793053836,384.0,1.1184102093303159,0.36562991937540174,0.8932291666666666,1.3978154558067455,181.00912111536218,258.3612976074219,242.5921630859375,243.04212951660156,243.2211456298828,0.17902350425720215,0.0,0.0,nan,nan,nan,nan
946,317.81932138837874,2.133015579787777,149.0,1.086328091274916,0.35069901165000317,0.9194630872483222,1.3475799521147305,-237.6514976510839,119.17682647705078,160.10635375976562,161.17190551757812,160.15237426757812,-1.0195456743240356,0.0,0.0,nan,nan,nan,nan
947,766.9067717045546,3.09236601493772,248.0,1.0680059155533315,0.3484989846192058,0.8911290322580645,1.3728471228419052,15.38367651723729,220.9719696044922,228.6629638671875,229.3759002685547,229.13406372070312,-0.24182449281215668,0.0,0.0,nan,nan,nan,nan
948,667.859498783946,2.568690379938254,260.0,1.0764098363973387,0.3509659691349579,0.9307692307692308,1.364214506882523,-107.42750866371716,192.71949768066406,215.65380859375,216.3043212890625,214.07373046875,-2.2306039333343506,0.0,0.0,nan,nan,nan,nan
949,1037.4447768011596,1.0374447768011597,1000.0,1.1443496413258571,0.38940948300510353,0.88,1.3954994732979626,-1203.2834867011734,93.15869903564453,101.0660629272461,101.14273834228516,101.7458724975586,0.6031349301338196,0.0,0.0,nan,nan,nan,nan
950,674.0550896599889,2.5727293498472856,262.0,1.1088149324528067,0.3649199914867245,0.916030534351145,1.3841059011239625,-105.19256983106538,186.1700897216797,228.43496704101562,229.0281219482422,227.5579376220703,-1.4701731204986572,0.0,0.0,nan,nan,nan,nan
951,1353.3934523854405,3.2300559722802875,419.0,1.0784666448150555,0.35323514971106373,0.9451073985680191,1.3899052180252278,263.23460748819275,272.6058654785156,259.5105285644531,259.9138488769531,259.5114440917969,-0.4023766815662384,0.0,0.0,nan,nan,nan,nan
952,606.8001111149788,2.6155177203231843,232.0,1.0925936431163341,0.36373341926663744,0.8879310344827587,1.383495866900373,-113.03776772521041,185.18528747558594,214.5264129638672,215.24395751953125,216.03964233398438,0.7956807613372803,0.0,0.0,nan,nan,nan,nan
953,586.5455428629139,2.903690806252049,202.0,1.0637942196914743,0.34609224568270974,0.9455445544554455,1.3819006027520224,-73.88255532641028,190.3279266357422,188.98004150390625,189.77589416503906,190.2755584716797,0.499681681394577,0.0,0.0,nan,nan,nan,nan
954,894.7158460468054,2.8135718429144823,318.0,1.099023705515033,0.3595875591452175,0.9245283018867925,1.3822220643288357,4.569929340803128,220.49505615234375,223.70484924316406,224.28564453125,224.75540161132812,0.46976926922798157,0.0,0.0,nan,nan,nan,nan
955,1055.7780430286657,3.1515762478467635,335.0,1.0813881445631925,0.35370596141316374,0.9074626865671642,1.3560784716319627,131.96658395383997,247.40118408203125,250.91502380371094,251.372802734375,252.50596618652344,1.133201241493225,0.0,0.0,nan,nan,nan,nan
956,985.7021169811487,3.0143795626334824,327.0,1.1010754493146553,0.3695218593268902,0.8960244648318043,1.3929025033156788,77.73326607988702,240.15025329589844,243.44869995117188,243.9599609375,243.7880401611328,-0.17194890975952148,0.0,0.0,nan,nan,nan,nan
957,1198.2256527841091,3.433311326028966,349.0,1.0999430645216,0.3576309167954105,0.9398280802292264,1.4139427544577579,246.68962940554638,275.367431640625,236.44024658203125,236.9107208251953,237.22023010253906,0.3095185160636902,0.0,0.0,nan,nan,nan,nan
958,944.7462624162436,3.1077179684744856,304.0,1.0849477261676312,0.3527150123797439,0.9375,1.3674419421233988,82.3249100139783,238.80401611328125,238.6400604248047,239.2364044189453,238.2349853515625,-1.001397728919983,0.0,0.0,nan,nan,nan,nan
959,1382.7204761505127,3.142546536705711,440.0,1.0931496840749633,0.3548244082346862,0.9181818181818182,1.3902506558321654,250.9747847976596,269.0016174316406,245.38511657714844,245.78414916992188,246.3118133544922,0.527685284614563,0.0,0.0,nan,nan,nan,nan
960,1007.6706831902266,3.100525179046851,325.0,1.0949538153675673,0.3573271005232938,0.9261538461538461,1.388238877836107,103.66248433235592,245.98587036132812,244.3451385498047,244.9423065185547,244.5452880859375,-0.39702898263931274,0.0,0.0,nan,nan,nan,nan
961,327.6846447372809,1.8306404733926307,179.0,1.0954526747599425,0.35938384778970184,0.9162011173184358,1.3742233379617121,-287.1959549530468,113.75198364257812,190.36839294433594,191.24156188964844,181.1272430419922,-10.114303588867188,0.0,0.0,nan,nan,nan,nan
962,882.7140077566728,2.9922508737514333,295.0,1.0787511373602927,0.35482784457982247,0.911864406779661,1.3743914712350844,38.11558954966722,227.5507354736328,241.97450256347656,242.5407257080078,241.71292114257812,-0.8277715444564819,0.0,0.0,nan,nan,nan,nan
963,992.9494633357972,3.1825303312044784,312.0,1.0870695277757276,0.35868049540736563,0.9102564102564102,1.38221365906975,114.6855027599679,250.34280395507812,224.02207946777344,224.57215881347656,225.146728515625,0.5745612978935242,0.0,0.0,nan,nan,nan,nan
964,682.1963973981328,2.8663714176392134,238.0,1.1137071443761142,0.3694308422866516,0.9033613445378151,1.3734804756237102,-49.52343757222934,202.48341369628906,221.90708923339844,222.76918029785156,221.58816528320312,-1.1810132265090942,0.0,0.0,nan,nan,nan,nan
965,1015.2237955860946,1.0152237955860945,1000.0,1.1297390379704615,0.38479331443304055,0.881,1.376274223498955,-1225.5044679162384,94.36062622070312,104.79039001464844,104.8806381225586,103.02054595947266,-1.860100507736206,0.0,0.0,nan,nan,nan,nan
966,1520.958872050047,3.4102216862108676,446.0,1.096821786501277,0.359527680708026,0.9327354260089686,1.3836253510766154,377.3312245670206,291.1349182128906,256.56732177734375,256.9703369140625,257.19976806640625,0.2294323444366455,0.0,0.0,nan,nan,nan,nan
967,845.1505031883717,3.3405158228789396,253.0,1.080484173203195,0.35204268769300956,0.9604743083003953,1.3927948748294416,83.72577789257696,240.9004364013672,222.6709442138672,223.32601928710938,222.00413513183594,-1.3218790292739868,0.0,0.0,nan,nan,nan,nan
968,429.3325418494642,2.6020154051482676,165.0,1.0777163675772257,0.35274668389747876,0.9333333333333333,1.3788516515724514,-157.82349353712652,160.7227020263672,171.82012939453125,172.82455444335938,178.76119995117188,5.936653137207031,0.0,0.0,nan,nan,nan,nan
969,1826.7829059436917,3.4209417714301344,534.0,1.0684793283049292,0.34733769113984053,0.9288389513108615,1.3753874845478737,508.88656855146155,298.0600280761719,275.8490905761719,276.175048828125,275.5727844238281,-0.6022347807884216,0.0,0.0,nan,nan,nan,nan
970,653.8926852676086,2.056266305872983,318.0,1.083152750022819,0.3570424288464478,0.9276729559748428,1.3870672449248767,-236.25323143839364,164.6184844970703,201.79368591308594,202.2740936279297,200.88140869140625,-1.3926761150360107,0.0,0.0,nan,nan,nan,nan
971,535.0715074557811,2.42113804278634,221.0,1.0892778725819963,0.36709660871061855,0.9004524886877828,1.3738105483701573,-162.9827851457576,167.461181640625,218.69993591308594,219.48480224609375,219.36280822753906,-0.12200623750686646,0.0,0.0,nan,nan,nan,nan
972,963.4571047183126,3.179726418212253,303.0,1.0840926071061254,0.3527114463021581,0.933993399339934,1.4000818230778878,103.01607833774301,243.72035217285156,237.0304718017578,237.6250457763672,236.89956665039062,-0.7254859209060669,0.0,0.0,nan,nan,nan,nan
973,855.135673718527,2.7147164245032602,315.0,1.09687668411878,0.35750094458840237,0.9206349206349206,1.416410615282167,-29.06926492238881,212.00111389160156,226.30604553222656,226.89212036132812,226.2384490966797,-0.6536737084388733,0.0,0.0,nan,nan,nan,nan
974,743.0258720256388,2.9840396466893124,249.0,1.1590122477754903,0.3872726577330366,0.8714859437751004,1.420296387770929,-10.477549183373867,213.9992218017578,234.10691833496094,234.77139282226562,234.07345581054688,-0.6979517340660095,0.0,0.0,nan,nan,nan,nan
975,735.1389422360808,3.050369054921497,241.0,1.103041401089952,0.3596508538821921,0.9253112033195021,1.4054253675097719,-2.521870799367889,215.66403198242188,221.5821075439453,222.2060546875,222.21096801757812,0.004918806720525026,0.0,0.0,nan,nan,nan,nan
976,1266.0742967044935,3.2630780842899316,388.0,1.0960297145562605,0.35598877397150785,0.9175257731958762,1.394189320340501,237.30555847980622,269.0959777832031,249.66265869140625,250.0696258544922,250.44577026367188,0.37615078687667847,0.0,0.0,nan,nan,nan,nan
977,524.9010320622474,2.5857193697647656,203.0,1.0955056538809924,0.35975485914070443,0.916256157635468,1.3747429080389026,-137.50739214877228,170.19577026367188,202.0070037841797,202.84913635253906,202.37698364257812,-0.47216886281967163,0.0,0.0,nan,nan,nan,nan
978,873.4912058152258,2.7996513006898263,312.0,1.1234854807377517,0.3745118041915081,0.907051282051282,1.402151943129498,-4.772754760603448,216.55992126464844,248.9666290283203,249.52053833007812,246.12890625,-3.3916430473327637,0.0,0.0,nan,nan,nan,nan
979,334.98411763459444,2.0551172861018063,163.0,1.1126268819124379,0.3663766160007406,0.9141104294478528,1.3869503200992817,-248.2112657086052,125.70751953125,155.71420288085938,156.91094970703125,156.4786834716797,-0.4322565793991089,0.0,0.0,nan,nan,nan,nan
980,930.896516084671,2.803905168929732,332.0,1.1091398945476696,0.36256490022688703,0.9307228915662651,1.3964469481951831,13.02603507493177,224.49635314941406,240.32713317871094,240.80393981933594,239.42161560058594,-1.3822999000549316,0.0,0.0,nan,nan,nan,nan
981,654.5905905757099,2.607930639743864,251.0,1.1331930220395814,0.37957926071840303,0.852589641434263,1.3877732985921678,-102.87348267669381,190.69630432128906,221.51715087890625,222.20797729492188,222.06626892089844,-0.14171114563941956,0.0,0.0,nan,nan,nan,nan
982,2320.0478126704693,3.4269539330435292,677.0,1.0955573840048456,0.35806484048772724,0.9217134416543574,1.3859525628852105,718.9648541757824,310.8813781738281,277.5932312011719,277.82403564453125,278.12213134765625,0.2981101870536804,0.0,0.0,nan,nan,nan,nan
983,1595.274913057685,3.37267423479426,473.0,1.0995541916975218,0.3610856373583492,0.9344608879492601,1.391391827291951,398.17846298888026,288.0725402832031,271.8139343261719,272.18597412109375,272.9668273925781,0.7808715105056763,0.0,0.0,nan,nan,nan,nan
984,791.0599504716229,3.139126787585805,252.0,1.0853442382512655,0.34940147905057833,0.9126984126984127,1.389338853090279,31.6155511975237,228.5907440185547,201.10794067382812,201.73983764648438,201.39649963378906,-0.3433266282081604,0.0,0.0,nan,nan,nan,nan
985,1216.0364074038807,3.2777261655091126,371.0,1.1135667140519683,0.36629945791400675,0.9191374663072777,1.3929230560319876,220.93321154801697,268.63671875,259.0879211425781,259.5501708984375,259.2021484375,-0.3480257987976074,0.0,0.0,nan,nan,nan,nan
986,1043.4760945215821,2.95602293065604,353.0,1.0754652958093442,0.3469526088932649,0.9121813031161473,1.3884288602367099,84.0187670562375,244.713623046875,225.82374572753906,226.32492065429688,225.31195068359375,-1.0129666328430176,0.0,0.0,nan,nan,nan,nan
987,1539.9606509339064,3.1686433146788198,486.0,1.1065033728247735,0.35894400587834446,0.9238683127572016,1.4162049700168888,317.1199625830602,277.384765625,261.52447509765625,261.83612060546875,261.7157897949219,-0.1203240305185318,0.0,0.0,nan,nan,nan,nan
988,1468.0280342027545,3.110228886022785,472.0,1.1044522820361817,0.36378387494705283,0.9173728813559322,1.3825823656934864,272.9119101556453,268.00164794921875,260.7743225097656,261.09271240234375,261.4610595703125,0.3683398365974426,0.0,0.0,nan,nan,nan,nan
989,1099.2315316807944,3.028186037688139,363.0,1.1129956091465785,0.3651065633947494,0.928374655647383,1.3955830863963083,119.9709439984947,252.34263610839844,246.67465209960938,247.18218994140625,246.7109832763672,-0.47120243310928345,0.0,0.0,nan,nan,nan,nan
990,1561.5720782130957,3.4095460222993355,458.0,1.1092446049691365,0.3622320127874823,0.925764192139738,1.3879193280387452,394.18051846972344,291.4997253417969,263.3665466308594,263.72662353515625,265.03533935546875,1.3087373971939087,0.0,0.0,nan,nan,nan,nan
991,1392.0046189166605,3.100233004268732,449.0,1.0825944546818278,0.3578553012192043,0.9153674832962138,1.3781611073190738,242.43599336854777,262.15399169921875,255.51116943359375,255.87693786621094,256.5343933105469,0.657457709312439,0.0,0.0,nan,nan,nan,nan
992,1121.5347283482552,3.1771522049525642,353.0,1.0882344600660028,0.35936478754174406,0.8895184135977338,1.3662176293860457,162.07740088291052,256.55706787109375,251.85220336914062,252.288330078125,251.80223083496094,-0.4861097037792206,0.0,0.0,nan,nan,nan,nan
993,1615.061156898737,3.4436272002105266,469.0,1.0793220999418194,0.35297790783411626,0.9211087420042644,1.3765522366057648,425.8860109167142,293.71112060546875,261.93646240234375,262.2525329589844,261.6330871582031,-0.6194663643836975,0.0,0.0,nan,nan,nan,nan
994,947.3219221122563,2.951158635863727,321.0,1.1166068400921236,0.3668455831951141,0.9065420560747663,1.3978700574907639,51.23502734116755,236.0708770751953,228.8281707763672,229.37828063964844,229.52784729003906,0.1495421677827835,0.0,0.0,nan,nan,nan,nan
995,1096.95608679438,3.216880019924868,341.0,1.0787053082555433,0.3535399312543046,0.9090909090909091,1.380718266708181,161.2626715893814,256.34869384765625,246.7246551513672,247.2652130126953,247.8468017578125,0.5815749764442444,0.0,0.0,nan,nan,nan,nan
996,530.5353884174547,2.4561823537845124,216.0,1.102929796743614,0.36585118560649366,0.9212962962962963,1.4027962530224205,-157.61727407560647,170.47067260742188,193.5079803466797,194.29527282714844,194.5681610107422,0.2728853225708008,0.0,0.0,nan,nan,nan,nan
997,1195.3980742450804,3.357859759115394,356.0,1.0932124993985244,0.3592964209866374,0.9213483146067416,1.3787210672648909,229.99976871464924,270.4872131347656,254.93771362304688,255.47084045410156,255.8719482421875,0.4011228680610657,0.0,0.0,nan,nan,nan,nan
998,699.2479331493378,2.9380165258375537,238.0,1.1073298716335251,0.36590218620679044,0.9369747899159664,1.4021271426612707,-32.4719018210244,209.85809326171875,218.16500854492188,218.89781188964844,218.6702117919922,-0.2275887429714203,0.0,0.0,nan,nan,nan,nan
999,193.550930082798,1.9163458424039406,101.0,1.0918827956009587,0.35896301155728544,0.9108910891089109,1.3740194519491806,-266.8642399152807,79.5272216796875,170.6895294189453,173.04660034179688,173.80470275878906,0.7580845952033997,0.0,0.0,nan,nan,nan,nan
1000,1695.5438717741054,3.2795819570098748,517.0,1.0945644312078193,0.362009704386744,0.9148936170212766,1.3877267992306035,411.31307675069866,284.52178955078125,270.96807861328125,271.3464660644531,271.41168212890625,0.06521759927272797,0.0,0.0,nan,nan,nan,nan
1001,1609.391108635813,3.476006714116227,463.0,1.0985254680028225,0.3594413008247526,0.9352051835853131,1.406318277624933,432.0979187839632,299.14910888671875,265.8553771972656,266.24859619140625,266.8966979980469,0.6480737328529358,0.0,0.0,nan,nan,nan,nan
1002,968.4749182462692,3.084315026262004,314.0,1.0899656956367172,0.35639114103114655,0.9203821656050956,1.3787069077971443,86.2503056270491,242.44989013671875,231.57620239257812,232.10855102539062,232.62965393066406,0.5210956931114197,0.0,0.0,nan,nan,nan,nan
1003,2127.022478096187,3.5215603941989855,604.0,1.093083774153512,0.35830943576598717,0.8990066225165563,1.3915596165202537,670.503319185272,315.47796630859375,272.61004638671875,272.9031066894531,273.4336853027344,0.5305587649345398,0.0,0.0,nan,nan,nan,nan
1004,788.5011400356889,2.7378511806794754,288.0,1.1329760636137505,0.3749571805893976,0.9340277777777778,1.4167985181286638,-42.23499601944832,212.92453002929688,228.93112182617188,229.49774169921875,230.04833984375,0.5505726337432861,0.0,0.0,nan,nan,nan,nan
1005,1161.8802927373908,3.4072735857401493,341.0,1.1143927337853452,0.3606767767515634,0.9325513196480938,1.4023472257963019,226.18687753239215,272.92919921875,241.62893676757812,242.1357421875,241.64268493652344,-0.49305322766304016,0.0,0.0,nan,nan,nan,nan
1006,423.2993040252477,2.2636326418462445,187.0,1.1072420101305507,0.3668579353182908,0.9197860962566845,1.4092158551658371,-207.42390383864404,141.82785034179688,208.3726806640625,209.27557373046875,208.2187042236328,-1.0568547248840332,0.0,0.0,nan,nan,nan,nan
1007,791.9992033913732,2.7985837575666896,283.0,1.1160294766144894,0.37056867573727703,0.9328621908127208,1.404171831204486,-28.83530255528649,216.18753051757812,217.61447143554688,218.21090698242188,217.0250244140625,-1.185891032218933,0.0,0.0,nan,nan,nan,nan
1008,1430.1699933707714,3.3337295882768565,429.0,1.1025178481485938,0.36218800996695255,0.9090909090909091,1.3852596003603075,320.2078882565686,285.4504089355469,244.32518005371094,244.71693420410156,245.6904754638672,0.9735484719276428,0.0,0.0,nan,nan,nan,nan
1009,463.3117525745183,2.662711221692634,174.0,1.0832635917780693,0.35364610261093804,0.9252873563218391,1.3744813972433825,-141.66721700733183,165.6970672607422,166.9624481201172,168.0020751953125,167.1824493408203,-0.8196033835411072,0.0,0.0,nan,nan,nan,nan
1010,262.1436992958188,1.899592023882745,138.0,1.0643091045363708,0.3474254022379955,0.8985507246376812,1.3642310538865579,-271.5435335049933,104.15643310546875,172.44508361816406,173.93115234375,173.98611450195312,0.05497078225016594,0.0,0.0,nan,nan,nan,nan
1011,1368.8194414712489,3.3965742964547117,403.0,1.1056934729557362,0.360577698397177,0.9007444168734491,1.4050554977496315,310.3458129211292,282.83660888671875,255.6327362060547,256.0525207519531,255.80532836914062,-0.2471950650215149,0.0,0.0,nan,nan,nan,nan
1012,971.6869990285486,3.175447709243623,306.0,1.1192340580811908,0.3714097823107144,0.8986928104575164,1.4014209765412233,105.3049945828925,243.1594696044922,257.2725524902344,257.7908935546875,257.13946533203125,-0.6514407396316528,0.0,0.0,nan,nan,nan,nan
1013,271.2371051479131,1.6952319071744568,160.0,1.1046044101995889,0.36523856653778547,0.95625,1.3896840976752867,-306.01730013020006,101.43355560302734,169.60543823242188,170.71713256835938,171.55096435546875,0.8338279724121094,0.0,0.0,nan,nan,nan,nan
1014,1249.6416808487847,3.323515108640385,376.0,1.0940814829863958,0.3595144273282866,0.9069148936170213,1.3801314896134695,244.63685488444344,274.74774169921875,247.11265563964844,247.5350341796875,247.3418731689453,-0.19317328929901123,0.0,0.0,nan,nan,nan,nan
1015,802.834166187793,2.8570610896362743,281.0,1.1040378787836678,0.36301727324761757,0.9252669039145908,1.3951743286321243,-14.039687715475566,216.7764434814453,221.69741821289062,222.24627685546875,222.57070922851562,0.32442545890808105,0.0,0.0,nan,nan,nan,nan
1016,1563.816333372146,3.3414878918208246,468.0,1.1166759225187348,0.3704967899453638,0.9230769230769231,1.4120114278150073,376.6215134118188,286.3108825683594,273.0940856933594,273.4941711425781,272.04949951171875,-1.44467031955719,0.0,0.0,nan,nan,nan,nan
1017,614.3301142156124,2.7797742724688344,221.0,1.1096540014198166,0.36592225515454674,0.8778280542986425,1.3928028205978866,-83.72417838592628,190.06224060058594,210.40875244140625,211.1522979736328,209.4550323486328,-1.6972581148147583,0.0,0.0,nan,nan,nan,nan
1018,926.3289781622589,3.140098231058505,295.0,1.0891253897257838,0.35714410258875373,0.9457627118644067,1.373354309194165,81.73055995525328,240.9597930908203,239.13720703125,239.78506469726562,240.53823852539062,0.7531496286392212,0.0,0.0,nan,nan,nan,nan
1019,710.5500299967825,2.732884730756856,260.0,1.092356581463828,0.350794644079351,0.9346153846153846,1.400117825615706,-64.73697745088066,205.02024841308594,195.17556762695312,195.86959838867188,196.45343017578125,0.5838423371315002,0.0,0.0,nan,nan,nan,nan
1020,403.58749085851014,2.360160765254445,171.0,1.1384672085747514,0.3826520219517846,0.9181286549707602,1.395764439431889,-195.45050065825353,141.32110595703125,186.62062072753906,187.60220336914062,185.94972229003906,-1.652489185333252,0.0,0.0,nan,nan,nan,nan
1021,647.4668465736322,2.664472619644577,243.0,1.095171046075937,0.3614083973362541,0.9382716049382716,1.406263351521239,-94.15461850520751,193.7198486328125,213.79249572753906,214.4759521484375,215.14788818359375,0.6719304919242859,0.0,0.0,nan,nan,nan,nan
1022,1086.1600221432745,3.094472997559187,351.0,1.0874656990278915,0.35436638733978487,0.9401709401709402,1.385664411913477,130.66334672132075,246.49969482421875,243.67152404785156,244.13015747070312,244.82785034179688,0.6976739168167114,0.0,0.0,nan,nan,nan,nan
1023,1417.9346957094967,3.2079970491165084,442.0,1.103326763738988,0.3608103400815509,0.9004524886877828,1.4008944520388715,282.22835231325257,276.8259582519531,250.10760498046875,250.4709930419922,250.36415100097656,-0.10686226934194565,0.0,0.0,nan,nan,nan,nan
1024,663.7176212742925,2.885728788149098,230.0,1.0894330400373478,0.3587984782078622,0.9043478260869565,1.3683746441120834,-52.15960552250567,203.28668212890625,214.6595458984375,215.3136444091797,215.63624572753906,0.322610467672348,0.0,0.0,nan,nan,nan,nan
1025,586.1446774806827,2.664293988548558,220.0,1.1271977475768924,0.3738703205024428,0.8954545454545455,1.3981345440584334,-109.92928909916043,181.646484375,211.8848876953125,212.67617797851562,213.716796875,1.0406440496444702,0.0,0.0,nan,nan,nan,nan
1026,1257.1651639603078,3.256904569845357,386.0,1.0665983056500596,0.34884751315827006,0.917098445595855,1.3624168535712413,232.35707777901166,266.307373046875,253.22744750976562,253.6996307373047,254.30712890625,0.6075097322463989,0.0,0.0,nan,nan,nan,nan
1027,944.7955481465906,2.925063616552912,323.0,1.0957142048814779,0.36239798373456944,0.9442724458204335,1.3811992200656122,44.74800133211079,230.1170196533203,244.67543029785156,245.20706176757812,243.16224670410156,-2.0448341369628906,0.0,0.0,nan,nan,nan,nan
1028,648.1057946570218,2.4549461918826583,264.0,1.1008489561187353,0.36006658567419786,0.928030303030303,1.4000637480105262,-135.10251687742334,185.43431091308594,202.40321350097656,202.956298828125,201.71192932128906,-1.2443673610687256,0.0,0.0,nan,nan,nan,nan
1029,1206.9992227153853,3.071244841514975,393.0,1.0848210383540264,0.3535053606491763,0.916030534351145,1.3960782648656345,168.32885438222047,255.0226287841797,241.7916259765625,242.197998046875,243.87210083007812,1.6740964651107788,0.0,0.0,nan,nan,nan,nan
1030,558.4426196143031,2.460099645877987,227.0,1.1164041030583756,0.36935672530163016,0.9162995594713657,1.3999591568687217,-151.49362911740855,173.90721130371094,210.240966796875,210.9759063720703,211.15394592285156,0.1780383139848709,0.0,0.0,nan,nan,nan,nan
1031,830.9177823886275,2.835896868220572,293.0,1.1136729870862219,0.3619818907970012,0.9180887372013652,1.407733939925481,-9.719983774987213,218.82469177246094,211.4774932861328,212.06591796875,212.68438720703125,0.6184756755828857,0.0,0.0,nan,nan,nan,nan
1032,958.0190744455904,2.706268571880199,354.0,1.0984015651322454,0.36418058248287205,0.9293785310734464,1.3816988591920647,-3.4185790414499024,223.74771118164062,238.28155517578125,238.77902221679688,238.8837432861328,0.10472621768712997,0.0,0.0,nan,nan,nan,nan
1033,504.84184565395117,2.5116509734027423,201.0,1.098705188489187,0.35767480013251096,0.8805970149253731,1.3811177538605435,-153.60592651367756,162.393310546875,193.0640106201172,193.89581298828125,194.02529907226562,0.12949246168136597,0.0,0.0,nan,nan,nan,nan
1034,1299.7503105222713,3.2332097276673415,402.0,1.074346384885258,0.3517904207811697,0.9303482587064676,1.3739724938344076,243.25700799384708,271.9838562011719,259.8255920410156,260.2210388183594,258.512939453125,-1.7081295251846313,0.0,0.0,nan,nan,nan,nan
1035,714.136989437975,2.8565479577519,250.0,1.1020122640028622,0.35489537331958615,0.936,1.395685231134103,-41.346757792733115,210.8628692626953,223.07415771484375,223.64781188964844,223.30007934570312,-0.34772545099258423,0.0,0.0,nan,nan,nan,nan
1036,793.9686940386891,2.8976959636448507,274.0,1.0893724280005372,0.35834956443164706,0.8978102189781022,1.3792438597678778,-9.04287771271106,219.4443359375,219.7949981689453,220.36651611328125,220.93594360351562,0.569450855255127,0.0,0.0,nan,nan,nan,nan
1037,847.7280434900895,3.1052309285351263,273.0,1.1163285706828006,0.3635707058357574,0.9230769230769231,1.4041809164096337,46.6967977603847,231.3974151611328,228.86996459960938,229.3924102783203,228.09507751464844,-1.2973246574401855,0.0,0.0,nan,nan,nan,nan
1038,472.64504131500144,2.4876054806052705,190.0,1.1292647589456426,0.37828641871808366,0.868421052631579,1.4063667380922318,-164.01914461397678,155.8424835205078,215.70826721191406,216.65997314453125,215.3760223388672,-1.2839467525482178,0.0,0.0,nan,nan,nan,nan
1039,920.169372215867,3.1512649733420104,292.0,1.0957965118712572,0.3593724047274491,0.910958904109589,1.3910497682663447,81.51193207394795,239.0368194580078,244.67616271972656,245.2654571533203,244.88710021972656,-0.37839099764823914,0.0,0.0,nan,nan,nan,nan
1040,1116.6754789324477,3.22738577726141,346.0,1.0786612705880478,0.3543801452193601,0.9248554913294798,1.387445968900472,171.08043361897148,257.81427001953125,233.80703735351562,234.28436279296875,235.38031005859375,1.0959473848342896,0.0,0.0,nan,nan,nan,nan
1041,648.9085512161255,2.8336617957036045,229.0,1.0526240851904245,0.3376287863352756,0.9519650655021834,1.4060969352288286,-64.98834955897723,202.61439514160156,199.8895263671875,200.6226806640625,200.64414978027344,0.021476712077856064,0.0,0.0,nan,nan,nan,nan
1042,1186.85152515769,3.30599310628883,359.0,1.0628793042991043,0.34326701513705593,0.9164345403899722,1.381613585613363,215.51224156217245,270.44476318359375,245.2443389892578,245.67605590820312,246.1751251220703,0.4990657567977905,0.0,0.0,nan,nan,nan,nan
1043,1018.9061583578587,2.953351183645967,345.0,1.0904313382204625,0.36019172263579163,0.9130434782608695,1.3876891897919184,75.29143906607806,239.54193115234375,241.48623657226562,241.90122985839844,241.54757690429688,-0.3536446690559387,0.0,0.0,nan,nan,nan,nan
1044,780.3089810293168,3.0362217160673803,257.0,1.092447897637605,0.359866871931572,0.9260700389105059,1.3861528593748602,10.962951646740066,220.65098571777344,238.40396118164062,239.02166748046875,238.2581329345703,-0.763555645942688,0.0,0.0,nan,nan,nan,nan
1045,599.2618809640408,2.6872730088073578,223.0,1.084219700052599,0.3559239802891472,0.9147982062780269,1.4060731980557148,-102.753063680889,183.8893585205078,191.1806182861328,191.96499633789062,191.63946533203125,-0.3255550265312195,0.0,0.0,nan,nan,nan,nan
1046,389.6257147472352,2.3757665533368,164.0,1.111865538408021,0.3681605625561651,0.9207317073170732,1.3946895315680041,-195.54999461766,139.36695861816406,197.39059448242188,198.54852294921875,197.45326232910156,-1.0952532291412354,0.0,0.0,nan,nan,nan,nan
1047,610.8455506116152,2.76400701634215,221.0,1.0934253018857163,0.3639413873483476,0.9049773755656109,1.3891208083255622,-87.20874198992351,189.1444854736328,213.6710205078125,214.49884033203125,215.15740966796875,0.6585798263549805,0.0,0.0,nan,nan,nan,nan
1048,1013.3771922960877,2.9805211538120226,340.0,1.1001201583939846,0.36034895356967944,0.8970588235294118,1.3949436355949751,79.66410311278446,237.473388671875,227.5767059326172,228.10928344726562,227.8628692626953,-0.24641786515712738,0.0,0.0,nan,nan,nan,nan
1049,693.1702903434634,2.876225271134703,241.0,1.1009090662611234,0.35853855024873804,0.9377593360995851,1.3907945477284316,-44.490522691985234,204.806884765625,219.2064666748047,219.9038543701172,218.4137420654297,-1.4900965690612793,0.0,0.0,nan,nan,nan,nan
1050,1367.838796970551,3.264531735013248,419.0,1.0720404424505159,0.3511771264692034,0.9284009546539379,1.3784336441242024,277.6799520733032,273.1231384277344,255.70303344726562,256.1149597167969,255.16281127929688,-0.9521405696868896,0.0,0.0,nan,nan,nan,nan
1051,716.8065685667098,2.8110061512419993,255.0,1.1060056035760446,0.36844094768516544,0.9019607843137255,1.3880993787518692,-48.578808772475895,204.1341552734375,229.93112182617188,230.60435485839844,230.33799743652344,-0.2663571834564209,0.0,0.0,nan,nan,nan,nan
1052,786.8557529002428,3.085708834902913,255.0,1.071428814112582,0.3500213544130221,0.9450980392156862,1.3798134976583143,21.470375561057153,224.6895294189453,217.50811767578125,218.1585235595703,217.68894958496094,-0.4695766270160675,0.0,0.0,nan,nan,nan,nan
1053,791.548024924472,2.867927626537942,276.0,1.08273429346776,0.3559144230247059,0.9239130434782609,1.3736438553976413,-15.424198870319287,216.1305694580078,227.57861328125,228.29237365722656,229.14109802246094,0.8487138748168945,0.0,0.0,nan,nan,nan,nan
1054,476.7449812926352,2.3957034235810815,199.0,1.0448585140488185,0.3411526032714711,0.949748743718593,1.369202183692465,-177.74213883160246,155.84071350097656,161.35528564453125,162.22491455078125,163.39279174804688,1.1678651571273804,0.0,0.0,nan,nan,nan,nan
1055,529.7595543675125,2.584192948134207,205.0,1.1431933130245642,0.3801559555385928,0.9170731707317074,1.4117035354807197,-136.60952188689816,172.91424560546875,202.51002502441406,203.4008331298828,203.05148315429688,-0.3493242859840393,0.0,0.0,nan,nan,nan,nan
1056,236.7928546257317,2.2989597536478805,103.0,1.1175879318789002,0.37644480138528846,0.9320388349514563,1.3925181257149974,-227.58296741573793,103.9105224609375,181.97633361816406,183.54171752929688,183.853271484375,0.3115576505661011,0.0,0.0,nan,nan,nan,nan
1057,791.6241534901783,2.807177849255951,282.0,1.081558014546775,0.35091348581924137,0.9397163120567376,1.3997868681388133,-27.23002643478594,215.9227294921875,211.01339721679688,211.63369750976562,211.1248321533203,-0.5088609457015991,0.0,0.0,nan,nan,nan,nan
1058,771.1734636514448,2.5201747178151788,306.0,1.0984134914940138,0.3601015339311175,0.9215686274509803,1.405807766833214,-95.20854079421133,202.80154418945312,200.9569091796875,201.5481719970703,199.71669006347656,-1.8314858675003052,0.0,0.0,nan,nan,nan,nan
1059,561.3936369197909,2.4840426412380125,226.0,1.095828177274476,0.36180885844698435,0.9336283185840708,1.4078069702943619,-146.56228579022536,175.3335723876953,212.55039978027344,213.29275512695312,213.6660614013672,0.37330928444862366,0.0,0.0,nan,nan,nan,nan
1060,1444.2395298928022,3.066325965802128,471.0,1.0943526335336506,0.36337422230523986,0.9002123142250531,1.3890859897897785,251.10373186738843,262.8898010253906,255.96888732910156,256.3310546875,257.5569152832031,1.2258449792861938,0.0,0.0,nan,nan,nan,nan
1061,197.5365173369646,1.763718904794327,112.0,1.1258103761801899,0.36635202102548814,0.9642857142857143,1.4169688286527555,-284.6622388997646,79.4262924194336,156.1850128173828,158.12001037597656,158.171142578125,0.05110236629843712,0.0,0.0,nan,nan,nan,nan
1062,1029.208422780037,3.000607646589029,343.0,1.072655561826416,0.34808790079110724,0.9300291545189504,1.375382704820522,89.55435553164716,243.68630981445312,243.17616271972656,243.67105102539062,243.87181091308594,0.20075325667858124,0.0,0.0,nan,nan,nan,nan
1063,606.5163407754153,2.0771107560801894,292.0,1.1005734778614351,0.3634141424507887,0.9178082191780822,1.3964265479339062,-232.1410993665038,161.6886444091797,185.28623962402344,185.92767333984375,187.25624084472656,1.3285527229309082,0.0,0.0,nan,nan,nan,nan
1064,959.6366911418736,2.980238171248055,322.0,1.0922139849156483,0.3550870572128232,0.9472049689440993,1.3923427801466997,61.56947034908944,234.73724365234375,234.02178955078125,234.53799438476562,235.15292358398438,0.6149430274963379,0.0,0.0,nan,nan,nan,nan
1065,1003.4189120648662,1.0034189120648662,1000.0,1.130216949846808,0.38409109241620654,0.871,1.384584807795441,-1237.3093514374668,90.19000244140625,101.1704330444336,101.26693725585938,100.5216064453125,-0.7453288435935974,0.0,0.0,nan,nan,nan,nan
1066,12.098928732797503,0.526040379686848,23.0,1.115175661311787,0.3565444038452014,0.8695652173913043,1.379781186234592,-293.85081157303216,5.570619583129883,194.68679809570312,195.78562927246094,193.53524780273438,-2.25038480758667,0.0,0.0,nan,nan,nan,nan
1067,1376.5125523470342,3.4412813808675855,400.0,1.104807249199987,0.3633118465504958,0.91,1.4078042824566739,323.97990186200104,283.8375244140625,257.1410827636719,257.6150817871094,257.14874267578125,-0.46630820631980896,0.0,0.0,nan,nan,nan,nan
1068,874.0287419054657,2.8656680062474287,305.0,1.079494620643188,0.3474839996951734,0.9016393442622951,1.4003299001868283,9.627063481505047,227.0140380859375,198.23524475097656,198.81748962402344,198.2343292236328,-0.5831491351127625,0.0,0.0,nan,nan,nan,nan
1069,598.7128144381568,2.892332436899308,207.0,1.0899243841654622,0.3553038620663086,0.9082125603864735,1.3741210002329443,-71.61691385964491,192.46229553222656,210.24154663085938,211.01995849609375,211.7089385986328,0.6890056133270264,0.0,0.0,nan,nan,nan,nan
1070,957.2267023725435,2.8488889951563796,336.0,1.112557417272102,0.3708196031425576,0.9107142857142857,1.3890700097717588,31.43491727602236,229.65357971191406,239.1732177734375,239.63919067382812,239.119140625,-0.5200411677360535,0.0,0.0,nan,nan,nan,nan
1071,413.21319499611855,2.6319311783192263,157.0,1.1280588768725182,0.37171968507962083,0.9299363057324841,1.4047331277466717,-158.10023221690813,150.27125549316406,219.0312042236328,220.08538818359375,218.6576385498047,-1.4277657270431519,0.0,0.0,nan,nan,nan,nan
1072,1846.6060593500733,3.571771874951786,517.0,1.068369902045235,0.34190699993071677,0.9497098646034816,1.3972158911212051,562.3752643266666,313.4534606933594,254.71974182128906,255.03880310058594,255.8579559326172,0.8191712498664856,0.0,0.0,nan,nan,nan,nan
1073,591.5744120851159,2.4244852954308027,244.0,1.1145034687692272,0.374098010264818,0.9098360655737705,1.3880321453993454,-152.02737901541923,176.98324584960938,226.20428466796875,226.8106689453125,225.4810791015625,-1.329620122909546,0.0,0.0,nan,nan,nan,nan
1074,725.9224566295743,2.8806446691649774,252.0,1.1238454454685067,0.3714883837235604,0.9206349206349206,1.4231974302807688,-33.52194264452487,205.30813598632812,223.19076538085938,223.85391235351562,224.6527099609375,0.7987979054450989,0.0,0.0,nan,nan,nan,nan
1075,976.0868397718295,0.9760868397718295,1000.0,1.1276367073051838,0.3852830479134378,0.894,1.374753120475346,-1264.6414237305034,89.17974853515625,95.07081604003906,95.1520004272461,95.35931396484375,0.20731082558631897,0.0,0.0,nan,nan,nan,nan
1076,762.9997686892748,3.0766119705212693,248.0,1.0898014266468703,0.35803745111909957,0.9153225806451613,1.3853603545393693,11.47667350195752,218.8306121826172,227.14413452148438,227.8011932373047,228.63790893554688,0.8367420434951782,0.0,0.0,nan,nan,nan,nan
1077,576.1963398046792,2.717907263229619,212.0,1.1093608600538498,0.3629882518458693,0.9386792452830188,1.4063450270493056,-104.03501860160009,180.7281494140625,219.8695831298828,220.561767578125,220.16156005859375,-0.4001876413822174,0.0,0.0,nan,nan,nan,nan
1078,1433.047405332327,3.2717977290692395,438.0,1.088294749276787,0.3563264058324327,0.9292237442922374,1.3868882367583548,305.2623660228646,282.3070983886719,242.44134521484375,242.8406524658203,243.70628356933594,0.8656297326087952,0.0,0.0,nan,nan,nan,nan
1079,1141.6381157897413,3.2900233884430583,347.0,1.111833939014469,0.36454417135578326,0.9279538904899135,1.4057400440401757,194.0627444545696,262.3440246582031,240.9296417236328,241.45616149902344,240.7593231201172,-0.696848452091217,0.0,0.0,nan,nan,nan,nan
1080,420.1952155828476,2.3344178643491533,180.0,1.0804347641185934,0.35633805601294927,0.9333333333333333,1.3777049839559874,-196.66571012917552,147.40838623046875,183.40615844726562,184.44992065429688,185.43777465820312,0.987858235836029,0.0,0.0,nan,nan,nan,nan
1081,1278.23453898984,3.4269022493025205,373.0,1.1033582956207044,0.3614024411541742,0.9276139410187667,1.3928209245463206,279.1706910905855,278.1951904296875,253.7841033935547,254.1888885498047,254.33677673339844,0.1479039341211319,0.0,0.0,nan,nan,nan,nan
1082,736.9105265252292,2.8898452020597225,255.0,1.0830619079854324,0.35737205862928967,0.9254901960784314,1.3850773151303706,-28.474850813956436,211.5023956298828,215.15223693847656,215.8159637451172,215.420166015625,-0.3958122134208679,0.0,0.0,nan,nan,nan,nan
1083,501.45772323629353,2.3323615034246212,215.0,1.089067613269668,0.3622891861725645,0.9023255813953488,1.3820772916999102,-184.7146132350722,160.703857421875,181.06753540039062,181.85679626464844,185.7986602783203,3.9418485164642334,0.0,0.0,nan,nan,nan,nan
1084,354.3441372811794,2.2426844131720216,158.0,1.0825315114944263,0.3581985151916492,0.8987341772151899,1.3781956731955851,-218.94961595354278,129.2985076904297,196.43228149414062,197.4224090576172,196.30654907226562,-1.1158767938613892,0.0,0.0,nan,nan,nan,nan
1085,871.0715312808752,3.1109697545745543,280.0,1.0931136359949392,0.36269024394118576,0.9142857142857143,1.4043818770367085,56.17800339930204,233.55026245117188,234.58200073242188,235.22396850585938,235.0786895751953,-0.14529536664485931,0.0,0.0,nan,nan,nan,nan
1086,564.9798019742593,2.363932225833721,239.0,1.0768697027554786,0.35420965669409415,0.9163179916317992,1.3846872382194322,-168.7203590177984,171.35133361816406,214.3963165283203,215.18939208984375,214.46273803710938,-0.7266724109649658,0.0,0.0,nan,nan,nan,nan
1087,653.2668108893558,2.7106506675906883,241.0,1.1086577116573486,0.3652987188637388,0.9004149377593361,1.3962258599215491,-84.39400214609282,196.43844604492188,213.0966339111328,213.7515106201172,213.8001708984375,0.04867015406489372,0.0,0.0,nan,nan,nan,nan
1088,820.5391255691648,2.8294452605833267,290.0,1.0792862994670278,0.3552429304881377,0.9206896551724137,1.3762084123721618,-14.157662529363506,215.00677490234375,239.1304473876953,239.66976928710938,240.45477294921875,0.7849685549736023,0.0,0.0,nan,nan,nan,nan
1089,435.72269563766895,2.3054110880299943,189.0,1.1361687775346627,0.3743441325182841,0.8941798941798942,1.4227163147752886,-198.96116426961373,149.6841583251953,195.4528350830078,196.37037658691406,196.37892150878906,0.008557193912565708,0.0,0.0,nan,nan,nan,nan
1090,22.78801168873906,0.7350971512496471,31.0,1.068578131214095,0.3466318827272663,0.9354838709677419,1.4099547420443073,-299.00433679065463,10.118437767028809,180.26190185546875,181.3395233154297,180.92510986328125,-0.4144245386123657,0.0,0.0,nan,nan,nan,nan
1091,1173.7391897607595,3.048673220157817,385.0,1.1259415343702692,0.3714891995650059,0.9090909090909091,1.4008560395180094,150.91142960115872,252.97743225097656,235.42820739746094,235.89918518066406,236.9527130126953,1.0535260438919067,0.0,0.0,nan,nan,nan,nan
1092,419.3750263005495,2.5887347302503056,162.0,1.0976514568337097,0.3643188606418282,0.9259259259259259,1.4032540606157509,-161.8400310209547,151.73733520507812,173.575927734375,174.6620635986328,175.01565551757812,0.3535903990268707,0.0,0.0,nan,nan,nan,nan
1093,786.0063440259546,2.943843985115935,267.0,1.1239807978423342,0.37376754051138333,0.8951310861423221,1.4091916026107905,-3.1429455735769807,220.33474731445312,226.30490112304688,226.93846130371094,225.37649536132812,-1.5619676113128662,0.0,0.0,nan,nan,nan,nan
1094,535.645287707448,2.575217729362731,208.0,1.0702526154491294,0.3513693384827023,0.9038461538461539,1.3953964649637467,-136.6647666120491,175.3167266845703,180.4667205810547,181.29078674316406,182.27159118652344,0.9807853698730469,0.0,0.0,nan,nan,nan,nan
1095,1707.815456956625,3.3684723016895957,507.0,1.0953301908364201,0.35395411243773983,0.9526627218934911,1.4072145662950606,443.3879221501734,293.8831481933594,259.4541015625,259.82525634765625,259.982666015625,0.15740801393985748,0.0,0.0,nan,nan,nan,nan
1096,737.6432481482625,2.7421682087296,269.0,1.1059592739913378,0.36136358887855313,0.9107806691449815,1.4161959701272573,-55.46669349466015,206.7642822265625,195.8780975341797,196.54904174804688,195.5176544189453,-1.0313786268234253,0.0,0.0,nan,nan,nan,nan
1097,779.404243131401,3.1427590448846816,248.0,1.0696372928945979,0.3438443319006104,0.9435483870967742,1.395106065608193,27.88114794408375,226.20545959472656,212.13804626464844,212.8678741455078,212.6865997314453,-0.18127992749214172,0.0,0.0,nan,nan,nan,nan
1098,863.2622920460999,2.997438514048958,288.0,1.076217250371348,0.3474528656914589,0.9444444444444444,1.3955716364828374,32.52615599096271,231.58119201660156,200.02610778808594,200.6136016845703,200.79803466796875,0.18444272875785828,0.0,0.0,nan,nan,nan,nan
1099,982.8298651874065,3.287056405309052,299.0,1.0696397892642746,0.3528002668761173,0.9063545150501672,1.362891686061374,130.31014289361883,254.30526733398438,218.3106689453125,218.8489532470703,218.5397491455078,-0.30920833349227905,0.0,0.0,nan,nan,nan,nan
1100,886.7595390733331,3.1223927432159617,284.0,1.1067801353097615,0.360020014844243,0.8873239436619719,1.4025227761075911,63.94470710497785,235.15025329589844,233.85177612304688,234.4820098876953,234.5395050048828,0.057476501911878586,0.0,0.0,nan,nan,nan,nan
1101,466.5878003574908,2.6066357561870994,179.0,1.0922727596661324,0.35993467366519716,0.9441340782122905,1.4168877895131666,-148.29279933283692,164.866943359375,186.4144744873047,187.49107360839844,187.2386474609375,-0.2524321973323822,0.0,0.0,nan,nan,nan,nan
1102,550.7913099005818,2.6867868775638137,205.0,1.1182054232547254,0.36977110304353894,0.9219512195121952,1.4287390428759084,-115.57776635382879,178.35220336914062,213.7529296875,214.5244598388672,213.75888061523438,-0.7655578851699829,0.0,0.0,nan,nan,nan,nan
1103,776.5848156176507,2.941609150066859,264.0,1.0931592917213062,0.3591702867947834,0.9053030303030303,1.3880616698466974,-6.623495916794354,217.888916015625,218.2830047607422,218.89112854003906,218.23513793945312,-0.6559951305389404,0.0,0.0,nan,nan,nan,nan
1104,492.4684851281345,2.4500919658116143,201.0,1.1037856472533378,0.36645762059025955,0.9353233830845771,1.3735683641182372,-165.97928703949424,162.18711853027344,193.8809814453125,194.71482849121094,194.9713134765625,0.25649651885032654,0.0,0.0,nan,nan,nan,nan
1105,1392.6411782950163,3.3966858007195517,410.0,1.093917829616573,0.35918550715860775,0.9,1.386555270858471,320.305267593028,283.5986328125,256.88067626953125,257.3077087402344,258.9176940917969,1.609995722770691,0.0,0.0,nan,nan,nan,nan
1106,410.2278392892331,2.317671408413746,177.0,1.0652503562396256,0.35058190788733445,0.8870056497175142,1.3626740343248822,-200.69210835770355,141.69680786132812,181.6124725341797,182.5133514404297,185.81466674804688,3.3013153076171875,0.0,0.0,nan,nan,nan,nan
1107,1284.7740955743939,3.2280756170210902,398.0,1.047533998421655,0.34156817878863444,0.9396984924623115,1.3640119544610005,236.20209713275176,264.1162109375,257.5107421875,257.9708251953125,258.2147521972656,0.24391917884349823,0.0,0.0,nan,nan,nan,nan
1108,555.410134986043,2.6322755212608673,211.0,1.1172122552721713,0.36958394355069274,0.8957345971563981,1.3998624252390979,-122.84089739854062,175.2629852294922,207.85101318359375,208.76513671875,207.4325408935547,-1.3325828313827515,0.0,0.0,nan,nan,nan,nan
1109,502.6054154140875,2.4758887458822043,203.0,1.0998092918737634,0.3636070466545878,0.9113300492610837,1.3892580815807742,-159.8030087969322,164.3877410888672,220.32461547851562,221.0888214111328,220.6127166748047,-0.47611889243125916,0.0,0.0,nan,nan,nan,nan
1110,848.277444511652,3.0513577140706905,278.0,1.1179150117552725,0.37320907783667134,0.89568345323741,1.3685107771573646,37.344568673469894,228.9218292236328,240.6071014404297,241.2729034423828,240.77633666992188,-0.4965778589248657,0.0,0.0,nan,nan,nan,nan
1111,1004.8961367931915,1.0048961367931915,1000.0,1.140972994585377,0.3885987322267223,0.877,1.391696208619816,-1235.8321267091414,90.33269500732422,100.32725524902344,100.40575408935547,99.52318572998047,-0.8825744986534119,0.0,0.0,nan,nan,nan,nan
1112,869.6887293569744,3.1625044703889977,275.0,1.0780987078821287,0.3499342428220464,0.9381818181818182,1.3876905877632904,64.69683158387875,239.39682006835938,216.71685791015625,217.35337829589844,217.65426635742188,0.3008822500705719,0.0,0.0,nan,nan,nan,nan
1113,365.8544318038039,1.6260196969057952,225.0,1.0965061421698235,0.3615918777015543,0.9422222222222222,1.407321205451524,-340.1211648845168,113.86134338378906,192.1546630859375,192.88954162597656,191.80117797851562,-1.08837890625,0.0,0.0,nan,nan,nan,nan
1114,727.656917847693,2.6364381081438153,276.0,1.0704671480036734,0.35154229782176627,0.9166666666666666,1.3610101542101531,-79.3153059470983,203.10205078125,214.3794403076172,214.9331817626953,213.87924194335938,-1.0539358854293823,0.0,0.0,nan,nan,nan,nan
1115,620.6789024174213,2.698603923554006,230.0,1.1030571993999916,0.3594477607121614,0.9260869565217391,1.4018421279135045,-95.1983243793768,186.4205780029297,229.92918395996094,230.66195678710938,230.05287170410156,-0.6090890169143677,0.0,0.0,nan,nan,nan,nan
1116,780.4242574628443,2.9561524903895617,264.0,1.112251688341658,0.3632495468423212,0.9090909090909091,1.4118782300886104,-2.784054071600849,217.20179748535156,221.95172119140625,222.62269592285156,222.98065185546875,0.35796576738357544,0.0,0.0,nan,nan,nan,nan
1117,1418.7947235954925,2.9313940570154804,484.0,1.0840398224770467,0.3533934918391812,0.9524793388429752,1.4018818628224907,199.91468728803738,259.1634826660156,248.15652465820312,248.51580810546875,248.93724060058594,0.4214490056037903,0.0,0.0,nan,nan,nan,nan
1118,1060.3532076776028,3.1558131180881035,336.0,1.0927369546066108,0.35786515488172654,0.9166666666666666,1.383997284990831,134.56142258108162,257.0113220214844,237.8472442626953,238.3559112548828,237.63662719726562,-0.7192699909210205,0.0,0.0,nan,nan,nan,nan
1119,2858.0788298025727,3.472756779833017,823.0,1.0743445333376418,0.34814166996732054,0.9161603888213852,1.3849837324012924,967.8682721403429,324.0966796875,271.90435791015625,272.1118469238281,273.57965087890625,1.4678268432617188,0.0,0.0,nan,nan,nan,nan
1120,1431.930685389787,3.4671445166822927,413.0,1.1039340532640602,0.3591913287002627,0.9249394673123487,1.4059490283835954,353.6537966227122,289.83001708984375,252.19886779785156,252.61878967285156,252.32913208007812,-0.28968822956085205,0.0,0.0,nan,nan,nan,nan
1121,911.5711036566645,2.875618623522601,317.0,1.0787182846006362,0.3557736094089485,0.9337539432176656,1.3645175390345363,23.405512972357883,228.52833557128906,240.87928771972656,241.4158172607422,241.541259765625,0.1254512220621109,0.0,0.0,nan,nan,nan,nan
1122,1036.8715884387493,3.29165583631349,315.0,1.1157735177296453,0.3714421021587292,0.9047619047619048,1.3913308007584633,152.66664979783354,255.48646545410156,257.4826965332031,258.0101623535156,258.3289489746094,0.3187764585018158,0.0,0.0,nan,nan,nan,nan
1123,677.9954873253591,2.8487205349805005,238.0,1.105050532441796,0.35948295650481316,0.9159663865546218,1.3970247358699899,-53.724347645003036,204.1582794189453,220.97006225585938,221.64866638183594,220.6277313232422,-1.0209479331970215,0.0,0.0,nan,nan,nan,nan
1124,716.9599071145058,2.999832247341028,239.0,1.091252744904066,0.35778575397380386,0.895397489539749,1.3710712688204245,-16.740253877551936,210.54168701171875,214.47344970703125,215.22210693359375,215.0944061279297,-0.1277007758617401,0.0,0.0,nan,nan,nan,nan
1125,1119.2560628838837,2.945410691799694,380.0,1.096110105268367,0.3609831448688821,0.9263157894736842,1.3739095344366625,106.3299328327605,235.82228088378906,258.0809631347656,258.43426513671875,259.4806213378906,1.046364426612854,0.0,0.0,nan,nan,nan,nan
1126,739.8458255305886,2.9242918005161607,253.0,1.125660796449283,0.3737560243760536,0.9130434782608695,1.4156935833048476,-21.578899765206074,214.33468627929688,227.08689880371094,227.72438049316406,225.99801635742188,-1.726360559463501,0.0,0.0,nan,nan,nan,nan
1127,672.127462733537,2.6152819561616223,257.0,1.0939093034224923,0.35892818974277874,0.8988326848249028,1.3920767450326856,-97.21856664903976,190.5528106689453,224.45689392089844,225.09130859375,225.3932647705078,0.3019706606864929,0.0,0.0,nan,nan,nan,nan
1128,1405.606407031417,3.1445333490635723,447.0,1.0981259868690527,0.3625581574579475,0.9038031319910514,1.3826214268046357,259.9984335266952,269.1556091308594,250.9323272705078,251.3518524169922,250.75970458984375,-0.5921519994735718,0.0,0.0,nan,nan,nan,nan
1129,910.4536389261484,3.1503586122012055,289.0,1.0885802983173096,0.35577714897918056,0.9307958477508651,1.3713987799578682,77.7371768493158,238.5343017578125,222.50633239746094,223.0783233642578,223.47335815429688,0.39501476287841797,0.0,0.0,nan,nan,nan,nan
1130,566.866604346782,2.519407130430142,225.0,1.0924644589364636,0.3513963470106117,0.9333333333333333,1.4151488761279871,-139.10899234153874,176.9263153076172,185.06375122070312,185.77630615234375,186.296875,0.5205625891685486,0.0,0.0,nan,nan,nan,nan
1131,759.2673084698617,2.8330869719024694,268.0,1.0521082324843347,0.3395491941077334,0.9067164179104478,1.3659999018179094,-31.862307151365485,211.22271728515625,222.5692138671875,223.17633056640625,223.249267578125,0.07291042059659958,0.0,0.0,nan,nan,nan,nan
1132,621.7945315092802,2.8135499163315845,221.0,1.105176950014223,0.3601840356153525,0.9321266968325792,1.3880332540755551,-76.25976109225849,195.65174865722656,206.36810302734375,207.13681030273438,206.0305633544922,-1.1062426567077637,0.0,0.0,nan,nan,nan,nan
1133,254.18004749296233,1.7291159693398799,147.0,1.0532899440251848,0.34362481496151104,0.9387755102040817,1.3860367356964134,-297.33011950310936,95.28337097167969,170.6424102783203,172.0475616455078,173.7609100341797,1.7133337259292603,0.0,0.0,nan,nan,nan,nan
1134,1103.6253052651882,3.0071534203411123,367.0,1.1056384240070232,0.36177296904119777,0.8937329700272479,1.4071217563406497,116.44341349610659,246.77735900878906,254.10507202148438,254.54425048828125,253.47511291503906,-1.0691394805908203,0.0,0.0,nan,nan,nan,nan
1135,1037.354680193239,3.1820695711449045,326.0,1.1173994347915113,0.3675879420186489,0.8957055214723927,1.4095268452872096,131.3661553136726,250.1754150390625,254.52865600585938,255.03038024902344,253.61181640625,-1.4185850620269775,0.0,0.0,nan,nan,nan,nan
1136,425.0758659020066,2.2255280937277835,191.0,1.119250440433827,0.37457741369271036,0.8691099476439791,1.3798645185409213,-213.568646048667,146.91317749023438,211.67684936523438,212.58741760253906,212.70030212402344,0.11287741363048553,0.0,0.0,nan,nan,nan,nan
1137,648.2830994948745,3.0870623785470213,210.0,1.0674946077817649,0.3440940562831533,0.9380952380952381,1.390913532067038,-27.9876068680137,207.33016967773438,202.90139770507812,203.73988342285156,203.1085968017578,-0.6312785744667053,0.0,0.0,nan,nan,nan,nan
1138,574.3995472919196,2.7222727359806616,211.0,1.1067286758807848,0.36468600289893194,0.909952606635071,1.4108583944153632,-103.851485092664,181.9490203857422,206.08668518066406,206.8841094970703,205.31260681152344,-1.5714970827102661,0.0,0.0,nan,nan,nan,nan
1139,1030.7726230099797,3.1141166858307545,331.0,1.1303474405699083,0.37647257480561785,0.9214501510574018,1.423822460206779,114.88246802193612,247.9824676513672,253.89364624023438,254.41854858398438,253.037109375,-1.3814380168914795,0.0,0.0,nan,nan,nan,nan
1140,2083.002595998347,3.5485563815985466,587.0,1.08795744391379,0.3571405552551506,0.9148211243611585,1.3629152191680085,660.1489794562551,314.1298522949219,275.348388671875,275.6596984863281,276.4499206542969,0.7902695536613464,0.0,0.0,nan,nan,nan,nan
1141,395.9798520170152,1.979899260085076,200.0,1.0870599660345683,0.3602289821927358,0.905,1.3725634851293398,-260.487594128918,130.00665283203125,182.57057189941406,183.4385528564453,185.28546142578125,1.8468923568725586,0.0,0.0,nan,nan,nan,nan
1142,1566.6645097769797,3.230236102632948,485.0,1.0640572005271636,0.34590463821167733,0.9072164948453608,1.3768941632304046,345.8041474478289,283.7446594238281,246.92816162109375,247.27232360839844,247.96974182128906,0.6974201798439026,0.0,0.0,nan,nan,nan,nan
1143,332.7719041481614,1.315303968965065,253.0,1.0788682480288017,0.3523823492387273,0.9407114624505929,1.3887631677096062,-428.6528211476333,99.7401351928711,135.24493408203125,136.1663360595703,140.3579864501953,4.191652297973633,0.0,0.0,nan,nan,nan,nan
1144,615.6601267009974,2.9317148890523685,210.0,1.0758820412058994,0.3510050339864507,0.8952380952380953,1.3909206383632176,-60.610579661890824,197.4039306640625,208.8233642578125,209.63534545898438,208.46070861816406,-1.1746021509170532,0.0,0.0,nan,nan,nan,nan
1145,1034.3815837353468,3.336714786243054,310.0,1.0709456466615144,0.34925282834562776,0.9129032258064517,1.3683487944373895,160.07827520290857,258.1143798828125,237.79974365234375,238.3001251220703,238.91390991210938,0.6137943863868713,0.0,0.0,nan,nan,nan,nan
1146,846.8395039439201,2.8041043176950997,302.0,1.0921788218061959,0.360247247402657,0.9139072847682119,1.3814545369894156,-11.621196414954056,213.17538452148438,229.84307861328125,230.42276000976562,229.61907958984375,-0.8037107586860657,0.0,0.0,nan,nan,nan,nan
1147,668.5221902318299,2.6956539928702816,248.0,1.110249392561854,0.36853083375254136,0.9314516129032258,1.4022677843430396,-83.00090495548739,196.01577758789062,216.99819946289062,217.76473999023438,217.47091674804688,-0.29382169246673584,0.0,0.0,nan,nan,nan,nan
1148,770.2957015623106,2.683957148300734,287.0,1.0792802968364295,0.3523381178103156,0.9407665505226481,1.3842161032635047,-58.46010847113121,206.76766967773438,205.6207733154297,206.25599670410156,207.14956665039062,0.8935627937316895,0.0,0.0,nan,nan,nan,nan
1149,1200.583507053554,3.1845716367468277,377.0,1.0704851932378971,0.3501163588580593,0.9336870026525199,1.3673090157719285,193.59835506751733,261.8757019042969,240.92771911621094,241.4069061279297,241.0628662109375,-0.3440414071083069,0.0,0.0,nan,nan,nan,nan
1150,871.8787899691379,2.6026232536392175,335.0,1.0848541930431799,0.35800441536545324,0.9313432835820895,1.4024633211564272,-51.932669105687864,211.33978271484375,220.71002197265625,221.20004272460938,222.1463623046875,0.946327805519104,0.0,0.0,nan,nan,nan,nan
1151,492.932252636936,2.220415552418631,222.0,1.0918640602510774,0.3581583416843231,0.9324324324324325,1.400819666820049,-207.10236598629808,155.63587951660156,184.1060028076172,184.8212127685547,183.47586059570312,-1.3453691005706787,0.0,0.0,nan,nan,nan,nan
1152,732.6336001567543,2.4835037293449296,295.0,1.0938930026186569,0.35541491682870097,0.9254237288135593,1.40687420761341,-111.96481805025132,195.5169219970703,206.1553192138672,206.66616821289062,205.8218231201172,-0.8443539142608643,0.0,0.0,nan,nan,nan,nan
1153,2531.7176378294826,3.5309869425794735,717.0,1.0907180245207941,0.3574474490656582,0.9344490934449093,1.4069228427337548,851.4216384669758,323.3168029785156,281.26544189453125,281.49530029296875,283.6814270019531,2.1861305236816406,0.0,0.0,nan,nan,nan,nan
1154,729.4355822876096,2.849357743310975,256.0,1.07186625523186,0.34946811079180407,0.91015625,1.368305086356664,-37.93012107327161,206.24618530273438,206.64556884765625,207.38226318359375,207.75241088867188,0.37013956904411316,0.0,0.0,nan,nan,nan,nan
1155,983.3527886644006,3.1517717585397453,312.0,1.085637816463407,0.35848819060212805,0.9294871794871795,1.3989868525099218,105.08882808857129,245.61984252929688,244.32472229003906,244.90074157714844,244.60562133789062,-0.2951335310935974,0.0,0.0,nan,nan,nan,nan
1156,564.6288181878626,2.6508395220087446,213.0,1.0945012460686385,0.3527903217574179,0.9389671361502347,1.4020803350222621,-117.58286624011203,177.58990478515625,214.47894287109375,215.2369842529297,214.39755249023438,-0.8394231200218201,0.0,0.0,nan,nan,nan,nan
1157,574.1408714205027,2.6580595899097346,216.0,1.0756842579490735,0.35412867490366035,0.9074074074074074,1.3732096428387826,-114.01179107255848,181.82728576660156,197.72438049316406,198.5258026123047,195.79348754882812,-2.7323238849639893,0.0,0.0,nan,nan,nan,nan
1158,747.500454409048,3.0635264524960983,244.0,1.0687160058269136,0.3506339585303286,0.9139344262295082,1.3625548137216006,3.8986633085128233,217.75669860839844,224.91033935546875,225.55978393554688,225.7848358154297,0.22505928575992584,0.0,0.0,nan,nan,nan,nan
1159,838.6914785839617,3.28898619052534,255.0,1.0655899564777853,0.34535401866290405,0.9529411764705882,1.3965173986488943,73.30610124477607,240.48626708984375,213.93576049804688,214.63888549804688,213.85980224609375,-0.7790601253509521,0.0,0.0,nan,nan,nan,nan
1160,1270.161963429302,3.12079106493686,407.0,1.1072511989190308,0.3657126042816062,0.9361179361179361,1.3986339078799717,203.7670307924002,263.3432922363281,246.184814453125,246.653076171875,246.23095703125,-0.42213472723960876,0.0,0.0,nan,nan,nan,nan
1161,767.7929499596357,2.7718157038254,277.0,1.1114765391585948,0.3667300284856837,0.8989169675090253,1.3842371524160242,-41.159599856850946,210.07933044433594,229.06488037109375,229.6400604248047,228.36410522460938,-1.2759675979614258,0.0,0.0,nan,nan,nan,nan
1162,600.2840690761805,2.8050657433466375,214.0,1.0479367823956156,0.33878807831251695,0.9439252336448598,1.361947309571393,-83.90794137348973,189.0042724609375,200.77708435058594,201.53741455078125,202.50430297851562,0.9668557047843933,0.0,0.0,nan,nan,nan,nan
1163,419.0002710670233,2.4792915447752857,169.0,1.1320308991800239,0.37740986013013605,0.9289940828402367,1.4128015846043362,-176.07706840634933,145.8333282470703,206.21434020996094,207.2130584716797,205.7686767578125,-1.4443912506103516,0.0,0.0,nan,nan,nan,nan
1164,260.67296107206494,2.1366636153447947,122.0,1.1025266703952181,0.3613020111919607,0.9508196721311475,1.3970000620242384,-241.32905538161924,104.0062026977539,178.36570739746094,179.8328094482422,180.95428466796875,1.1214343309402466,0.0,0.0,nan,nan,nan,nan
1165,687.7128820307553,2.85358042336413,241.0,1.08687948200076,0.35652034740344274,0.9004149377593361,1.3710201027408442,-49.94793100469337,204.921875,220.872314453125,221.5782470703125,220.82757568359375,-0.7506887912750244,0.0,0.0,nan,nan,nan,nan
1166,554.8781988592236,2.4552132692886,226.0,1.1287035448012281,0.3778026082750987,0.8716814159292036,1.3971245937435028,-153.0777238507926,172.34530639648438,218.53062438964844,219.20481872558594,219.90675354003906,0.7019344568252563,0.0,0.0,nan,nan,nan,nan
1167,926.6364237577654,0.9266364237577654,1000.0,1.1322258195788526,0.3844686916661449,0.898,1.3910431252938982,-1314.0918397445676,87.04022979736328,87.70415496826172,87.78543853759766,88.7491683959961,0.9637348055839539,0.0,0.0,nan,nan,nan,nan
1168,1807.6537344641984,3.3107211253923046,546.0,1.1006007772725048,0.3608340108192893,0.9304029304029304,1.398336947358032,465.993484811622,290.8677978515625,259.0610656738281,259.3911437988281,259.79266357421875,0.4015289545059204,0.0,0.0,nan,nan,nan,nan
1169,350.0163910910487,1.6991086946167413,206.0,1.0864384898378459,0.35208305813866436,0.9271844660194175,1.3915715451958899,-318.33301118505744,113.63167572021484,163.7324981689453,164.6234893798828,166.49095153808594,1.8674489259719849,0.0,0.0,nan,nan,nan,nan
1170,1042.3344429954886,2.9115487234510855,358.0,1.1114295652761041,0.3662868857583607,0.9273743016759777,1.4031076559576103,72.97548542166646,234.57498168945312,237.43016052246094,237.9110870361328,236.88966369628906,-1.0214545726776123,0.0,0.0,nan,nan,nan,nan
1171,443.3028915748,2.23890349280202,198.0,1.1032888246348673,0.3667381332226601,0.9040404040404041,1.377277930623026,-209.20390252774223,144.5899658203125,211.8437957763672,212.7840576171875,211.96603393554688,-0.817996621131897,0.0,0.0,nan,nan,nan,nan
1172,1638.3245826275088,3.3641161860934474,487.0,1.1128561438341966,0.365383951643225,0.917864476386037,1.401794254672996,413.50356825496715,289.27020263671875,266.0313415527344,266.3866271972656,265.5072937011719,-0.8793601393699646,0.0,0.0,nan,nan,nan,nan
1173,1009.3273972403258,1.0093273972403258,1000.0,1.148295678849101,0.39299091706808637,0.869,1.384839974019425,-1231.4008662620072,91.8011245727539,96.8353500366211,96.91862487792969,96.313232421875,-0.6053861379623413,0.0,0.0,nan,nan,nan,nan
1174,1183.2571578286588,3.3051875917001645,358.0,1.0862113056212392,0.35470888566215364,0.88268156424581,1.3729316554925155,213.89820025483664,266.56781005859375,247.40574645996094,247.93997192382812,248.62828063964844,0.6883201599121094,0.0,0.0,nan,nan,nan,nan
1175,787.3707406688482,3.028349002572493,260.0,1.130791858038427,0.37206990613459573,0.926923076923077,1.4342278950355045,12.083733221184957,225.59609985351562,226.9186248779297,227.6041717529297,225.06369018554688,-2.5404903888702393,0.0,0.0,nan,nan,nan,nan
1176,1442.3129558861256,3.292951954077912,438.0,1.0972120841803243,0.35645514082469587,0.906392694063927,1.393155480787857,314.5279165766633,282.9507751464844,251.02552795410156,251.3787078857422,250.68295288085938,-0.6957728862762451,0.0,0.0,nan,nan,nan,nan
1177,927.0417576376349,3.1004741058114877,299.0,1.0727146884225338,0.35132770182748113,0.9096989966555183,1.3726847317559108,74.52203534384716,236.3181915283203,259.29248046875,259.85565185546875,258.850341796875,-1.0053584575653076,0.0,0.0,nan,nan,nan,nan
1178,639.8417101446539,2.84374093397624,225.0,1.0931690472263753,0.3641201543181928,0.9333333333333333,1.3859657908403582,-66.13388654366679,197.70370483398438,219.87628173828125,220.6652374267578,221.15374755859375,0.48848751187324524,0.0,0.0,nan,nan,nan,nan
1179,411.7170217335224,2.3130169760310246,178.0,1.1251601075190933,0.3726566938447072,0.9044943820224719,1.4233670488402443,-201.18325193510975,142.60037231445312,200.66806030273438,201.57408142089844,199.49630737304688,-2.0777533054351807,0.0,0.0,nan,nan,nan,nan
1180,565.663895983249,2.514061759925551,225.0,1.1543996231536608,0.3869888064205319,0.8622222222222222,1.4298839800141732,-140.31170070507176,176.87213134765625,224.73944091796875,225.5655517578125,225.4268341064453,-0.1387069970369339,0.0,0.0,nan,nan,nan,nan
1181,577.7352721430361,2.6623745260047746,217.0,1.1360327598603823,0.3772431052062437,0.9170506912442397,1.4318494212547415,-112.39771637172055,180.11878967285156,212.2997589111328,213.06146240234375,212.45571899414062,-0.605738639831543,0.0,0.0,nan,nan,nan,nan
1182,550.9733290856238,2.5274005921358893,218.0,1.1156368225412256,0.36982586016538144,0.9311926605504587,1.3928250931307387,-141.13998545082836,174.73236083984375,213.1297607421875,213.91134643554688,214.57620239257812,0.6648581027984619,0.0,0.0,nan,nan,nan,nan
1183,582.7676280140877,2.7359982535872662,213.0,1.1080775349870744,0.36664135351227617,0.8967136150234741,1.4010516849357335,-99.44405641388698,183.2102813720703,228.5561981201172,229.3472900390625,229.49655151367188,0.14925517141819,0.0,0.0,nan,nan,nan,nan
1184,723.6685554683208,2.815830955129653,257.0,1.094767954326684,0.360665933652639,0.9182879377431906,1.3716301060593425,-45.67747391425587,206.3040771484375,227.9384765625,228.56283569335938,227.76893615722656,-0.7938894629478455,0.0,0.0,nan,nan,nan,nan
1185,616.709185950458,2.816023680139078,219.0,1.0888290191584555,0.3608428338279273,0.8904109589041096,1.3669480848205402,-77.38445460768958,194.16387939453125,216.33572387695312,217.12942504882812,218.28089904785156,1.1514910459518433,0.0,0.0,nan,nan,nan,nan
1186,1130.750662483275,3.123620614594682,362.0,1.084145372748841,0.35388399002454834,0.914364640883978,1.3822262076450342,153.47040082267085,255.35269165039062,237.8224639892578,238.27415466308594,238.50962829589844,0.23547902703285217,0.0,0.0,nan,nan,nan,nan
1187,353.0049573695287,2.3377811746326405,151.0,1.0957181796287419,0.3588455290886703,0.9337748344370861,1.4081612091978026,-206.426513713325,130.71044921875,156.9518585205078,158.08717346191406,158.58523559570312,0.49807193875312805,0.0,0.0,nan,nan,nan,nan
1188,939.8616414612625,3.1121246406002068,302.0,1.0961336856990433,0.35745696787375536,0.9370860927152318,1.4069329179553192,81.40094110238829,242.3311309814453,219.09092712402344,219.70654296875,220.2456512451172,0.5391207337379456,0.0,0.0,nan,nan,nan,nan
1189,1674.950479194522,3.3701216885201646,497.0,1.1009132890863218,0.3595177440702716,0.9295774647887324,1.3964209075614549,430.32620460502517,289.26873779296875,267.3446960449219,267.67529296875,267.5613098144531,-0.11402644217014313,0.0,0.0,nan,nan,nan,nan
1190,811.6950600408018,3.1461048838790764,258.0,1.0980694649624632,0.35834690471920094,0.9224806201550387,1.4024554381002035,40.36870463652963,227.2555389404297,246.87353515625,247.4970703125,245.19418334960938,-2.3028788566589355,0.0,0.0,nan,nan,nan,nan
1191,695.3526394497603,2.971592476281027,234.0,1.1046774570853368,0.3641500781867999,0.9273504273504274,1.3862204485168004,-28.44589143381984,207.79742431640625,229.1612548828125,229.91650390625,229.6614990234375,-0.25501665472984314,0.0,0.0,nan,nan,nan,nan
1192,886.1856181845069,3.087754767193404,287.0,1.0951397312362159,0.35616507424349503,0.9163763066202091,1.3754756931982093,57.42980815106512,232.2029571533203,228.63768005371094,229.28370666503906,230.25332641601562,0.9696272611618042,0.0,0.0,nan,nan,nan,nan
1193,742.8851533937268,2.9715406135749074,250.0,1.1271149618638037,0.36961747710437826,0.916,1.4208166322896185,-12.598593836981308,215.4007568359375,216.82150268554688,217.50521850585938,215.1087646484375,-2.3964550495147705,0.0,0.0,nan,nan,nan,nan
1194,623.3176044910215,2.7219109366420153,229.0,1.1123977851279985,0.37179540668339184,0.8864628820960698,1.381244205954363,-90.57929628408124,190.3492431640625,219.12254333496094,219.9100341796875,219.7267303466797,-0.18329696357250214,0.0,0.0,nan,nan,nan,nan
1195,1019.1580859944224,3.1455496481309333,324.0,1.0655680625174888,0.34776575979459295,0.9290123456790124,1.3769777447562397,117.13021315824722,247.25033569335938,240.16082763671875,240.74180603027344,239.74118041992188,-1.0006359815597534,0.0,0.0,nan,nan,nan,nan
1196,1575.9515667408705,3.557452746593387,443.0,1.0998737489743773,0.35830386502203476,0.9142212189616253,1.3881086786107668,438.26489732293066,301.0097351074219,259.52789306640625,259.8872985839844,260.9650573730469,1.0777467489242554,0.0,0.0,nan,nan,nan,nan
1197,1051.3202485572547,1.0513202485572546,1000.0,1.1395755004812465,0.38838646822439715,0.866,1.385706460842458,-1189.4080149450783,94.89685821533203,98.51505279541016,98.60198974609375,98.17814636230469,-0.42385658621788025,0.0,0.0,nan,nan,nan,nan
1198,794.036806486547,2.747532202375595,289.0,1.0961778145840777,0.3611619920961128,0.9273356401384083,1.3873926393409366,-38.67965559028562,214.76951599121094,218.84652709960938,219.43992614746094,218.43991088867188,-1.0000207424163818,0.0,0.0,nan,nan,nan,nan
1199,194.53357136249542,1.8527006796428136,105.0,1.0405530729336623,0.3405020143518905,0.9523809523809523,1.3803520451767204,-273.8029027223653,79.31452941894531,170.82981872558594,172.10243225097656,171.7493438720703,-0.35308605432510376,0.0,0.0,nan,nan,nan,nan
1200,709.9797304272652,3.047123306554786,233.0,1.0968869701783321,0.3586357557126736,0.9313304721030042,1.3867411916993473,-11.838474434619457,212.98239135742188,226.16607666015625,226.85498046875,225.20123291015625,-1.653765320777893,0.0,0.0,nan,nan,nan,nan
1201,894.7023819740862,2.992315658776208,299.0,1.0927130716521853,0.3586613281126162,0.9364548494983278,1.4083117985399798,42.18265968029846,230.35733032226562,248.4939422607422,249.052490234375,249.16847229003906,0.1159898117184639,0.0,0.0,nan,nan,nan,nan
1202,474.5778570207767,2.4847008220983073,191.0,1.0795872744719308,0.3504592104878742,0.9476439790575916,1.3804737150532458,-164.0666549298969,159.77456665039062,171.31605529785156,172.18443298339844,173.48748779296875,1.3030729293823242,0.0,0.0,nan,nan,nan,nan
1203,934.3596120355651,2.8399988207767937,329.0,1.0816837794213792,0.35511219854556964,0.9179331306990881,1.3709523804245274,22.43010909091231,228.94790649414062,229.42453002929688,229.9915008544922,230.90382385253906,0.9123204946517944,0.0,0.0,nan,nan,nan,nan
1204,814.7867582142353,2.962860938960856,275.0,1.1094019638936161,0.3683234730240833,0.9018181818181819,1.396571635973327,9.79486044113969,221.8483123779297,227.5717315673828,228.16111755371094,227.63656616210938,-0.5245580077171326,0.0,0.0,nan,nan,nan,nan
1205,1182.3143658228219,3.1954442319535725,370.0,1.0934132755535542,0.35605016277624746,0.9513513513513514,1.3849041052371216,189.19149598865374,255.75270080566406,250.01998901367188,250.48086547851562,251.201416015625,0.7205447554588318,0.0,0.0,nan,nan,nan,nan
1206,731.1935120262206,3.0339979752125332,241.0,1.0968627969864178,0.35975925034645656,0.8962655601659751,1.401577000982354,-6.467301009228095,214.38462829589844,218.92076110839844,219.7168426513672,219.41590881347656,-0.30091243982315063,0.0,0.0,nan,nan,nan,nan
1207,1203.1488958634436,3.1250620671777756,385.0,1.116247128778566,0.36426945664915883,0.9298701298701298,1.423432330206955,180.32113570384286,260.62237548828125,246.84906005859375,247.2816162109375,246.46209716796875,-0.8195427656173706,0.0,0.0,nan,nan,nan,nan
1208,1068.046681234613,3.1047868640541076,344.0,1.0877374593856608,0.35713497019741075,0.9244186046511628,1.3988556818888056,126.41228796452788,246.8234405517578,240.95852661132812,241.41201782226562,240.99168395996094,-0.42033669352531433,0.0,0.0,nan,nan,nan,nan
1209,790.8909242451191,2.8449313821766875,278.0,1.0930840809014992,0.3542669054923019,0.9280575539568345,1.4012546639748904,-20.041951593063004,215.53880310058594,222.59291076660156,223.21653747558594,223.52743530273438,0.3108939826488495,0.0,0.0,nan,nan,nan,nan
1210,778.9788469803752,2.6677357773300523,292.0,1.0885910887059211,0.35612894929537814,0.9246575342465754,1.38435975064365,-59.67859316154386,209.42373657226562,211.85699462890625,212.4559326171875,211.82582092285156,-0.6301339864730835,0.0,0.0,nan,nan,nan,nan
1211,476.77354724518955,2.1096174656866795,226.0,1.05726642598093,0.3362089918839133,0.9292035398230089,1.4026300363971151,-231.1823754648267,148.19322204589844,176.58755493164062,177.29119873046875,178.32864379882812,1.0374350547790527,0.0,0.0,nan,nan,nan,nan
1212,505.1309549100697,2.416894521100812,209.0,1.0565547226712435,0.34482149920051997,0.9521531100478469,1.3790778469747864,-169.15942543112305,160.64659118652344,192.48141479492188,193.26622009277344,194.1510467529297,0.8848330974578857,0.0,0.0,nan,nan,nan,nan
1213,1869.358798891306,3.5072397727791857,533.0,1.0744003094666226,0.3480746644131935,0.9287054409005628,1.3998411984985695,553.4427875207712,307.26513671875,266.4483947753906,266.78240966796875,266.73431396484375,-0.048108555376529694,0.0,0.0,nan,nan,nan,nan
1214,1054.3856357587501,2.9534611645903364,357.0,1.0927712214609233,0.3579960322489285,0.9019607843137255,1.384544071961543,87.00700420662338,241.5641632080078,244.48292541503906,244.96385192871094,244.8226318359375,-0.1412173956632614,0.0,0.0,nan,nan,nan,nan
1215,1164.244645178318,3.3169363110493393,351.0,1.0783535821104187,0.35273513260854905,0.9458689458689459,1.3793496780552352,208.74796975636423,264.3203430175781,252.11912536621094,252.60992431640625,253.0075225830078,0.3975677192211151,0.0,0.0,nan,nan,nan,nan
1216,712.0866816237103,3.004585154530423,237.0,1.0746185641286023,0.34828932438893556,0.8987341772151899,1.3644768381179673,-17.652827324956434,214.35813903808594,213.6432342529297,214.32815551757812,214.12948608398438,-0.19868578016757965,0.0,0.0,nan,nan,nan,nan
1217,597.0429649353027,2.9266812006632485,204.0,1.085683578383337,0.3553588604082785,0.9068627450980392,1.409880536063783,-67.34578529741248,193.1971893310547,205.06210327148438,205.8163604736328,205.7427215576172,-0.07364269345998764,0.0,0.0,nan,nan,nan,nan
1218,1253.4456859817728,3.424714989021237,366.0,1.0868764035016736,0.3536154807601359,0.9207650273224044,1.3855520526630842,268.2441202343866,279.9967956542969,243.53334045410156,243.96661376953125,241.8393096923828,-2.1273348331451416,0.0,0.0,nan,nan,nan,nan
1219,609.9298315178603,2.6065377415293174,234.0,1.0768562617504693,0.3513102498358385,0.9273504273504274,1.388222020051492,-113.86869936571986,183.74072265625,212.16502380371094,212.9107208251953,213.09481811523438,0.18408167362213135,0.0,0.0,nan,nan,nan,nan
1220,881.148810017854,3.113600035398777,283.0,1.1103628075617002,0.3625637469245549,0.9151943462897526,1.4008868787051634,60.31430407119433,238.55877685546875,224.67767333984375,225.28582763671875,225.77415466308594,0.4883107542991638,0.0,0.0,nan,nan,nan,nan
1221,1358.1368069536984,3.2107253119472774,423.0,1.104685921499858,0.3614390423649878,0.9148936170212766,1.3890897183710773,260.0566579696688,272.6217041015625,258.95843505859375,259.37701416015625,259.1882629394531,-0.18873466551303864,0.0,0.0,nan,nan,nan,nan
1222,826.7319308370352,2.8906710868427803,286.0,1.087703071352382,0.3587773579384047,0.916083916083916,1.3704221016057136,-0.04355317471095077,223.1967315673828,235.54376220703125,236.15444946289062,236.76634216308594,0.611904501914978,0.0,0.0,nan,nan,nan,nan
1223,463.73333165282384,2.365986385983795,196.0,1.0701861061980635,0.3462836980771393,0.923469387755102,1.3894584442868039,-184.81281040632734,157.62818908691406,160.53367614746094,161.54733276367188,162.98878479003906,1.4414582252502441,0.0,0.0,nan,nan,nan,nan
1224,561.4624337479472,2.587384487317729,217.0,1.1139561816613923,0.37239287278118516,0.9170506912442397,1.3932330001973432,-128.67055476680946,179.70314025878906,216.94944763183594,217.68890380859375,216.99517822265625,-0.6937305331230164,0.0,0.0,nan,nan,nan,nan
1225,1283.6264156401157,3.24148084757605,396.0,1.0818620424527632,0.351483059656995,0.9141414141414141,1.385369215076083,239.01506924186447,269.2820129394531,262.2010192871094,262.5882873535156,262.49188232421875,-0.09641173481941223,0.0,0.0,nan,nan,nan,nan
1226,1283.1245161574334,2.718484144401342,472.0,1.1134098075479355,0.36710283947053085,0.9322033898305084,1.3951254965649211,88.00839211032417,241.3950958251953,221.01531982421875,221.41677856445312,220.6369171142578,-0.7798618674278259,0.0,0.0,nan,nan,nan,nan
1227,1221.8256253898144,3.365910813746045,363.0,1.0813957729962131,0.35156230959905305,0.9476584022038568,1.4170866434895406,242.56503770751465,274.12469482421875,243.87808227539062,244.45004272460938,243.95191955566406,-0.49813902378082275,0.0,0.0,nan,nan,nan,nan
1228,694.1756016481668,3.044629831790205,228.0,1.1017275459142946,0.3626682433278956,0.9254385964912281,1.4123668801639884,-17.740973105240414,209.74151611328125,228.7289276123047,229.4554901123047,228.02493286132812,-1.430575966835022,0.0,0.0,nan,nan,nan,nan
1229,1077.3568814247847,3.2353059502245785,333.0,1.0876093820774482,0.35674938978697246,0.8978978978978979,1.3756588710412894,157.50607439335,254.4355010986328,246.59788513183594,247.09829711914062,248.03213500976562,0.9338774681091309,0.0,0.0,nan,nan,nan,nan
1230,408.9267853051424,2.3367244874579565,175.0,1.1166856147252895,0.36580217848437657,0.9257142857142857,1.4021271644367186,-198.03251029840328,142.20977783203125,190.67991638183594,191.72984313964844,189.03805541992188,-2.691769599914551,0.0,0.0,nan,nan,nan,nan
1231,1146.63162419945,3.1587648049571624,363.0,1.1171491649815857,0.3664181341754781,0.9146005509641874,1.4096091483552668,167.3710365171503,254.041748046875,255.41343688964844,255.82907104492188,254.97537231445312,-0.8537147045135498,0.0,0.0,nan,nan,nan,nan
1232,339.4520088620484,2.2630133924136557,150.0,1.1236354026592303,0.3835095244195933,0.9066666666666666,1.403394038994248,-217.99913619910978,130.1971893310547,163.34974670410156,164.59349060058594,164.50013732910156,-0.09335245937108994,0.0,0.0,nan,nan,nan,nan
1233,581.2237209937302,2.7287498638203296,213.0,1.0599314902462462,0.34766923474619404,0.9107981220657277,1.366470446185446,-100.98796343424442,182.05340576171875,217.3888702392578,218.13816833496094,218.00881958007812,-0.1293753981590271,0.0,0.0,nan,nan,nan,nan
1234,997.490757510066,2.8581397063325675,349.0,1.08122011339804,0.3530788925390089,0.9083094555873925,1.371715577126466,45.9547341315033,235.60520935058594,232.2701416015625,232.75753784179688,231.70028686523438,-1.0572655200958252,0.0,0.0,nan,nan,nan,nan
1235,653.1523595703766,2.90289937586834,225.0,1.0897560451355186,0.3541673330326685,0.9466666666666667,1.3871116791257574,-52.82323711794413,200.12899780273438,196.98387145996094,197.74697875976562,197.26486206054688,-0.48211798071861267,0.0,0.0,nan,nan,nan,nan
1236,1379.6427239105105,3.2927033983544405,419.0,1.058273802714964,0.3436289378510636,0.9355608591885441,1.3649682910172332,289.4838790132628,280.0159912109375,250.12396240234375,250.47743225097656,250.396484375,-0.08096544444561005,0.0,0.0,nan,nan,nan,nan
1237,828.9657332524657,2.8585025284567784,290.0,1.0903597060371972,0.3559484598380059,0.9172413793103448,1.3739966773796517,-5.731054846062534,218.1608123779297,227.5757598876953,228.19985961914062,228.35325622558594,0.15340934693813324,0.0,0.0,nan,nan,nan,nan
1238,1382.7062241137028,3.4310328141779225,403.0,1.0433197609818652,0.3368293880033395,0.9305210918114144,1.349504805185029,324.2325955635831,285.5906982421875,261.2911682128906,261.6915283203125,261.6806335449219,-0.010898372158408165,0.0,0.0,nan,nan,nan,nan
1239,190.665291108191,1.7654193621128798,108.0,1.082871876758036,0.3555677287179236,0.9537037037037037,1.3690084565223812,-283.61216104175617,77.30472564697266,167.96878051757812,169.90060424804688,168.89315795898438,-1.0075058937072754,0.0,0.0,nan,nan,nan,nan
1240,903.0960266813636,3.0203880491015505,299.0,1.1084586945450747,0.3665231884159124,0.9364548494983278,1.4108479128840312,50.576304387575874,230.3007354736328,238.6399383544922,239.21221923828125,239.72256469726562,0.5103394389152527,0.0,0.0,nan,nan,nan,nan
1241,785.3763239979744,2.876836351640932,273.0,1.083785311491909,0.3537226500189624,0.9084249084249084,1.3770318728184712,-15.654921731730383,218.07418823242188,217.8670654296875,218.44845581054688,217.3417510986328,-1.106732726097107,0.0,0.0,nan,nan,nan,nan
1242,726.9771216888912,2.931359361648755,248.0,1.0860031715608567,0.35591458989512575,0.9153225806451613,1.3734000950760408,-24.545973498426065,212.0082244873047,211.92764282226562,212.58624267578125,212.5664520263672,-0.01978154294192791,0.0,0.0,nan,nan,nan,nan
1243,1292.201355341822,3.2549152527501812,397.0,1.0699281097003888,0.34996653376541553,0.9345088161209067,1.3809071167236844,245.60968292187522,272.81884765625,252.44586181640625,252.89857482910156,253.77049255371094,0.8719449639320374,0.0,0.0,nan,nan,nan,nan
1244,971.9814278185368,3.1253422116351666,311.0,1.084484999655386,0.35289070509320614,0.9356913183279743,1.3763159869350066,95.69779326440312,243.20082092285156,235.5172576904297,236.00889587402344,234.8799285888672,-1.128949761390686,0.0,0.0,nan,nan,nan,nan
1245,530.4431110289879,2.65221555514494,200.0,1.084016679172255,0.3500153509985345,0.945,1.3891218028573653,-126.02433511694528,176.52279663085938,179.6690673828125,180.53871154785156,182.3327178955078,1.7939945459365845,0.0,0.0,nan,nan,nan,nan
1246,421.557360291481,2.6022059277251914,162.0,1.0879628102280983,0.3531894973262909,0.9444444444444444,1.399497121632424,-159.6576970300232,153.71517944335938,172.419921875,173.41494750976562,175.1628875732422,1.7479524612426758,0.0,0.0,nan,nan,nan,nan
1247,870.3610989288427,3.0116301000998016,289.0,1.1022160107074308,0.36324935917744033,0.9065743944636678,1.387025301425398,37.64463685201008,225.82398986816406,235.53262329101562,236.19895935058594,235.80735778808594,-0.39158374071121216,0.0,0.0,nan,nan,nan,nan
1248,1554.1126249358058,3.4459259976403676,451.0,1.10034021356156,0.3585881552783005,0.9401330376940134,1.399551587339552,400.5833473443022,291.152587890625,265.69500732421875,266.0559387207031,267.2513122558594,1.1953535079956055,0.0,0.0,nan,nan,nan,nan
1249,581.0591309498996,2.7669482426185694,210.0,1.1029824419641723,0.3634093356105344,0.9523809523809523,1.4138051746929394,-95.21157541298862,187.80738830566406,206.12142944335938,206.8881072998047,207.47596740722656,0.5878539085388184,0.0,0.0,nan,nan,nan,nan
1250,809.8468094021082,3.033134117610892,267.0,1.091820948492337,0.35562670719275713,0.9288389513108615,1.3665857913205532,20.697519802576608,224.46995544433594,219.5535430908203,220.2012481689453,221.4027099609375,1.20145583152771,0.0,0.0,nan,nan,nan,nan
1251,863.0191984064877,2.955545200022218,292.0,1.0920621427545005,0.3572589019389204,0.9212328767123288,1.3914564395382556,24.361758264568607,228.65528869628906,226.19371032714844,226.80145263671875,227.1272430419922,0.3258099853992462,0.0,0.0,nan,nan,nan,nan
1252,1040.4730031192303,3.1529484943006976,330.0,1.0844522212175547,0.3540032931748128,0.9181818181818182,1.3842268267333668,126.56317415288208,254.6488800048828,218.09593200683594,218.61737060546875,218.02098083496094,-0.5964275598526001,0.0,0.0,nan,nan,nan,nan
1253,635.9383437987417,2.9171483660492736,218.0,1.1006127156570613,0.3576383433331072,0.908256880733945,1.3959919358770096,-56.17497073771051,200.11524963378906,201.38290405273438,202.2112274169922,202.2626495361328,0.05143359676003456,0.0,0.0,nan,nan,nan,nan
1254,1167.4030603319407,3.072113316663002,380.0,1.0893786902968803,0.3536471237625575,0.9210526315789473,1.3927534873498049,154.47693028081744,256.9078063964844,237.0810089111328,237.4950714111328,237.7729034423828,0.2778416574001312,0.0,0.0,nan,nan,nan,nan
1255,450.6804100573063,2.4762659893258587,182.0,1.1113343918944112,0.36720758972950907,0.8736263736263736,1.388681171091089,-170.1411676981079,155.36624145507812,185.00918579101562,185.96612548828125,184.59521484375,-1.3709444999694824,0.0,0.0,nan,nan,nan,nan
1256,691.9992259591818,2.932200109996533,236.0,1.067277104636882,0.34515625514000614,0.940677966101695,1.3778869150680855,-35.75995696778932,207.87681579589844,216.03366088867188,216.708740234375,218.4359130859375,1.7271922826766968,0.0,0.0,nan,nan,nan,nan
1257,1974.5630887076259,3.4102989442273333,579.0,1.052113289729492,0.3415632572934166,0.9309153713298791,1.3646360629935737,567.552080339098,303.5851135253906,274.4258728027344,274.6904296875,274.15447998046875,-0.5359554290771484,0.0,0.0,nan,nan,nan,nan
1258,1268.8388727852143,3.1022955324821866,409.0,1.0440501690368134,0.33672897002773405,0.9242053789731052,1.354008699067357,198.4832881049217,266.1112060546875,237.74559020996094,238.2431640625,239.3374481201172,1.0942858457565308,0.0,0.0,nan,nan,nan,nan
1259,1122.7069040928036,3.092856485104142,363.0,1.0642971536132626,0.3477826239083102,0.928374655647383,1.3727416773055805,143.44631641050387,251.51312255859375,253.04937744140625,253.45811462402344,254.05239868164062,0.5942697525024414,0.0,0.0,nan,nan,nan,nan
1260,1533.2856892459095,3.3116321581985084,463.0,1.090400766429995,0.3587940767116756,0.9244060475161987,1.388628771349772,355.9924993940597,285.74932861328125,257.9101867675781,258.2565002441406,257.4215087890625,-0.8349815011024475,0.0,0.0,nan,nan,nan,nan
1261,1090.2774573080242,3.1694112131047216,344.0,1.0810433837530233,0.350837440927429,0.938953488372093,1.4047398479371898,148.64306403793898,252.32701110839844,245.6064910888672,246.1105499267578,245.90927124023438,-0.20129522681236267,0.0,0.0,nan,nan,nan,nan
1262,214.01574646867812,1.910854879184626,112.0,1.07737922914128,0.3539337743620439,0.9285714285714286,1.4074484442160846,-268.1830097680511,90.9036636352539,171.7887420654297,173.395263671875,174.7290802001953,1.3338472843170166,0.0,0.0,nan,nan,nan,nan
1263,1186.3819167613983,3.3800054608586847,351.0,1.0760441631029276,0.3508652095060876,0.9173789173789174,1.383490170044341,230.88524133944452,272.4019470214844,251.72039794921875,252.2174530029297,251.77235412597656,-0.4451133906841278,0.0,0.0,nan,nan,nan,nan
1264,677.6728217243799,2.8714950073066947,236.0,1.0740181982061603,0.3537832590781605,0.8940677966101694,1.3967303917175722,-50.086361202591206,204.79869079589844,213.95388793945312,214.6141357421875,214.55438232421875,-0.05972887948155403,0.0,0.0,nan,nan,nan,nan
1265,1046.9962137639523,3.211644827496786,326.0,1.1391755681107796,0.3773802625302131,0.8926380368098159,1.4135396748431837,141.00768888438597,252.09461975097656,245.25210571289062,245.84756469726562,245.372314453125,-0.47525161504745483,0.0,0.0,nan,nan,nan,nan
1266,1167.9704090154264,3.182480678516148,367.0,1.0958189440550063,0.35664428254294117,0.9455040871934605,1.391382421278844,180.78851724634478,260.3332214355469,234.7561492919922,235.260498046875,235.7729034423828,0.5124121904373169,0.0,0.0,nan,nan,nan,nan
1267,1169.04462698102,3.1767517037527715,368.0,1.116871988280466,0.36840996710758395,0.8940217391304348,1.3979278384975309,179.8824091902427,259.68359375,246.93186950683594,247.39036560058594,247.39414978027344,0.00375745608471334,0.0,0.0,nan,nan,nan,nan
1268,1322.0828769728541,3.2483608770831798,407.0,1.0646738873421768,0.34530661184475914,0.9238329238329238,1.3911840930331354,255.68794433595235,273.5124816894531,240.3090057373047,240.7148895263672,241.66009521484375,0.9451962113380432,0.0,0.0,nan,nan,nan,nan
1269,1252.2889088839293,3.1703516680605803,395.0,1.0826376561612472,0.3542677223798819,0.9113924050632911,1.36775631723379,209.65788850737363,262.5850524902344,249.93240356445312,250.4495391845703,250.12246704101562,-0.32708051800727844,0.0,0.0,nan,nan,nan,nan
1270,866.9942748155445,3.042085174791384,285.0,1.1130803958010522,0.36166641027972984,0.9333333333333333,1.4166014494629526,42.199116825493775,229.93394470214844,231.36143493652344,231.94451904296875,231.66603088378906,-0.27847975492477417,0.0,0.0,nan,nan,nan,nan
1271,451.5704343141988,2.5369125523269593,178.0,1.0865601271918532,0.3562057744990686,0.9269662921348315,1.3770172994057472,-161.32983935443337,157.8974151611328,189.87374877929688,190.72540283203125,190.32102966308594,-0.40436604619026184,0.0,0.0,nan,nan,nan,nan
1272,774.7168075740337,3.002778323930363,258.0,1.0854278877020813,0.3542877302295596,0.9341085271317829,1.381356823941584,3.390452169761602,219.1558074951172,222.55921936035156,223.1891326904297,223.4381103515625,0.24895687401294708,0.0,0.0,nan,nan,nan,nan
1273,582.6190384924412,2.8282477596720446,206.0,1.0951915246424608,0.36059514652724034,0.8980582524271845,1.3935855198619445,-85.73036378366498,185.95323181152344,220.26939392089844,220.9910125732422,220.24856567382812,-0.7424597144126892,0.0,0.0,nan,nan,nan,nan
1274,1170.1500513693318,3.223553860521575,363.0,1.1189844334171732,0.36925220386721863,0.8870523415977961,1.398787461782248,190.88946368703205,264.91278076171875,248.40814208984375,248.86471557617188,248.75418090820312,-0.1105576604604721,0.0,0.0,nan,nan,nan,nan
1275,764.8531715199351,2.5666213809393796,298.0,1.101693305786183,0.364121122220354,0.9362416107382551,1.3998479889892421,-85.68622475215716,202.3824920654297,201.39292907714844,201.9951171875,202.70875549316406,0.7136300802230835,0.0,0.0,nan,nan,nan,nan
1276,1270.5974092877004,1.6165361441319344,786.0,1.088867167169388,0.3556966312193272,0.9325699745547074,1.3812930785952258,-546.3410855717959,146.74037170410156,153.37130737304688,153.57516479492188,151.74151611328125,-1.8336457014083862,0.0,0.0,nan,nan,nan,nan
1277,1265.0979334935546,2.93526202666718,431.0,1.1102318881664772,0.36460926413535355,0.925754060324826,1.389817387442821,151.17517633596094,253.15260314941406,240.92738342285156,241.36614990234375,242.7779998779297,1.4118561744689941,0.0,0.0,nan,nan,nan,nan
1278,632.5180679745972,2.3340150109763735,271.0,1.0782286090993023,0.3530415126321858,0.940959409594096,1.4017455488338015,-164.5525257117165,176.96347045898438,212.31959533691406,212.9186248779297,212.22691345214844,-0.6917152404785156,0.0,0.0,nan,nan,nan,nan
1279,905.8019056878984,3.167139530377267,286.0,1.0719742838328907,0.3470746943469204,0.9090909090909091,1.3794632631445354,79.02642167615227,241.74964904785156,231.9511260986328,232.51622009277344,232.40269470214844,-0.11352287977933884,0.0,0.0,nan,nan,nan,nan
1280,670.8943623173982,3.0774970748504504,218.0,1.0734120132761005,0.34636510669436044,0.8990825688073395,1.3819476058102682,-21.218952219054017,210.55819702148438,207.25759887695312,208.10203552246094,207.31800842285156,-0.7840452790260315,0.0,0.0,nan,nan,nan,nan
1281,1173.7602206645533,3.1217027145333867,376.0,1.056914689078191,0.3406176023767433,0.9122340425531915,1.363733874792133,168.75539470021204,260.86767578125,237.068115234375,237.51466369628906,238.3271026611328,0.8124257326126099,0.0,0.0,nan,nan,nan,nan
1282,500.5469019263983,2.662483520885097,188.0,1.098788155362884,0.3598648915907405,0.9202127659574468,1.4060655156918156,-132.15663195918887,169.29513549804688,187.1318359375,187.96795654296875,187.07342529296875,-0.8945162892341614,0.0,0.0,nan,nan,nan,nan
1283,1204.4479579972103,3.1530051256471476,382.0,1.0817085993164406,0.3552818719176153,0.918848167539267,1.3716986947855232,187.56117590269605,261.8041687011719,251.89219665527344,252.3668212890625,253.1955108642578,0.8286975026130676,0.0,0.0,nan,nan,nan,nan
1284,896.8481681812555,3.2494498847146938,276.0,1.0826769274734571,0.35379323516394506,0.9057971014492754,1.390082401957834,89.8759443864642,243.02926635742188,234.74188232421875,235.36570739746094,235.45359802246094,0.08788609504699707,0.0,0.0,nan,nan,nan,nan
1285,556.5430684322491,2.8108235779406523,198.0,1.0926607238589854,0.3597786816608032,0.9343434343434344,1.38489074130272,-95.96372567029312,183.33673095703125,208.73342895507812,209.56675720214844,208.8241729736328,-0.7425553202629089,0.0,0.0,nan,nan,nan,nan
1286,960.143568915315,3.2219582849507216,298.0,1.0501475497067776,0.33732483660891055,0.9530201342281879,1.37706719580711,109.60417264322268,246.19337463378906,242.2750701904297,242.85499572753906,243.197021484375,0.342006653547287,0.0,0.0,nan,nan,nan,nan
1287,2248.5538814621978,3.254057715574816,691.0,1.086356849744476,0.3573516467613466,0.9204052098408104,1.3812524589174062,619.7463586637739,298.71636962890625,267.03277587890625,267.2486267089844,267.7691345214844,0.5205048322677612,0.0,0.0,nan,nan,nan,nan
1288,726.5636776536703,2.9179264162798004,249.0,1.1038712243475237,0.3651663186460093,0.8835341365461847,1.3893875152570399,-26.939743555342375,209.9571075439453,228.54605102539062,229.27235412597656,228.3206329345703,-0.9517441987991333,0.0,0.0,nan,nan,nan,nan
1289,924.1357171479613,2.8879241160873788,320.0,1.0641251224782016,0.343184002815633,0.9375,1.3908496305331748,30.029148398568168,230.61972045898438,222.2204132080078,222.7698211669922,223.99951171875,1.2297046184539795,0.0,0.0,nan,nan,nan,nan
1290,982.4285614676774,3.099143727027373,317.0,1.0838641248067944,0.3579893702884335,0.9148264984227129,1.3793809840385867,94.26297078337075,243.72447204589844,243.94711303710938,244.49708557128906,245.4535675048828,0.956493079662323,0.0,0.0,nan,nan,nan,nan
1291,579.3815750181675,2.758959881038893,210.0,1.113794906124829,0.36588670142763663,0.9428571428571428,1.4100328802709403,-96.88913134472068,183.8159637451172,212.3292236328125,213.14649963378906,210.7376251220703,-2.4088892936706543,0.0,0.0,nan,nan,nan,nan
1292,589.7841550558805,2.5642789350255675,230.0,1.1497326689487617,0.38242307325244707,0.9043478260869565,1.4341631971050497,-126.0930717409176,184.1650848388672,190.70721435546875,191.48777770996094,190.15060424804688,-1.337170958518982,0.0,0.0,nan,nan,nan,nan
1293,739.8260343577713,2.8023713422642853,264.0,1.0724621791895383,0.3416885928579516,0.9621212121212122,1.4094589855639708,-43.382277176673824,211.23025512695312,193.19244384765625,194.0789031982422,194.5750274658203,0.496118426322937,0.0,0.0,nan,nan,nan,nan
1294,1489.299290546449,3.3392360774584056,446.0,1.0835311244349455,0.3545288234813468,0.9461883408071748,1.3888436884469408,345.6716430634226,284.7630615234375,252.49940490722656,252.91094970703125,254.0829620361328,1.1720038652420044,0.0,0.0,nan,nan,nan,nan
1295,1009.437783645466,1.009437783645466,1000.0,1.1091371946128776,0.3783884152595468,0.883,1.3632407917262617,-1231.290479856867,91.63299560546875,92.64219665527344,92.74423217773438,93.28144073486328,0.5372154116630554,0.0,0.0,nan,nan,nan,nan
1296,1104.2801716551185,3.286548129925948,336.0,1.0816161112363336,0.35018813042644603,0.9166666666666666,1.385932017920813,178.4883865585973,260.60308837890625,228.37551879882812,228.88449096679688,228.42721557617188,-0.4572635293006897,0.0,0.0,nan,nan,nan,nan
1297,1390.060323920101,3.483860460952634,399.0,1.0764094724488713,0.3490134879758324,0.9197994987468672,1.3825007316859597,339.5079994567632,289.25421142578125,244.6926727294922,245.1256866455078,245.5977783203125,0.4721069633960724,0.0,0.0,nan,nan,nan,nan
1298,803.2391688600183,2.7987427486411787,287.0,1.0868764291499164,0.3575533695987336,0.89198606271777,1.3757841505174364,-25.516641173423523,215.111328125,236.3461151123047,236.95413208007812,238.124267578125,1.1701394319534302,0.0,0.0,nan,nan,nan,nan
1299,610.5327739045024,2.7378151296166027,223.0,1.076615769993475,0.35311267779366023,0.9192825112107623,1.3776927215538048,-91.48217074042736,189.10504150390625,208.08523559570312,208.7870330810547,209.4011993408203,0.6141963601112366,0.0,0.0,nan,nan,nan,nan
1300,770.656465330394,2.6392344703095683,292.0,1.0869850741144156,0.35166320958356234,0.9452054794520548,1.3955141609646067,-68.00097481152511,203.41885375976562,214.74264526367188,215.29872131347656,214.8636016845703,-0.43511253595352173,0.0,0.0,nan,nan,nan,nan
1301,639.1345968842506,2.892011750607469,221.0,1.107773841501171,0.3621749683177653,0.9140271493212669,1.4025460550092994,-58.91969571728805,198.8163604736328,215.21218872070312,215.97808837890625,216.10008239746094,0.1219867691397667,0.0,0.0,nan,nan,nan,nan
1302,1161.5477128773928,3.2445466840150634,358.0,1.1138532711942877,0.36108761509385123,0.9162011173184358,1.404344554781903,192.1887553035706,259.21234130859375,251.80606079101562,252.30072021484375,252.4801025390625,0.1793789565563202,0.0,0.0,nan,nan,nan,nan
1303,810.6995110213757,3.1544728055306446,257.0,1.1295557528295215,0.3766408654489408,0.9105058365758755,1.4136815235720754,41.35348163879894,227.39434814453125,241.26014709472656,241.9652862548828,241.79913330078125,-0.16614487767219543,0.0,0.0,nan,nan,nan,nan
1304,843.1640089042485,0.8431640089042485,1000.0,1.1253269258153973,0.38249415714634716,0.884,1.3801178495031672,-1397.5642545980845,79.8155517578125,92.62654876708984,92.72135925292969,92.43244171142578,-0.28891992568969727,0.0,0.0,nan,nan,nan,nan
1305,978.4313078820705,3.2185240390857586,304.0,1.0830273006241353,0.35171367320729413,0.9177631578947368,1.3820232108873594,116.00995547980528,247.1578369140625,235.64212036132812,236.2437286376953,236.87155151367188,0.6278296113014221,0.0,0.0,nan,nan,nan,nan
1306,1427.1739272475243,3.1999415409137315,446.0,1.0903600489586927,0.357332790301618,0.9147982062780269,1.383710365977935,283.54627976449797,272.3656005859375,263.15203857421875,263.5213317871094,263.7074890136719,0.18616655468940735,0.0,0.0,nan,nan,nan,nan
1307,837.6162403624039,2.8983260912193907,289.0,1.0902905988874156,0.35379357338981543,0.9342560553633218,1.3804295419625616,4.899778285571301,223.27992248535156,212.42401123046875,213.03468322753906,212.5239715576172,-0.5107192993164062,0.0,0.0,nan,nan,nan,nan
1308,644.8601420745254,2.558968817756053,252.0,1.1427956372031338,0.37843970754541084,0.9007936507936508,1.4317229170960362,-114.58425719957381,188.8743133544922,214.2216033935547,214.96426391601562,216.78541564941406,1.821160078048706,0.0,0.0,nan,nan,nan,nan
1309,916.5612658895552,3.204759670942501,286.0,1.121196282917622,0.3692860160266388,0.9230769230769231,1.3977302122687936,89.78578187780909,242.73486328125,235.7417755126953,236.3942108154297,234.2724609375,-2.121737241744995,0.0,0.0,nan,nan,nan,nan
1310,928.2991822138429,2.8475435037234442,326.0,1.1116514034899252,0.36626492231048796,0.9079754601226994,1.3993135660169034,22.310657334276584,225.03997802734375,230.7887725830078,231.29327392578125,231.6707305908203,0.3774322271347046,0.0,0.0,nan,nan,nan,nan
1311,1540.0484163630754,3.4685775143312507,444.0,1.073486986486548,0.3500067647637425,0.9234234234234234,1.3768655647392964,400.38142092344015,297.0126647949219,260.4119567871094,260.8688659667969,260.4213562011719,-0.4475003778934479,0.0,0.0,nan,nan,nan,nan
1312,203.90926764719188,1.8206184611356417,112.0,1.0888001528421436,0.3536378280840013,0.8928571428571429,1.3660526905315262,-278.2894885895373,82.88553619384766,163.66465759277344,165.47898864746094,165.97567749023438,0.4967012405395508,0.0,0.0,nan,nan,nan,nan
1313,1164.926140991971,3.209162922842895,363.0,1.082755718859669,0.3510717988635103,0.9228650137741047,1.385889499707608,185.66555330967117,263.94891357421875,234.77626037597656,235.3314666748047,235.51734924316406,0.18588821589946747,0.0,0.0,nan,nan,nan,nan
1314,821.0896942634135,2.964222722972612,277.0,1.0806313836146322,0.3561307937937882,0.9350180505415162,1.3847742202907412,12.137144446926868,224.79708862304688,213.22015380859375,213.8321990966797,211.91183471679688,-1.9203605651855469,0.0,0.0,nan,nan,nan,nan
1315,1221.010869629681,3.2560289856791496,375.0,1.0987127321856662,0.36257429837106936,0.9333333333333333,1.3900255470909468,217.98636968703545,266.8849792480469,241.4397430419922,241.916748046875,240.62353515625,-1.2931870222091675,0.0,0.0,nan,nan,nan,nan
1316,969.6932185509941,0.9696932185509941,1000.0,1.1323596924728738,0.38654587567632553,0.879,1.3871337897776885,-1271.035044951339,89.84407806396484,95.9210433959961,96.02591705322266,95.38627624511719,-0.639646589756012,0.0,0.0,nan,nan,nan,nan
1317,192.63572672381997,1.7047409444585837,113.0,1.0320902862259067,0.3375064236080861,0.9469026548672567,1.3891774253846056,-291.5433555346047,78.49756622314453,166.57997131347656,168.4380645751953,165.6410369873047,-2.797032117843628,0.0,0.0,nan,nan,nan,nan
1318,1047.5454567708075,3.2532467601577872,322.0,1.0809604147333463,0.35300114765994006,0.922360248447205,1.3769763369033041,149.47823597802335,256.1236267089844,241.56015014648438,242.06512451171875,241.8740997314453,-0.19103890657424927,0.0,0.0,nan,nan,nan,nan
1319,1240.310722898692,3.1479967586261215,394.0,1.0771082544718444,0.3514257118970829,0.9390862944162437,1.3938596895680049,199.6600285438317,259.50689697265625,256.3021240234375,256.7204895019531,255.94741821289062,-0.7730956077575684,0.0,0.0,nan,nan,nan,nan
1320,477.23654163628817,2.5796569818177737,185.0,1.0963595768794896,0.3604901215706549,0.9351351351351351,1.3894685535694038,-149.5260141842125,161.989990234375,194.46578979492188,195.45498657226562,194.46258544921875,-0.9923964142799377,0.0,0.0,nan,nan,nan,nan
1321,942.9198730420321,3.218156563283386,293.0,1.0773317202085422,0.35225197164152683,0.9180887372013652,1.3898132864528183,102.28210687841738,245.66624450683594,232.5264434814453,233.09042358398438,233.07119750976562,-0.01922742836177349,0.0,0.0,nan,nan,nan,nan
1322,834.4033909849823,3.160618905246145,264.0,1.1250095560484314,0.3711276066455637,0.9204545454545454,1.4007982265807954,51.19507945053715,233.03965759277344,226.53729248046875,227.1459197998047,226.2447967529297,-0.9011346697807312,0.0,0.0,nan,nan,nan,nan
1323,1580.8358243620023,3.436599618178266,460.0,1.075943429759625,0.3510497127642536,0.9304347826086956,1.3868470695831467,409.483612575239,292.27001953125,262.34393310546875,262.6819152832031,261.62567138671875,-1.0562570095062256,0.0,0.0,nan,nan,nan,nan
1324,1289.1786371096969,3.159751561543375,408.0,1.1289238684185552,0.37210331382674094,0.9387254901960784,1.4211652254686327,220.80337845109966,263.0775451660156,252.3614501953125,252.780517578125,253.1492462158203,0.3687187135219574,0.0,0.0,nan,nan,nan,nan
1325,936.379859957844,3.2513189581869586,288.0,1.1098966861047537,0.36283920603387676,0.9270833333333334,1.4052657366659667,105.64372390270682,248.20062255859375,226.18955993652344,226.66807556152344,226.586669921875,-0.0814068615436554,0.0,0.0,nan,nan,nan,nan
1326,419.7726590745151,2.544076721663728,165.0,1.132290648141986,0.3814157195685601,0.8787878787878788,1.3841961326832233,-167.3833763120756,152.0931396484375,199.6021728515625,200.68861389160156,199.9837188720703,-0.704886257648468,0.0,0.0,nan,nan,nan,nan
1327,352.3663329016417,2.3335518735208063,151.0,1.0791972043801819,0.35655559051039715,0.8940397350993378,1.3597321053955802,-207.06513818121198,132.70834350585938,153.51968383789062,154.74920654296875,153.724853515625,-1.0243570804595947,0.0,0.0,nan,nan,nan,nan
1328,360.6820352310315,2.072885259948457,174.0,1.1333269297130193,0.3783614250141734,0.8908045977011494,1.4010247592837362,-244.29693435081867,126.24128723144531,190.03639221191406,191.09698486328125,187.3675537109375,-3.7294321060180664,0.0,0.0,nan,nan,nan,nan
1329,598.0520488368347,2.658009105941488,225.0,1.059661357586123,0.34278450919435943,0.9288888888888889,1.3859410316279657,-107.92354785148598,184.49989318847656,203.98876953125,204.92051696777344,206.02911376953125,1.1085803508758545,0.0,0.0,nan,nan,nan,nan
1330,565.9775420520455,2.66970538703795,212.0,1.076998828118721,0.34408332493401744,0.9433962264150944,1.4013011298769495,-114.25381635423378,181.13174438476562,172.36361694335938,173.17047119140625,173.9644012451172,0.7939102053642273,0.0,0.0,nan,nan,nan,nan
1331,765.4263161690906,2.704686629572758,283.0,1.0695192319988875,0.3470025970031152,0.9540636042402827,1.3742152784844948,-55.40818977756908,211.57357788085938,203.60568237304688,204.134033203125,204.61679077148438,0.48275941610336304,0.0,0.0,nan,nan,nan,nan
1332,1602.071554010734,3.482764247849422,460.0,1.0747623574681506,0.348672589562425,0.9152173913043479,1.3822117442392092,430.71934222397067,301.19281005859375,246.88990783691406,247.25291442871094,248.00094604492188,0.7480502128601074,0.0,0.0,nan,nan,nan,nan
1333,949.9544911682606,2.9229368959023403,325.0,1.0790600030027886,0.35672936644852876,0.9230769230769231,1.3782719709121243,45.946292310389936,232.7238006591797,242.528564453125,242.9966583251953,242.06263732910156,-0.9340236186981201,0.0,0.0,nan,nan,nan,nan
1334,718.4168794956058,2.680659998117932,268.0,1.0892774414239839,0.35553353645538205,0.8955223880597015,1.3775191473205124,-72.7127361256214,197.8741912841797,218.8892364501953,219.456298828125,218.56248474121094,-0.8938360214233398,0.0,0.0,nan,nan,nan,nan
1335,3.119929069187492,0.22285207637053514,14.0,1.0683576565456738,0.36048168116914375,1.0,1.4103271554901782,-285.00687704138267,0.11771995574235916,176.7886962890625,178.50892639160156,172.8021697998047,-5.706749439239502,0.0,0.0,nan,nan,nan,nan
1336,1281.3665180504322,3.0149800424716053,425.0,1.1049810157622584,0.3618104475543848,0.8988235294117647,1.386700346623745,179.32571702301152,255.3078155517578,251.98052978515625,252.42153930664062,252.839111328125,0.4175962507724762,0.0,0.0,nan,nan,nan,nan
1337,-1.5350145250558853,-0.19187681563198566,8.0,1.2948362355108602,0.4146818224035087,1.0,1.5925792172681104,-277.779864505453,-1.4386160373687744,171.030517578125,175.19888305664062,168.06912231445312,-7.129769325256348,0.0,0.0,nan,nan,nan,nan
1338,1211.1854010019451,3.1541286484425655,384.0,1.100159843426117,0.36035753782319563,0.9270833333333334,1.3876072093143021,190.33796686404003,263.3234558105469,249.5742950439453,250.0723114013672,250.09490966796875,0.022590279579162598,0.0,0.0,nan,nan,nan,nan
1339,1038.1602286845446,3.2749534027903615,317.0,1.0726358188089966,0.35449332476054446,0.9274447949526814,1.3891793014432279,149.99463800023796,255.8831787109375,241.90171813964844,242.44090270996094,242.59197998046875,0.15109306573867798,0.0,0.0,nan,nan,nan,nan
1340,929.4413300454617,3.0776202981637804,302.0,1.1056238031337207,0.3658163547274622,0.9172185430463576,1.4031669926162047,70.98062968658746,238.73887634277344,243.70736694335938,244.34829711914062,244.27027893066406,-0.07802263647317886,0.0,0.0,nan,nan,nan,nan
1341,747.6006012428552,2.8976767490033146,258.0,1.0743820169166267,0.35093578626552124,0.9186046511627907,1.3786729536816937,-23.725754161416944,212.1868438720703,219.41024780273438,220.05203247070312,220.11927795410156,0.06724423915147781,0.0,0.0,nan,nan,nan,nan
1342,1798.80848364532,3.4132988304465273,527.0,1.0850844157585624,0.3511861767356238,0.9487666034155597,1.3940268257345827,494.77442840495814,298.3876647949219,266.3813171386719,266.7052307128906,265.4102783203125,-1.294967770576477,0.0,0.0,nan,nan,nan,nan
1343,807.2776907086372,3.034878536498636,266.0,1.0961539809680203,0.359525521403852,0.9398496240601504,1.394911058765639,20.10872713080107,226.14096069335938,227.8458709716797,228.44020080566406,227.80450439453125,-0.6356790661811829,0.0,0.0,nan,nan,nan,nan
1344,499.3928713412024,2.5479228129653184,196.0,1.1088776169078738,0.3673644887933232,0.9285714285714286,1.3930509936714117,-149.15327071794877,165.42982482910156,200.78358459472656,201.58973693847656,200.1303253173828,-1.4594228267669678,0.0,0.0,nan,nan,nan,nan
1345,908.1816700454801,2.9582464822328345,307.0,1.068830587670663,0.3445387068371431,0.9120521172638436,1.3685936998311685,39.81933957812839,233.08497619628906,227.59524536132812,228.16448974609375,229.55784606933594,1.3933427333831787,0.0,0.0,nan,nan,nan,nan
1346,1387.5665393080562,3.576202420897052,388.0,1.0876012930523853,0.3509070244754278,0.9329896907216495,1.3883307164149357,358.797801083369,296.2425842285156,236.4058074951172,236.86239624023438,236.68138122558594,-0.18103665113449097,0.0,0.0,nan,nan,nan,nan
1347,846.556842122227,2.850359737785276,297.0,1.1257060802428207,0.37429132217137084,0.9090909090909091,1.3963540188581796,-2.0022281281696905,221.0950927734375,236.94107055664062,237.49205017089844,238.2816925048828,0.7896396517753601,0.0,0.0,nan,nan,nan,nan
1348,976.9048694428056,2.9603177861903203,330.0,1.0932360611978518,0.35654496691141785,0.9363636363636364,1.4110135346936465,62.99504047645746,237.5025634765625,225.54129028320312,226.09576416015625,225.1223907470703,-0.9733487367630005,0.0,0.0,nan,nan,nan,nan
1349,535.196829944849,2.6626707957455173,201.0,1.084475425081355,0.35630443756785984,0.9303482587064676,1.3832471840664755,-123.25094222277971,173.61380004882812,214.58445739746094,215.3462371826172,214.36233520507812,-0.9838988780975342,0.0,0.0,nan,nan,nan,nan
1350,1300.7783877328038,3.1495844739293073,413.0,1.0774956928258552,0.352779293572502,0.9200968523002422,1.3703618836448737,222.50149896572907,267.1296081542969,255.54298400878906,255.92526245117188,254.55775451660156,-1.367525339126587,0.0,0.0,nan,nan,nan,nan
1351,511.887943983078,2.3919997382386824,214.0,1.1081037756979408,0.3652312261710847,0.9439252336448598,1.4133269040357326,-172.3040664665922,162.50396728515625,207.92420959472656,208.65792846679688,210.0730438232422,1.4151133298873901,0.0,0.0,nan,nan,nan,nan
1352,1165.9047500910237,3.238624305808399,360.0,1.0775719583373398,0.3536763297427064,0.9222222222222223,1.3628044673895299,192.5851404738105,261.06884765625,258.0434875488281,258.4927978515625,258.60595703125,0.11315049231052399,0.0,0.0,nan,nan,nan,nan
1353,1012.6951585789211,3.0781007859541676,329.0,1.0760856260773095,0.351235484493483,0.9422492401215805,1.3782957532499331,100.76565563426834,246.44595336914062,229.81568908691406,230.36952209472656,230.47976684570312,0.1102418303489685,0.0,0.0,nan,nan,nan,nan
1354,607.0470677912235,2.9757209205452133,204.0,1.0946079501593886,0.35749547380506624,0.9509803921568627,1.3974680386784095,-57.341682441491685,197.88986206054688,190.10511779785156,190.85943603515625,190.1790008544922,-0.6804193258285522,0.0,0.0,nan,nan,nan,nan
1355,767.146196372807,2.973434869662043,258.0,1.0877727836242546,0.35412489917197415,0.9186046511627907,1.3770624462650387,-4.180159031465109,215.08526611328125,217.1640167236328,217.88629150390625,217.0660400390625,-0.8202560544013977,0.0,0.0,nan,nan,nan,nan
1356,1200.6831143556628,3.363258023405218,357.0,1.0776935758359738,0.3532675774654949,0.9131652661064426,1.401892375709312,233.30448280353608,270.46453857421875,249.41087341308594,249.8494873046875,249.34988403320312,-0.4995950162410736,0.0,0.0,nan,nan,nan,nan
1357,534.6725014075637,2.419332585554587,221.0,1.1373365100314543,0.3768292058512624,0.8823529411764706,1.4007653933488073,-163.381791193975,169.90219116210938,214.47312927246094,215.23243713378906,214.49423217773438,-0.7381863594055176,0.0,0.0,nan,nan,nan,nan
1358,647.1638054773211,2.889124131595184,224.0,1.0622396667880445,0.34738576874475424,0.9330357142857143,1.3620475236141163,-56.831465189304026,198.14051818847656,223.0807342529297,223.7534942626953,224.2501678466797,0.4966565668582916,0.0,0.0,nan,nan,nan,nan
1359,480.0766947194934,2.59500916064591,185.0,1.076557949638915,0.34949724801767806,0.9405405405405406,1.3969488603457212,-146.68586110100728,167.65469360351562,178.2335662841797,179.14227294921875,177.80429077148438,-1.337996244430542,0.0,0.0,nan,nan,nan,nan
1360,613.791337274015,2.828531508175184,217.0,1.0774535600390953,0.3504855114224148,0.9262672811059908,1.3649219030629764,-76.34165124074173,191.95675659179688,207.532470703125,208.2383575439453,209.79835510253906,1.5600038766860962,0.0,0.0,nan,nan,nan,nan
1361,980.5722983703017,3.0932880074772924,317.0,1.0806191643102505,0.3515494770443291,0.8990536277602523,1.396583304344108,92.40670768599512,240.36605834960938,234.96682739257812,235.50379943847656,235.58457946777344,0.08078590035438538,0.0,0.0,nan,nan,nan,nan
1362,397.6227993220091,1.8844682432322706,211.0,1.0886847324332278,0.3518304859665421,0.9052132701421801,1.3756023684974832,-280.6282330625745,127.18931579589844,184.7379150390625,185.540283203125,185.64527893066406,0.10498068481683731,0.0,0.0,nan,nan,nan,nan
1363,1647.3192218840122,3.26201826115646,505.0,1.1081185790688768,0.36553447888015306,0.9168316831683169,1.403433323042525,386.85233912095146,282.6363220214844,276.321533203125,276.6344909667969,277.2040710449219,0.5695642232894897,0.0,0.0,nan,nan,nan,nan
1364,552.8400237411261,2.6967806036152493,205.0,1.1025685757397072,0.3614754182210843,0.8731707317073171,1.3729653214827882,-113.52905251328457,180.036376953125,208.04058837890625,208.87789916992188,207.97694396972656,-0.9009366035461426,0.0,0.0,nan,nan,nan,nan
1365,935.1506500728428,2.8424031917107686,329.0,1.0874207927020914,0.3585130692580658,0.9331306990881459,1.395366778099909,23.22114712819007,227.7947540283203,230.44737243652344,230.92396545410156,229.69927978515625,-1.224676489830017,0.0,0.0,nan,nan,nan,nan
1366,1150.742929790169,3.07685275344965,374.0,1.064317788918298,0.3469803506618348,0.9037433155080213,1.358532650973,149.69875586921876,254.18959045410156,237.02134704589844,237.47085571289062,238.71609497070312,1.2452223300933838,0.0,0.0,nan,nan,nan,nan
1367,1342.5250089243054,3.3396144500604614,402.0,1.1092177561539958,0.36426066566968124,0.917910447761194,1.3824541060338182,286.0317063958812,277.7922058105469,271.93792724609375,272.3497314453125,272.5295104980469,0.1797628104686737,0.0,0.0,nan,nan,nan,nan
1368,1268.913854593411,3.3747708898760935,376.0,1.0702288564919635,0.3484392133067694,0.9281914893617021,1.3953422833342053,263.9090286290698,274.5408020019531,237.48536682128906,237.9612274169922,238.27194213867188,0.31073370575904846,0.0,0.0,nan,nan,nan,nan
1369,1167.2380136735737,3.0161188983813276,387.0,1.0839814700132713,0.3529791370851482,0.9354005167958657,1.3858680673701738,140.44960147058214,250.18836975097656,241.8279571533203,242.12693786621094,243.39324951171875,1.2663288116455078,0.0,0.0,nan,nan,nan,nan
1370,1270.4630184806883,3.0249119487635436,420.0,1.0968907916914228,0.3591638237036513,0.9023809523809524,1.3835848673476188,178.3238475617452,257.911376953125,247.77206420898438,248.1770782470703,247.93763732910156,-0.23948203027248383,0.0,0.0,nan,nan,nan,nan
1371,2283.0469463802874,3.506984556651747,651.0,1.0931709779948455,0.35139260445531,0.9262672811059908,1.4024335054720307,733.4524644496837,317.2435302734375,276.1033630371094,276.3490905761719,276.5146789550781,0.16560028493404388,0.0,0.0,nan,nan,nan,nan
1372,886.9511368926615,2.879711483417732,308.0,1.0595207168365515,0.3464582920561039,0.9025974025974026,1.3608747030807125,16.608480403614294,226.19158935546875,230.07666015625,230.623779296875,229.87991333007812,-0.743857741355896,0.0,0.0,nan,nan,nan,nan
1373,597.6535226069391,2.819120389655373,212.0,1.0969382025198045,0.3574538015172547,0.9433962264150944,1.3976884002866958,-82.57783579934016,192.4917755126953,199.1725311279297,199.8961181640625,200.2820587158203,0.3859606981277466,0.0,0.0,nan,nan,nan,nan
1374,1045.6024683490396,3.1975610652875828,327.0,1.119813505323355,0.3682003173542567,0.9235474006116208,1.4056590315357167,137.63361744777785,256.1548156738281,245.3249053955078,245.79750061035156,245.59922790527344,-0.1982608586549759,0.0,0.0,nan,nan,nan,nan
1375,1158.9327935121728,3.311236552891922,350.0,1.0942746593372281,0.3603015163378967,0.8942857142857142,1.3865973509418246,205.41644411191464,267.1607971191406,260.6138916015625,261.1352233886719,260.7574462890625,-0.37774768471717834,0.0,0.0,nan,nan,nan,nan
1376,444.8057834431529,2.257897377884025,197.0,1.105447181332613,0.36347594994530813,0.9441624365482234,1.3926317235065018,-205.7206846376937,146.6351776123047,194.03688049316406,194.78402709960938,193.41259765625,-1.371430516242981,0.0,0.0,nan,nan,nan,nan
1377,836.8918928410858,2.9159996266239925,287.0,1.0363335354347283,0.33342882838956345,0.9198606271777003,1.3702890082996,8.136082807644016,222.8109893798828,224.6419677734375,225.23728942871094,224.79934692382812,-0.4379224479198456,0.0,0.0,nan,nan,nan,nan
1378,1501.6507039889693,3.4441529908003883,436.0,1.082567357788532,0.354080966555062,0.9380733944954128,1.4022290089524756,377.8263167228981,293.13629150390625,257.9093933105469,258.2995910644531,258.92431640625,0.6247296929359436,0.0,0.0,nan,nan,nan,nan
1379,347.12353636790067,2.018160095162213,172.0,1.1054925362005181,0.3656136901022823,0.9186046511627907,1.3835451048609548,-253.89478117055853,121.36984252929688,168.51187133789062,169.56715393066406,168.1968536376953,-1.3703022003173828,0.0,0.0,nan,nan,nan,nan
1380,1093.5554161388427,3.3544644666835666,326.0,1.1118831398017957,0.36231984425808567,0.8895705521472392,1.390962287749711,187.56689125927642,266.1656188964844,235.9451446533203,236.4986572265625,236.7826385498047,0.2839859426021576,0.0,0.0,nan,nan,nan,nan
1381,1025.9095481038094,3.2363077227249506,317.0,1.0818991302345506,0.3511778700883896,0.9369085173501577,1.383033581074777,137.74395741950275,252.62648010253906,266.40863037109375,267.00250244140625,266.23046875,-0.7720382809638977,0.0,0.0,nan,nan,nan,nan
1382,906.7261839706916,3.084102666566978,294.0,1.0854661370874534,0.3573861546049757,0.9523809523809523,1.3822193405799936,64.10809178538148,239.34762573242188,238.01222229003906,238.67596435546875,238.592529296875,-0.08339929580688477,0.0,0.0,nan,nan,nan,nan
1383,973.74225692451,3.1209687721939425,312.0,1.0923480497038174,0.358398027879724,0.907051282051282,1.3736891526576973,95.47829634868071,243.084228515625,248.0858917236328,248.68203735351562,249.24746704101562,0.5654486417770386,0.0,0.0,nan,nan,nan,nan
1384,852.0891780522652,2.918113623466662,292.0,1.0916229606823642,0.35004072736269104,0.9246575342465754,1.3922624637513468,13.4317379103461,222.76107788085938,216.8668975830078,217.45339965820312,216.9077911376953,-0.5456106662750244,0.0,0.0,nan,nan,nan,nan
1385,3.7896390184760094,0.27068850131971495,14.0,1.2050200782109408,0.39786796744114594,0.7142857142857143,1.352555539490875,-284.33716709209415,0.8491255640983582,175.8375701904297,177.870361328125,175.4900360107422,-2.380330801010132,0.0,0.0,nan,nan,nan,nan
1386,1511.3668366982602,3.3290018429477097,454.0,1.0882006739709205,0.35683810495254437,0.9162995594713657,1.3778705592813756,351.89658104167006,287.06658935546875,255.29783630371094,255.67335510253906,256.9524230957031,1.2790769338607788,0.0,0.0,nan,nan,nan,nan
1387,926.412252811715,2.9884266219732742,310.0,1.1046104722026922,0.36739953416825266,0.9129032258064517,1.4100277228404512,52.108944279276784,232.01260375976562,234.48251342773438,235.0303955078125,235.45826721191406,0.4278488755226135,0.0,0.0,nan,nan,nan,nan
1388,673.6406830176711,2.673177313562187,252.0,1.0895306813791101,0.3581598963908272,0.9166666666666666,1.388365694816232,-85.80371625642806,196.49549865722656,220.7186279296875,221.32147216796875,220.55426025390625,-0.767231822013855,0.0,0.0,nan,nan,nan,nan
1389,738.2793342657387,2.9413519293455725,251.0,1.112107717773201,0.36298812096654026,0.8924302788844621,1.392997613837619,-19.184738986665025,212.17616271972656,225.89271545410156,226.5104522705078,226.93771362304688,0.4272494316101074,0.0,0.0,nan,nan,nan,nan
1390,745.1311092078686,2.811815506444787,265.0,1.0530867084705977,0.3410352006698842,0.9471698113207547,1.3786234015673446,-40.05752834827217,210.36355590820312,209.30401611328125,209.91647338867188,209.6863555908203,-0.23012332618236542,0.0,0.0,nan,nan,nan,nan
1391,911.9477166775614,3.1886283799914734,286.0,1.0901861806533997,0.3549712578924321,0.965034965034965,1.3934680621481306,85.17223266581527,241.08233642578125,233.9910430908203,234.61959838867188,234.70875549316406,0.0891568660736084,0.0,0.0,nan,nan,nan,nan
1392,829.9729420170188,2.912185761463224,285.0,1.114238448120885,0.3688194143348945,0.9368421052631579,1.4153368197383729,5.177784026968084,219.5540008544922,238.88766479492188,239.56666564941406,239.51004028320312,-0.05664646252989769,0.0,0.0,nan,nan,nan,nan
1393,169.00268881674856,1.4824797264627068,114.0,1.0989541846904722,0.35174274591665045,0.9210526315789473,1.3951715601721144,-317.1567194633716,66.79703521728516,158.80612182617188,160.70730590820312,159.525634765625,-1.1816637516021729,0.0,0.0,nan,nan,nan,nan
1394,495.71658347395714,2.4785829173697858,200.0,1.1009010174184528,0.3645984077765025,0.925,1.3888535893792966,-160.75086267197605,161.55612182617188,214.88839721679688,215.75125122070312,215.87222290039062,0.12096428126096725,0.0,0.0,nan,nan,nan,nan
1395,1284.5063640102744,3.187360704740135,403.0,1.079430228389829,0.3545839168916168,0.9230769230769231,1.3730001197017754,226.03273546015475,267.6890563964844,250.3848876953125,250.74081420898438,250.77349853515625,0.03266787528991699,0.0,0.0,nan,nan,nan,nan
1396,825.5294146388769,3.046234002357479,271.0,1.0923584246655915,0.3557743241929284,0.9114391143911439,1.3922691826970495,28.4588209525632,230.27735900878906,225.07591247558594,225.70355224609375,225.88890075683594,0.18534685671329498,0.0,0.0,nan,nan,nan,nan
1397,1461.3153262548149,3.3287365062752046,439.0,1.1017485842761063,0.36361428914007954,0.9111617312072893,1.4066001872014506,331.5499609236572,285.9117126464844,249.05612182617188,249.4425506591797,249.31472778320312,-0.12782420217990875,0.0,0.0,nan,nan,nan,nan
1398,316.05167949572206,2.1500114251409665,147.0,1.0773972924074624,0.35641878221369855,0.9319727891156463,1.3614641707513542,-235.45848750034963,121.15016174316406,171.27163696289062,172.44105529785156,171.62115478515625,-0.8199003338813782,0.0,0.0,nan,nan,nan,nan
1399,193.72124585323036,1.1812271088611608,164.0,1.0815374586211475,0.35712921393777775,0.8780487804878049,1.3803383167415548,-391.4544635116648,62.444454193115234,165.425537109375,166.59437561035156,169.6475372314453,3.0531680583953857,0.0,0.0,nan,nan,nan,nan
1400,1736.8736131191254,3.5591672399982075,488.0,1.0730443134203678,0.3464224352091911,0.9426229508196722,1.379749762866515,510.0722727248881,306.282958984375,261.5068054199219,261.8818054199219,261.8731994628906,-0.008602267131209373,0.0,0.0,nan,nan,nan,nan
1401,496.96601370722055,2.5099293621576795,198.0,1.0926880076925167,0.3557442009804915,0.9141414141414141,1.3858019442531537,-155.5407803953217,166.9856414794922,198.22889709472656,199.1028289794922,197.72003173828125,-1.3828073740005493,0.0,0.0,nan,nan,nan,nan
1402,873.0613954421133,3.000210980900733,291.0,1.078586115119914,0.3554016957095507,0.9003436426116839,1.375106557109485,36.3842813218896,228.17453002929688,241.12022399902344,241.73056030273438,241.64312744140625,-0.0874393880367279,0.0,0.0,nan,nan,nan,nan
1403,726.6485908031464,2.9182674329443627,249.0,1.091585750402944,0.36055314882005124,0.8714859437751004,1.3949379183764483,-26.854830405866323,209.66542053222656,220.94097900390625,221.6824951171875,220.69139099121094,-0.9911246299743652,0.0,0.0,nan,nan,nan,nan
1404,623.9971202462912,2.621836639690299,238.0,1.109679032087672,0.36450743709960876,0.9117647058823529,1.3847446226176725,-107.72271472407101,184.9490966796875,218.5098876953125,219.20681762695312,219.5696563720703,0.3628551959991455,0.0,0.0,nan,nan,nan,nan
1405,860.1144007109106,2.8386613884848533,303.0,1.09292945120306,0.35725677151938173,0.9273927392739274,1.3903188322249804,-0.3266256696590517,220.29527282714844,230.921875,231.45498657226562,229.92083740234375,-1.534130573272705,0.0,0.0,nan,nan,nan,nan
1406,818.0383694730699,2.9639071357719926,276.0,1.0659634419116641,0.3519530225830442,0.9384057971014492,1.3690111078333678,11.066145678278644,222.3577117919922,240.47225952148438,241.0124053955078,241.5994415283203,0.5870242118835449,0.0,0.0,nan,nan,nan,nan
1407,1193.9915246926248,3.3258816843805703,359.0,1.1021513971126409,0.36064961228699977,0.9220055710306406,1.3883486613800655,222.6522410971072,269.689697265625,240.80865478515625,241.3345947265625,240.91029357910156,-0.42429932951927185,0.0,0.0,nan,nan,nan,nan
1408,1758.5935793332756,3.618505307270114,486.0,1.0584470296039852,0.33992041139234047,0.9300411522633745,1.379497606214051,535.7528909824293,312.2625427246094,254.61341857910156,255.02606201171875,254.96237182617188,-0.06368886679410934,0.0,0.0,nan,nan,nan,nan
1409,581.3375143520534,2.527554410226319,230.0,1.092100863783564,0.3620279334738186,0.9347826086956522,1.4045133666257283,-134.53971244474474,177.37966918945312,210.80064392089844,211.56854248046875,211.8307647705078,0.262210488319397,0.0,0.0,nan,nan,nan,nan
1410,703.1416778604034,2.7682743222850528,254.0,1.085174487548384,0.34932263671060576,0.937007874015748,1.4170346805732577,-60.2633734570868,203.59951782226562,207.6053009033203,208.23939514160156,208.73193359375,0.49251604080200195,0.0,0.0,nan,nan,nan,nan
1411,706.0576027184725,2.684629668131074,263.0,1.0679399714005213,0.3454147630502619,0.935361216730038,1.3723659649952167,-75.1703827942772,199.87939453125,221.06996154785156,221.7562713623047,221.05763244628906,-0.6986278295516968,0.0,0.0,nan,nan,nan,nan
1412,558.2240633442998,2.5145228078572064,222.0,1.0942178249450838,0.3643503460949684,0.9099099099099099,1.3831052158993808,-141.81055527893432,172.11465454101562,216.00042724609375,216.69190979003906,216.57937622070312,-0.1125519871711731,0.0,0.0,nan,nan,nan,nan
1413,704.9606055492768,2.8086079902361627,251.0,1.0925913021192766,0.3643063447257837,0.9322709163346613,1.3894608875860484,-52.503467703126944,204.7071075439453,227.181396484375,227.83413696289062,227.28829956054688,-0.5458121299743652,0.0,0.0,nan,nan,nan,nan
1414,3402.4395320788026,3.670377057258687,927.0,1.0739484109496598,0.34964346134532853,0.941747572815534,1.3913552841210206,1306.275068160241,344.3973083496094,288.0337219238281,288.1949768066406,288.4875793457031,0.292621374130249,0.0,0.0,nan,nan,nan,nan
1415,350.0637975372374,2.258476113143467,155.0,1.0901653600367713,0.35526011857950196,0.9225806451612903,1.3915117281541503,-217.2889776323982,130.59005737304688,162.95712280273438,164.04322814941406,165.32977294921875,1.2865456342697144,0.0,0.0,nan,nan,nan,nan
1416,623.3050076067448,2.3881417915967234,261.0,1.102724234565349,0.36517629537579455,0.9080459770114943,1.3824686200388405,-153.96232586261385,176.97401428222656,210.5785675048828,211.2448272705078,209.4951171875,-1.7497116327285767,0.0,0.0,nan,nan,nan,nan
1417,1158.5083916503936,3.1566986148512086,367.0,1.0702390602735878,0.3471471220543557,0.9264305177111717,1.3830745899190406,171.32649988131197,259.5751953125,242.09451293945312,242.53797912597656,242.93055725097656,0.3925717771053314,0.0,0.0,nan,nan,nan,nan
1418,376.54958438966423,2.202044353155931,171.0,1.1159004371224193,0.3680675998835036,0.9005847953216374,1.4202014006126493,-222.48840712709944,131.23707580566406,179.97866821289062,180.91163635253906,182.05665588378906,1.14500093460083,0.0,0.0,nan,nan,nan,nan
1419,736.5341367600486,2.922754510952574,252.0,1.105871197265664,0.365074342258229,0.9246031746031746,1.403887274960926,-22.9102625140506,211.8177947998047,219.7867889404297,220.44053649902344,219.04754638671875,-1.3930068016052246,0.0,0.0,nan,nan,nan,nan
1420,779.5049296126235,2.624595722601426,297.0,1.1028517334263823,0.36194897018388433,0.9158249158249159,1.3944036439647576,-69.05414063777312,207.04443359375,213.7859649658203,214.3509521484375,212.2190399169922,-2.13191556930542,0.0,0.0,nan,nan,nan,nan
1421,1522.9173620343208,3.289238362925099,463.0,1.0993218250124857,0.3622858867593809,0.9287257019438445,1.3952875374081168,345.62417218247106,284.81060791015625,257.7187805175781,258.1166687011719,258.01116943359375,-0.1055077388882637,0.0,0.0,nan,nan,nan,nan
1422,851.8013161960989,3.0862366528844163,276.0,1.098926921784964,0.35888232990115454,0.9021739130434783,1.3844658273922037,44.82909240130766,229.80332946777344,222.39883422851562,222.96255493164062,223.74122619628906,0.778683602809906,0.0,0.0,nan,nan,nan,nan
1423,1000.9813602641225,3.177718604013087,315.0,1.085843017375524,0.35836220412864966,0.946031746031746,1.3973476790993387,116.77642162320672,248.87635803222656,248.42135620117188,248.98397827148438,249.31265258789062,0.32868337631225586,0.0,0.0,nan,nan,nan,nan
1424,1022.0875494889915,3.0972349984514893,330.0,1.099084370799231,0.3557496609309726,0.9212121212121213,1.4058657900953129,108.17772052264331,249.2543487548828,236.94351196289062,237.4930419921875,237.70706176757812,0.2139887511730194,0.0,0.0,nan,nan,nan,nan
1425,353.3353941440582,2.194629777292287,161.0,1.105064914283907,0.3683355906167199,0.9192546583850931,1.4167176780645205,-225.89933715575046,126.4665298461914,196.616455078125,197.73223876953125,200.5581512451172,2.8258848190307617,0.0,0.0,nan,nan,nan,nan
1426,386.54685052856803,2.4464990539782785,158.0,1.1207596970190663,0.36376629645674874,0.9493670886075949,1.4265533856925747,-186.74690270615417,142.01637268066406,191.60450744628906,192.81581115722656,191.76419067382812,-1.0516252517700195,0.0,0.0,nan,nan,nan,nan
1427,220.82442088983953,1.9370563235950835,114.0,1.0857899807121578,0.353829154181049,0.8771929824561403,1.3791274222072818,-265.3349873902806,88.72097778320312,171.4473114013672,172.92266845703125,172.0806427001953,-0.8419984579086304,0.0,0.0,nan,nan,nan,nan
1428,1350.7653736919165,3.2548563221491964,415.0,1.089511161927442,0.35627435549647624,0.9036144578313253,1.369661761591255,268.5278328814509,273.5837707519531,264.1859436035156,264.587890625,264.3619689941406,-0.22594428062438965,0.0,0.0,nan,nan,nan,nan
1429,1074.0551852360368,2.991797173359434,359.0,1.0736630012065058,0.34908653697257946,0.9192200557103064,1.3803085204136372,102.71590164051918,241.86500549316406,241.58743286132812,241.99984741210938,242.5103302001953,0.5104945302009583,0.0,0.0,nan,nan,nan,nan
1430,1175.7231439501047,3.05382634792235,385.0,1.0739194789416238,0.3518217855921313,0.9168831168831169,1.3705895657241165,152.89538379050396,253.0646514892578,238.4887237548828,238.87918090820312,238.77391052246094,-0.10528925061225891,0.0,0.0,nan,nan,nan,nan
1431,873.959559418261,2.9327501993901377,298.0,1.1212486767650636,0.36969882469601884,0.9228187919463087,1.4139330136882498,23.42016314616876,224.9076690673828,234.41018676757812,234.8902587890625,233.39718627929688,-1.4930742979049683,0.0,0.0,nan,nan,nan,nan
1432,405.8480569124222,2.5052349192124828,162.0,1.13391652806394,0.37654971878174615,0.9259259259259259,1.3998029525146363,-175.36700040908204,144.90234375,205.50485229492188,206.57044982910156,206.40225219726562,-0.1681712567806244,0.0,0.0,nan,nan,nan,nan
1433,1435.7503577917814,3.4022520326819463,422.0,1.0728454011574087,0.350928360171466,0.9123222748815166,1.3869382002714319,339.6505348294472,284.6790466308594,266.09857177734375,266.543212890625,267.28692626953125,0.7436886429786682,0.0,0.0,nan,nan,nan,nan
1434,483.6752854511142,2.519142111724553,192.0,1.0801738307757953,0.3553205642682668,0.9166666666666666,1.3849536785870986,-156.949552521255,158.6057891845703,179.1188507080078,180.1003875732422,180.40748596191406,0.3071233332157135,0.0,0.0,nan,nan,nan,nan
1435,578.2481804164127,2.8485132040217374,203.0,1.0788180964239156,0.3531042321721605,0.9359605911330049,1.390485068054405,-84.16024379460703,190.00392150878906,199.7962188720703,200.6494903564453,199.99037170410156,-0.6591277718544006,0.0,0.0,nan,nan,nan,nan
1436,658.7242794930935,2.8150610234747586,234.0,1.1035641400407907,0.36366149765821415,0.9273504273504274,1.4057564684365216,-65.07425139048667,196.66671752929688,215.36058044433594,216.14830017089844,215.7738494873047,-0.3744557499885559,0.0,0.0,nan,nan,nan,nan
1437,664.7682586368173,2.7814571491080224,239.0,1.120092786911179,0.3715197779466752,0.9163179916317992,1.414715172167267,-68.93190235524037,198.36123657226562,221.181884765625,221.88404846191406,220.2127227783203,-1.671332597732544,0.0,0.0,nan,nan,nan,nan
1438,969.77129283268,2.724076665260337,356.0,1.092174297562366,0.3580788389780663,0.9241573033707865,1.3950057463634729,4.37298730224893,224.18521118164062,245.45968627929688,245.94882202148438,246.5134735107422,0.5646419525146484,0.0,0.0,nan,nan,nan,nan
1439,815.2561294808984,2.744970132932318,297.0,1.0959694365782022,0.3625402652618541,0.898989898989899,1.3847212917889273,-33.302940769498264,211.91725158691406,232.9324188232422,233.45175170898438,235.14944458007812,1.6976852416992188,0.0,0.0,nan,nan,nan,nan
1440,515.3569110445678,2.230982298894233,231.0,1.1345527062006564,0.3754397704123054,0.922077922077922,1.3917693846843573,-202.50064177392585,160.8555908203125,202.94903564453125,203.68544006347656,203.39231872558594,-0.2931210696697235,0.0,0.0,nan,nan,nan,nan
1441,519.4478637985885,2.461838217054922,211.0,1.0578276112322227,0.3428198238786922,0.943127962085308,1.3716516268355072,-158.80316858599508,166.3075714111328,199.1570281982422,199.87039184570312,198.8339080810547,-1.0364984273910522,0.0,0.0,nan,nan,nan,nan
1442,906.1279777754098,2.8857578910044897,314.0,1.0935226194952437,0.3566204088006832,0.9235668789808917,1.4151407228259665,23.903365156189693,231.84568786621094,217.9596405029297,218.47183227539062,217.58929443359375,-0.8825594186782837,0.0,0.0,nan,nan,nan,nan
1443,824.2789468988776,3.0083173244484587,274.0,1.074987492904108,0.3547099582779979,0.9233576642335767,1.3753500602901911,21.267375147477424,218.83282470703125,235.54319763183594,236.15919494628906,236.72679138183594,0.5675930976867676,0.0,0.0,nan,nan,nan,nan
1444,939.5516165252775,3.0804971033615653,305.0,1.0849257321739476,0.355206797430877,0.9147540983606557,1.3744930031443015,75.14993810131682,240.82400512695312,238.72459411621094,239.33135986328125,238.88232421875,-0.44902294874191284,0.0,0.0,nan,nan,nan,nan
1445,765.0879076048732,2.9654570062204386,258.0,1.0744560064110789,0.3516636181521256,0.9108527131782945,1.3818860112344338,-6.238447799398955,218.12779235839844,234.53514099121094,235.28248596191406,235.75909423828125,0.47658899426460266,0.0,0.0,nan,nan,nan,nan
1446,739.8422798737884,2.651764443992073,279.0,1.1169847324437738,0.3682759779819002,0.931899641577061,1.3838040444973905,-73.07092198608939,200.0529022216797,217.9100341796875,218.49411010742188,217.23326110839844,-1.2608667612075806,0.0,0.0,nan,nan,nan,nan
1447,924.6576340869069,3.0021351756068406,308.0,1.0883016252342192,0.3551560274602931,0.9025974025974026,1.3947325083147992,54.31497759785975,236.01329040527344,226.48223876953125,227.14419555664062,226.6062774658203,-0.5379270911216736,0.0,0.0,nan,nan,nan,nan
1448,1176.929280243814,3.010049310086481,391.0,1.0924872382214974,0.35590331415718823,0.907928388746803,1.3990451649494733,142.21956395404027,246.36016845703125,255.05914306640625,255.46607971191406,255.0492401123047,-0.41685792803764343,0.0,0.0,nan,nan,nan,nan
1449,1070.5233764951117,3.0155588070284836,355.0,1.0866896446677852,0.3546258531807607,0.9098591549295775,1.3710808418965006,107.10539698637604,248.52748107910156,224.06649780273438,224.5279083251953,225.352294921875,0.8243886232376099,0.0,0.0,nan,nan,nan,nan
1450,1033.6747702471912,3.2302336570224726,320.0,1.0981478274541305,0.3607054675024907,0.8875,1.3813992132159687,139.5682014977981,250.0507354736328,266.7229919433594,267.3719787597656,265.9759826660156,-1.396018624305725,0.0,0.0,nan,nan,nan,nan
1451,748.560915492475,2.6544713315335993,282.0,1.0849093959038858,0.3556004859822616,0.9219858156028369,1.389138298752366,-70.2932644324892,202.9258270263672,226.16464233398438,226.71922302246094,226.01864624023438,-0.7005817890167236,0.0,0.0,nan,nan,nan,nan
1452,174.96959532797337,1.620088845629383,108.0,1.1005266507197797,0.3554892373971216,0.8981481481481481,1.4066231442664898,-299.3078568219738,69.9100112915039,157.43161010742188,159.39840698242188,156.6142578125,-2.7841434478759766,0.0,0.0,nan,nan,nan,nan
1453,1276.8923035226762,3.2740828295453235,390.0,1.0984528631439414,0.3575821946693473,0.8948717948717949,1.396396448941312,244.16291325459792,269.3473815917969,255.3074188232422,255.70132446289062,254.7107391357422,-0.9905861616134644,0.0,0.0,nan,nan,nan,nan
1454,1419.0654288232327,3.354764607147122,423.0,1.094706364571905,0.35560949890078686,0.9290780141843972,1.3989664788186975,320.98527983920303,279.47772216796875,256.86553955078125,257.2738342285156,256.92144775390625,-0.352385938167572,0.0,0.0,nan,nan,nan,nan
1455,2717.486188393086,3.7073481424189443,733.0,1.076931551002221,0.3508836993648619,0.9181446111869032,1.3938719804448836,1005.5049726834513,336.5089416503906,290.74749755859375,290.9842224121094,292.3745422363281,1.3903093338012695,0.0,0.0,nan,nan,nan,nan
1456,355.6054105996154,1.9755856144423078,180.0,1.0744320395266713,0.34913778526415284,0.9111111111111111,1.3855608277680302,-261.2555151124077,123.06653594970703,163.1898651123047,164.246826171875,165.508544921875,1.2617356777191162,0.0,0.0,nan,nan,nan,nan
1457,1278.0450029335916,3.345667546946575,382.0,1.089059393438383,0.3576879229164564,0.9162303664921466,1.3780722323367978,261.15822083907733,275.7413635253906,243.0758819580078,243.55593872070312,244.04649353027344,0.4905606508255005,0.0,0.0,nan,nan,nan,nan
1458,708.7488443888724,2.928714233011869,242.0,1.1449841435352635,0.38195142358671047,0.8801652892561983,1.3963230212273345,-30.892294668271802,208.61911010742188,213.97911071777344,214.69911193847656,214.23643493652344,-0.46265530586242676,0.0,0.0,nan,nan,nan,nan
1459,958.6438962519169,2.8112724230261494,341.0,1.069144718179816,0.34708705466110457,0.9296187683284457,1.3807344518510483,22.950481046918185,225.80599975585938,231.48680114746094,232.01170349121094,232.01333618164062,0.0016144783003255725,0.0,0.0,nan,nan,nan,nan
1460,901.9971708878875,3.1538362618457603,286.0,1.1038313288817614,0.3658889113537482,0.9230769230769231,1.4092206756169834,75.22168687614135,235.9238739013672,242.10498046875,242.75865173339844,241.84222412109375,-0.9164442420005798,0.0,0.0,nan,nan,nan,nan
1461,709.9827643148601,2.6491894190852987,268.0,1.077950611045863,0.3553671594458662,0.917910447761194,1.372647717255397,-81.14685130636713,198.97357177734375,213.7806396484375,214.44580078125,214.78489685058594,0.33910128474235535,0.0,0.0,nan,nan,nan,nan
1462,1140.5901553714648,3.212930015130887,355.0,1.1121068929014624,0.3612886221161327,0.923943661971831,1.3992153976871364,177.1721758627291,258.0054931640625,241.5178680419922,242.0091094970703,243.31661987304688,1.3075261116027832,0.0,0.0,nan,nan,nan,nan
1463,472.879037133418,2.251804938730562,210.0,1.0431111088548748,0.3371007480041404,0.9238095238095239,1.3738653842287691,-203.39166922947015,154.5806884765625,176.2356719970703,177.0609893798828,180.21942138671875,3.1584036350250244,0.0,0.0,nan,nan,nan,nan
1464,1038.343415282201,1.038343415282201,1000.0,1.1313872499615925,0.38608598779552267,0.888,1.371895441783908,-1202.384848220132,93.23927307128906,96.3473129272461,96.45330047607422,95.98681640625,-0.46648040413856506,0.0,0.0,nan,nan,nan,nan
1465,885.7942380867898,3.012905571723775,294.0,1.1224068240806204,0.3704187319783732,0.9115646258503401,1.4048665544533419,43.176145901479686,231.1345977783203,241.99696350097656,242.55117797851562,242.60049438476562,0.04930581897497177,0.0,0.0,nan,nan,nan,nan
1466,600.7740428596735,2.888336744517661,208.0,1.0925053553979098,0.35668855234759506,0.9182692307692307,1.3875545119045563,-71.53601145982361,192.19459533691406,208.54502868652344,209.31314086914062,208.08741760253906,-1.2257084846496582,0.0,0.0,nan,nan,nan,nan
1467,1590.0201145112514,3.4490674935168144,461.0,1.1043372358775867,0.3638643376670085,0.8893709327548807,1.3953179028013754,416.68757670279274,297.8290100097656,266.017333984375,266.40814208984375,266.5732727050781,0.16510947048664093,0.0,0.0,nan,nan,nan,nan
1468,510.2406701669097,2.4297174769852843,210.0,1.1266501017614647,0.37488330869671205,0.9047619047619048,1.3844331849434197,-166.03003619597848,161.9459686279297,214.6250762939453,215.56863403320312,215.12271118164062,-0.4459289610385895,0.0,0.0,nan,nan,nan,nan
1469,504.6946219485253,2.5109185171568424,201.0,1.0819726395649183,0.35986453513896705,0.900497512437811,1.3634640533426337,-153.75315021910342,164.3096466064453,210.21759033203125,211.09344482421875,210.6526336669922,-0.4407835006713867,0.0,0.0,nan,nan,nan,nan
1470,1242.1825549900532,3.1210616959549076,398.0,1.067089166084363,0.3491354554722082,0.9120603015075377,1.376383197881203,193.61055654841107,259.9107971191406,261.9896545410156,262.3955383300781,261.5893249511719,-0.8061851859092712,0.0,0.0,nan,nan,nan,nan
1471,962.4027434326708,3.1657984981337854,304.0,1.0853200665646785,0.34913345010686736,0.944078947368421,1.4015646954435819,99.98139103040558,245.3784942626953,236.66184997558594,237.21743774414062,236.05453491210938,-1.1629163026809692,0.0,0.0,nan,nan,nan,nan
1472,1259.2161380946636,3.1559301706633174,399.0,1.1036536700245332,0.3652582220933659,0.9348370927318296,1.392033633456756,208.66381363132587,259.7176208496094,247.97740173339844,248.39935302734375,248.61087036132812,0.21149025857448578,0.0,0.0,nan,nan,nan,nan
1473,1157.1048606093973,3.021161515951429,383.0,1.088912672145396,0.3561801333491548,0.9060052219321149,1.3763100724706756,138.2377524931876,250.11756896972656,253.10598754882812,253.5404052734375,254.42623901367188,0.8858333230018616,0.0,0.0,nan,nan,nan,nan
1474,897.599282620009,3.2521713138406123,276.0,1.0742178848419355,0.34478116571822526,0.9384057971014492,1.38871465696934,90.62705882521777,243.32322692871094,234.03094482421875,234.62118530273438,235.9557342529297,1.3345234394073486,0.0,0.0,nan,nan,nan,nan
1475,639.6118116490543,2.687444586760732,238.0,1.0865881557393877,0.35529559638919583,0.9453781512605042,1.3739391421460438,-92.10802332130788,194.325439453125,212.5474090576172,213.20631408691406,213.3695068359375,0.16318005323410034,0.0,0.0,nan,nan,nan,nan
1476,548.2211439236999,2.6356785765562494,208.0,1.0932600897689448,0.3582863250732584,0.9567307692307693,1.4107691111618006,-124.08891039579726,176.32408142089844,204.3755645751953,205.19561767578125,204.9927520751953,-0.2028461992740631,0.0,0.0,nan,nan,nan,nan
1477,650.4403909370303,2.7101682955709596,240.0,1.0865932225721395,0.3529516917060795,0.95,1.396363893815345,-85.24009607672292,196.06507873535156,215.87181091308594,216.60467529296875,217.59332275390625,0.9886526465415955,0.0,0.0,nan,nan,nan,nan
1478,876.5518405511975,2.9513529984888804,297.0,1.1006405361823242,0.3637693490004254,0.9057239057239057,1.3977252623299297,27.992770300800885,231.31045532226562,220.24575805664062,220.87037658691406,221.13514709472656,0.26481279730796814,0.0,0.0,nan,nan,nan,nan
1479,1365.6159601528198,3.2132140238889875,425.0,1.088753220813939,0.3554490001233952,0.9364705882352942,1.3929830839735298,263.57515912539907,272.3370361328125,251.94947814941406,252.3659210205078,251.6829376220703,-0.6829838156700134,0.0,0.0,nan,nan,nan,nan
1480,605.7953629847616,2.8308194531998208,214.0,1.105747596573513,0.36627531196556495,0.9345794392523364,1.3921246386213568,-78.3966474649086,190.48861694335938,215.3157196044922,216.1790313720703,216.1274871826172,-0.051555026322603226,0.0,0.0,nan,nan,nan,nan
1481,30.431243621744215,0.25789189509952726,118.0,1.0459630316709405,0.3342437373755742,0.9576271186440678,1.4063577738648028,-463.64946874515795,2.9872183799743652,117.94178771972656,118.81471252441406,120.47310638427734,1.658397912979126,0.0,0.0,nan,nan,nan,nan
1482,578.6222457960248,2.8503558906208117,203.0,1.0756363438151126,0.35220098138739253,0.9359605911330049,1.3793400170810135,-83.78617841499488,189.96405029296875,194.69754028320312,195.53182983398438,194.85592651367188,-0.675892174243927,0.0,0.0,nan,nan,nan,nan
1483,401.89031054917723,2.0297490431776626,198.0,1.057016099357535,0.33769028786505556,0.9444444444444444,1.3750448131889896,-250.61648355336501,134.98162841796875,146.577392578125,147.44581604003906,149.99136352539062,2.545534610748291,0.0,0.0,nan,nan,nan,nan
1484,679.6330987364054,2.762736173725225,246.0,1.0839597240320935,0.35756813923297964,0.8861788617886179,1.3608843855225037,-67.92934440752083,197.94467163085938,216.21473693847656,216.90142822265625,215.79420471191406,-1.1072076559066772,0.0,0.0,nan,nan,nan,nan
1485,1165.2604023590684,3.1324204364491086,372.0,1.0966963835158052,0.3560845036178328,0.9166666666666666,1.3901320074177355,168.17688048150922,256.9100646972656,245.46536254882812,245.8642120361328,245.290283203125,-0.5739051103591919,0.0,0.0,nan,nan,nan,nan
1486,1947.8123879740015,3.593749793309966,542.0,1.091851488648875,0.3542401273919944,0.9298892988929889,1.3873849041092003,614.0734424082073,316.9160461425781,268.3193054199219,268.6724853515625,269.197021484375,0.524554431438446,0.0,0.0,nan,nan,nan,nan
1487,823.797463526018,2.542584763969191,324.0,1.0351300476114227,0.3381017568962729,0.9228395061728395,1.350521860868607,-78.23040931015726,199.32374572753906,226.6070556640625,227.0996856689453,228.19302368164062,1.0933723449707031,0.0,0.0,nan,nan,nan,nan
1488,181.10867055412382,1.6769321347604058,108.0,1.0559408939075932,0.34298165066722475,0.9629629629629629,1.3929354397649103,-293.16878159582336,70.25260162353516,155.8277587890625,157.83644104003906,153.85345458984375,-3.982985258102417,0.0,0.0,nan,nan,nan,nan
1489,484.8336506076157,2.308731669560075,210.0,1.1296864190940694,0.3794911964243972,0.919047619047619,1.4127855655594572,-191.43705575527247,155.22056579589844,217.21221923828125,217.9504852294922,218.289306640625,0.33882424235343933,0.0,0.0,nan,nan,nan,nan
1490,596.3339459821582,2.5484356665904198,234.0,1.1378201616359453,0.37508819229106327,0.8888888888888888,1.4270487312102098,-127.46458490142197,183.11517333984375,215.16676330566406,215.8045196533203,217.17324829101562,1.3687412738800049,0.0,0.0,nan,nan,nan,nan
1491,521.8556156149134,2.4615830925231763,212.0,1.0960977022327594,0.3666199782403181,0.8679245283018868,1.355964871165744,-158.37574279136584,165.12716674804688,205.7135467529297,206.5491485595703,206.0726776123047,-0.47648268938064575,0.0,0.0,nan,nan,nan,nan
1492,817.2236777646467,2.8775481611431224,284.0,1.1117581699748151,0.37043411247184915,0.897887323943662,1.3901703344631826,-5.591154203708584,221.72540283203125,227.42434692382812,228.0151824951172,227.42820739746094,-0.5869751572608948,0.0,0.0,nan,nan,nan,nan
1493,545.846050798893,2.729230253994465,200.0,1.0913277591185877,0.3613624352859431,0.89,1.3871066709134225,-110.62139534704022,175.5957794189453,209.2878875732422,210.0087432861328,209.04380798339844,-0.9649540781974792,0.0,0.0,nan,nan,nan,nan
1494,686.2963841706514,2.883598252817863,238.0,1.0993325576059005,0.36113909830656216,0.8949579831932774,1.409146355848334,-45.423450799710736,201.80406188964844,204.32470703125,205.0946044921875,206.20680236816406,1.112202525138855,0.0,0.0,nan,nan,nan,nan
1495,897.1637874804437,3.286314239855105,273.0,1.1022638940001563,0.35538568190439407,0.9304029304029304,1.4040090673285992,96.13254175073894,244.27964782714844,217.1688995361328,217.81478881835938,216.95481872558594,-0.8599766492843628,0.0,0.0,nan,nan,nan,nan
1496,296.064242599532,2.0278372780789864,146.0,1.0884508927671432,0.3624419812936991,0.952054794520548,1.3548106865285268,-253.46559837484415,110.3647232055664,189.8352813720703,191.1607208251953,189.85401916503906,-1.3066719770431519,0.0,0.0,nan,nan,nan,nan
1497,915.69737203978,2.9255507093922684,313.0,1.045731895527813,0.3379020718634951,0.9329073482428115,1.3753015385753193,35.453085442255315,236.30296325683594,194.36099243164062,194.90475463867188,194.31321716308594,-0.5915279388427734,0.0,0.0,nan,nan,nan,nan
1498,1310.4110132455826,3.3259162772730524,394.0,1.0931361777183235,0.35853608905607315,0.8984771573604061,1.3882329164179363,269.7603188907224,274.6854248046875,252.76138305664062,253.17715454101562,252.2703857421875,-0.9067455530166626,0.0,0.0,nan,nan,nan,nan
1499,972.3779918691143,2.92005402963698,333.0,1.0774950943398611,0.35249321584706195,0.8858858858858859,1.3738133921306679,52.52718483767967,235.16920471191406,232.27980041503906,232.77548217773438,233.56222534179688,0.7867578268051147,0.0,0.0,nan,nan,nan,nan
1500,899.4692226015031,2.9982307420050103,300.0,1.0829013501718392,0.3594294692775131,0.9366666666666666,1.378810518235211,44.96917428602001,233.1176300048828,231.11703491210938,231.67098999023438,231.04713439941406,-0.6238508224487305,0.0,0.0,nan,nan,nan,nan
1501,1330.818151193671,3.3104929134170917,402.0,1.1065287717071999,0.36307906210285446,0.9054726368159204,1.384183638097969,274.3248486652467,274.8905029296875,277.6697692871094,278.0732727050781,276.88262939453125,-1.1906156539916992,0.0,0.0,nan,nan,nan,nan
1502,538.0326947802678,2.468039884313155,218.0,1.0840240196152644,0.355812411878236,0.9128440366972477,1.3937629142173398,-154.08061975618443,171.21041870117188,200.0690460205078,200.7946319580078,198.85792541503906,-1.9367038011550903,0.0,0.0,nan,nan,nan,nan
1503,610.4939398793504,2.6314393960316824,232.0,1.0977137750627628,0.36217943660056173,0.8879310344827587,1.3936245786959964,-109.34393896083884,186.23828125,206.7900390625,207.40895080566406,206.35476684570312,-1.0542004108428955,0.0,0.0,nan,nan,nan,nan
1504,537.0113039761782,2.7398535917151947,196.0,1.063050113209139,0.3415421923902836,0.923469387755102,1.3695062570975864,-111.53483808297301,175.36251831054688,198.72276306152344,199.53465270996094,199.7827911376953,0.2481265515089035,0.0,0.0,nan,nan,nan,nan
1505,877.2193820849061,2.895113472227413,303.0,1.1172674124335964,0.3690936757731305,0.9174917491749175,1.3951387576011882,16.77835570433649,223.61215209960938,237.6956024169922,238.22335815429688,238.99623107910156,0.7728877663612366,0.0,0.0,nan,nan,nan,nan
1506,787.2545202793553,2.705341994087132,291.0,1.0690808091838548,0.3473184578940016,0.9209621993127147,1.3758066515100023,-49.42259384086833,208.76918029785156,211.36691284179688,211.9307403564453,212.47906494140625,0.5483053922653198,0.0,0.0,nan,nan,nan,nan
1507,1012.4714157953858,3.086803096937152,328.0,1.073225490218858,0.35058548287107566,0.8963414634146342,1.3788700529358464,102.52223887242872,245.31021118164062,245.92630004882812,246.41954040527344,247.03677368164062,0.6172289252281189,0.0,0.0,nan,nan,nan,nan
1508,719.4608875140548,2.97297887402502,242.0,1.0890052001843191,0.3576782845596003,0.9173553719008265,1.3832560523576944,-20.180251543089412,212.2115478515625,221.18202209472656,221.8993682861328,222.50132751464844,0.6019507646560669,0.0,0.0,nan,nan,nan,nan
1509,1475.3385012969375,3.2640232329578263,452.0,1.091808774344886,0.3580976133293178,0.9292035398230089,1.404860006216215,319.8288976837382,276.728515625,269.69866943359375,270.03546142578125,269.0151062011719,-1.0203473567962646,0.0,0.0,nan,nan,nan,nan
1510,585.7310997322202,2.580313214679384,227.0,1.073153125397797,0.34882347363152605,0.9295154185022027,1.3648664934452022,-124.20514899949148,182.0413818359375,214.7137908935547,215.36849975585938,215.30145263671875,-0.06704698503017426,0.0,0.0,nan,nan,nan,nan
1511,785.0859109461308,3.0429686470780264,258.0,1.081759780876221,0.356438398641415,0.8682170542635659,1.353510730683604,13.759555541858617,220.04417419433594,237.91998291015625,238.5322265625,238.13433837890625,-0.3978985846042633,0.0,0.0,nan,nan,nan,nan
1512,466.57031201571226,2.666116068661213,175.0,1.0884160573469235,0.357909988937456,0.92,1.3923718931015463,-140.38898358783342,160.8398895263672,204.28562927246094,205.28160095214844,205.20741271972656,-0.07418975979089737,0.0,0.0,nan,nan,nan,nan
1513,493.63044157251716,2.5057382820939957,197.0,1.1120093973350091,0.3628355319671413,0.9390862944162437,1.3815644153309294,-156.89602650832944,161.93798828125,193.35610961914062,194.1079864501953,194.48464965820312,0.3766742944717407,0.0,0.0,nan,nan,nan,nan
1514,999.6581598557532,2.880859250304764,347.0,1.0668421551610352,0.346228782925341,0.9250720461095101,1.3750865762285571,52.082788520581516,234.1927947998047,233.21951293945312,233.66921997070312,233.29611206054688,-0.37309136986732483,0.0,0.0,nan,nan,nan,nan
1515,1005.7937203629408,1.0057937203629408,1000.0,1.1194210939401086,0.3810576226555616,0.897,1.3821493621000114,-1234.9345431393922,91.35389709472656,99.70645904541016,99.78721618652344,99.11341857910156,-0.6737959980964661,0.0,0.0,nan,nan,nan,nan
1516,708.4496269077063,2.5301772389560937,280.0,1.0935662646644637,0.3610214069125678,0.925,1.3705822701211163,-106.4439009738669,195.96383666992188,205.47433471679688,206.0575408935547,205.23861694335938,-0.8189263939857483,0.0,0.0,nan,nan,nan,nan
1517,1045.0238513201475,3.0029421014946767,348.0,1.0946358271664012,0.3586809248375792,0.9166666666666666,1.3904699387832398,95.46815396328043,240.9296875,236.14871215820312,236.61752319335938,237.4623565673828,0.8448132276535034,0.0,0.0,nan,nan,nan,nan
1518,1177.4680787660182,3.1232575033581385,377.0,1.0983151918483325,0.36029080039633765,0.9177718832891246,1.3797111020035984,170.48292677998143,258.13348388671875,240.2953643798828,240.77308654785156,240.83119201660156,0.05810174345970154,0.0,0.0,nan,nan,nan,nan
1519,402.12954657152295,2.0309573059167825,198.0,1.0380966566646994,0.3330439069821431,0.9444444444444444,1.3837706660956617,-250.3772475310193,136.220703125,158.58599853515625,159.39231872558594,159.1309814453125,-0.26133811473846436,0.0,0.0,nan,nan,nan,nan
1520,727.9065907746553,2.9832237326830136,244.0,1.121869331932187,0.3684591267899167,0.930327868852459,1.423495778956636,-15.695200325879796,211.8291778564453,219.49472045898438,220.31285095214844,220.2180938720703,-0.09476695954799652,0.0,0.0,nan,nan,nan,nan
1521,1011.2942760400474,3.1116746955078383,325.0,1.0993696144223826,0.3551482365552921,0.92,1.3723255172543238,107.28607718217677,247.3919219970703,230.9965362548828,231.48170471191406,230.38009643554688,-1.1016052961349487,0.0,0.0,nan,nan,nan,nan
1522,804.6421955842525,2.894396386993714,278.0,1.0787139997334707,0.35446210247389104,0.9244604316546763,1.3890503762709967,-6.290680253929622,220.14657592773438,225.1391143798828,225.81423950195312,226.62673950195312,0.8125067949295044,0.0,0.0,nan,nan,nan,nan
1523,814.193999197334,3.119517238303962,261.0,1.1126133026958092,0.36996107907950315,0.89272030651341,1.3786110285869941,36.92666572797543,227.9747772216797,244.53244018554688,245.25039672851562,245.30087280273438,0.050484493374824524,0.0,0.0,nan,nan,nan,nan
1524,537.3757981518283,2.4763861665982874,217.0,1.0379349911004339,0.3329273842515842,0.9447004608294931,1.3762507005745497,-152.75719036292833,169.0155487060547,194.62060546875,195.38194274902344,196.50244140625,1.1205193996429443,0.0,0.0,nan,nan,nan,nan
1525,1059.9109108820558,2.936041304382426,361.0,1.0885098877886883,0.3594143403238155,0.9335180055401662,1.3883034754113603,84.6109752431471,237.02487182617188,245.47714233398438,245.9662322998047,246.3304901123047,0.3642445504665375,0.0,0.0,nan,nan,nan,nan
1526,528.6162519585341,2.436019594278959,217.0,1.0896595607598343,0.35961580063454585,0.8894009216589862,1.3820144586383798,-161.51673655622255,167.41233825683594,206.104736328125,206.98605346679688,206.1844024658203,-0.8016242980957031,0.0,0.0,nan,nan,nan,nan
1527,395.99940007925034,2.4749962504953147,160.0,1.1467040315426325,0.38329028269048043,0.8875,1.410148466772585,-181.25500519886282,144.96849060058594,184.04232788085938,185.2596893310547,185.70748901367188,0.44780397415161133,0.0,0.0,nan,nan,nan,nan
1528,845.797428406775,3.0099552612340745,281.0,1.0772128285614226,0.34978779274743815,0.9110320284697508,1.3858925688546644,28.923574503506416,231.73379516601562,217.3697967529297,217.984130859375,218.34149169921875,0.3573872148990631,0.0,0.0,nan,nan,nan,nan
1529,907.0962548069656,3.0541961441311973,297.0,1.098631882024225,0.36190576687249787,0.9057239057239057,1.3975933499676023,58.537184556568945,237.1349639892578,219.52670288085938,220.13375854492188,220.3914031982422,0.25762754678726196,0.0,0.0,nan,nan,nan,nan
1530,1082.2574089765549,2.8937363876378472,374.0,1.0768265502123258,0.3515483502905779,0.9331550802139037,1.381907779938465,81.21323505560463,241.12245178222656,229.68212890625,230.17347717285156,229.5761260986328,-0.5973436236381531,0.0,0.0,nan,nan,nan,nan
1531,831.3703810926527,3.1853271306231905,261.0,1.104268001843936,0.3584750069443274,0.9272030651340997,1.4228752820714816,54.10304762329406,232.4405975341797,224.6328582763672,225.27203369140625,224.31813049316406,-0.9539060592651367,0.0,0.0,nan,nan,nan,nan
1532,1474.4244357943535,3.184502021154111,463.0,1.1061568102986434,0.3621872428356575,0.9308855291576674,1.4001729088383825,297.1312459425037,272.296630859375,259.9413757324219,260.3377990722656,262.29876708984375,1.960951328277588,0.0,0.0,nan,nan,nan,nan
1533,1027.7563499147072,3.181908204070301,323.0,1.06999998868234,0.3494358261047249,0.9256965944272446,1.3640231304364379,127.70880310022744,249.05006408691406,231.40682983398438,231.9754180908203,231.8664093017578,-0.10901471972465515,0.0,0.0,nan,nan,nan,nan
1534,693.1090116351843,2.9369025916745097,236.0,1.0735956261185922,0.3510310755133968,0.923728813559322,1.3713623634816263,-34.65017129178682,209.0552520751953,198.77012634277344,199.5376739501953,199.7768096923828,0.23912866413593292,0.0,0.0,nan,nan,nan,nan
1535,1686.8080467917025,3.4145911878374546,494.0,1.0910613170734909,0.3554432233881931,0.9331983805668016,1.395919864112987,448.12475026729226,295.9794921875,259.6134338378906,259.9302062988281,260.707275390625,0.7770886421203613,0.0,0.0,nan,nan,nan,nan
1536,1106.1016631219536,2.8655483500568746,386.0,1.0592267485229634,0.3442940573089256,0.917098445595855,1.3747299902786851,81.29357694065743,244.9817657470703,229.88790893554688,230.32485961914062,230.08413696289062,-0.24073481559753418,0.0,0.0,nan,nan,nan,nan
1537,957.9964431971312,2.744975481940204,349.0,1.0822374734856208,0.3536278121597708,0.9455587392550143,1.3999524066865277,6.460419818568425,225.55555725097656,230.30609130859375,230.80596923828125,230.44027709960938,-0.3656919598579407,0.0,0.0,nan,nan,nan,nan
1538,906.3854751959443,2.9815311684077117,304.0,1.111835708033673,0.3666032981375458,0.9013157894736842,1.3876731948133842,43.96412279367905,235.8794403076172,235.39633178710938,236.03012084960938,235.52418518066406,-0.50592041015625,0.0,0.0,nan,nan,nan,nan
1539,347.23447460657917,2.1302728503471116,163.0,1.1194973446940473,0.3789239016379152,0.9263803680981595,1.3865753649646744,-235.96090873662047,129.39407348632812,178.91851806640625,179.9710235595703,179.10980224609375,-0.8612231016159058,0.0,0.0,nan,nan,nan,nan
1540,862.2564930636436,3.2785417987210783,263.0,1.0578303816056431,0.3454684064170542,0.9201520912547528,1.3740825297626535,81.02850755089389,241.3084259033203,210.36508178710938,211.04307556152344,211.65045166015625,0.6073894500732422,0.0,0.0,nan,nan,nan,nan
1541,1097.1967661045492,3.345112091782162,328.0,1.061184247079257,0.3437171916181493,0.9451219512195121,1.377047325124338,187.24758918159205,269.4067687988281,234.8230743408203,235.41482543945312,235.91448974609375,0.49964964389801025,0.0,0.0,nan,nan,nan,nan
1542,1225.7521549388766,3.367450975106804,364.0,1.073311898263493,0.3487520902377089,0.8873626373626373,1.3788097348747024,244.51124123488148,274.898681640625,240.7357940673828,241.16163635253906,241.8938446044922,0.7322364449501038,0.0,0.0,nan,nan,nan,nan
1543,243.8923175064847,0.8295657058043697,294.0,1.1155566958479253,0.3734350332669817,0.9115646258503401,1.3962936829957537,-598.7257746788255,52.06248092651367,128.3158416748047,128.5995330810547,123.24358367919922,-5.35594367980957,0.0,0.0,nan,nan,nan,nan
1544,682.7053274400532,2.8806131959495915,237.0,1.1137835803659477,0.36833296931147674,0.9071729957805907,1.400822945380533,-47.03418150861353,203.1859893798828,221.75433349609375,222.4812469482422,222.12803649902344,-0.35321295261383057,0.0,0.0,nan,nan,nan,nan
1545,2080.351412301883,3.41601217126746,609.0,1.0647026453484492,0.34703729969893976,0.9277504105090312,1.379695023596191,613.9306232824904,309.83148193359375,268.1560974121094,268.4085388183594,268.96783447265625,0.5592831969261169,0.0,0.0,nan,nan,nan,nan
1546,699.415616649203,2.963625494276284,236.0,1.0845312215684961,0.3555908658679489,0.9364406779661016,1.388336129193675,-28.343566277768105,211.1690216064453,198.3524169921875,199.065185546875,199.15155029296875,0.08636817336082458,0.0,0.0,nan,nan,nan,nan
1547,800.2796533852816,3.0779986668664674,260.0,1.118040870303406,0.369134181187912,0.8807692307692307,1.3998319799272,24.992645937618363,224.9541778564453,230.77476501464844,231.37686157226562,231.59854125976562,0.22167499363422394,0.0,0.0,nan,nan,nan,nan
1548,629.8414697358385,2.657558944033074,237.0,1.1102730825952176,0.36606180307898434,0.9029535864978903,1.4148850928194519,-99.89803921282828,190.16946411132812,203.3463897705078,204.07315063476562,203.95135498046875,-0.12177491933107376,0.0,0.0,nan,nan,nan,nan
1549,340.75912692397833,2.065206829842293,165.0,1.0869547749326935,0.35876709267642876,0.9030303030303031,1.3881962122030087,-246.39690846261237,126.5147933959961,188.2168731689453,189.181884765625,187.86610412597656,-1.3157985210418701,0.0,0.0,nan,nan,nan,nan
1550,-2.3986797854304314,-0.2665199761589368,9.0,1.121433839659633,0.3691821521906941,1.0,1.3049076287205759,-280.6238557875231,-1.4271258115768433,176.9795379638672,176.376708984375,175.58349609375,-0.7932247519493103,0.0,0.0,nan,nan,nan,nan
1551,756.9248842336237,2.9567378290375927,256.0,1.0972994642552942,0.3632507035795432,0.9140625,1.3944544266943066,-10.440819127257441,213.172607421875,243.31639099121094,243.99972534179688,242.4209442138672,-1.5787711143493652,0.0,0.0,nan,nan,nan,nan
1552,649.7890463583171,2.5888009815072395,251.0,1.088522926752119,0.355558286639299,0.9163346613545816,1.3682709336181231,-107.67502689408661,192.25978088378906,201.38601684570312,202.06307983398438,201.0533447265625,-1.0097064971923828,0.0,0.0,nan,nan,nan,nan
1553,864.5984714087099,2.9609536692079104,292.0,1.069557146513955,0.34861356110969743,0.928082191780822,1.372429658448564,25.941031266790787,229.30259704589844,223.82662963867188,224.45973205566406,224.9508819580078,0.49114540219306946,0.0,0.0,nan,nan,nan,nan
1554,1262.5630481764674,3.2793845407180973,385.0,1.0976615350874115,0.3579611257644414,0.9402597402597402,1.3936195641232916,239.73528801686666,269.0455322265625,253.91822814941406,254.3285675048828,254.0447235107422,-0.2838658392429352,0.0,0.0,nan,nan,nan,nan
1555,1322.0218008309603,3.248210812852482,407.0,1.0789658646774403,0.3535626524007982,0.9312039312039312,1.3690267866690005,255.6268681940585,269.2784118652344,253.11061096191406,253.54351806640625,254.05125427246094,0.5077394843101501,0.0,0.0,nan,nan,nan,nan
1556,527.4783406555653,2.560574469201773,206.0,1.1458658145035978,0.37793708332148096,0.8932038834951457,1.4154724512684027,-140.8710616205409,171.5609893798828,198.5620574951172,199.42367553710938,201.0679473876953,1.6442506313323975,0.0,0.0,nan,nan,nan,nan
1557,1552.9784970320761,3.215276391370758,483.0,1.0885185486282585,0.3548972090104308,0.9233954451345756,1.4057183091882846,336.0787867463164,279.70892333984375,262.9830017089844,263.29779052734375,263.82000732421875,0.5222108364105225,0.0,0.0,nan,nan,nan,nan
1558,203.07015714328736,1.8630289646173153,109.0,1.1303218221873668,0.3671622419956251,0.9541284403669725,1.4127984156820521,-273.18762102835535,83.77498626708984,165.09402465820312,166.69151306152344,164.6293487548828,-2.0621776580810547,0.0,0.0,nan,nan,nan,nan
1559,723.2375901453197,2.8141540472580533,257.0,1.1096773661428765,0.36331373056784594,0.9299610894941635,1.3906331872199804,-46.108439237257016,206.07650756835938,219.79295349121094,220.54762268066406,220.0465545654297,-0.5010731220245361,0.0,0.0,nan,nan,nan,nan
1560,635.5560237392783,2.7753538154553636,229.0,1.1131203198107402,0.36461720292983785,0.9170305676855895,1.3907178644905618,-78.3408770358244,194.35694885253906,211.97413635253906,212.79591369628906,213.64202880859375,0.8461111783981323,0.0,0.0,nan,nan,nan,nan
1561,1014.7574423411861,3.191061139437692,318.0,1.1052095736923304,0.36057579807359463,0.9150943396226415,1.3972338788251888,124.61152563518385,249.60809326171875,235.61094665527344,236.1835174560547,235.6207733154297,-0.5627582669258118,0.0,0.0,nan,nan,nan,nan
1562,379.70925860106945,2.207611968610869,172.0,1.072879241729346,0.3568699329236354,0.9011627906976745,1.3659147382202828,-221.30905893738975,133.06500244140625,192.04653930664062,193.16651916503906,191.45985412597656,-1.7066370248794556,0.0,0.0,nan,nan,nan,nan
1563,873.638285594061,2.6235383951773605,333.0,1.0642996989731894,0.3459538124373433,0.933933933933934,1.3809879226950583,-46.21252143737365,211.50192260742188,215.1115264892578,215.67872619628906,213.76321411132812,-1.915510654449463,0.0,0.0,nan,nan,nan,nan
1564,1300.6568513684906,2.9560382985647515,440.0,1.0725075418020378,0.35172758772526075,0.9318181818181818,1.3729545950336541,168.9111600156375,252.71681213378906,246.14495849609375,246.4989471435547,245.24746704101562,-1.2514829635620117,0.0,0.0,nan,nan,nan,nan
1565,1471.6826995303854,3.3600061633113825,438.0,1.0691037074771594,0.34875246690886064,0.9360730593607306,1.3769923350377187,343.89766022092317,285.2822265625,257.7917175292969,258.1745910644531,258.1188659667969,-0.05572732910513878,0.0,0.0,nan,nan,nan,nan
1566,939.3920396119356,3.152322280576965,298.0,1.0984168067918185,0.3604286300585271,0.8758389261744967,1.3926611600644634,88.85264333984333,245.52694702148438,225.54241943359375,226.1079559326172,225.2904052734375,-0.8175719380378723,0.0,0.0,nan,nan,nan,nan
1567,1190.1225646175444,3.059441040147929,389.0,1.099809621279398,0.3607120012283441,0.9074550128534704,1.3815711112049633,159.37350037116175,255.39151000976562,242.03970336914062,242.46453857421875,242.68646240234375,0.22194139659404755,0.0,0.0,nan,nan,nan,nan
1568,707.5408251378685,2.830163300551474,250.0,1.1077206353119018,0.37089420022132497,0.864,1.3858964628638941,-47.94292209283958,205.3644256591797,238.97097778320312,239.66818237304688,238.85911560058594,-0.8090829253196716,0.0,0.0,nan,nan,nan,nan
1569,1111.7106032464653,3.1672666759158554,351.0,1.0795775616002479,0.3489294958122534,0.9287749287749287,1.3869441833280671,156.21392782451153,259.19512939453125,241.89463806152344,242.35047912597656,242.1874542236328,-0.16301898658275604,0.0,0.0,nan,nan,nan,nan
1570,1016.8025624500588,2.955821402471101,344.0,1.0887513875639057,0.3579626931267873,0.9186046511627907,1.388670799766853,75.16816917997357,239.47860717773438,243.66629028320312,244.2140655517578,243.87582397460938,-0.3382378816604614,0.0,0.0,nan,nan,nan,nan
1571,1037.2236490370706,3.1719377646393596,327.0,1.0925140277981555,0.35426980822069887,0.9418960244648318,1.4007432019766182,129.25479813580887,253.9286346435547,228.8538360595703,229.37486267089844,229.2090301513672,-0.16585618257522583,0.0,0.0,nan,nan,nan,nan
1572,657.2581684037577,2.8701230061299463,229.0,1.1137224730614623,0.36527570014354094,0.8995633187772926,1.4088622366318144,-56.638732371344986,198.02694702148438,231.94573974609375,232.70408630371094,234.0605010986328,1.356393575668335,0.0,0.0,nan,nan,nan,nan
1573,752.3691898211837,2.962083424492849,254.0,1.1052072478387331,0.36065095503022526,0.9015748031496063,1.3961902156092176,-11.035861496306552,213.53282165527344,221.0696258544922,221.73155212402344,221.08599853515625,-0.6455535292625427,0.0,0.0,nan,nan,nan,nan
1574,1134.0377783257227,3.2587292480624215,348.0,1.0554579043801322,0.3401549950022815,0.9454022988505747,1.376582724971503,184.4820809688556,264.3784484863281,233.8345489501953,234.38157653808594,235.30152893066406,0.9199659824371338,0.0,0.0,nan,nan,nan,nan
1575,574.0139469504356,2.7730142364755346,207.0,1.077541626688872,0.3499102591959296,0.9227053140096618,1.395098284828633,-96.31578134736606,183.143798828125,208.14556884765625,208.91064453125,209.54605102539062,0.6353949904441833,0.0,0.0,nan,nan,nan,nan
1576,1171.1221335083246,3.298935587347393,355.0,1.0861880098116385,0.35275768865213597,0.9211267605633803,1.392725793211675,207.70415399958893,263.08538818359375,257.5370178222656,258.03466796875,258.0891418457031,0.05446356162428856,0.0,0.0,nan,nan,nan,nan
1577,720.2636405630037,2.8468918599328212,253.0,1.0752635412822276,0.35154516404256597,0.9209486166007905,1.3771657495437513,-41.16108473279098,211.40362548828125,222.9053497314453,223.55955505371094,222.59881591796875,-0.9607194662094116,0.0,0.0,nan,nan,nan,nan
1578,270.80084206163883,1.602371846518573,169.0,1.1006386080200405,0.3607814683568806,0.9230769230769231,1.4014353925289238,-324.27649741173377,94.36310577392578,168.1076202392578,168.8300018310547,173.16464233398438,4.33461856842041,0.0,0.0,nan,nan,nan,nan
1579,1121.8670269362628,3.1962023559437687,351.0,1.0814928485954545,0.3493057305397989,0.9344729344729344,1.374446224712061,166.37035151430905,264.1174011230469,236.18434143066406,236.6846466064453,237.3340606689453,0.6493995189666748,0.0,0.0,nan,nan,nan,nan
1580,412.22352933883667,2.4537114841597423,168.0,1.1034705542539933,0.3574367188478983,0.9285714285714286,1.3973790080762674,-180.87348411284052,146.8592987060547,169.27053833007812,170.25588989257812,169.0254669189453,-1.2304326295852661,0.0,0.0,nan,nan,nan,nan
1581,719.2012013271451,2.9966716721964377,240.0,1.0586531684409244,0.34540460697337244,0.925,1.3699316504361407,-16.479285686608137,214.72621154785156,207.99942016601562,208.67596435546875,207.60464477539062,-1.0713170766830444,0.0,0.0,nan,nan,nan,nan
1582,800.3109927251935,2.986235047482065,268.0,1.0789768513942657,0.35184137145143035,0.917910447761194,1.3435381391439905,9.18137710396627,220.65682983398438,225.7451629638672,226.34005737304688,225.21543884277344,-1.1246280670166016,0.0,0.0,nan,nan,nan,nan
1583,941.6152464821935,3.0872631032203066,305.0,1.1239225130618404,0.37095751156018986,0.9147540983606557,1.4033993788383885,77.2135680582328,238.6735382080078,228.35760498046875,228.95758056640625,228.5319366455078,-0.4256281554698944,0.0,0.0,nan,nan,nan,nan
1584,838.3295864784159,2.9312223303441116,286.0,1.1007479933256585,0.3587360814643051,0.9370629370629371,1.3937282243574136,11.554102466669747,225.04757690429688,225.89524841308594,226.4239959716797,226.32115173339844,-0.1028430387377739,0.0,0.0,nan,nan,nan,nan
1585,1418.5309043861926,3.2989090799678897,430.0,1.091494709256583,0.3564624599561044,0.9093023255813953,1.3771621975032986,306.5884732502943,278.6589660644531,253.66900634765625,254.08230590820312,255.7615509033203,1.6792335510253906,0.0,0.0,nan,nan,nan,nan
1586,773.2632153369486,2.267634062571697,341.0,1.129894267511815,0.37536412841020894,0.9266862170087976,1.4160740516717534,-162.43019986805007,189.87294006347656,207.28936767578125,207.82981872558594,206.9710693359375,-0.8587443232536316,0.0,0.0,nan,nan,nan,nan
1587,1811.1260135434568,3.4172188934782204,530.0,1.0770534827132001,0.34732778911725376,0.9207547169811321,1.3856585232686072,501.1509802380085,300.0360107421875,263.4702453613281,263.81585693359375,263.3138427734375,-0.5020068883895874,0.0,0.0,nan,nan,nan,nan
1588,837.6403492265381,2.8108736551226112,298.0,1.1063201425055706,0.36693470667308936,0.8624161073825504,1.3949814212700171,-12.899047045554198,215.23878479003906,223.1070098876953,223.66661071777344,221.79763793945312,-1.8689825534820557,0.0,0.0,nan,nan,nan,nan
1589,1141.6560528700356,3.3381755931872386,342.0,1.0774645711288247,0.3432286810032301,0.9327485380116959,1.3875845574819392,203.98231164334152,266.5613708496094,235.9318084716797,236.41607666015625,237.37454223632812,0.9584770202636719,0.0,0.0,nan,nan,nan,nan
1590,324.9053093120456,2.005588329086701,162.0,1.0789283182358835,0.35667815659668994,0.9506172839506173,1.3919975982068162,-256.30974800945864,115.911865234375,174.7976531982422,175.72865295410156,176.20521545410156,0.47656241059303284,0.0,0.0,nan,nan,nan,nan
1591,876.2905862573534,2.940572437105213,298.0,1.0892188267903247,0.36015494712560714,0.9295302013422819,1.369134318347827,25.751189985261135,222.7220001220703,248.8230438232422,249.4137420654297,249.29713439941406,-0.11661271005868912,0.0,0.0,nan,nan,nan,nan
1592,509.0309347063303,2.570863306597628,198.0,1.096045740075823,0.36159561938815515,0.898989898989899,1.3821691069979967,-143.47585939621194,169.2901611328125,198.8595733642578,199.65550231933594,200.1327362060547,0.4772128760814667,0.0,0.0,nan,nan,nan,nan
1593,1109.0823556780815,3.141876361694282,353.0,1.0843839412151108,0.3534839760594808,0.9348441926345609,1.3688008971895105,149.62502821273688,254.59803771972656,239.3941650390625,239.92628479003906,239.8175048828125,-0.10878794640302658,0.0,0.0,nan,nan,nan,nan
1594,1182.724144011736,3.303698726289765,358.0,1.1064433780268992,0.3621964224370207,0.9273743016759777,1.3949321616191126,213.36518643791374,266.992431640625,258.310791015625,258.8037414550781,259.437744140625,0.634032666683197,0.0,0.0,nan,nan,nan,nan
1595,617.0833666101098,2.7671899847986987,223.0,1.0804266672931109,0.3576028793147084,0.9192825112107623,1.387956210404986,-84.93157803481995,192.2943115234375,221.1885223388672,222.07949829101562,222.259033203125,0.17953087389469147,0.0,0.0,nan,nan,nan,nan
1596,669.2865269347094,2.987886280958524,224.0,1.1290142379570298,0.3715861368352004,0.9241071428571429,1.4035334151761705,-34.708743731915774,204.97946166992188,219.9373779296875,220.75938415527344,220.919677734375,0.16030876338481903,0.0,0.0,nan,nan,nan,nan
1597,1248.617069810629,3.30321976140378,378.0,1.072607209964814,0.3490463189342204,0.9259259259259259,1.3663575517058124,239.65159180289675,271.0146789550781,231.7941436767578,232.32586669921875,233.17205810546875,0.8461905717849731,0.0,0.0,nan,nan,nan,nan
1598,499.22451942646876,2.6001277053461913,192.0,1.1192951197453904,0.37039788560812464,0.8958333333333334,1.4007639547114084,-141.4003185459004,165.3772430419922,201.7461395263672,202.61749267578125,202.3909912109375,-0.22650282084941864,0.0,0.0,nan,nan,nan,nan
1599,504.96214037016034,2.6576954756324227,190.0,1.109084065272497,0.3692096343892014,0.9,1.393399180271915,-131.70204555881787,167.4554443359375,205.07347106933594,205.98252868652344,205.65821838378906,-0.32430925965309143,0.0,0.0,nan,nan,nan,nan
1600,1221.7910388582386,3.284384513059781,372.0,1.0856460644766213,0.3566553385879871,0.9274193548387096,1.3767038134880167,224.70751698067943,266.2475280761719,245.80502319335938,246.30307006835938,246.78028869628906,0.4772211015224457,0.0,0.0,nan,nan,nan,nan
1601,519.3962692767382,2.705188902483011,192.0,1.0621365551986062,0.34917975840653526,0.875,1.3687286381794144,-121.228568695631,171.3739776611328,216.3041229248047,217.21800231933594,217.6284942626953,0.41049596667289734,0.0,0.0,nan,nan,nan,nan
1602,550.3538782084361,2.5838210244527513,213.0,1.1285925238469892,0.3781898984320171,0.9154929577464789,1.4303643030906545,-131.8578062195386,176.62762451171875,218.568115234375,219.3619842529297,218.13308715820312,-1.228899598121643,0.0,0.0,nan,nan,nan,nan
1603,1793.3664704747498,3.2254792634437948,556.0,1.0875546515753964,0.358748614689577,0.935251798561151,1.3752225612830589,431.9029606052186,284.79962158203125,265.436279296875,265.7331237792969,268.1303405761719,2.3971900939941406,0.0,0.0,nan,nan,nan,nan
1604,494.98465510457754,2.591542696882605,191.0,1.1273118801064934,0.37393125002825034,0.9214659685863874,1.4119028113879033,-143.6598568460961,168.82276916503906,186.7769317626953,187.61135864257812,188.81533813476562,1.2039870023727417,0.0,0.0,nan,nan,nan,nan
1605,863.7567531764507,3.0521440041570695,283.0,1.096239127580038,0.35561708123909597,0.8869257950530035,1.3953978408565146,42.92224722979108,229.92819213867188,232.57125854492188,233.246826171875,233.4648895263672,0.21804222464561462,0.0,0.0,nan,nan,nan,nan
1606,711.097689001821,2.788618388242435,255.0,1.073014050122106,0.35359410858573087,0.9058823529411765,1.3838452654975224,-54.28768833736467,203.2461700439453,214.53939819335938,215.1928253173828,213.98558044433594,-1.207243800163269,0.0,0.0,nan,nan,nan,nan
1607,1215.9081728048623,3.1913600336085626,381.0,1.0907108548552942,0.35624021562105584,0.937007874015748,1.3783982668108234,201.00171673204363,267.5963134765625,226.63783264160156,227.11285400390625,226.5979461669922,-0.5149033665657043,0.0,0.0,nan,nan,nan,nan
1608,532.4775099754333,2.7029315227179356,197.0,1.1042580527154413,0.3638760264769477,0.9086294416243654,1.382385731152839,-118.04895810541325,174.48159790039062,215.14102172851562,216.04844665527344,216.22532653808594,0.17689339816570282,0.0,0.0,nan,nan,nan,nan
1609,1745.7560294270515,3.203222072343214,545.0,1.1072546205316771,0.36458603890159874,0.9321100917431193,1.4010398389217247,406.07610579617085,281.802978515625,272.1492004394531,272.4356689453125,270.7751159667969,-1.6605737209320068,0.0,0.0,nan,nan,nan,nan
1610,512.7083042277955,2.727171830998912,188.0,1.114121910720941,0.3666392001587607,0.9095744680851063,1.4034852105454148,-119.9952296577917,172.2572784423828,193.84507751464844,194.74896240234375,195.23873901367188,0.489795982837677,0.0,0.0,nan,nan,nan,nan
1611,1267.7013530880213,3.4077993362581216,372.0,1.065898435189202,0.34448089838075097,0.9435483870967742,1.3718516102649445,270.6178312104621,276.950927734375,247.12936401367188,247.51072692871094,246.66729736328125,-0.8434492349624634,0.0,0.0,nan,nan,nan,nan
1612,396.1960298418999,2.276988677252298,174.0,1.114045852351841,0.37084911447975133,0.9080459770114943,1.3798369330770301,-208.78293973995028,136.76187133789062,209.71426391601562,210.73828125,208.78407287597656,-1.9541826248168945,0.0,0.0,nan,nan,nan,nan
1613,537.0633982419968,2.419204496585571,222.0,1.078902131501142,0.3516690211722631,0.9099099099099099,1.3782392440545785,-162.97122038123734,170.15086364746094,179.71836853027344,180.4010772705078,178.8561553955078,-1.5449281930923462,0.0,0.0,nan,nan,nan,nan
1614,189.36137175187469,1.7059583040709432,111.0,1.046947866393233,0.3410275389526271,0.9009009009009009,1.337837593011629,-290.857058463159,77.3790054321289,165.5621337890625,167.43069458007812,166.58091735839844,-0.8497480750083923,0.0,0.0,nan,nan,nan,nan
1615,1132.1408370658755,3.2626537091235606,347.0,1.0692908943787056,0.3487822351737689,0.9250720461095101,1.3472966105371071,184.56546573070386,261.8920593261719,247.14540100097656,247.5933380126953,247.2740020751953,-0.3193683922290802,0.0,0.0,nan,nan,nan,nan
1616,406.64811040461063,2.5737222177507,158.0,1.1309962000437588,0.37499936155160446,0.8544303797468354,1.4020747935317979,-166.64564283011157,148.95751953125,171.5602264404297,172.62979125976562,172.3808135986328,-0.24898722767829895,0.0,0.0,nan,nan,nan,nan
1617,433.4368868097663,2.368507578195444,183.0,1.0904959551315245,0.3581141440457268,0.9234972677595629,1.3944844455335956,-189.3650169673433,153.61195373535156,182.3724822998047,183.3168487548828,184.04649353027344,0.72962886095047,0.0,0.0,nan,nan,nan,nan
1618,861.0228986889124,3.0000797863725173,287.0,1.1116665283126732,0.36709904385355824,0.8850174216027874,1.365983221602908,32.267088655470616,225.90121459960938,229.7786865234375,230.34454345703125,230.65292358398438,0.30838480591773987,0.0,0.0,nan,nan,nan,nan
1619,1032.3034426588565,3.2059113126051444,322.0,1.0903008297670829,0.3551100722524216,0.922360248447205,1.4026603414243002,134.23622186607236,252.38145446777344,224.54440307617188,225.15858459472656,224.9150390625,-0.2435634434223175,0.0,0.0,nan,nan,nan,nan
1620,929.2265227995813,3.2264809819429905,288.0,1.0942037392556325,0.3591609020722899,0.9236111111111112,1.3736119105158127,98.4903867444441,246.17306518554688,228.81472778320312,229.41281127929688,229.42315673828125,0.010332399047911167,0.0,0.0,nan,nan,nan,nan
1621,837.0878222584724,2.9789602215604,281.0,1.0756211475129485,0.35258853142403157,0.9217081850533808,1.3741379528537494,20.21396835520386,224.82003784179688,225.5885009765625,226.2006378173828,226.410888671875,0.2102428674697876,0.0,0.0,nan,nan,nan,nan
1622,519.4511698782444,2.610307386322836,199.0,1.1241843746361984,0.3758008490812651,0.9346733668341709,1.419268698688855,-135.03595024599326,171.23654174804688,217.73963928222656,218.64022827148438,218.7033233642578,0.06307370215654373,0.0,0.0,nan,nan,nan,nan
1623,1445.6191921532154,3.234047409738737,447.0,1.0868085313718108,0.35537381494089804,0.9217002237136466,1.378789748360294,300.0112186484937,274.1639099121094,263.09490966796875,263.5250244140625,265.1161804199219,1.5911489725112915,0.0,0.0,nan,nan,nan,nan
1624,911.586835809052,2.9124180057797187,313.0,1.0860042052221168,0.3515238730421677,0.9169329073482428,1.376204501049319,31.342549211527285,230.55458068847656,235.64219665527344,236.2551727294922,235.88967895507812,-0.365485817193985,0.0,0.0,nan,nan,nan,nan
1625,592.8791370540857,2.979292146000431,199.0,1.10503707775379,0.36061867365088635,0.8944723618090452,1.3784595363992787,-61.60798307015193,194.72157287597656,198.18630981445312,199.20956420898438,198.84938049316406,-0.36019304394721985,0.0,0.0,nan,nan,nan,nan
1626,1214.415437394753,3.2822038848506843,370.0,1.0634723981054086,0.3468690271464676,0.9081081081081082,1.3671260129480665,221.29256756058498,266.90460205078125,250.7278289794922,251.20591735839844,251.60348510742188,0.39758503437042236,0.0,0.0,nan,nan,nan,nan
1627,935.1639470756054,3.086349660315529,303.0,1.0857013197697734,0.3555485434617337,0.9207920792079208,1.3777839704771244,74.72292069503578,238.8533935546875,240.38389587402344,240.92837524414062,240.98194885253906,0.05361258611083031,0.0,0.0,nan,nan,nan,nan
1628,1027.8031145185232,2.8550086514403423,360.0,1.0471056957879836,0.341766863222788,0.9194444444444444,1.355815496297704,54.48350490130997,236.6126251220703,234.1492156982422,234.63902282714844,234.43960571289062,-0.1994389444589615,0.0,0.0,nan,nan,nan,nan
1629,802.0326093360782,2.8954245824407154,277.0,1.0939816942479812,0.35860002370020005,0.9061371841155235,1.3849399516116718,-6.919940480408513,221.39927673339844,209.93702697753906,210.51980590820312,210.49502563476562,-0.024761049076914787,0.0,0.0,nan,nan,nan,nan
1630,616.6605915268883,2.2671345276723835,272.0,1.0398926455237028,0.33878235383093064,0.9301470588235294,1.3597203925647927,-182.39032818112082,176.1477508544922,191.9081573486328,192.4914093017578,192.13539123535156,-0.3560166656970978,0.0,0.0,nan,nan,nan,nan
1631,585.9785691779107,2.844556161057819,206.0,1.1209137322061853,0.3692358646304106,0.941747572815534,1.4274237498075844,-82.37083309819548,186.27513122558594,212.55545043945312,213.30935668945312,213.1305389404297,-0.17878852784633636,0.0,0.0,nan,nan,nan,nan
1632,1397.7146770954132,3.52958251791771,396.0,1.062017738442824,0.3448978460359475,0.9393939393939394,1.3753171361270038,353.10333069716194,293.7953186035156,249.3713836669922,249.77972412109375,250.28421020507812,0.5044687986373901,0.0,0.0,nan,nan,nan,nan
1633,964.8010284639895,2.8886258337245194,334.0,1.0840016595678161,0.3568053110086726,0.9461077844311377,1.3891565147617468,42.96989541085941,233.240966796875,235.8614959716797,236.4150390625,236.46575927734375,0.05069522559642792,0.0,0.0,nan,nan,nan,nan
1634,912.0156797505915,2.8500489992205984,320.0,1.0867223272448245,0.3497221540472916,0.946875,1.3984031821591782,17.909111001198426,227.74160766601562,219.32461547851562,219.818359375,220.45187377929688,0.6335315108299255,0.0,0.0,nan,nan,nan,nan
1635,866.6639070219826,2.448203127180742,354.0,1.0621309165515647,0.3487024018917794,0.9180790960451978,1.3542128850496737,-94.77374646505768,205.18731689453125,220.85720825195312,221.28248596191406,221.02542114257812,-0.25705552101135254,0.0,0.0,nan,nan,nan,nan
1636,832.9529178291559,2.8235692129801895,295.0,1.0926015175172565,0.35789645806100945,0.9457627118644067,1.378188309389368,-11.645500377849658,218.4186248779297,239.82955932617188,240.42767333984375,240.4230194091797,-0.004639706574380398,0.0,0.0,nan,nan,nan,nan
1637,544.0689636124298,2.1006523691599606,259.0,1.1118195699588789,0.37088150622324206,0.8996138996138996,1.3783360871925576,-229.23771781353798,157.57815551757812,214.7733154296875,215.41375732421875,215.30699157714844,-0.10674607008695602,0.0,0.0,nan,nan,nan,nan
1638,610.601522192359,2.713784543077151,225.0,1.1126381830399021,0.36866011056057346,0.9111111111111111,1.401621188795994,-95.37407449596174,188.98214721679688,215.9545135498047,216.68345642089844,215.85916137695312,-0.8243057131767273,0.0,0.0,nan,nan,nan,nan
1639,1053.4150744080544,3.0270548115173974,348.0,1.0952534117783819,0.3568417647233169,0.9310344827586207,1.3751976341863024,103.85937705118727,246.61729431152344,243.0499725341797,243.5249481201172,242.14735412597656,-1.377587080001831,0.0,0.0,nan,nan,nan,nan
1640,1007.0161342052743,3.334490510613491,302.0,1.0879456393514007,0.3567193079662938,0.890728476821192,1.3799921956527625,148.5554338464001,256.7449951171875,248.57659912109375,249.16934204101562,248.71640014648438,-0.45294058322906494,0.0,0.0,nan,nan,nan,nan
1641,762.666297764983,3.0385111464740358,251.0,1.0305530028872945,0.33257471234986,0.9163346613545816,1.3550063739887015,5.202224512579278,220.1598358154297,226.5406494140625,227.200927734375,227.02662658691406,-0.17431777715682983,0.0,0.0,nan,nan,nan,nan
1642,1090.9008675515652,3.2467287724748966,336.0,1.0885463422912296,0.35394191618032644,0.9345238095238095,1.3944208080988394,165.10908245504402,254.47926330566406,254.6529083251953,255.16001892089844,255.8119354248047,0.6519144773483276,0.0,0.0,nan,nan,nan,nan
1643,1170.4495991617441,3.278570305775194,357.0,1.08181490763423,0.353461770674978,0.9159663865546218,1.3908406862088316,203.07096760961736,268.1296081542969,237.14346313476562,237.63821411132812,237.36155700683594,-0.27666813135147095,0.0,0.0,nan,nan,nan,nan
1644,848.2850807746872,2.98691929850242,284.0,1.0905936359115345,0.3611416928843156,0.9190140845070423,1.387359092403695,25.470248806331938,222.0036163330078,247.9442596435547,248.4739227294922,247.6903076171875,-0.7836107015609741,0.0,0.0,nan,nan,nan,nan
1645,674.9752904772758,2.6891445835748042,251.0,1.083166669623144,0.3557175930115892,0.896414342629482,1.3798062826721513,-82.4887827751279,197.5086212158203,212.96707153320312,213.5643310546875,214.247802734375,0.6834642887115479,0.0,0.0,nan,nan,nan,nan
1646,752.8751268200576,2.999502497291066,251.0,1.0882148889497407,0.3560822627875374,0.9322709163346613,1.3700320826865806,-4.58894643234612,216.20816040039062,222.806884765625,223.42971801757812,223.6351776123047,0.20546959340572357,0.0,0.0,nan,nan,nan,nan
1647,994.1580501734279,3.1864040069661153,312.0,1.0655683194070074,0.3425318097738804,0.9326923076923077,1.3627203341910075,115.89408959759862,247.8044891357422,230.61317443847656,231.1983642578125,231.589599609375,0.3912244439125061,0.0,0.0,nan,nan,nan,nan
1648,1048.4932984225452,3.2162371117255986,326.0,1.088801915003065,0.3551977746745601,0.9294478527607362,1.4006460642500156,142.5047735429789,255.56710815429688,237.4684600830078,238.0309600830078,237.48214721679688,-0.5488014221191406,0.0,0.0,nan,nan,nan,nan
1649,712.0013943891972,2.8031550960204616,254.0,1.074250596823302,0.3492370842539845,0.9291338582677166,1.4036257508843284,-51.403656928293,204.51295471191406,245.82781982421875,246.52728271484375,246.2134246826172,-0.3138127326965332,0.0,0.0,nan,nan,nan,nan
1650,214.0967287607491,1.7548912193504025,122.0,1.1098303403638874,0.36656243890864887,0.8770491803278688,1.4035242234418952,-287.9052876929351,82.98127746582031,179.71343994140625,181.38595581054688,181.60684204101562,0.22089149057865143,0.0,0.0,nan,nan,nan,nan
1651,1831.4659168221988,3.3058951567187704,554.0,1.0855009526958757,0.35435268345045035,0.9259927797833934,1.390969121764141,473.9630589960584,293.9898376464844,265.0533752441406,265.3275146484375,265.421142578125,0.09364252537488937,0.0,0.0,nan,nan,nan,nan
1652,390.33805815689266,2.1929104390836667,178.0,1.0917375826394917,0.35638252134419185,0.9325842696629213,1.3780110459251074,-222.5622155117395,134.47802734375,177.46929931640625,178.4720458984375,178.34063720703125,-0.13140679895877838,0.0,0.0,nan,nan,nan,nan
1653,998.0638335002586,0.9980638335002586,1000.0,1.1445996510464775,0.38892572390640756,0.873,1.394212657321952,-1242.6644300020744,91.46088409423828,95.69503784179688,95.79529571533203,96.34415435791016,0.5488574504852295,0.0,0.0,nan,nan,nan,nan
1654,844.1008781194687,3.0146459932838168,280.0,1.081557822424183,0.35419399309044125,0.9321428571428572,1.3863271671330715,29.207350237895525,230.3236083984375,234.93736267089844,235.60809326171875,235.7772674560547,0.16915787756443024,0.0,0.0,nan,nan,nan,nan
1655,508.60026776604354,2.5054200382563723,203.0,1.062096372761124,0.34358783226463274,0.9458128078817734,1.3844639679430988,-153.80815644497613,173.58909606933594,203.32977294921875,204.11141967773438,202.4088134765625,-1.702614665031433,0.0,0.0,nan,nan,nan,nan
1656,1386.9768034564331,3.181139457468883,436.0,1.1045037603335555,0.36273190565353874,0.9151376146788991,1.3867933210486378,263.1524161903619,271.58538818359375,259.5792541503906,259.9718322753906,260.50042724609375,0.5286042094230652,0.0,0.0,nan,nan,nan,nan
1657,1376.3917720541358,3.277123266795561,420.0,1.0879325011357286,0.3587580275392466,0.9142857142857143,1.3864862544233012,284.25260113519266,274.4960632324219,255.78843688964844,256.177490234375,255.9710235595703,-0.2064432054758072,0.0,0.0,nan,nan,nan,nan
1658,962.7328596711159,2.8824337115901675,334.0,1.060494962813843,0.3425357006078943,0.9550898203592815,1.3855187492009557,40.90172661798579,228.104736328125,213.92950439453125,214.44834899902344,215.2063751220703,0.7580358982086182,0.0,0.0,nan,nan,nan,nan
1659,289.07870434224606,2.2762102704113865,127.0,1.102716774959033,0.3666759369295369,0.905511811023622,1.3659687806963938,-222.8249422199156,119.0559310913086,179.9798583984375,181.30079650878906,180.0807647705078,-1.2200257778167725,0.0,0.0,nan,nan,nan,nan
1660,2119.886899754405,3.375616082411473,628.0,1.0718055096485186,0.347856865920362,0.9394904458598726,1.3933790112132671,615.8399163227978,303.7583312988281,277.87451171875,278.144287109375,279.09893798828125,0.9546436667442322,0.0,0.0,nan,nan,nan,nan
1661,1545.5885937120765,3.28150444524857,471.0,1.0728618107602743,0.34679144155646047,0.9320594479830149,1.3886599608486472,352.45279568666274,281.40789794921875,252.5238494873047,252.8756103515625,252.52203369140625,-0.35356658697128296,0.0,0.0,nan,nan,nan,nan
1662,745.9656795714982,3.147534512959908,237.0,1.0559143823286543,0.34315905693982157,0.9156118143459916,1.3565409879214725,16.226170622831432,225.16693115234375,221.3126983642578,222.01348876953125,221.86619567871094,-0.14727596938610077,0.0,0.0,nan,nan,nan,nan
1663,1687.1399322003126,3.3276921739651137,507.0,1.0893407527811945,0.3577070237289077,0.9270216962524654,1.396344429770847,422.712397393861,290.3937072753906,265.0021057128906,265.3013916015625,265.79144287109375,0.490048885345459,0.0,0.0,nan,nan,nan,nan
1664,1258.636201519519,3.3474367061689336,376.0,1.077543095889273,0.3519060476618061,0.901595744680851,1.354636274203546,253.63137555517778,274.3775329589844,255.6424560546875,256.0617980957031,255.2504425048828,-0.8113841414451599,0.0,0.0,nan,nan,nan,nan
1665,579.074730232358,2.668547143927917,217.0,1.0921470209198751,0.36045172240691675,0.9262672811059908,1.383599773352531,-111.0582582823987,180.45579528808594,215.46063232421875,216.2175750732422,214.7451934814453,-1.4723877906799316,0.0,0.0,nan,nan,nan,nan
1666,628.3683408275247,2.7681424706058357,227.0,1.0971192045124647,0.3584524342206802,0.9383259911894273,1.374278054479127,-81.567907904187,192.6172637939453,225.70361328125,226.47659301757812,226.45599365234375,-0.020617783069610596,0.0,0.0,nan,nan,nan,nan
1667,966.7951244711876,2.965629216169287,326.0,1.1195958737837728,0.37263905871132497,0.8987730061349694,1.3865836323440572,60.80659959162131,236.8590850830078,235.7257537841797,236.1616668701172,234.83148193359375,-1.3301907777786255,0.0,0.0,nan,nan,nan,nan
1668,829.7879750914872,2.469607068724664,336.0,1.0857742724033441,0.35240486005135435,0.9315476190476191,1.3770792741781204,-96.00381000503398,199.78338623046875,195.58287048339844,196.05654907226562,197.88116455078125,1.8246145248413086,0.0,0.0,nan,nan,nan,nan
1669,669.6689890800044,2.6261528983529585,255.0,1.084760859425643,0.35138213290647285,0.9294117647058824,1.3839756009766546,-95.71638825918126,191.81446838378906,222.6156005859375,223.31736755371094,223.25091552734375,-0.06646642088890076,0.0,0.0,nan,nan,nan,nan
1670,1276.5774863436818,2.9079213811928972,439.0,1.0659963022674197,0.3430002328778018,0.9407744874715261,1.3736336518553154,146.81212101252413,251.88980102539062,231.94625854492188,232.33908081054688,234.0718994140625,1.732816219329834,0.0,0.0,nan,nan,nan,nan
1671,450.6488674171269,2.449178627266994,184.0,1.1111407675523823,0.37327049388524913,0.8641304347826086,1.3928127225424731,-174.13336238167835,151.17994689941406,219.75294494628906,220.8380584716797,219.2349090576172,-1.6031408309936523,0.0,0.0,nan,nan,nan,nan
1672,464.98740116506815,2.409261145932996,193.0,1.0284297185581175,0.328507958506821,0.9637305699481865,1.387162422698658,-177.61776282899655,157.1566619873047,156.9849853515625,157.8654327392578,160.1696014404297,2.304178476333618,0.0,0.0,nan,nan,nan,nan
1673,1698.2365287840366,3.552796085322252,478.0,1.084743998810596,0.3551014706594429,0.9225941422594143,1.377060552440099,491.23844860675445,305.1170349121094,271.0503234863281,271.4466247558594,271.89752197265625,0.45091643929481506,0.0,0.0,nan,nan,nan,nan
1674,975.0120294354856,0.9750120294354856,1000.0,1.1204541837046296,0.38215605005169345,0.889,1.3855149062894845,-1265.7162340668474,89.05394744873047,96.70904541015625,96.80326843261719,96.90275573730469,0.09948847442865372,0.0,0.0,nan,nan,nan,nan
1675,1876.8679368570447,3.292750766415868,570.0,1.0857600442610384,0.355020379015736,0.9175438596491228,1.3785745598219528,487.6798626837765,291.98455810546875,270.39208984375,270.7143249511719,271.11224365234375,0.3979121446609497,0.0,0.0,nan,nan,nan,nan
1676,715.1968865729868,3.0177083821645017,237.0,1.0863868611137255,0.35733832919492214,0.9071729957805907,1.3767048062441714,-14.542622375679912,213.47698974609375,229.34490966796875,230.08746337890625,230.59503173828125,0.5075621008872986,0.0,0.0,nan,nan,nan,nan
1677,269.39554158225656,2.138059853827433,126.0,1.1454236639155964,0.38038272908630055,0.8888888888888888,1.4138928570186484,-240.52777895820964,106.23684692382812,167.11257934570312,168.3890380859375,168.68064880371094,0.2915904223918915,0.0,0.0,nan,nan,nan,nan
1678,186.9869810640812,1.5582248422006766,120.0,1.0957653069980002,0.35649208882952943,0.9166666666666666,1.3856619994218788,-311.054383346212,75.3282699584961,159.19920349121094,160.75833129882812,159.96475219726562,-0.7935804128646851,0.0,0.0,nan,nan,nan,nan
1679,532.4476188439876,2.7027797910862312,197.0,1.1169203607039844,0.36535284440576804,0.9086294416243654,1.3966699730668493,-118.07884923685901,178.741943359375,180.74664306640625,181.67140197753906,182.8416290283203,1.1702039241790771,0.0,0.0,nan,nan,nan,nan
1680,859.9402496386319,3.1157255421689563,276.0,1.0891560263624334,0.3540463818208785,0.9420289855072463,1.4089306030028421,52.96802584384068,233.7536163330078,226.6851806640625,227.3225555419922,227.69972229003906,0.377169132232666,0.0,0.0,nan,nan,nan,nan
1681,987.7218176424503,3.1158416960329665,317.0,1.1165436383862055,0.3711489293466985,0.9053627760252366,1.394431603359357,99.55622695814372,244.8203582763672,248.13404846191406,248.65211486816406,248.23985290527344,-0.41230475902557373,0.0,0.0,nan,nan,nan,nan
1682,1630.1849472820759,3.3612060768702596,485.0,1.1055612850914223,0.36128723518905925,0.9237113402061856,1.3866704111485715,409.3245849529251,292.35797119140625,258.62445068359375,258.9625549316406,259.0054016113281,0.04284811019897461,0.0,0.0,nan,nan,nan,nan
1683,871.6828797981143,2.9056095993270477,300.0,1.1153808054333418,0.37390787623470206,0.9,1.3895429275804265,17.182831482631173,230.45346069335938,221.68661499023438,222.29403686523438,222.6988067626953,0.4047499895095825,0.0,0.0,nan,nan,nan,nan
1684,918.4596562311053,2.888237912676432,318.0,1.1016966851274894,0.36414133924397835,0.8805031446540881,1.3809038375719762,28.313739525103074,229.29071044921875,242.264892578125,242.81576538085938,242.21217346191406,-0.6036036014556885,0.0,0.0,nan,nan,nan,nan
1685,1616.7368188351393,3.389385364434254,477.0,1.0903864266267689,0.35597459188545977,0.9203354297693921,1.3898953463803647,411.7190646795525,292.9707336425781,270.8965148925781,271.26910400390625,272.95489501953125,1.685791254043579,0.0,0.0,nan,nan,nan,nan
1686,1684.8969036862254,3.6234342014757535,465.0,1.0594973112396853,0.3417616478551561,0.9354838709677419,1.3786156731617019,503.6430617909848,312.95269775390625,243.61512756347656,244.0231170654297,244.89932250976562,0.8761882781982422,0.0,0.0,nan,nan,nan,nan
1687,751.2181229926646,3.143172062730814,239.0,1.0561158730164735,0.3441784558712207,0.9205020920502092,1.3735263817528405,17.51796200060687,221.9595947265625,219.9771270751953,220.72633361816406,220.2194061279297,-0.5069168210029602,0.0,0.0,nan,nan,nan,nan
1688,479.6525848712772,2.5927166749798767,185.0,1.0843204206655195,0.3562785274437251,0.9243243243243243,1.356180297721148,-147.10997094922345,165.90333557128906,207.15921020507812,208.04776000976562,208.5640869140625,0.5163232088088989,0.0,0.0,nan,nan,nan,nan
1689,1235.7807861343026,3.260635319615574,379.0,1.0729697333467105,0.35323577307780224,0.9050131926121372,1.355371338990201,224.83498210487483,269.76519775390625,240.0279083251953,240.456298828125,241.0280303955078,0.5717038512229919,0.0,0.0,nan,nan,nan,nan
1690,1112.0228465348482,2.9812944947314968,373.0,1.089626634605775,0.357866777208996,0.9088471849865952,1.375657873199043,112.95899863559362,249.6409149169922,227.56312561035156,227.9868621826172,227.62408447265625,-0.36280712485313416,0.0,0.0,nan,nan,nan,nan
1691,832.2078529372811,2.7648101426487743,301.0,1.088196377402966,0.35710550828728305,0.9401993355481728,1.409055040660522,-24.27252139989764,213.98692321777344,208.55612182617188,209.11790466308594,210.098388671875,0.9804891347885132,0.0,0.0,nan,nan,nan,nan
1692,1060.8618603739887,3.176233114892182,334.0,1.120771195391203,0.3710059595530497,0.907185628742515,1.397996447980068,139.03072732085866,250.20945739746094,254.82579040527344,255.27418518066406,253.5930938720703,-1.6810652017593384,0.0,0.0,nan,nan,nan,nan
1693,482.5373383536935,2.244359713272993,215.0,1.0446920963286903,0.33574822741685173,0.9255813953488372,1.359988648287591,-203.63499811767224,156.8516387939453,166.18531799316406,166.95094299316406,166.4476776123047,-0.5032719373703003,0.0,0.0,nan,nan,nan,nan
1694,1424.840646211058,3.571029188498892,399.0,1.0797619897732993,0.3514385536472216,0.924812030075188,1.3694444234728904,374.28832174772015,296.9603271484375,245.05184936523438,245.53399658203125,246.13772583007812,0.6037188172340393,0.0,0.0,nan,nan,nan,nan
1695,954.0344905406237,3.3011574067149607,289.0,1.0862067288644097,0.3538667919780095,0.903114186851211,1.3725381163859032,121.31802846379105,252.40782165527344,231.84332275390625,232.40110778808594,232.47161865234375,0.07048968970775604,0.0,0.0,nan,nan,nan,nan
1696,713.4316355730407,2.494516208297345,286.0,1.1194938219140917,0.36788435958069154,0.9370629370629371,1.4027648370062318,-113.34384843870544,194.6632080078125,197.05133056640625,197.54591369628906,198.60305786132812,1.0571306943893433,0.0,0.0,nan,nan,nan,nan
1697,1517.4639748893678,3.379652505321532,449.0,1.0753567675554723,0.3510346412200852,0.9265033407572383,1.3900962276197055,367.89534934125504,289.220703125,262.1126403808594,262.44891357421875,263.7170715332031,1.2681735754013062,0.0,0.0,nan,nan,nan,nan
1698,636.2084901668131,2.918387569572537,218.0,1.114363261723352,0.36820812507620476,0.926605504587156,1.3852762367611349,-55.90482436963907,199.86941528320312,207.01400756835938,207.82615661621094,207.89208984375,0.06594809889793396,0.0,0.0,nan,nan,nan,nan
1699,837.570627771318,3.1136454563989515,269.0,1.0797173948198442,0.35219077438911217,0.9405204460966543,1.3877255584779575,44.46068612839531,229.02047729492188,226.85205078125,227.4664306640625,227.63746643066406,0.17104986310005188,0.0,0.0,nan,nan,nan,nan
1700,1028.4594360571355,2.9638600462741658,347.0,1.0924394156462638,0.3574230142850995,0.9020172910662824,1.3866923352784999,80.8840647219638,241.49578857421875,248.02764892578125,248.491943359375,247.47377014160156,-1.0181702375411987,0.0,0.0,nan,nan,nan,nan
1701,522.6369682201184,2.408465291336951,217.0,1.0604842444117384,0.34492573038726393,0.9308755760368663,1.3663636523906169,-167.49602029463824,165.92103576660156,185.44049072265625,186.22544860839844,186.10052490234375,-0.12492591887712479,0.0,0.0,nan,nan,nan,nan
1702,997.7596773542464,3.2500315223265352,307.0,1.1198502033858297,0.36782524618544526,0.9055374592833876,1.409109350077347,129.39734688689464,254.44229125976562,243.38304138183594,244.00262451171875,242.1061248779297,-1.896491527557373,0.0,0.0,nan,nan,nan,nan
1703,434.53061681240797,2.3615794391978695,184.0,1.0576585725788699,0.3452717423982298,0.9347826086956522,1.3849119262741996,-190.25161298639728,150.2351531982422,179.4277801513672,180.2891082763672,179.55528259277344,-0.7338352799415588,0.0,0.0,nan,nan,nan,nan
1704,559.6239856313914,2.67762672550905,209.0,1.1115092366863053,0.3680017623874735,0.9330143540669856,1.39912830778088,-114.66639470980135,178.78981018066406,208.7467041015625,209.58819580078125,209.11651611328125,-0.4717051386833191,0.0,0.0,nan,nan,nan,nan
1705,715.9495483899955,2.91036401784551,246.0,1.0911088315161537,0.3544043026604881,0.9105691056910569,1.377038883586567,-31.612894753930732,209.56088256835938,205.00511169433594,205.7291717529297,205.59564208984375,-0.13352636992931366,0.0,0.0,nan,nan,nan,nan
1706,782.6291669085622,3.0452496766870123,257.0,1.1197352036346997,0.3688192273989992,0.914396887159533,1.4008907027534352,13.283137525985467,220.9639129638672,223.4178466796875,224.04873657226562,222.7745819091797,-1.2741392850875854,0.0,0.0,nan,nan,nan,nan
1707,568.6278183353133,2.6447805503968063,215.0,1.075225845891256,0.3510372961652935,0.9069767441860465,1.377665233509422,-117.54451813605237,180.56942749023438,203.33193969726562,204.08880615234375,203.64366149902344,-0.44513607025146484,0.0,0.0,nan,nan,nan,nan
1708,861.0079499431886,2.8137514704025772,306.0,1.108477842950509,0.36639452637972797,0.9248366013071896,1.4012592762658271,-5.374054502467516,219.3655548095703,237.28292846679688,237.78492736816406,239.43817138671875,1.6532503366470337,0.0,0.0,nan,nan,nan,nan
1709,1025.5884565599263,3.2049639267497696,320.0,1.1136808210468327,0.36657967241286926,0.9125,1.409798527375101,131.48188781053318,250.54110717773438,244.5342254638672,245.0762176513672,246.9348907470703,1.858650803565979,0.0,0.0,nan,nan,nan,nan
1710,781.7605947294505,2.9061732146076227,269.0,1.0880751132385744,0.3606890171988148,0.8847583643122676,1.3704425400750684,-11.349346913472118,215.81430053710938,240.05850219726562,240.69122314453125,240.03094482421875,-0.6602811217308044,0.0,0.0,nan,nan,nan,nan
1711,636.2481187558733,2.447108149061051,260.0,1.0983418546861152,0.35994893612656503,0.9346153846153846,1.3867307792287165,-139.0388886917899,184.5189971923828,199.92233276367188,200.55455017089844,200.57191467285156,0.017370253801345825,0.0,0.0,nan,nan,nan,nan
1712,1152.759253426455,3.10716779899314,371.0,1.102311364860222,0.3616193148361055,0.9380053908355795,1.3910586794748727,157.6560575705912,251.99183654785156,254.10072326660156,254.56527709960938,255.08250427246094,0.5172320008277893,0.0,0.0,nan,nan,nan,nan
1713,1487.605411708355,3.3429335094569774,445.0,1.0775853439068108,0.35277501210576445,0.9325842696629213,1.3928795688488371,345.9580902470243,285.282470703125,242.07464599609375,242.44715881347656,243.0616912841797,0.6145480275154114,0.0,0.0,nan,nan,nan,nan
1714,793.8225008696318,2.6198762404938343,303.0,1.1338367220816752,0.37736178728228287,0.9075907590759076,1.416102606140511,-66.61852551093784,210.4403076171875,219.76312255859375,220.36715698242188,219.73748779296875,-0.6296810507774353,0.0,0.0,nan,nan,nan,nan
1715,581.3947682380676,2.8925112847665058,201.0,1.0685851835205173,0.34211883978120566,0.9402985074626866,1.3985707935764233,-77.0530039295611,187.11546325683594,186.3887176513672,187.2712860107422,186.10218811035156,-1.16908860206604,0.0,0.0,nan,nan,nan,nan
1716,540.0177679811604,2.7273624645513155,198.0,1.1173275728768703,0.37084776186933016,0.9141414141414141,1.404320602251079,-112.48902612138181,176.18983459472656,211.97312927246094,212.76100158691406,213.47203063964844,0.7110332250595093,0.0,0.0,nan,nan,nan,nan
1717,993.7231732155196,0.9937231732155196,1000.0,1.1437495401947653,0.38955271165575445,0.906,1.3919675260885278,-1247.0050902868134,89.9256591796875,98.79425048828125,98.89445495605469,97.48445129394531,-1.4100079536437988,0.0,0.0,nan,nan,nan,nan
1718,803.9353085807525,2.772190719243974,290.0,1.0881466959902282,0.3567373138596839,0.9241379310344827,1.417497590174327,-30.761479517775797,212.23289489746094,232.9952850341797,233.5699920654297,233.74351501464844,0.17348027229309082,0.0,0.0,nan,nan,nan,nan
1719,1018.4109770460054,3.152975161133144,323.0,1.0644133576355745,0.3482515108748495,0.9380804953560371,1.3714072761754819,118.36343023152563,251.2452850341797,231.00759887695312,231.55126953125,231.16026306152344,-0.3910331726074219,0.0,0.0,nan,nan,nan,nan
1720,1361.189276988618,3.4724216249709645,392.0,1.125484409718629,0.3702126527040039,0.9030612244897959,1.4031866194893394,324.49923467714893,286.2174072265625,252.296875,252.7032012939453,253.79705810546875,1.0938546657562256,0.0,0.0,nan,nan,nan,nan
1721,1292.6394015476108,3.34880673976065,386.0,1.100070785224756,0.3620847258587136,0.927461139896373,1.3971974619978744,267.8313153663146,273.06005859375,263.32891845703125,263.8197021484375,264.5906677246094,0.770979642868042,0.0,0.0,nan,nan,nan,nan
1722,548.5850136578083,2.784695500801057,197.0,1.1303790525312973,0.37513561805277523,0.9187817258883249,1.4100856266104944,-101.9414544230383,181.53997802734375,217.25692749023438,218.02487182617188,216.978759765625,-1.0461058616638184,0.0,0.0,nan,nan,nan,nan
1723,1040.677795521915,3.231918619633276,322.0,1.1000914830331137,0.3598100267115734,0.9596273291925466,1.3978219352916281,142.6105747291308,252.39523315429688,238.35952758789062,238.88343811035156,238.81007385253906,-0.07336562871932983,0.0,0.0,nan,nan,nan,nan
1724,1080.9174222070724,3.315697614132124,326.0,1.1038860871133596,0.36542874869782427,0.9079754601226994,1.39483032212749,174.9288973275061,261.3981628417969,249.10739135742188,249.57960510253906,249.91917419433594,0.3395545184612274,0.0,0.0,nan,nan,nan,nan
1725,577.5992868876783,2.7374373786145894,211.0,1.0943097047596277,0.36422928746905187,0.909952606635071,1.3768956345978447,-100.65174549690528,182.96673583984375,210.5636444091797,211.33009338378906,210.53758239746094,-0.7924997806549072,0.0,0.0,nan,nan,nan,nan
1726,1453.1536320447922,3.214941663815912,452.0,1.1018665539988626,0.3608202544251916,0.9358407079646017,1.406968216148432,297.6440284315929,274.96026611328125,267.1850891113281,267.5605163574219,267.5543518066406,-0.00617106631398201,0.0,0.0,nan,nan,nan,nan
1727,995.2448750725016,3.1395737383990587,317.0,1.082970165909675,0.35161239515847287,0.9400630914826499,1.3815034401853066,107.07928438819499,245.52780151367188,247.4776153564453,247.9872589111328,248.08413696289062,0.09687282890081406,0.0,0.0,nan,nan,nan,nan
1728,319.3984510973096,1.88993166329769,169.0,1.1351583900305582,0.37595140157015794,0.9585798816568047,1.446084494531488,-275.678888376063,115.450927734375,174.95335388183594,176.16122436523438,176.289794921875,0.1285744458436966,0.0,0.0,nan,nan,nan,nan
1729,387.1888915784657,2.2775817151674453,170.0,1.1182521905088025,0.3709266026987119,0.9117647058823529,1.4066492461585836,-209.86877391660255,135.1422119140625,183.2767333984375,184.17138671875,183.30023193359375,-0.8711794018745422,0.0,0.0,nan,nan,nan,nan
1730,418.32518800348043,2.237033090927703,187.0,1.0989808322718586,0.3631252379613906,0.9197860962566845,1.394605068944588,-212.3980198604113,142.5124969482422,194.51947021484375,195.42572021484375,195.13961791992188,-0.2860887944698334,0.0,0.0,nan,nan,nan,nan
1731,476.6119611263275,2.3024732421561716,207.0,1.0692778696294827,0.3408892516720415,0.9033816425120773,1.38279514944369,-193.71776717147418,155.94793701171875,156.64874267578125,157.47689819335938,158.2200469970703,0.7431595921516418,0.0,0.0,nan,nan,nan,nan
1732,925.9822852388024,3.11778547218452,297.0,1.122114068409085,0.3718023521968218,0.9191919191919192,1.4016585805297535,77.42321498840579,237.98892211914062,241.8314971923828,242.40451049804688,242.30323791503906,-0.10123235732316971,0.0,0.0,nan,nan,nan,nan
1733,558.8767729820684,2.368121919415544,236.0,1.1254949693834335,0.37266367599250116,0.8559322033898306,1.3916246083161639,-168.88240994490275,170.9461669921875,207.39512634277344,208.0538787841797,206.30198669433594,-1.75188410282135,0.0,0.0,nan,nan,nan,nan
1734,1107.643582612276,3.0767877294785446,360.0,1.074692759164305,0.35033778412045513,0.925,1.3667118732377428,134.32397299506283,252.2062530517578,235.65260314941406,236.0978240966797,236.0417938232422,-0.05603519082069397,0.0,0.0,nan,nan,nan,nan
1735,502.8055027090013,2.618778659942715,192.0,1.0610577349799126,0.3469841302713677,0.9010416666666666,1.3534742364620538,-137.81933526336786,169.20484924316406,198.9230499267578,199.8110809326172,199.1042938232422,-0.7067573666572571,0.0,0.0,nan,nan,nan,nan
1736,635.8827213868499,2.705883920795106,235.0,1.0737694618223343,0.35550869427949966,0.9531914893617022,1.3773530006893093,-89.89613551842581,189.99807739257812,214.00904846191406,214.78062438964844,215.2312774658203,0.4506654739379883,0.0,0.0,nan,nan,nan,nan
1737,652.0002577528358,2.7863258878326316,234.0,1.0715451138629408,0.3497689365266034,0.905982905982906,1.3792098182612424,-71.7982731307444,199.13229370117188,210.55755615234375,211.2401885986328,210.1998291015625,-1.0403501987457275,0.0,0.0,nan,nan,nan,nan
1738,598.0506373569369,2.6698689167720397,224.0,1.096551605781614,0.36384412759714124,0.90625,1.3699475060931035,-105.94463330968824,186.7252960205078,213.38711547851562,214.15475463867188,213.42857360839844,-0.726172149181366,0.0,0.0,nan,nan,nan,nan
1739,621.4939020406455,2.7745263483957388,224.0,1.1199072854692103,0.3712838323374074,0.8973214285714286,1.407465466037676,-82.5013686259797,191.65975952148438,207.9340057373047,208.7161407470703,208.4532012939453,-0.26293548941612244,0.0,0.0,nan,nan,nan,nan
1740,1082.163759469986,3.2207254746130536,336.0,1.0893313199509354,0.3548583325723268,0.9255952380952381,1.3910568416141715,156.3719743734648,255.39053344726562,240.29843139648438,240.75094604492188,240.4749755859375,-0.2759496569633484,0.0,0.0,nan,nan,nan,nan
1741,588.6480320347473,2.109849577185474,279.0,1.1009089129919476,0.3654356065231857,0.9139784946236559,1.3909888614665458,-224.26516982513044,161.96463012695312,207.93133544921875,208.56361389160156,205.6074981689453,-2.9561405181884766,0.0,0.0,nan,nan,nan,nan
1742,696.1313817091286,2.8069813778593895,248.0,1.1045335819993676,0.3660685373127513,0.9354838709677419,1.4416879702259935,-55.39171347818865,200.46392822265625,214.8990020751953,215.54763793945312,215.54147338867188,-0.006141539663076401,0.0,0.0,nan,nan,nan,nan
1743,1120.1852889731526,3.1116258027032018,360.0,1.0880523411141996,0.3550560952089317,0.9138888888888889,1.3917158294902796,146.8656793559394,253.89700317382812,254.44300842285156,254.8730010986328,253.48345947265625,-1.3895361423492432,0.0,0.0,nan,nan,nan,nan
1744,322.5581562357256,1.991099729850158,162.0,1.0823007790073755,0.3522011009198249,0.9444444444444444,1.3844364347143698,-258.6569010857786,119.69046783447266,152.8277130126953,153.84877014160156,155.8423309326172,1.993559718132019,0.0,0.0,nan,nan,nan,nan
1745,2685.3520655017346,3.552052996695416,756.0,1.0815738741188479,0.3534584659992844,0.9232804232804233,1.3818981960849632,927.8233512931033,322.8379211425781,276.189453125,276.44940185546875,275.58502197265625,-0.8643637299537659,0.0,0.0,nan,nan,nan,nan
1746,435.8447836712003,2.594314188519049,168.0,1.0849986341960154,0.35635805392724695,0.9226190476190477,1.3862507144259353,-157.2522297804769,155.02662658691406,190.37049865722656,191.34910583496094,192.03707885742188,0.687955379486084,0.0,0.0,nan,nan,nan,nan
1747,1414.1211392730474,3.1635819670537972,447.0,1.0943210181987124,0.3597018482428066,0.9261744966442953,1.3771966539829932,268.51316576832573,266.9548034667969,268.65484619140625,269.006103515625,269.2651062011719,0.2590026259422302,0.0,0.0,nan,nan,nan,nan
1748,1983.564892324619,3.3506163721699647,592.0,1.0999114468477336,0.3587245013226788,0.9290540540540541,1.3982228328935355,550.8096456740498,298.8272399902344,276.3217468261719,276.55535888671875,276.391845703125,-0.16351647675037384,0.0,0.0,nan,nan,nan,nan
1749,686.2924549914896,2.619436851112556,262.0,1.0799816004091216,0.3528676034671458,0.9389312977099237,1.36746332975555,-92.95520449956462,196.17376708984375,220.3340301513672,220.91555786132812,219.3941650390625,-1.5214011669158936,0.0,0.0,nan,nan,nan,nan
1750,1004.2221706560813,1.0042221706560812,1000.0,1.1252956030872188,0.3849441614166232,0.883,1.3903291693114834,-1236.5060928462517,90.4690170288086,89.09925842285156,89.19051361083984,90.06156158447266,0.8710446357727051,0.0,0.0,nan,nan,nan,nan
1751,708.8438446586952,2.7797797829752753,255.0,1.0760908528681703,0.35092967021944055,0.8980392156862745,1.3745822836626151,-56.54153268049049,204.90476989746094,211.43731689453125,212.03729248046875,212.12631225585938,0.08902402222156525,0.0,0.0,nan,nan,nan,nan
1752,646.4395077601075,2.860351804248263,226.0,1.1150682242705856,0.36686167314426793,0.9203539823008849,1.383348749719854,-61.51641494990872,196.14559936523438,228.46246337890625,229.21121215820312,228.41726684570312,-0.7939509153366089,0.0,0.0,nan,nan,nan,nan
1753,969.1448623763863,0.9691448623763863,1000.0,1.122901539657302,0.38083812716483956,0.881,1.3823716170546827,-1271.5834011259467,86.77979278564453,96.42181396484375,96.51629638671875,98.01303100585938,1.496735692024231,0.0,0.0,nan,nan,nan,nan
1754,657.6076501756907,2.684112857859962,245.0,1.076711173148973,0.34178714971913365,0.926530612244898,1.399889881231441,-87.97446694654002,199.76953125,202.11648559570312,202.69256591796875,201.1287078857422,-1.5638401508331299,0.0,0.0,nan,nan,nan,nan
1755,964.8458420690149,3.082574575300367,313.0,1.0746898554989235,0.3546041269532873,0.8945686900958466,1.3682885646478713,84.6015554714902,240.88653564453125,243.5177764892578,244.08522033691406,243.53758239746094,-0.5476454496383667,0.0,0.0,nan,nan,nan,nan
1756,792.7927832757414,3.096846809670865,256.0,1.121898863019129,0.36647052930190205,0.92578125,1.3946267183687868,25.4270799148602,226.92279052734375,231.4264678955078,232.0635223388672,231.1996307373047,-0.8639001250267029,0.0,0.0,nan,nan,nan,nan
1757,668.7592522837222,2.7075273371810615,247.0,1.1027313665389495,0.3646533170364,0.9311740890688259,1.389792915771559,-80.78351688189946,196.0674591064453,212.3249969482422,212.93959045410156,212.82081604003906,-0.11880233883857727,0.0,0.0,nan,nan,nan,nan
1758,887.7160356044769,2.882194920793756,308.0,1.0941307802839828,0.35839286254523867,0.922077922077922,1.3802702715115651,17.37337911542977,226.27745056152344,223.3686065673828,223.9127197265625,223.3457489013672,-0.5669528841972351,0.0,0.0,nan,nan,nan,nan
1759,584.2703004684299,2.5513986920018774,229.0,1.0678024753995883,0.3566132854225298,0.9170305676855895,1.3553877373441057,-129.6266003066728,179.91317749023438,218.01995849609375,218.71018981933594,218.85618591308594,0.14600642025470734,0.0,0.0,nan,nan,nan,nan
1760,363.46367765776813,2.229838513237841,163.0,1.1159358778037274,0.3727694085624415,0.901840490797546,1.3928935954061026,-219.7317056854315,127.80120086669922,189.45445251464844,190.56173706054688,188.4190216064453,-2.1427128314971924,0.0,0.0,nan,nan,nan,nan
1761,712.2458099257201,2.94316450382529,242.0,1.107291226624317,0.36796008758835386,0.8884297520661157,1.389536068829979,-27.39532913142409,210.3723602294922,229.48973083496094,230.1324920654297,229.92059326171875,-0.21187995374202728,0.0,0.0,nan,nan,nan,nan
1762,619.0484367236495,2.715124722472147,228.0,1.1094265355669368,0.363621378645787,0.9342105263157895,1.4245876837227571,-92.86813802975769,192.89056396484375,186.59718322753906,187.39312744140625,185.689697265625,-1.703450083732605,0.0,0.0,nan,nan,nan,nan
1763,768.5062874257565,3.037574258599828,253.0,1.099488395356802,0.3621709210012763,0.8932806324110671,1.3958837363776277,7.081562129961753,221.10328674316406,230.46470642089844,231.10330200195312,230.27430725097656,-0.8290154933929443,0.0,0.0,nan,nan,nan,nan
1764,945.3295521829277,3.010603669372381,314.0,1.1184643477072393,0.3655763644410689,0.9331210191082803,1.3929520591416247,63.1049395637076,236.9652099609375,226.6132354736328,227.21571350097656,226.41697692871094,-0.7987352609634399,0.0,0.0,nan,nan,nan,nan
1765,704.28092584759,2.971649476150169,237.0,1.0738619138759002,0.35141353495541827,0.8945147679324894,1.3662780605958493,-25.458583101076783,212.98081970214844,224.69715881347656,225.4311981201172,223.72335815429688,-1.7078583240509033,0.0,0.0,nan,nan,nan,nan
1766,681.3748925849795,3.0149331530308827,226.0,1.1127374062522655,0.3667644848216876,0.8716814159292036,1.3956307744206566,-26.581030125036705,209.2038116455078,225.44403076171875,226.12530517578125,226.53192138671875,0.40662339329719543,0.0,0.0,nan,nan,nan,nan
1767,410.9680812843144,2.3893493097925256,172.0,1.0283155607423662,0.33549293105683625,0.9767441860465116,1.3641000495422662,-190.0502362541448,142.50291442871094,199.37295532226562,200.37820434570312,201.70376586914062,1.3255536556243896,0.0,0.0,nan,nan,nan,nan
1768,871.7222302316222,2.945007534566291,296.0,1.088189858533523,0.35876571111208533,0.8918918918918919,1.3514163936433197,25.14348600292101,225.5371856689453,235.8681640625,236.4335174560547,237.05099487304688,0.6174687743186951,0.0,0.0,nan,nan,nan,nan
1769,1130.9795851781964,3.249941336718955,348.0,1.0938162475152053,0.35927776043223913,0.9109195402298851,1.3944077906172945,181.42388782132934,264.5733337402344,233.3237762451172,233.8464813232422,234.1676025390625,0.3211275637149811,0.0,0.0,nan,nan,nan,nan
1770,480.65207436680794,2.7783356899815486,173.0,1.0936228570554964,0.35541232495744995,0.9075144508670521,1.4095363280708921,-122.3465691933468,167.89820861816406,188.28097534179688,189.1997528076172,189.9892578125,0.7895188331604004,0.0,0.0,nan,nan,nan,nan
1771,1619.0449285805225,3.401354891975888,476.0,1.069947756165932,0.34935250004933804,0.9264705882352942,1.3678925568298277,416.0075004466314,291.0976257324219,273.2048034667969,273.5373840332031,272.91705322265625,-0.6203472018241882,0.0,0.0,nan,nan,nan,nan
1772,1014.1041594627313,3.120320490654558,325.0,1.0661862185930018,0.34361037808518186,0.9353846153846154,1.3682187755848292,110.0959606048607,248.56454467773438,226.05313110351562,226.5594482421875,227.724853515625,1.1654112339019775,0.0,0.0,nan,nan,nan,nan
1773,825.8072304679081,3.0813702629399558,268.0,1.059006122436504,0.3414270436955284,0.9216417910447762,1.3838084982286947,34.677614846680854,231.9083251953125,211.86021423339844,212.49884033203125,212.22903442382812,-0.26978936791419983,0.0,0.0,nan,nan,nan,nan
1774,385.85742549132556,2.2697495617136796,170.0,1.1020630315296855,0.3658580099600858,0.8941176470588236,1.3982156276228617,-211.2002400037427,136.328857421875,205.8882293701172,206.78280639648438,207.436279296875,0.6534521579742432,0.0,0.0,nan,nan,nan,nan
1775,544.4397532530129,2.4860262705617027,219.0,1.1010666131136462,0.365419660798599,0.9178082191780822,1.40258624647024,-149.65388730513473,172.96328735351562,199.83047485351562,200.65589904785156,200.4464111328125,-0.2094777375459671,0.0,0.0,nan,nan,nan,nan
1776,1478.2098653912544,3.3519498081434342,441.0,1.0697253439799728,0.34840392035998663,0.9342403628117913,1.3831765865665644,344.4838480167057,281.0295715332031,259.6432189941406,259.9906921386719,259.7548828125,-0.23578697443008423,0.0,0.0,nan,nan,nan,nan
1777,1796.770869627595,3.4094323901851897,527.0,1.0724282536952052,0.3484415268570545,0.9411764705882353,1.399397157319452,492.73681438723315,298.18817138671875,260.9248046875,261.2865295410156,262.43280029296875,1.1462832689285278,0.0,0.0,nan,nan,nan,nan
1778,1113.02601313591,2.992005411655672,372.0,1.090066931998357,0.35465644386458345,0.9301075268817204,1.3945557928823407,115.94249125835086,248.56607055664062,237.2835235595703,237.71990966796875,238.7392120361328,1.019304871559143,0.0,0.0,nan,nan,nan,nan
1779,1142.8692262601107,2.94553924293843,388.0,1.1256223507666148,0.36660164415784224,0.9097938144329897,1.4221091677691946,114.1004880354235,247.13514709472656,231.794677734375,232.240478515625,232.40548706054688,0.1650034785270691,0.0,0.0,nan,nan,nan,nan
1780,1952.93857133016,3.531534487034647,553.0,1.1126356747055477,0.364688321698783,0.918625678119349,1.4127248787906164,597.4160395257152,313.6354064941406,271.2901611328125,271.57611083984375,271.5322265625,-0.043849922716617584,0.0,0.0,nan,nan,nan,nan
1781,672.190051057376,2.6995584379814295,249.0,1.092641642387699,0.3578874113632259,0.927710843373494,1.3886534197647937,-81.31337015163672,195.87847900390625,210.16152954101562,210.8210906982422,211.33364868164062,0.5125535130500793,0.0,0.0,nan,nan,nan,nan
1782,866.6590173467994,2.988479370161377,290.0,1.1081407303907298,0.3710735345261985,0.9241379310344827,1.3886387371339057,31.962229248271115,228.36712646484375,240.85374450683594,241.4065704345703,240.52349853515625,-0.8830744028091431,0.0,0.0,nan,nan,nan,nan
1783,396.2423833424691,2.445940637916476,162.0,1.1066304884884142,0.3703934878916691,0.9135802469135802,1.4151577167615645,-184.9726739790351,142.58302307128906,196.83102416992188,198.0050811767578,195.68051147460938,-2.324566602706909,0.0,0.0,nan,nan,nan,nan
1784,890.9758451457601,0.8909758451457601,1000.0,1.118316078616729,0.37599285088237955,0.914,1.392472195085873,-1349.752418356573,81.4496841430664,100.99147033691406,101.08058166503906,100.190673828125,-0.8899011611938477,0.0,0.0,nan,nan,nan,nan
1785,1190.4020169284195,3.174405378475785,375.0,1.0881602003162203,0.35406282168223213,0.9306666666666666,1.397167520229456,187.3775169857738,259.8809509277344,252.47808837890625,252.9637908935547,253.20266723632812,0.23886120319366455,0.0,0.0,nan,nan,nan,nan
1786,1143.54200436268,3.383260367936923,338.0,1.1046842416948206,0.36437622906263145,0.9230769230769231,1.3861088960271035,213.7895672227678,270.6006164550781,241.42286682128906,241.98635864257812,242.20848083496094,0.22214765846729279,0.0,0.0,nan,nan,nan,nan
1787,1032.3255749046803,3.1377677048774477,329.0,1.118855637186534,0.3609315506568893,0.9088145896656535,1.4225586504010985,120.39607196002748,249.57501220703125,226.89675903320312,227.3906707763672,228.2900848388672,0.899414598941803,0.0,0.0,nan,nan,nan,nan
1788,1107.5777712836862,3.0680824689298785,361.0,1.0996271449387907,0.36134834832425095,0.9002770083102493,1.3851606988924696,132.2778356447775,249.89707946777344,252.88131713867188,253.39239501953125,252.8294677734375,-0.5629169940948486,0.0,0.0,nan,nan,nan,nan
1789,546.429839049466,2.665511409997395,205.0,1.0914515328310583,0.3545693511109254,0.9463414634146341,1.4042185225881623,-119.93923720494467,173.30984497070312,195.75181579589844,196.55592346191406,197.14756774902344,0.591622531414032,0.0,0.0,nan,nan,nan,nan
1790,816.1763682130259,2.6585549453193025,307.0,1.1124206113245525,0.3665956450282064,0.9153094462540716,1.4026246670556297,-52.18596225432589,210.73529052734375,212.8980255126953,213.4429168701172,212.64418029785156,-0.7987251281738281,0.0,0.0,nan,nan,nan,nan
1791,202.55961045250297,1.858345050022963,109.0,1.1404273677531378,0.37637399219151657,0.9357798165137615,1.425544597166512,-273.69816771913975,82.14472961425781,161.88641357421875,163.76402282714844,164.43084716796875,0.6668588519096375,0.0,0.0,nan,nan,nan,nan
1792,1426.447640106082,3.4961951963384363,408.0,1.0647003612180612,0.3475664016074316,0.9411764705882353,1.3985594610261507,358.07238144748476,290.85040283203125,253.3077392578125,253.7311248779297,254.1563720703125,0.42524951696395874,0.0,0.0,nan,nan,nan,nan
1793,917.313198953867,3.027436300177779,303.0,1.1058411137295132,0.36711733647989986,0.8910891089108911,1.3858172101366517,56.87217257329735,229.84954833984375,240.45132446289062,240.9645233154297,240.81272888183594,-0.1517987698316574,0.0,0.0,nan,nan,nan,nan
1794,565.1134099788032,2.500501814065501,226.0,1.0696038674309387,0.348034237462692,0.9424778761061947,1.3716593827962142,-142.842512731213,181.883544921875,201.6437225341797,202.3307342529297,201.67555236816406,-0.6551852226257324,0.0,0.0,nan,nan,nan,nan
1795,1017.5923523250967,1.0175923523250967,1000.0,1.1198595465118488,0.38254595494148086,0.893,1.3800506809464075,-1223.1359111772363,91.71438598632812,97.26365661621094,97.35579681396484,97.18224334716797,-0.17354342341423035,0.0,0.0,nan,nan,nan,nan
1796,592.1483379011042,2.5091031266995945,236.0,1.090761762998644,0.3564226864990851,0.8983050847457628,1.3673334877613608,-135.61084502586687,181.90492248535156,213.6028594970703,214.3107452392578,214.58644104003906,0.2756882905960083,0.0,0.0,nan,nan,nan,nan
1797,676.9478098899126,2.8089120742320026,241.0,1.0937481802437197,0.3586353970329917,0.941908713692946,1.3926451401581479,-60.71300314553605,202.69410705566406,216.4203643798828,217.10182189941406,218.0070037841797,0.9051811099052429,0.0,0.0,nan,nan,nan,nan
1798,1223.1576931402087,3.0810017459451102,397.0,1.1189160842974017,0.3681233502346471,0.9219143576826196,1.3897715151131966,176.56602072026203,257.3021545410156,256.5604248046875,257.0043640136719,258.0414123535156,1.0370426177978516,0.0,0.0,nan,nan,nan,nan
1799,532.6438168138266,2.7741865459053465,192.0,1.1530462823340388,0.38290060321863467,0.9166666666666666,1.4223049487965163,-107.9810211585426,179.64353942871094,203.6825408935547,204.5623016357422,203.6299591064453,-0.9323381781578064,0.0,0.0,nan,nan,nan,nan
1800,783.3893716763705,2.990035769757139,262.0,1.1519440748536551,0.3818348150437581,0.8549618320610687,1.4001815936468678,4.141712185316237,221.8024444580078,223.7965850830078,224.4573211669922,223.70596313476562,-0.7513389587402344,0.0,0.0,nan,nan,nan,nan
1801,1238.2691534720361,3.275844321354593,378.0,1.131048783436882,0.37621138163551116,0.9206349206349206,1.416457040057375,229.30367546430398,265.8449401855469,259.0056457519531,259.4771423339844,258.97515869140625,-0.5019755363464355,0.0,0.0,nan,nan,nan,nan
1802,990.2790186274797,3.1739712135496143,312.0,1.1061364928954374,0.36276520969063586,0.9166666666666666,1.395152283670992,112.01505805165039,250.2158966064453,245.42274475097656,246.0030975341797,245.80874633789062,-0.19435566663742065,0.0,0.0,nan,nan,nan,nan
1803,1494.2620340064168,3.186059774000889,469.0,1.1013837600913596,0.35618958131411177,0.9317697228144989,1.3965905727810877,305.08688802439406,280.4813537597656,228.9393768310547,229.26161193847656,229.52978515625,0.2681640088558197,0.0,0.0,nan,nan,nan,nan
1804,929.8638665215112,2.9995608597468104,310.0,1.069665361993464,0.34637741296550867,0.9483870967741935,1.4065589034607393,55.560557989073004,233.94882202148438,219.3663787841797,219.96682739257812,219.8802947998047,-0.08654514700174332,0.0,0.0,nan,nan,nan,nan
1805,990.6500505860895,2.7671789122516466,358.0,1.0771554585724061,0.3533933681858187,0.9357541899441341,1.37304904107655,21.29109301226731,227.1911163330078,235.97402954101562,236.47789001464844,236.05377197265625,-0.4241403043270111,0.0,0.0,nan,nan,nan,nan
1806,598.4632554650307,2.3654674129052595,253.0,1.0958867917777553,0.363695740945636,0.9209486166007905,1.3885373990808572,-162.96146983076403,175.4173583984375,189.5951385498047,190.23231506347656,188.96783447265625,-1.2644826173782349,0.0,0.0,nan,nan,nan,nan
1807,25.567521383985877,0.23456441636684291,109.0,1.0998741454714933,0.3574218232984247,0.944954128440367,1.400590995417698,-450.69025678765684,-0.8746351003646851,152.92857360839844,153.22079467773438,137.8963623046875,-15.324455261230469,0.0,0.0,nan,nan,nan,nan
1808,977.9270771853626,3.1444600552584006,311.0,1.0793841148624386,0.3544587247318958,0.9228295819935691,1.386015903747062,101.64344263122894,243.3344268798828,239.11033630371094,239.6415252685547,240.61354064941406,0.971988320350647,0.0,0.0,nan,nan,nan,nan
1809,712.1168722547591,3.0174443739608434,236.0,1.1115957428659573,0.3643653305186341,0.9449152542372882,1.4132523328997482,-15.642310672212034,211.94876098632812,226.55284118652344,227.29940795898438,228.01837158203125,0.7189612984657288,0.0,0.0,nan,nan,nan,nan
1810,329.83073188364506,2.243746475398946,147.0,1.073073983661875,0.3498281647922163,0.8979591836734694,1.379368673333776,-221.67943511242663,127.61383819580078,184.80596923828125,186.00975036621094,188.28268432617188,2.2729387283325195,0.0,0.0,nan,nan,nan,nan
1811,1474.3988302429207,3.219211419744368,458.0,1.1058432518346981,0.36338226483625413,0.9475982532751092,1.4040232404768873,307.00727049954844,276.3019104003906,262.029052734375,262.3860168457031,262.4324035644531,0.04641610383987427,0.0,0.0,nan,nan,nan,nan
1812,707.0058640308562,3.034359931462902,233.0,1.1005299163787956,0.36252769114519906,0.9484978540772532,1.4056468899543482,-14.81234083102845,211.25570678710938,233.974853515625,234.65579223632812,233.88124084472656,-0.7745628952980042,0.0,0.0,nan,nan,nan,nan
1813,1763.7357311099768,3.4856437373714955,506.0,1.0832679019688627,0.35432817986904835,0.8952569169960475,1.3788194489850139,501.2885223252206,305.5569152832031,266.45343017578125,266.7879333496094,266.4984436035156,-0.28949496150016785,0.0,0.0,nan,nan,nan,nan
1814,502.92055296339095,2.733263874801038,184.0,1.134097703433651,0.3805921497977038,0.9021739130434783,1.4133843616056945,-121.8616768354143,170.50772094726562,224.65625,225.7989501953125,224.4697723388672,-1.3291512727737427,0.0,0.0,nan,nan,nan,nan
1815,866.3512157127261,2.707347549102269,320.0,1.0708789983280869,0.34976756181731616,0.93125,1.3826189612563957,-27.755353036666975,215.382080078125,236.16342163085938,236.6494140625,236.96389770507812,0.3144853711128235,0.0,0.0,nan,nan,nan,nan
1816,654.5962562635541,2.8337500271149527,231.0,1.1123553924820686,0.3690549403438774,0.9307359307359307,1.407928134669637,-63.26129655493958,197.7412109375,217.05029296875,217.73326110839844,216.5124053955078,-1.2208043336868286,0.0,0.0,nan,nan,nan,nan
1817,1901.2910321634263,3.54718476149893,536.0,1.0626520264107573,0.3452849719708218,0.9328358208955224,1.372766269761739,579.434042727805,312.4352722167969,263.95330810546875,264.2757263183594,264.5133056640625,0.23759347200393677,0.0,0.0,nan,nan,nan,nan
1818,362.1861628256738,2.195067653488932,165.0,1.0828631444707821,0.35765538348638776,0.9030303030303031,1.3682884402825672,-224.96987256091688,129.18133544921875,197.48728942871094,198.64810180664062,199.34194946289062,0.6938524842262268,0.0,0.0,nan,nan,nan,nan
1819,562.4576490968466,2.7982967616758536,201.0,1.1151028005413919,0.3677163283982751,0.9303482587064676,1.413359707173133,-95.99012307078215,184.1627960205078,217.055419921875,217.9490509033203,217.22703552246094,-0.7220003008842468,0.0,0.0,nan,nan,nan,nan
1820,611.7799739181064,2.913237971038602,210.0,1.0833031461327187,0.352250995548139,0.9285714285714286,1.4088876880692336,-64.49073244478177,194.42678833007812,200.66407775878906,201.4739227294922,199.38478088378906,-2.089123010635376,0.0,0.0,nan,nan,nan,nan
1821,598.8474339321256,2.7470065776703008,218.0,1.0911094193791397,0.36506033594521053,0.908256880733945,1.3913613411001011,-93.26588060432664,189.25692749023438,213.40757751464844,214.20077514648438,213.49856567382812,-0.70223069190979,0.0,0.0,nan,nan,nan,nan
1822,542.9904020857066,2.2719263685594417,239.0,1.0744809220034337,0.35130540931950005,0.9456066945606695,1.3931056992007818,-190.7097589063511,163.8836669921875,191.56324768066406,192.3233184814453,192.24319458007812,-0.08010327816009521,0.0,0.0,nan,nan,nan,nan
1823,615.1118605397642,2.8216140391732303,218.0,1.0871101137821773,0.3624173476671491,0.8761467889908257,1.3784297017567655,-77.00145399668804,189.94329833984375,230.52781677246094,231.28614807128906,229.34417724609375,-1.9419633150100708,0.0,0.0,nan,nan,nan,nan
1824,684.4955189405009,2.5165276431636063,272.0,1.0695633425122584,0.3495981258095651,0.9522058823529411,1.3834679158260026,-114.55540076750822,191.55642700195312,220.30397033691406,220.8743438720703,221.00787353515625,0.1335374265909195,0.0,0.0,nan,nan,nan,nan
1825,633.6295536868274,2.455928502662122,258.0,1.082356392575995,0.35735260312746203,0.9186046511627907,1.3610147046430852,-137.6968017174447,183.04925537109375,208.50534057617188,209.1958465576172,205.734375,-3.4614791870117188,0.0,0.0,nan,nan,nan,nan
1826,1272.0615047179163,3.050507205558552,417.0,1.0780667253066598,0.3517448178773381,0.9256594724220624,1.3785875162492367,185.8633118640596,261.62054443359375,250.61041259765625,250.99586486816406,249.87310791015625,-1.1227346658706665,0.0,0.0,nan,nan,nan,nan
1827,1351.8658113740385,3.422445092086173,395.0,1.0784206992280896,0.351662258049822,0.9468354430379747,1.4051569107959971,309.23479099748283,286.37225341796875,244.704345703125,245.14450073242188,246.7150115966797,1.5705113410949707,0.0,0.0,nan,nan,nan,nan
1828,295.8305842522532,1.6808555923423476,176.0,1.099867381377992,0.3659094889472092,0.8920454545454546,1.4110169617633028,-313.10903737298804,101.3823471069336,157.1164093017578,158.1560821533203,158.0199432373047,-0.13613618910312653,0.0,0.0,nan,nan,nan,nan
1829,884.6659247782081,3.0296778245829046,292.0,1.1008263851079758,0.36454123358972335,0.9315068493150684,1.3926522218004125,46.00848463628904,225.93118286132812,229.7273712158203,230.33355712890625,229.9247589111328,-0.4088282287120819,0.0,0.0,nan,nan,nan,nan
1830,630.2891459614038,2.8012850931617947,225.0,1.0763356680245426,0.35228182276089987,0.9288888888888889,1.3906319738130424,-75.68645072691686,191.90728759765625,224.02398681640625,224.6577606201172,223.98069763183594,-0.6770555377006531,0.0,0.0,nan,nan,nan,nan
1831,739.0577931702137,2.9681035870289705,249.0,1.1179318594737908,0.3703825231224649,0.9036144578313253,1.422057990500764,-14.445628038798986,210.4905548095703,247.794677734375,248.52125549316406,247.5731964111328,-0.9480581879615784,0.0,0.0,nan,nan,nan,nan
1832,877.15498658875,2.741109333089844,320.0,1.1072602073859237,0.3640416580321471,0.928125,1.3847076910424683,-16.951582160643056,220.9792938232422,208.49948120117188,209.00088500976562,209.72061157226562,0.7197454571723938,0.0,0.0,nan,nan,nan,nan
1833,732.3144550919533,2.816594058045974,260.0,1.1150795090151213,0.36962890736870646,0.9192307692307692,1.3976603950186044,-42.97255235570992,211.8013153076172,216.84994506835938,217.5483856201172,216.91761779785156,-0.6307578086853027,0.0,0.0,nan,nan,nan,nan
1834,1120.4201461076736,3.183011778714982,352.0,1.066248517958131,0.34544947327291686,0.9346590909090909,1.371447733532044,162.94314466402443,258.03076171875,241.30963134765625,241.7567901611328,242.55747985839844,0.8006792664527893,0.0,0.0,nan,nan,nan,nan
1835,1001.9492829218507,3.221701874346787,311.0,1.0744346963936018,0.3480284068004017,0.9389067524115756,1.375804746059315,125.66564836771704,250.12625122070312,241.1934814453125,241.74195861816406,241.795166015625,0.053175847977399826,0.0,0.0,nan,nan,nan,nan
1836,981.9742460739799,2.9052492487395853,338.0,1.0950463929467678,0.35981484859067253,0.9230769230769231,1.404655768567456,52.22180893406767,234.6046600341797,239.2461700439453,239.71653747558594,239.84397888183594,0.1274547278881073,0.0,0.0,nan,nan,nan,nan
1837,520.5254798968672,2.615705929129986,199.0,1.071760849920721,0.3436162064826565,0.9396984924623115,1.3879041170940367,-133.96164022737048,172.86676025390625,161.2005615234375,161.87815856933594,161.50296020507812,-0.3751903176307678,0.0,0.0,nan,nan,nan,nan
1838,536.9720714325085,2.7257465554949674,197.0,1.0887092816843364,0.3578064196651277,0.9137055837563451,1.3865907984463208,-113.55439664833807,174.68496704101562,205.4805908203125,206.3343505859375,205.99285888671875,-0.34150245785713196,0.0,0.0,nan,nan,nan,nan
1839,662.8626015931368,2.6514504063725473,250.0,1.0493918063417855,0.33711078415554946,0.92,1.3762235153517524,-92.62114563757132,195.9234619140625,209.471923828125,210.12957763671875,209.7333221435547,-0.39626026153564453,0.0,0.0,nan,nan,nan,nan
1840,471.24712930619717,2.4933710545301437,189.0,1.1062746792335232,0.3680845726966345,0.9206349206349206,1.3950831886144701,-163.43673060108551,156.5613250732422,209.4721221923828,210.3956298828125,209.6594696044922,-0.7361766695976257,0.0,0.0,nan,nan,nan,nan
1841,1177.108631938696,3.181374680915394,370.0,1.0853439990663636,0.3570745768107323,0.9216216216216216,1.3846929881072791,183.9857621045278,261.33673095703125,251.0166778564453,251.5407257080078,252.9575653076172,1.4168167114257812,0.0,0.0,nan,nan,nan,nan
1842,966.2069899588823,3.0383867608769886,318.0,1.06675807216278,0.3495751243570404,0.940251572327044,1.3626775810277088,76.06107325288008,239.335205078125,229.78089904785156,230.3631591796875,229.7611541748047,-0.6019941568374634,0.0,0.0,nan,nan,nan,nan
1843,446.6173988953233,2.2903456353606324,195.0,1.0612520496509983,0.3420820322178273,0.9333333333333333,1.395942463385921,-199.94841714213248,148.90347290039062,172.81228637695312,173.6447296142578,172.9530487060547,-0.6917073726654053,0.0,0.0,nan,nan,nan,nan
1844,680.0917540993541,2.605715532947717,261.0,1.060947135731508,0.3478947730037939,0.9233716475095786,1.346539052906973,-97.17557937000447,195.71841430664062,208.568359375,209.21141052246094,208.37481689453125,-0.836576521396637,0.0,0.0,nan,nan,nan,nan
1845,1242.095245450735,3.251558234164228,382.0,1.0832376591398531,0.35339603401401753,0.9214659685863874,1.3897071020677054,225.20846335622082,266.05718994140625,241.9121551513672,242.33383178710938,243.74220275878906,1.4083763360977173,0.0,0.0,nan,nan,nan,nan
1846,865.3028422668576,3.0361503237433602,285.0,1.0803569292643163,0.35424039073510377,0.9403508771929825,1.3714321920667096,40.50768427680691,228.6368408203125,236.25389099121094,236.8412322998047,236.5325164794922,-0.30870142579078674,0.0,0.0,nan,nan,nan,nan
1847,866.6641678400338,3.009250582777895,288.0,1.0972595315255376,0.36225360928909617,0.9097222222222222,1.3813222237607836,35.928031784896575,228.9913787841797,222.2037353515625,222.80311584472656,222.97166442871094,0.1685912311077118,0.0,0.0,nan,nan,nan,nan
1848,672.4754862813279,2.4103064024420355,279.0,1.1102316910941301,0.37136020703724415,0.931899641577061,1.3929047546152664,-140.43771557854984,184.5807647705078,210.6593475341797,211.26112365722656,210.53050231933594,-0.7306024432182312,0.0,0.0,nan,nan,nan,nan
1849,562.742974512279,2.7185650942622175,207.0,1.1421953013950301,0.3805278087176216,0.8888888888888888,1.414305953725134,-107.58675378552266,179.75619506835938,221.95803833007812,222.79684448242188,221.54513549804688,-1.2517119646072388,0.0,0.0,nan,nan,nan,nan
1850,666.8025531191379,2.8495835603381963,234.0,1.0906441517907017,0.3577446098733087,0.9188034188034188,1.4130497705861431,-56.99597776444227,201.53125,211.30532836914062,211.99713134765625,210.4949951171875,-1.5021291971206665,0.0,0.0,nan,nan,nan,nan
1851,752.4974399767816,2.986100952288816,252.0,1.0995731729705496,0.3581735867776424,0.9365079365079365,1.3897062218782288,-6.946959297317562,219.48550415039062,222.88230895996094,223.49758911132812,221.9542694091797,-1.5433241128921509,0.0,0.0,nan,nan,nan,nan
1852,394.0471890345216,2.2909720292704745,172.0,1.1076376935548802,0.3617007328230525,0.9244186046511628,1.4117712304529921,-206.97112850393762,138.69725036621094,192.6361083984375,193.84425354003906,193.86337280273438,0.01913292519748211,0.0,0.0,nan,nan,nan,nan
1853,1060.8482464798726,1.0608482464798725,1000.0,1.1405818452157723,0.3878345036467848,0.895,1.399830427615005,-1179.8800170224604,95.91353607177734,97.86537170410156,97.83447265625,98.50125885009766,0.666780412197113,0.0,0.0,nan,nan,nan,nan
1854,986.6057207286358,2.971703978098301,332.0,1.0835075026569871,0.3488403109384008,0.9457831325301205,1.386962036893223,68.73523971889654,239.41526794433594,210.575439453125,211.0973663330078,211.1947479248047,0.09737680852413177,0.0,0.0,nan,nan,nan,nan
1855,1376.2118598930538,3.3241832364566517,414.0,1.0518511674283173,0.3399498374149571,0.9178743961352657,1.3527689625514865,295.9546451042836,276.347412109375,261.7312927246094,262.14447021484375,260.9303894042969,-1.2140344381332397,0.0,0.0,nan,nan,nan,nan
1856,1048.3787129689008,2.8182223466905936,372.0,1.1078757376461916,0.36407809876072206,0.9354838709677419,1.403783746341128,51.29519109134162,235.15225219726562,237.29881286621094,237.73248291015625,237.7294158935547,-0.003066893434152007,0.0,0.0,nan,nan,nan,nan
1857,936.8296445161104,3.0918470116043246,303.0,1.0851677070773142,0.35643112802661836,0.9273927392739274,1.376492728656533,76.38861813554081,241.23793029785156,226.83660888671875,227.35694885253906,227.08755493164062,-0.2693857252597809,0.0,0.0,nan,nan,nan,nan
1858,853.6218695938587,3.048649534263781,280.0,1.1126381034185673,0.36514077523551386,0.9142857142857143,1.3890964352848478,38.728341712285555,228.80906677246094,237.83755493164062,238.429931640625,239.02740478515625,0.597456157207489,0.0,0.0,nan,nan,nan,nan
1859,556.0604321593419,2.660576230427473,209.0,1.0812452076269705,0.34635049742932444,0.9569377990430622,1.4060783512958637,-118.22994818185089,178.9550323486328,191.6454620361328,192.4425048828125,192.05850219726562,-0.3840186297893524,0.0,0.0,nan,nan,nan,nan
1860,376.755248375237,2.297288099849006,164.0,1.0702287075064323,0.3484942245193496,0.9207317073170732,1.3613669478467223,-208.42046098965818,136.26258850097656,164.8329315185547,165.89431762695312,166.88136291503906,0.9870282411575317,0.0,0.0,nan,nan,nan,nan
1861,984.5241592470556,3.1555261514328707,312.0,1.06735389585461,0.34527003204415935,0.9423076923076923,1.3855563746566546,106.26019867122636,250.78863525390625,214.4972686767578,215.12831115722656,214.8396453857422,-0.28865882754325867,0.0,0.0,nan,nan,nan,nan
1862,956.7606629133224,3.22141637344553,297.0,1.0922963882466943,0.355395393738743,0.9326599326599326,1.3817802656910236,108.2015926629258,245.39743041992188,237.67674255371094,238.24163818359375,239.7659454345703,1.5243282318115234,0.0,0.0,nan,nan,nan,nan
1863,1099.1196784358472,3.242240939338782,339.0,1.0695108362012715,0.3499445868086125,0.9144542772861357,1.3560592861858416,167.38691527423953,262.2392578125,235.37564086914062,235.9177703857422,236.26834106445312,0.3505787253379822,0.0,0.0,nan,nan,nan,nan
1864,822.4773905419279,2.8960471497955207,284.0,1.115980193395516,0.36760548492457706,0.9084507042253521,1.3899480172656145,-0.3374414264274037,218.77285766601562,234.13174438476562,234.6885223388672,235.24057006835938,0.5520302057266235,0.0,0.0,nan,nan,nan,nan
1865,574.8093002787791,2.4883519492587842,231.0,1.0900130961074173,0.3565370017346156,0.9177489177489178,1.3896926748924308,-143.04825253971455,177.90716552734375,192.32003784179688,193.01187133789062,192.8589630126953,-0.15288668870925903,0.0,0.0,nan,nan,nan,nan
1866,708.4981963299215,2.7784242993330253,255.0,1.0833053159485353,0.35493003497405434,0.9098039215686274,1.3721483125993574,-56.88718100926417,201.47775268554688,210.8629913330078,211.46865844726562,212.18063354492188,0.711974561214447,0.0,0.0,nan,nan,nan,nan
1867,671.8880998790264,2.5742839075824766,261.0,1.0916933703509748,0.3608264725293173,0.9080459770114943,1.3879384933128627,-105.3792335903322,191.66358947753906,206.69297790527344,207.33267211914062,208.14610290527344,0.8134301900863647,0.0,0.0,nan,nan,nan,nan
1868,591.3892225380987,2.6519696077941646,223.0,1.0737368713891826,0.34924136290273816,0.9327354260089686,1.4101116870024208,-110.62572210683106,185.77182006835938,201.8240966796875,202.5529022216797,202.1938934326172,-0.35901781916618347,0.0,0.0,nan,nan,nan,nan
1869,717.5242231748416,2.544412138917878,282.0,1.1269950457472624,0.37122090998713647,0.925531914893617,1.4213513287414088,-101.32995675012262,195.8153533935547,214.756103515625,215.33335876464844,214.98988342285156,-0.3434808552265167,0.0,0.0,nan,nan,nan,nan
1870,442.46625485271215,2.4581458602928454,180.0,1.1339306857413627,0.3766171197299155,0.9111111111111111,1.4118968174097377,-174.39467085931096,151.6421661376953,190.22390747070312,191.10653686523438,190.75746154785156,-0.3490631878376007,0.0,0.0,nan,nan,nan,nan
1871,1002.4015817150939,3.3082560452643364,303.0,1.0863273632638453,0.35158115357510966,0.9207920792079208,1.3876137376139646,141.96055533452432,259.77734375,226.04534912109375,226.61476135253906,226.32521057128906,-0.2895658016204834,0.0,0.0,nan,nan,nan,nan
1872,441.5309066325426,2.386653549365095,185.0,1.091939585334586,0.3576222690913054,0.9243243243243243,1.3825510127159888,-185.23164918795806,151.47561645507812,174.0834503173828,175.0112762451172,175.53285217285156,0.5215911269187927,0.0,0.0,nan,nan,nan,nan
1873,314.42520851641893,2.3290756186401405,135.0,1.1329145550599038,0.37676910552825704,0.9185185185185185,1.4149108410549625,-213.3210462193067,125.5865478515625,186.7606658935547,188.13417053222656,184.9601593017578,-3.1740224361419678,0.0,0.0,nan,nan,nan,nan
1874,1640.2112582260743,3.2035376137228013,512.0,1.0994708767137849,0.35980651095928806,0.904296875,1.3853627382030176,365.8820933111451,279.44195556640625,259.470458984375,259.77960205078125,260.3858642578125,0.6062496304512024,0.0,0.0,nan,nan,nan,nan
1875,950.1785021806136,2.95086491360439,322.0,1.0778488716108354,0.3546862472335598,0.906832298136646,1.3815676850004872,52.11128138782942,236.0614776611328,233.7305450439453,234.27377319335938,233.74798583984375,-0.5258101224899292,0.0,0.0,nan,nan,nan,nan
1876,1344.219938263297,3.2235490126218154,417.0,1.0719495005306823,0.3478444729527479,0.9184652278177458,1.379886560449317,258.0217454094404,272.4519348144531,251.98257446289062,252.3882293701172,252.73760986328125,0.34938928484916687,0.0,0.0,nan,nan,nan,nan
1877,782.4256557039917,3.0093294450153527,260.0,1.1001914554183307,0.3641248266098466,0.9076923076923077,1.3963996288706761,7.138648256328452,220.0338592529297,226.29293823242188,226.97491455078125,226.52586364746094,-0.4490545392036438,0.0,0.0,nan,nan,nan,nan
1878,917.0039082579315,2.8302589761047265,324.0,1.083841621123439,0.35730805317248476,0.9104938271604939,1.39164448123266,14.97603542175625,225.9685516357422,242.54530334472656,243.0778350830078,242.9554901123047,-0.12233912944793701,0.0,0.0,nan,nan,nan,nan
1879,530.9995028860867,2.6157610979610184,203.0,1.035034395063724,0.32947062491095197,0.9556650246305419,1.3954197319043806,-131.40892132493298,175.0588836669922,177.5509490966797,178.35386657714844,179.27894592285156,0.9250536561012268,0.0,0.0,nan,nan,nan,nan
1880,1036.2433464545757,3.1884410660140787,325.0,1.104725077893518,0.3600697314978476,0.9046153846153846,1.382478168030924,132.23514759670502,252.81134033203125,238.65206909179688,239.1620635986328,238.44822692871094,-0.7138454914093018,0.0,0.0,nan,nan,nan,nan
1881,340.6434738766402,2.3331744786071247,146.0,1.0806956050150462,0.34969689449192803,0.9383561643835616,1.3950791637652762,-208.88636709773596,130.11380004882812,151.11012268066406,152.22265625,154.13394165039062,1.9112695455551147,0.0,0.0,nan,nan,nan,nan
1882,836.5563144423068,2.987701123008238,280.0,1.0772180541379162,0.3596089228564995,0.9,1.3806712721165602,21.662786560733593,223.43223571777344,239.8013458251953,240.42601013183594,239.44480895996094,-0.9811778664588928,0.0,0.0,nan,nan,nan,nan
1883,1014.6143645718694,3.1607924129964777,321.0,1.0429234636735087,0.3410576817201701,0.9439252336448598,1.3600118334721973,118.52746980078064,250.26644897460938,244.0553741455078,244.62586975097656,245.88531494140625,1.2594678401947021,0.0,0.0,nan,nan,nan,nan
1884,916.6291027218103,3.0152273115849026,304.0,1.090659725367893,0.3596350618133185,0.9111842105263158,1.3884698964180249,54.207750319545084,232.68783569335938,242.77493286132812,243.32432556152344,242.94955444335938,-0.37477150559425354,0.0,0.0,nan,nan,nan,nan
1885,724.6713345851749,2.969964486004815,244.0,1.0903526082507162,0.35440723016495335,0.9098360655737705,1.3693902346216182,-18.93045651536022,210.67295837402344,220.33726501464844,221.1116485595703,219.98216247558594,-1.12947416305542,0.0,0.0,nan,nan,nan,nan
1886,1466.7923251837492,3.3260596942942158,441.0,1.0804105634062422,0.3483507158382984,0.927437641723356,1.3941584791524284,333.06630780920045,283.1812438964844,246.25608825683594,246.58177185058594,247.14312744140625,0.5613295435905457,0.0,0.0,nan,nan,nan,nan
1887,379.00848823972046,2.1056027124428915,180.0,1.0848032257116693,0.35764272982746154,0.9333333333333333,1.3817087788710345,-237.85243747230265,130.52406311035156,184.94073486328125,185.94696044921875,184.18251037597656,-1.764472484588623,0.0,0.0,nan,nan,nan,nan
1888,865.5063702240586,0.8655063702240586,1000.0,1.1234193067705407,0.3803409905526593,0.911,1.3973813241102844,-1375.2218932782744,78.28620910644531,97.88815307617188,97.97337341308594,98.09178161621094,0.11840242892503738,0.0,0.0,nan,nan,nan,nan
1889,708.7237983755767,2.953015826564903,240.0,1.1077519131305402,0.3625429303084578,0.9166666666666666,1.3879637042939486,-26.9566886381765,208.81956481933594,222.0127410888672,222.71856689453125,222.88665771484375,0.16808944940567017,0.0,0.0,nan,nan,nan,nan
1890,688.163128840737,2.5207440616876813,273.0,1.0572430029815565,0.34822404527209366,0.9377289377289377,1.3741979092418821,-112.86811688896773,192.90696716308594,210.2086181640625,210.83602905273438,209.41624450683594,-1.419786810874939,0.0,0.0,nan,nan,nan,nan
1891,990.7644565682858,3.096138926775893,320.0,1.1055336656914783,0.3653291825477936,0.896875,1.4012794331825853,96.65788781889273,248.3854522705078,228.0273895263672,228.6514129638672,228.93313598632812,0.2817149758338928,0.0,0.0,nan,nan,nan,nan
1892,710.3835386931896,2.7967855854062584,254.0,1.0785570188906541,0.35160101249935033,0.9330708661417323,1.3780740547683565,-53.02151262430061,204.0189208984375,211.68618774414062,212.4383544921875,211.14959716796875,-1.288764238357544,0.0,0.0,nan,nan,nan,nan
1893,798.9007272273302,2.843063086218257,281.0,1.0679918511492277,0.3535230077013499,0.9323843416370107,1.3732882779255118,-17.973126675938374,218.51742553710938,214.4933319091797,215.08013916015625,214.62750244140625,-0.4526287317276001,0.0,0.0,nan,nan,nan,nan
1894,598.3772783703171,2.8092829970437423,213.0,1.0818390863445342,0.349500494308264,0.9014084507042254,1.3895308319628366,-83.83440605765759,187.63023376464844,206.61549377441406,207.30043029785156,208.00502014160156,0.7046158909797668,0.0,0.0,nan,nan,nan,nan
1895,452.40725347865373,2.432297061713192,186.0,1.0779042124968163,0.36177367154979495,0.8763440860215054,1.365725132511524,-176.33562836354247,149.9840850830078,225.85757446289062,226.86428833007812,226.38331604003906,-0.4809994399547577,0.0,0.0,nan,nan,nan,nan
1896,636.6941158547997,2.8679915128594584,222.0,1.0838994984021664,0.3528303730786797,0.9774774774774775,1.4056735506699483,-63.34050276843436,196.70242309570312,206.3695068359375,207.13232421875,205.52413940429688,-1.6082042455673218,0.0,0.0,nan,nan,nan,nan
1897,1156.433078598231,3.06746174694491,377.0,1.0901581301706245,0.3533724232993763,0.9283819628647215,1.3905466007420406,149.44792661219435,252.7115936279297,242.77200317382812,243.1919403076172,243.88645935058594,0.6945334672927856,0.0,0.0,nan,nan,nan,nan
1898,408.9659723909572,2.493694953603397,164.0,1.1329876486644468,0.37511190757498747,0.8963414634146342,1.421740426815716,-176.209736973938,149.68824768066406,190.10972595214844,191.03353881835938,190.43865966796875,-0.594870388507843,0.0,0.0,nan,nan,nan,nan
1899,648.2335513979197,2.9465161427178166,220.0,1.1098271425507762,0.36699439404220546,0.9318181818181818,1.4061552370321144,-47.840415181923504,202.2863311767578,226.18629455566406,226.8996124267578,225.98550415039062,-0.914096474647522,0.0,0.0,nan,nan,nan,nan
1900,492.7572286054492,2.488672871744693,198.0,1.1045590893736155,0.3603356669241247,0.9242424242424242,1.4177432850830922,-159.74956549709304,161.47137451171875,175.76400756835938,176.57858276367188,177.6538848876953,1.0752811431884766,0.0,0.0,nan,nan,nan,nan
1901,1006.6428165594116,2.943400048419332,342.0,1.0739150887822744,0.34638336802661224,0.9473684210526315,1.383897493281111,68.96907533271747,241.8347930908203,214.34059143066406,214.83360290527344,215.79843139648438,0.9647946953773499,0.0,0.0,nan,nan,nan,nan
1902,768.1647944170982,2.866286546332456,268.0,1.1032594275212577,0.3619695977581953,0.9402985074626866,1.4231616428459495,-22.964821204129066,214.65806579589844,220.91249084472656,221.5261993408203,222.7477569580078,1.2215602397918701,0.0,0.0,nan,nan,nan,nan
1903,909.5768662542105,2.8335727920691913,321.0,1.0601007033423993,0.34578394824382674,0.9065420560747663,1.3690845649423962,13.489971483121735,223.7168731689453,228.94981384277344,229.48670959472656,228.47840881347656,-1.0082646608352661,0.0,0.0,nan,nan,nan,nan
1904,598.6507231295109,2.721139650588686,220.0,1.112444073069782,0.3678124153331296,0.9045454545454545,1.3942845893564766,-97.42324345033228,185.55685424804688,216.6658172607422,217.3502960205078,216.30953979492188,-1.04075026512146,0.0,0.0,nan,nan,nan,nan
1905,303.95301664434373,2.081869977016053,146.0,1.107321742307517,0.36771795786141104,0.8561643835616438,1.3648794155995365,-245.57682433003242,121.14137268066406,182.77610778808594,183.99659729003906,185.70828247070312,1.7116672992706299,0.0,0.0,nan,nan,nan,nan
1906,964.9222328169271,0.9649222328169271,1000.0,1.1338281661881489,0.3850757476896979,0.88,1.3884443045876147,-1275.8060306854059,87.8940658569336,95.7611083984375,95.84864807128906,96.4358901977539,0.5872457027435303,0.0,0.0,nan,nan,nan,nan
1907,1212.347924336791,3.100634077587701,391.0,1.0893744791290603,0.35436046267614496,0.9156010230179028,1.3930377843165027,177.63820804701732,256.066162109375,246.73521423339844,247.21954345703125,247.3444061279297,0.12485876679420471,0.0,0.0,nan,nan,nan,nan
1908,767.2019290886819,2.973650887940628,258.0,1.1000226190049944,0.36280719013821494,0.9302325581395349,1.399082773514922,-4.124426315590199,216.8500518798828,230.4674835205078,231.07275390625,229.33297729492188,-1.739769458770752,0.0,0.0,nan,nan,nan,nan
1909,23.095738299190998,0.8248477963996785,28.0,1.051110746165689,0.339691041214835,1.0,1.3914739865041474,-292.75563211511616,11.245065689086914,197.71292114257812,198.2783660888672,197.3900604248047,-0.8883029222488403,0.0,0.0,nan,nan,nan,nan
1910,695.3114241957664,2.861363885579286,243.0,1.1168392630948916,0.3690366068919124,0.9176954732510288,1.3899450368109112,-46.31004088307327,203.9059600830078,218.1464385986328,218.82339477539062,219.70408630371094,0.880692720413208,0.0,0.0,nan,nan,nan,nan
1911,1079.996673103422,3.2047379023840414,337.0,1.0883218305292088,0.35327128933609764,0.9465875370919882,1.3839172929492238,152.22456198520513,255.66302490234375,236.8304443359375,237.34588623046875,237.20860290527344,-0.13730472326278687,0.0,0.0,nan,nan,nan,nan
1912,252.5558963790536,2.0872388130500297,121.0,1.149454224365876,0.3868342101183969,0.9008264462809917,1.398013550959807,-247.46579405293505,101.08353424072266,197.57521057128906,198.9541778564453,198.8034210205078,-0.15072959661483765,0.0,0.0,nan,nan,nan,nan
1913,615.6625290811062,2.945753727660795,209.0,1.1106025424265888,0.3606631315273918,0.9138755980861244,1.4107281268060652,-58.62785126008657,198.1214141845703,200.7984619140625,201.59738159179688,200.29092407226562,-1.3064543008804321,0.0,0.0,nan,nan,nan,nan
1914,1578.9408541582525,3.132819155075898,504.0,1.1089399120116428,0.3644525139772293,0.9166666666666666,1.405058596735136,320.45429741688736,274.8909912109375,261.97076416015625,262.31640625,262.28314208984375,-0.03327539190649986,0.0,0.0,nan,nan,nan,nan
1915,435.9757385291159,2.5645631678183287,170.0,1.0978515307437877,0.3657102681125752,0.8823529411764706,1.3954995383251456,-161.08192696595233,162.19705200195312,171.45086669921875,172.46771240234375,173.25555419921875,0.7878432273864746,0.0,0.0,nan,nan,nan,nan
1916,910.829903839156,2.6789114818798705,340.0,1.1026770582395145,0.3607506341440147,0.9235294117647059,1.389126554007085,-22.88318534414725,218.56231689453125,227.43780517578125,227.9667205810547,228.178955078125,0.21222682297229767,0.0,0.0,nan,nan,nan,nan
1917,406.11974439024925,2.320684253658567,175.0,1.0987188918547952,0.36252381647244053,0.8914285714285715,1.3813348289117227,-200.83955121329643,142.96343994140625,209.9052276611328,210.96446228027344,209.86656188964844,-1.0979286432266235,0.0,0.0,nan,nan,nan,nan
1918,826.366901576519,2.994082976726518,276.0,1.0834157665137991,0.3585638345051813,0.9130434782608695,1.3988930992315114,19.39467778172775,225.33206176757812,242.75164794921875,243.38433837890625,243.12828063964844,-0.25605249404907227,0.0,0.0,nan,nan,nan,nan
1919,1397.427724197507,3.3592012600901606,416.0,1.1029708200741069,0.3606487640343007,0.9350961538461539,1.392884434515801,313.20985736534567,278.74932861328125,262.1261901855469,262.5372619628906,263.77813720703125,1.2408617734909058,0.0,0.0,nan,nan,nan,nan
1920,197.0479279346764,1.8946916147565038,104.0,1.1046301077734886,0.3674885700147103,0.8942307692307693,1.3964178759146972,-269.30822012848876,84.69268035888672,172.4624786376953,174.50897216796875,174.6962890625,0.18732768297195435,0.0,0.0,nan,nan,nan,nan
1921,1503.7492031902075,3.3491073567710634,449.0,1.1182859423235707,0.36655872899426156,0.9153674832962138,1.4136109054750214,354.1805776420947,282.5431213378906,272.23486328125,272.66290283203125,273.15472412109375,0.4917925000190735,0.0,0.0,nan,nan,nan,nan
1922,953.383109562099,3.1568977137817846,302.0,1.0982803940234216,0.35640668165322625,0.9370860927152318,1.3998242963023857,94.92240920322479,244.49203491210938,225.90960693359375,226.44969177246094,227.0329132080078,0.5832326412200928,0.0,0.0,nan,nan,nan,nan
1923,206.22871755063534,1.7330144331986164,119.0,1.0741067965419184,0.3485619927638606,0.9663865546218487,1.3874010415748217,-289.83232083796236,83.52591705322266,163.01654052734375,164.58131408691406,163.51412963867188,-1.0671799182891846,0.0,0.0,nan,nan,nan,nan
1924,927.7673622071743,2.983174798093808,311.0,1.0867695020453283,0.35572058870650514,0.9260450160771704,1.3721095857376584,51.48372765304066,235.7230682373047,231.3341522216797,231.9246826171875,233.27052307128906,1.3458448648452759,0.0,0.0,nan,nan,nan,nan
1925,1318.7599203567952,3.024678716414668,436.0,1.0797070109954976,0.35301176019948177,0.926605504587156,1.3935603729247485,194.935533090724,260.7993469238281,253.58079528808594,253.9282684326172,253.78318786621094,-0.14505967497825623,0.0,0.0,nan,nan,nan,nan
1926,612.1740389401093,2.795315246301869,219.0,1.1004235763619268,0.35714118849717175,0.9406392694063926,1.406058961999758,-81.91960161803831,192.49183654785156,200.54898071289062,201.34841918945312,203.25718688964844,1.908785343170166,0.0,0.0,nan,nan,nan,nan
1927,1702.0870215073228,3.390611596628133,502.0,1.116382100245543,0.36557953482161987,0.9203187250996016,1.4033233153179014,447.5611168093485,297.5274658203125,261.4306640625,261.78936767578125,262.1247253417969,0.3353572487831116,0.0,0.0,nan,nan,nan,nan
1928,692.9165458129719,2.911414058037697,238.0,1.104800550726783,0.36206083640190273,0.9201680672268907,1.398193459902452,-38.80328915739028,208.44796752929688,214.8925323486328,215.5670928955078,215.3568115234375,-0.2102932631969452,0.0,0.0,nan,nan,nan,nan
1929,698.8825054094195,2.9994957313708994,233.0,1.0560594890819868,0.34333010088553784,0.9313304721030042,1.3779666775085788,-22.935699452465087,209.4263153076172,211.8184051513672,212.4727325439453,211.97152709960938,-0.5012075304985046,0.0,0.0,nan,nan,nan,nan
1930,288.13868663460016,2.2868149732904777,126.0,1.092383120745808,0.3606191955577021,0.9047619047619048,1.4061236632949825,-221.78463390586603,119.13358306884766,161.46041870117188,162.85366821289062,163.18484497070312,0.3311614394187927,0.0,0.0,nan,nan,nan,nan
1931,569.9209256861359,2.5442898468131068,224.0,1.087506609885309,0.3568440783691628,0.9196428571428571,1.3860848930190222,-134.0743449804893,180.7637481689453,223.0359649658203,223.8081817626953,223.73814392089844,-0.07003198564052582,0.0,0.0,nan,nan,nan,nan
1932,532.5166927899991,2.228103317112967,239.0,1.1105246888953546,0.36474051727845774,0.9163179916317992,1.3964850263304647,-201.18346820205863,164.38389587402344,195.19798278808594,195.83726501464844,196.111572265625,0.2743259370326996,0.0,0.0,nan,nan,nan,nan
1933,1132.4021852612495,3.3111175007638876,342.0,1.0998796215359008,0.3620720515135718,0.9035087719298246,1.3737278801125337,194.72844403455542,264.8758544921875,248.40982055664062,248.8928680419922,247.83975219726562,-1.05312180519104,0.0,0.0,nan,nan,nan,nan
1934,1107.727979540825,3.2580234692377203,340.0,1.0850138750608729,0.3541587894093205,0.9529411764705882,1.4001322565750216,174.0148903575216,259.6181640625,230.8871612548828,231.47366333007812,232.92742919921875,1.4537816047668457,0.0,0.0,nan,nan,nan,nan
1935,679.5744225601666,2.9937199231725398,227.0,1.1017445163632944,0.3616421871138914,0.9118942731277533,1.372644839407191,-30.36182617154509,206.6957244873047,210.32888793945312,211.1595001220703,212.02572631835938,0.8662160634994507,0.0,0.0,nan,nan,nan,nan
1936,1737.7678870558739,3.3163509294959423,524.0,1.1166725932043813,0.36946418622777316,0.9312977099236641,1.4150419918771988,439.67480988059856,290.4565124511719,270.6355285644531,270.95709228515625,270.2836608886719,-0.6734148859977722,0.0,0.0,nan,nan,nan,nan
1937,555.5096177295782,2.8056041299473646,198.0,1.060271204456647,0.35031176767585787,0.9040404040404041,1.3556350704135762,-96.99717637296408,180.6136932373047,209.50477600097656,210.3347930908203,210.86927795410156,0.5344597101211548,0.0,0.0,nan,nan,nan,nan
1938,777.4974025264382,2.7473406449697464,283.0,1.0902685854234777,0.36148972323935513,0.8975265017667845,1.3722589979554387,-43.33710342022141,212.32896423339844,232.80615234375,233.412109375,233.80056762695312,0.3884980082511902,0.0,0.0,nan,nan,nan,nan
1939,-3.131151020526886,-0.24085777080976045,13.0,0.9703175483604338,0.32294304100557775,0.8461538461538461,1.370839316079201,-289.27763110940157,-2.2970030307769775,185.84405517578125,184.79983520507812,178.57916259765625,-6.220702171325684,0.0,0.0,nan,nan,nan,nan
1940,199.1828882843256,1.747218318283558,114.0,1.1092733433749558,0.3645435850468209,0.9298245614035088,1.4109572478306767,-286.97651999579455,78.51763153076172,165.3466796875,166.85794067382812,168.23178100585938,1.3738677501678467,0.0,0.0,nan,nan,nan,nan
1941,792.25211516954,2.731903845412207,290.0,1.0862107627016953,0.3572946441367345,0.9413793103448276,1.3729918534613694,-42.44467292898821,209.64822387695312,227.60008239746094,228.14283752441406,228.0588836669922,-0.08393830806016922,0.0,0.0,nan,nan,nan,nan
1942,555.7660544924438,2.8946148671481446,192.0,1.0921894328410913,0.359509369489615,0.9010416666666666,1.3804354393261178,-84.85878347992536,187.1810760498047,197.7886505126953,198.6353302001953,198.93426513671875,0.298931747674942,0.0,0.0,nan,nan,nan,nan
1943,1134.6359283551574,3.0500965815998855,372.0,1.0997824083325691,0.3570084900350212,0.9166666666666666,1.4154752171183638,137.5524064775982,254.66915893554688,229.72361755371094,230.1444091796875,232.22506713867188,2.080662488937378,0.0,0.0,nan,nan,nan,nan
1944,1159.2994358837605,3.2113557780713586,361.0,1.0902290069886902,0.35620457302196445,0.925207756232687,1.3936430838459133,183.9995002448518,256.9867248535156,249.50523376464844,249.96900939941406,250.5067138671875,0.5376948714256287,0.0,0.0,nan,nan,nan,nan
1945,362.90683790668845,2.0274125022720026,179.0,1.0726565897375837,0.3550433693931687,0.8938547486033519,1.3613338347646122,-251.97376178363925,127.97021484375,165.36293029785156,166.41441345214844,167.97999572753906,1.5655635595321655,0.0,0.0,nan,nan,nan,nan
1946,481.9577947007492,2.2521392275735943,214.0,1.1427736102340882,0.38758211341944754,0.8878504672897196,1.4001552352918423,-202.23421574892097,154.6023712158203,199.02015686035156,199.7586212158203,199.64833068847656,-0.11028838902711868,0.0,0.0,nan,nan,nan,nan
1947,734.6579064577818,2.8475112653402395,258.0,1.086582491184643,0.35163826972377177,0.9186046511627907,1.4061253899992459,-36.668448946490344,210.31967163085938,207.68817138671875,208.35211181640625,209.266845703125,0.9147531390190125,0.0,0.0,nan,nan,nan,nan
1948,677.702155828476,2.847488049699479,238.0,1.1063570039573964,0.36212796679462245,0.9033613445378151,1.405959346689422,-54.01767914188622,204.93016052246094,216.7772979736328,217.4812469482422,216.79257202148438,-0.6886404156684875,0.0,0.0,nan,nan,nan,nan
1949,354.9070568680763,2.304591278364132,154.0,1.1256186969281083,0.3780708744097904,0.8831168831168831,1.3676773350513798,-210.46539227986386,130.85069274902344,212.8236083984375,213.94825744628906,212.9203338623047,-1.0279202461242676,0.0,0.0,nan,nan,nan,nan
1950,517.1112012839876,2.1020780539999495,246.0,1.0739273789738952,0.3495030856001879,0.9146341463414634,1.3869282394773383,-230.4512418599386,151.60816955566406,187.68423461914062,188.35272216796875,185.05303955078125,-3.2996768951416016,0.0,0.0,nan,nan,nan,nan
1951,859.4483473878354,2.73709664773196,314.0,1.1074580459214773,0.3629007968143449,0.9171974522292994,1.3920974206119112,-22.77626523138474,216.94143676757812,226.88735961914062,227.3830108642578,226.47621154785156,-0.9067625999450684,0.0,0.0,nan,nan,nan,nan
1952,1848.6226904228097,3.254617412716214,568.0,1.1153193195605042,0.36340583202286436,0.9242957746478874,1.413770600818056,463.3952682929323,289.0997009277344,264.7257995605469,265.01483154296875,265.07476806640625,0.05995629355311394,0.0,0.0,nan,nan,nan,nan
1953,569.5778039954603,2.819692098987427,202.0,1.1038211381296659,0.36113314288956017,0.9207920792079208,1.3713782523825242,-90.85029419386387,185.98828125,198.4226837158203,199.3677215576172,200.01239013671875,0.6446427702903748,0.0,0.0,nan,nan,nan,nan
1954,326.3418547695037,2.266262880343776,144.0,1.077713702058179,0.3528642558462538,0.9236111111111112,1.3519747261843906,-219.2273341614814,122.51297760009766,189.2120819091797,190.2647247314453,189.78494262695312,-0.4797942340373993,0.0,0.0,nan,nan,nan,nan
1955,1167.1544998511672,3.137512096374105,372.0,1.1016916188124086,0.3611237885999023,0.9166666666666666,1.3775720467006929,170.07097797360802,255.37913513183594,243.81137084960938,244.2443084716797,244.5210418701172,0.276724636554718,0.0,0.0,nan,nan,nan,nan
1956,609.377604929643,2.7825461412312467,219.0,1.0846134481442786,0.3585656429770299,0.9041095890410958,1.3733704415701118,-84.71603562850464,192.81068420410156,202.39340209960938,203.16856384277344,202.83297729492188,-0.3355620503425598,0.0,0.0,nan,nan,nan,nan
1957,1161.543844461441,2.970700369466601,391.0,1.0921802183328835,0.359540488750365,0.9207161125319693,1.3811671585007357,126.83412817166732,247.74807739257812,229.45388793945312,229.86581420898438,229.70404052734375,-0.16176629066467285,0.0,0.0,nan,nan,nan,nan
1958,1295.2545013651252,2.9370850371091275,441.0,1.0959570057025956,0.3609032926066688,0.9002267573696145,1.4048410029531844,161.52848399057643,254.0121307373047,244.1123504638672,244.49937438964844,244.90274047851562,0.40335872769355774,0.0,0.0,nan,nan,nan,nan
1959,874.0222633806989,3.1553150302552306,277.0,1.1013866701883912,0.3611167727423899,0.8989169675090253,1.3789581558488053,65.06971356421218,237.1349334716797,219.33908081054688,220.0241241455078,220.56175231933594,0.5376388430595398,0.0,0.0,nan,nan,nan,nan
1960,678.3082172498107,3.1696645665879006,214.0,1.0755684599004907,0.35273879767461563,0.9158878504672897,1.3790596595350224,-5.883793199859497,212.52972412109375,204.63504028320312,205.3990936279297,205.52178955078125,0.12270640581846237,0.0,0.0,nan,nan,nan,nan
1961,379.8491633012891,2.302116141219934,165.0,1.083439314144119,0.36009588733931647,0.9090909090909091,1.3953602457014915,-207.30687208530162,142.4251251220703,167.1807098388672,168.2772674560547,169.75965881347656,1.4823907613754272,0.0,0.0,nan,nan,nan,nan
1962,521.8487601168454,2.5580821574355164,204.0,1.136526906559234,0.3752042540610192,0.9313725490196079,1.40441741595343,-142.53999011586984,168.4504852294922,210.97828674316406,211.81582641601562,211.4127655029297,-0.4030609428882599,0.0,0.0,nan,nan,nan,nan
1963,630.2471755705774,2.8262205182537103,223.0,1.0723754156142473,0.35117444341657034,0.9237668161434978,1.381332025214025,-71.76776907435237,195.47406005859375,214.44189453125,215.09153747558594,214.75259399414062,-0.3389424681663513,0.0,0.0,nan,nan,nan,nan
1964,923.4086070805788,2.9596429714121117,312.0,1.099576327882551,0.36361815175156603,0.9006410256410257,1.3644164198232565,45.14464650474952,229.54344177246094,236.76522827148438,237.3956298828125,236.7018280029297,-0.6938003897666931,0.0,0.0,nan,nan,nan,nan
1965,1221.512403877452,3.248703201801734,376.0,1.0856751518925725,0.35940569257334265,0.9308510638297872,1.388222053464779,216.5075779131107,267.942626953125,262.51043701171875,262.9927978515625,264.2425231933594,1.2497103214263916,0.0,0.0,nan,nan,nan,nan
1966,555.0590216591954,2.5345160806355955,219.0,1.1243619806393124,0.3759470593469158,0.9360730593607306,1.4148157760249276,-139.0346188989522,173.51402282714844,209.0043182373047,209.7664794921875,210.7816619873047,1.0151934623718262,0.0,0.0,nan,nan,nan,nan
1967,1021.8034822270274,2.9877294801959864,342.0,1.113904241490441,0.3672456866853914,0.9152046783625731,1.4066374612277632,84.1297410003333,238.48561096191406,248.7535400390625,249.21971130371094,249.7503662109375,0.5306840538978577,0.0,0.0,nan,nan,nan,nan
1968,1222.659359101206,3.151183915209294,388.0,1.0856822364771819,0.3540307364008598,0.9329896907216495,1.4059674515555327,193.89062087651882,261.8103942871094,251.33929443359375,251.75193786621094,252.0886688232422,0.3367552161216736,0.0,0.0,nan,nan,nan,nan
1969,425.3608199506998,2.2746567911802127,187.0,1.0764281702311165,0.3492458810809932,0.93048128342246,1.374606447432625,-205.36238791319192,142.45436096191406,180.3892822265625,181.3259735107422,181.11859130859375,-0.2073768973350525,0.0,0.0,nan,nan,nan,nan
1970,1153.6881611896679,2.8842204029741696,400.0,1.083866511440817,0.35474802801385524,0.9175,1.3859001793805226,101.15551070463471,243.19281005859375,223.89480590820312,224.2521514892578,224.6513214111328,0.39917153120040894,0.0,0.0,nan,nan,nan,nan
1971,467.4400268495083,2.626067566570271,178.0,1.0542757731263457,0.3489953744083936,0.9269662921348315,1.3469160252075099,-145.46024681912388,162.8567352294922,209.14552307128906,210.1780242919922,208.964599609375,-1.2134296894073486,0.0,0.0,nan,nan,nan,nan
1972,2277.725932613015,3.504193742481562,650.0,1.0995338758135755,0.3613073099272561,0.9076923076923077,1.3882669617719452,730.1117767041069,312.8854675292969,289.4908752441406,289.76397705078125,290.5804748535156,0.8164981007575989,0.0,0.0,nan,nan,nan,nan
1973,695.2314801383764,2.9089183269388132,239.0,1.0866214078445653,0.3579754383355831,0.9288702928870293,1.3795724199016968,-38.46868085368135,206.49365234375,222.6922607421875,223.3638458251953,223.5572052001953,0.19334769248962402,0.0,0.0,nan,nan,nan,nan
1974,1252.9355469048023,3.3146443039809586,378.0,1.0731377741975587,0.35292080382892366,0.9126984126984127,1.3733327751784912,243.97006889707018,268.1614685058594,255.50033569335938,255.9750518798828,257.2017517089844,1.226677656173706,0.0,0.0,nan,nan,nan,nan
1975,527.4755508136004,2.8512191935870295,185.0,1.0812895590881497,0.3589777638510641,0.8810810810810811,1.3785257471389563,-99.28700500690024,181.3214874267578,197.06503295898438,198.0257110595703,196.84092712402344,-1.1848143339157104,0.0,0.0,nan,nan,nan,nan
1976,549.4670668132603,2.6934660137904918,204.0,1.0729946714210297,0.3449365400996065,0.9313725490196079,1.3856358884299673,-114.9216834194549,177.43121337890625,165.15269470214844,165.92816162109375,167.84585571289062,1.9176870584487915,0.0,0.0,nan,nan,nan,nan
1977,1086.1274794638157,3.271468311637999,332.0,1.0855149581213879,0.3546099361469623,0.9216867469879518,1.3939478119515507,168.25699845407644,260.79669189453125,226.0136260986328,226.55091857910156,227.52317810058594,0.9722525477409363,0.0,0.0,nan,nan,nan,nan
1978,712.6172945818398,2.8504691783273595,250.0,1.1145354244736174,0.36671715122368187,0.908,1.4005581691790763,-42.86645264886829,204.3369598388672,229.4359130859375,230.1267852783203,229.1049346923828,-1.0218511819839478,0.0,0.0,nan,nan,nan,nan
1979,1113.0150315759238,3.0831441317892625,361.0,1.067931593487832,0.3442988736580617,0.9279778393351801,1.412175464966824,137.71509593701512,256.0623474121094,222.1067352294922,222.6031036376953,223.94065856933594,1.3375558853149414,0.0,0.0,nan,nan,nan,nan
1980,772.9426689743996,2.9167647885826398,265.0,1.1026202326802668,0.36268648018485006,0.9584905660377359,1.374896149746879,-12.245968581741181,217.35150146484375,221.5308380126953,222.16168212890625,222.10093688964844,-0.06072568893432617,0.0,0.0,nan,nan,nan,nan
1981,1156.638452050509,3.2489844158722163,356.0,1.1266169987898096,0.371971764006501,0.9325842696629213,1.4245430643699266,191.24014652007781,261.3990478515625,252.91049194335938,253.4023895263672,253.40896606445312,0.006577331107109785,0.0,0.0,nan,nan,nan,nan
1982,2088.430269195698,2.2924591319381977,911.0,1.12741039187989,0.3729610546041149,0.9165751920965971,1.401758781438318,23.951021624264285,218.3675537109375,192.32717895507812,192.53787231445312,192.85960388183594,0.3216996490955353,0.0,0.0,nan,nan,nan,nan
1983,-2.0129657983779907,-0.25162072479724884,8.0,1.0543309865255663,0.33315641634787124,0.875,1.2235921645953027,-278.2578157787751,-1.9360113143920898,172.62742614746094,174.20632934570312,164.4219970703125,-9.784337997436523,0.0,0.0,nan,nan,nan,nan
1984,1861.677127018571,3.5939712876806387,518.0,1.0636353483962606,0.3448850011953154,0.9324324324324325,1.37543898728624,575.4660059734686,313.3976745605469,272.0309753417969,272.3740539550781,272.6978759765625,0.32385218143463135,0.0,0.0,nan,nan,nan,nan
1985,736.7248497083783,2.7085472415749203,272.0,1.0929829058843707,0.3612554774907966,0.9411764705882353,1.389061835697122,-62.32606999963082,203.77789306640625,223.8415069580078,224.4244842529297,225.69137573242188,1.266878366470337,0.0,0.0,nan,nan,nan,nan
1986,1527.538624972105,3.222655326945369,474.0,1.0647376289015926,0.3448652897669745,0.9345991561181435,1.3805967044966858,328.46184888160474,282.4570007324219,244.88613891601562,245.26434326171875,244.92381286621094,-0.34051772952079773,0.0,0.0,nan,nan,nan,nan
1987,1098.7779309600592,3.2508222809469207,338.0,1.0765882995445057,0.3528324149021063,0.9378698224852071,1.3802396037128213,169.02549382014695,259.1525573730469,234.63711547851562,235.2000274658203,235.08055114746094,-0.1194753497838974,0.0,0.0,nan,nan,nan,nan
1988,445.7787161367014,2.32176414654532,192.0,1.1146990111606363,0.36704401223182176,0.9739583333333334,1.3938670923363288,-194.84612183566776,152.18370056152344,188.66436767578125,189.5139923095703,190.7099609375,1.1959573030471802,0.0,0.0,nan,nan,nan,nan
1989,793.5780688524246,2.7844844521137704,285.0,1.0972754294173381,0.3581720984389063,0.9052631578947369,1.3896690498589825,-31.21708913762609,206.404541015625,239.00172424316406,239.5147705078125,238.69654846191406,-0.8182404041290283,0.0,0.0,nan,nan,nan,nan
1990,981.4413245927426,3.155759886150298,311.0,1.0644580857085493,0.34527899730132816,0.932475884244373,1.3825098043669464,105.15769003860896,247.24588012695312,235.3662109375,235.93222045898438,235.788330078125,-0.14388571679592133,0.0,0.0,nan,nan,nan,nan
1991,1623.7716916203499,3.3899200242596033,479.0,1.0824670576085524,0.3490090855395785,0.9206680584551148,1.3805270790481377,414.7932854213723,293.33740234375,257.6004638671875,257.9461975097656,258.8033752441406,0.8571391105651855,0.0,0.0,nan,nan,nan,nan
1992,1714.035170096904,3.1978268098822835,536.0,1.0799415091329454,0.3528852143287591,0.8936567164179104,1.3728353272737857,392.1781806612828,283.2351989746094,251.74131774902344,252.0490264892578,252.74122619628906,0.692207396030426,0.0,0.0,nan,nan,nan,nan
1993,631.963778052479,2.92575823172444,216.0,1.1024757607735804,0.3583208123751252,0.9120370370370371,1.4006980236961153,-56.188884440582115,196.10015869140625,223.64031982421875,224.33065795898438,225.90155029296875,1.5708742141723633,0.0,0.0,nan,nan,nan,nan
1994,1129.393764924258,3.0037068216070693,376.0,1.067461644572655,0.3473848713306356,0.925531914893617,1.358531659249771,124.38893895991669,249.2236785888672,234.4492950439453,234.907470703125,235.51268005371094,0.6051955819129944,0.0,0.0,nan,nan,nan,nan
1995,889.6904258746654,3.1774658066952335,280.0,1.0920214004003768,0.35849569760736943,0.9107142857142857,1.3870224454164692,74.79689799309222,238.500732421875,248.8286895751953,249.54481506347656,249.7109375,0.16611559689044952,0.0,0.0,nan,nan,nan,nan
1996,710.6633066497743,2.754508940503001,258.0,1.069529349790422,0.34876569852699046,0.937984496124031,1.376870667265077,-60.66304875449782,202.82273864746094,201.43077087402344,202.11886596679688,201.85287475585938,-0.26597902178764343,0.0,0.0,nan,nan,nan,nan
1997,568.8444519788027,2.380102309534739,239.0,1.1015982382764535,0.36125936373296863,0.9037656903765691,1.4092535600095877,-164.85570901325502,176.39996337890625,197.0997314453125,197.78216552734375,197.3201446533203,-0.46202903985977173,0.0,0.0,nan,nan,nan,nan
1998,817.373946448788,3.10788572794216,263.0,1.1112694547675048,0.3652199161453577,0.9277566539923955,1.3976876029690166,36.145960936038364,227.4303436279297,245.3423614501953,246.0572509765625,247.27638244628906,1.219117283821106,0.0,0.0,nan,nan,nan,nan
1999,414.71872847527266,2.3698213055729864,175.0,1.1221221717720222,0.3737644405717895,0.92,1.4009094288690618,-192.24056712827303,145.3468475341797,194.2470245361328,195.33380126953125,194.7893524169922,-0.5444494485855103,0.0,0.0,nan,nan,nan,nan
2000,1610.3932833857834,3.4483796218110996,467.0,1.0879302031260603,0.35387334300074325,0.9314775160599572,1.3941889580992746,425.17878944715176,296.299560546875,270.0746765136719,270.3780212402344,269.99761962890625,-0.38040250539779663,0.0,0.0,nan,nan,nan,nan
2001,384.04893433721736,2.010727404906897,191.0,1.0668530514196337,0.34430327042705666,0.9267015706806283,1.3533469823857374,-254.59557761345627,130.26071166992188,161.4217987060547,162.28451538085938,165.47689819335938,3.192411184310913,0.0,0.0,nan,nan,nan,nan
2002,1003.687480468303,3.290778624486239,305.0,1.08656929964792,0.35342036509902924,0.9114754098360656,1.3827217625394936,139.2858020443423,252.37200927734375,236.45619201660156,237.0123748779297,237.49037170410156,0.47800981998443604,0.0,0.0,nan,nan,nan,nan
2003,8.462455499917269,0.49779149999513345,17.0,1.2231671110336506,0.414432991862151,0.9411764705882353,1.412449036147977,-285.6053286757394,3.008382558822632,180.5856170654297,182.3797607421875,183.95640563964844,1.5766323804855347,0.0,0.0,nan,nan,nan,nan
2004,786.3921638540924,2.66573614865794,295.0,1.1232419875544626,0.37273926502004884,0.9389830508474576,1.419062035606002,-58.20625435291322,207.994140625,231.17892456054688,231.74607849121094,232.7491455078125,1.0030555725097656,0.0,0.0,nan,nan,nan,nan
2005,876.5970598310232,3.0437397910799415,288.0,1.0820141269688266,0.3567459729496881,0.9305555555555556,1.3870273141206895,45.86092377588602,232.62831115722656,237.52186584472656,238.1600799560547,237.7884063720703,-0.37168648838996887,0.0,0.0,nan,nan,nan,nan
2006,737.7979280762374,2.7124923826332257,272.0,1.1096613889605091,0.3573541748433212,0.9191176470588235,1.3991792624415078,-61.25299163177169,207.7042236328125,188.4324188232422,189.0994873046875,189.47268676757812,0.3731907308101654,0.0,0.0,nan,nan,nan,nan
2007,1093.3516599591821,2.9630126286156697,369.0,1.0763965834666764,0.344976766858097,0.9512195121951219,1.40432570140902,102.20911614670945,246.03839111328125,222.05081176757812,222.5385284423828,223.20791625976562,0.6693597435951233,0.0,0.0,nan,nan,nan,nan
2008,294.8830238056835,2.0477987764283574,144.0,1.1159271945207005,0.36332247244387905,0.9027777777777778,1.3995828228111218,-250.6861651253016,111.26639556884766,168.45193481445312,169.86260986328125,167.48757934570312,-2.375006675720215,0.0,0.0,nan,nan,nan,nan
2009,1020.6333178579807,2.932854361660864,348.0,1.0973114952875438,0.36138875907613943,0.9137931034482759,1.3852628797812636,71.07762050111364,235.69699096679688,234.10227966308594,234.55406188964844,233.95159912109375,-0.6024659276008606,0.0,0.0,nan,nan,nan,nan
2010,1345.554862392135,3.3388458123874316,403.0,1.0951701132885208,0.3564662934508467,0.9106699751861043,1.3849038773004636,287.0812338420153,276.87908935546875,254.37179565429688,254.8816375732422,255.08824157714844,0.2066083550453186,0.0,0.0,nan,nan,nan,nan
2011,661.6274507641792,2.756781044850747,240.0,1.1161192526203663,0.368262213095295,0.9208333333333333,1.4015850349606183,-74.053036249574,198.1532440185547,224.61976623535156,225.2322235107422,225.53074645996094,0.29849961400032043,0.0,0.0,nan,nan,nan,nan
2012,554.304090179503,2.690796554269432,206.0,1.1126991924144765,0.3660353720056279,0.9223300970873787,1.4300728711970332,-114.0453120966032,177.54776000976562,220.6399688720703,221.48280334472656,221.7750701904297,0.29228028655052185,0.0,0.0,nan,nan,nan,nan
2013,179.81994569301605,1.762940644049177,102.0,1.06587119142128,0.34621727450338363,0.8725490196078431,1.3681686669368716,-282.5755503267581,73.64944458007812,163.53192138671875,165.45950317382812,164.10353088378906,-1.3559852838516235,0.0,0.0,nan,nan,nan,nan
2014,630.8180451386143,2.4355909078710973,259.0,1.090532580158185,0.35632255785589356,0.9073359073359073,1.3809521969005438,-142.48863628735353,179.6597442626953,206.44479370117188,207.04283142089844,207.8366241455078,0.7937901616096497,0.0,0.0,nan,nan,nan,nan
2015,876.5349891409278,2.961266855205837,296.0,1.0900373157836623,0.3573648147103413,0.9324324324324325,1.3950265520080993,29.956244912226566,226.19964599609375,239.04782104492188,239.62380981445312,240.04771423339844,0.42389312386512756,0.0,0.0,nan,nan,nan,nan
2016,1023.4024019017816,3.1586493885857454,324.0,1.0900330249837502,0.3585156872524203,0.9382716049382716,1.4049555069413888,121.37452906560634,246.60414123535156,239.6404571533203,240.156005859375,240.1151123046875,-0.04089284688234329,0.0,0.0,nan,nan,nan,nan
2017,1067.5457868799567,3.3998273467514544,314.0,1.067121640162084,0.3499548156785618,0.9203821656050956,1.3741051020687713,185.3211742607366,263.3088684082031,241.51303100585938,242.00811767578125,242.3504180908203,0.34231048822402954,0.0,0.0,nan,nan,nan,nan
2018,998.9973935037851,2.9643839569845256,337.0,1.104665103827721,0.364412599291327,0.913946587537092,1.382071488962786,71.22528238556833,239.9090576171875,234.49545288085938,235.01290893554688,236.6212921142578,1.6083767414093018,0.0,0.0,nan,nan,nan,nan
2019,1449.6438146810979,3.228605377908904,449.0,1.1038639069219227,0.3615846561662764,0.9287305122494433,1.3831649805700947,300.0751891329851,276.1803894042969,248.56198120117188,248.92440795898438,249.43536376953125,0.5109416842460632,0.0,0.0,nan,nan,nan,nan
2020,1119.0629118420184,3.1258740554246325,358.0,1.0821653354024385,0.3532707203768503,0.9385474860335196,1.3962971241785078,149.70395426819618,252.66001892089844,244.32847595214844,244.8550567626953,245.2530059814453,0.39796677231788635,0.0,0.0,nan,nan,nan,nan
2021,1711.6801332756877,3.2356902330353265,529.0,1.082953359671746,0.35585832645861043,0.9300567107750473,1.370729319802672,403.68542599193484,285.01629638671875,265.20220947265625,265.5256042480469,267.4198303222656,1.8942328691482544,0.0,0.0,nan,nan,nan,nan
2022,362.95428737811744,2.050589194226652,177.0,1.0998649841901502,0.36033302427575575,0.8983050847457628,1.3869727202798297,-247.9656602688192,127.81620788574219,165.8214569091797,166.7899627685547,168.0071258544922,1.2171486616134644,0.0,0.0,nan,nan,nan,nan
2023,1601.8779065012932,3.316517404764582,483.0,1.088881490485454,0.35595810622986507,0.9316770186335404,1.404199036280853,384.97819621553344,287.17669677734375,261.2411804199219,261.605224609375,262.517822265625,0.9125892519950867,0.0,0.0,nan,nan,nan,nan
2024,726.4555060714483,2.7106548734009266,268.0,1.0555483972517608,0.34212832103566054,0.9365671641791045,1.382285934502876,-64.6741095497789,203.3521728515625,193.12033081054688,193.77908325195312,195.32798767089844,1.5489190816879272,0.0,0.0,nan,nan,nan,nan
2025,714.2588604614139,2.891736277171716,247.0,1.1159672673918108,0.37009602736054226,0.902834008097166,1.4000992914552415,-35.28390870420776,204.90802001953125,228.8859405517578,229.65682983398438,229.1533660888672,-0.5034711360931396,0.0,0.0,nan,nan,nan,nan
2026,548.901614960283,2.744508074801415,200.0,1.0796556168338112,0.35667266297105626,0.925,1.360259714504528,-107.56583118565015,179.07373046875,213.01702880859375,213.94732666015625,214.18312072753906,0.23579949140548706,0.0,0.0,nan,nan,nan,nan
2027,1394.8594454824924,3.344986679814131,417.0,1.0934731051448556,0.3579538477625944,0.9280575539568345,1.3770266572619363,308.6612526286358,277.9393310546875,261.801513671875,262.1590576171875,261.525390625,-0.6336731910705566,0.0,0.0,nan,nan,nan,nan
2028,604.4763482511044,2.8379171279394573,213.0,1.069348253543257,0.34867641598686533,0.9389671361502347,1.3881667982547916,-77.7353361768703,191.07464599609375,213.8155517578125,214.5537567138672,214.1182098388672,-0.43554335832595825,0.0,0.0,nan,nan,nan,nan
2029,1221.575407654047,3.43139159453384,356.0,1.085050584593346,0.3550290978470711,0.9410112359550562,1.378000097882188,256.1771021236159,277.1756591796875,238.12767028808594,238.64422607421875,238.1304473876953,-0.5137917399406433,0.0,0.0,nan,nan,nan,nan
2030,1289.7200989052653,3.0489836853552372,423.0,1.091934254212827,0.36007854148316987,0.91725768321513,1.3883524941921306,191.6399499212357,257.64697265625,250.6175079345703,251.0319366455078,250.6509246826172,-0.3810078799724579,0.0,0.0,nan,nan,nan,nan
2031,718.0165804475546,2.9548007425825293,243.0,1.04057815437294,0.3395178200832258,0.9012345679012346,1.3505697302214243,-23.60488463128513,210.58828735351562,217.6011505126953,218.28292846679688,216.8830108642578,-1.399906039237976,0.0,0.0,nan,nan,nan,nan
2032,833.1716753095388,2.9234093870510134,285.0,1.0955460430557602,0.3616030212292619,0.9333333333333333,1.3913813579383176,8.37651731948813,221.9361572265625,219.4121856689453,220.0379638671875,220.89845275878906,0.8605051636695862,0.0,0.0,nan,nan,nan,nan
2033,796.9676297307014,2.93002805048052,272.0,1.1206127517790894,0.37194667082340127,0.9301470588235294,1.3771140844706489,-2.083289977307686,221.0433349609375,225.20516967773438,225.8000030517578,226.2366943359375,0.4366748332977295,0.0,0.0,nan,nan,nan,nan
2034,765.1637476421893,2.9772908468567674,257.0,1.095213343148704,0.3617689087071931,0.9027237354085603,1.38732296274237,-4.182281740387452,218.34149169921875,214.27511596679688,214.97470092773438,212.9557342529297,-2.018983840942383,0.0,0.0,nan,nan,nan,nan
2035,1148.7075241878629,3.1385451480542703,366.0,1.097748667095332,0.3574422213403652,0.9289617486338798,1.3946682381590627,163.50595844047666,257.494873046875,243.58551025390625,244.0519561767578,245.41354370117188,1.361595630645752,0.0,0.0,nan,nan,nan,nan
2036,1085.5414179190993,3.1834059176513176,341.0,1.0786251803136788,0.35395081651092986,0.9032258064516129,1.3777735192788345,149.84800271410063,251.81625366210938,243.69668579101562,244.19261169433594,244.32730102539062,0.13470838963985443,0.0,0.0,nan,nan,nan,nan
2037,690.3351527936757,2.5473621874305374,271.0,1.1032909231722037,0.36820868770637727,0.9003690036900369,1.3831719654169257,-106.73544089263805,194.79635620117188,210.5377655029297,211.16009521484375,210.8267364501953,-0.33336251974105835,0.0,0.0,nan,nan,nan,nan
2038,1779.015188830439,3.4882650761381155,510.0,1.0478769030193593,0.3390306137832893,0.9352941176470588,1.3688918305553552,508.6466759589007,302.62823486328125,261.1252136230469,261.41973876953125,262.11248779296875,0.6927316784858704,0.0,0.0,nan,nan,nan,nan
2039,982.3343058263417,0.9823343058263417,1000.0,1.1450459326758056,0.390609289034231,0.885,1.4010132084205567,-1258.3939576759913,88.30376434326172,97.21673583984375,97.30016326904297,97.91472625732422,0.6145660877227783,0.0,0.0,nan,nan,nan,nan
2040,604.4893736972008,2.572295207222131,235.0,1.0795032026304225,0.35422460987919563,0.9106382978723404,1.3778869865313879,-121.2894832080749,182.55563354492188,197.13514709472656,197.88157653808594,200.3795166015625,2.4979255199432373,0.0,0.0,nan,nan,nan,nan
2041,353.65377762168646,2.18304801001041,162.0,1.1449700585247367,0.3858138855176088,0.9074074074074074,1.4322378545936931,-227.56127969981776,122.538818359375,190.17103576660156,191.10597229003906,191.8807373046875,0.7747487425804138,0.0,0.0,nan,nan,nan,nan
2042,670.0883794426918,2.4818088127507103,270.0,1.115057564130636,0.3676510843862262,0.9222222222222223,1.4018503150605093,-125.00188822192649,189.54444885253906,213.29554748535156,213.94464111328125,214.02268981933594,0.0780327096581459,0.0,0.0,nan,nan,nan,nan
2043,781.7625964730978,2.863599254480212,273.0,1.1091871341757997,0.3633940297081414,0.8901098901098901,1.388076205729085,-19.268649256606977,216.6561279296875,217.79116821289062,218.40386962890625,218.86846923828125,0.4646073877811432,0.0,0.0,nan,nan,nan,nan
2044,381.2668800763786,2.269445714740349,168.0,1.1096337128229834,0.3709253846221448,0.9166666666666666,1.4051411374459324,-211.8301333752986,134.02938842773438,192.7700653076172,193.8622283935547,194.92564392089844,1.063382863998413,0.0,0.0,nan,nan,nan,nan
2045,622.863635905087,2.743892669185405,227.0,1.0976250613375353,0.35648266145639484,0.9383259911894273,1.3973203747232443,-87.07261282662466,192.16079711914062,196.63766479492188,197.42703247070312,196.35060119628906,-1.0764408111572266,0.0,0.0,nan,nan,nan,nan
2046,1001.5519401486963,1.0015519401486963,1000.0,1.138710292114846,0.3866078732050615,0.892,1.3886792708954026,-1239.1763233536367,93.42774200439453,98.47643280029297,98.56120300292969,97.97496032714844,-0.5862410068511963,0.0,0.0,nan,nan,nan,nan
2047,702.0180462542921,2.7638505758043,254.0,1.0987312140680516,0.3576497757821735,0.9330708661417323,1.4205857061427802,-61.3870050631981,203.00457763671875,211.49664306640625,212.12509155273438,210.83055114746094,-1.2945488691329956,0.0,0.0,nan,nan,nan,nan
2048,1185.8365133404732,3.1288562357268423,379.0,1.1239000042783958,0.3686484414146248,0.920844327176781,1.3976019565507705,174.89070931104538,257.2371520996094,245.22225952148438,245.67135620117188,246.16880798339844,0.4974464178085327,0.0,0.0,nan,nan,nan,nan
2049,296.3914489839226,2.371131591871381,125.0,1.1300409880427336,0.3767037006852528,0.92,1.4284884810607255,-211.55154553484806,125.62471008300781,175.50650024414062,176.95712280273438,168.6606903076172,-8.296460151672363,0.0,0.0,nan,nan,nan,nan
2050,832.8202588893473,2.922176346980166,285.0,1.1123929169082079,0.36866970161379087,0.8982456140350877,1.39077037108675,8.025100899296604,222.95535278320312,237.65457153320312,238.27842712402344,238.0767822265625,-0.20163480937480927,0.0,0.0,nan,nan,nan,nan
2051,1361.1319389585406,3.394343987427782,401.0,1.0732089576532702,0.35023577695600966,0.9152119700748129,1.3595391688872094,306.61896245181197,279.462890625,261.6317443847656,262.06048583984375,262.9867248535156,0.9262173175811768,0.0,0.0,nan,nan,nan,nan
2052,997.9462356120348,3.178172724879092,314.0,1.078323727015416,0.35673357754219515,0.9267515923566879,1.360518885752816,115.72162299281467,247.17669677734375,246.49229431152344,247.07760620117188,245.6597900390625,-1.4178166389465332,0.0,0.0,nan,nan,nan,nan
2053,904.146662928164,3.128535165841398,289.0,1.0718871844755204,0.3487161298258208,0.9515570934256056,1.3840469769532682,71.43020085133139,235.51589965820312,246.59423828125,247.193115234375,246.36029052734375,-0.8328381776809692,0.0,0.0,nan,nan,nan,nan
2054,527.1856700330973,2.6760693910309508,197.0,1.0796832230625018,0.354417143631893,0.9238578680203046,1.3833213080076814,-123.34079804774933,172.54310607910156,198.55682373046875,199.3448944091797,198.37852478027344,-0.9663659334182739,0.0,0.0,nan,nan,nan,nan
2055,1187.0464734752895,3.2791339046278716,362.0,1.1016656909718134,0.36040783301411217,0.9060773480662984,1.381191742002981,209.76621181468545,269.49383544921875,247.74485778808594,248.3146209716797,248.19937133789062,-0.11523515731096268,0.0,0.0,nan,nan,nan,nan
2056,2286.739832625026,3.454289777379193,662.0,1.0817224842053341,0.3517526956309177,0.9138972809667674,1.3763976578549912,715.3617644557717,311.6998596191406,282.21527099609375,282.45703125,282.4867248535156,0.029705911874771118,0.0,0.0,nan,nan,nan,nan
2057,846.4609224759042,3.111988685573177,272.0,1.085716972033436,0.35569050043847583,0.9117647058823529,1.3884495417637968,47.410002767895094,230.1357879638672,229.02389526367188,229.6060333251953,227.97311401367188,-1.6329054832458496,0.0,0.0,nan,nan,nan,nan
2058,1030.7435255702585,2.8395138445461665,363.0,1.0782703651136514,0.3557032319624426,0.9118457300275482,1.3620111259644758,51.48293788795877,237.82821655273438,229.5455780029297,230.02560424804688,228.71612548828125,-1.3095182180404663,0.0,0.0,nan,nan,nan,nan
2059,1276.263019059319,3.174783629500794,402.0,1.082298069133516,0.3545961652711636,0.9203980099502488,1.3887606534676304,219.7697165308948,263.7239685058594,245.69219970703125,246.0978240966797,247.0743865966797,0.9765568971633911,0.0,0.0,nan,nan,nan,nan
2060,721.8476005680859,2.910675808742282,248.0,1.1116745514034923,0.36651311230893313,0.9274193548387096,1.4099022298422144,-29.67549461923136,210.04141235351562,219.49618530273438,220.14395141601562,221.5192108154297,1.3752763271331787,0.0,0.0,nan,nan,nan,nan
2061,171.31832337006927,1.571727737340085,109.0,1.0942543361380928,0.3577561809646467,0.8990825688073395,1.3987751467957215,-304.93945480157345,69.50523376464844,171.715576171875,173.21348571777344,169.90611267089844,-3.3073713779449463,0.0,0.0,nan,nan,nan,nan
2062,1951.6954801380634,3.454328283430201,565.0,1.0640859991795926,0.34467321504417403,0.9398230088495575,1.3831164517430943,572.4090360732728,307.9063720703125,266.30474853515625,266.60693359375,265.3324279785156,-1.2745202779769897,0.0,0.0,nan,nan,nan,nan
2063,1284.179134145379,3.2759671789422935,392.0,1.0988306920213011,0.35171912145446194,0.9362244897959183,1.4048973298390592,247.48909183390992,271.8392333984375,229.42849731445312,229.8583526611328,231.12139892578125,1.2630304098129272,0.0,0.0,nan,nan,nan,nan
2064,699.2912770858966,2.842647467828848,246.0,1.094847835442431,0.3615817972453575,0.9024390243902439,1.3933989527089379,-48.27116605802962,205.16513061523438,218.3160858154297,218.99473571777344,218.16065979003906,-0.8340609669685364,0.0,0.0,nan,nan,nan,nan
2065,433.81896908953786,2.3198875352381703,187.0,1.0697649448785107,0.34121438124882797,0.9679144385026738,1.4045106647124972,-196.90423877435387,147.5702362060547,154.08535766601562,155.0449981689453,152.62828063964844,-2.4167320728302,0.0,0.0,nan,nan,nan,nan
2066,13.022276861593127,0.5208910744637251,25.0,1.1174287716647853,0.36963311716914177,0.92,1.3885636315088346,-296.88811548762754,4.8859100341796875,184.8048858642578,185.85711669921875,186.32101440429688,0.46390748023986816,0.0,0.0,nan,nan,nan,nan
2067,694.9062790842727,2.481808139586688,280.0,1.0988294719786051,0.36594300248957773,0.8964285714285715,1.3908096660653484,-119.98724879730048,190.54452514648438,215.6987762451172,216.3147430419922,216.4580841064453,0.14333997666835785,0.0,0.0,nan,nan,nan,nan
2068,1141.0821949392557,3.0840059322682585,370.0,1.0960819506105348,0.3610355116693075,0.9216216216216216,1.4076330434981592,147.9593251050876,254.06883239746094,240.4720001220703,241.0124969482422,242.61109924316406,1.598573923110962,0.0,0.0,nan,nan,nan,nan
2069,384.7344087958336,2.276534963288956,169.0,1.109438605622529,0.36974265439232856,0.9230769230769231,1.3959145481687816,-210.34293067753902,136.21148681640625,207.3444366455078,208.52073669433594,208.34243774414062,-0.17830446362495422,0.0,0.0,nan,nan,nan,nan
2070,795.238325510174,2.9562763030117996,269.0,1.112954810467368,0.3634928822910639,0.9256505576208178,1.3949227803621467,2.1283838672513866,221.81787109375,227.37255859375,227.9736785888672,227.7076873779297,-0.2660122215747833,0.0,0.0,nan,nan,nan,nan
2071,1308.2309742122889,3.0927446198872075,423.0,1.0955229331864507,0.35397038216740895,0.9361702127659575,1.3935568160525509,210.15082522825924,261.5868835449219,256.23779296875,256.6011047363281,256.92401123046875,0.3228777348995209,0.0,0.0,nan,nan,nan,nan
2072,1027.038810160011,2.909458385722411,353.0,1.0850638338022678,0.3534882407813481,0.9206798866855525,1.3785564558536918,67.58148269466642,239.98300170898438,215.9310302734375,216.40457153320312,215.4334259033203,-0.9711408615112305,0.0,0.0,nan,nan,nan,nan
2073,568.3946672040038,2.5954094392876885,219.0,1.0753109025629373,0.3508123007668197,0.954337899543379,1.370002658594367,-125.69897335414385,179.6563262939453,199.5330352783203,200.28146362304688,198.76319885253906,-1.5182467699050903,0.0,0.0,nan,nan,nan,nan
2074,500.15156955458224,2.165158309760096,231.0,1.1218847196146735,0.37094219293160446,0.9090909090909091,1.3808545888884962,-217.70598326391143,154.83489990234375,187.62493896484375,188.45240783691406,184.69808959960938,-3.754316806793213,0.0,0.0,nan,nan,nan,nan
2075,952.8702940009534,3.144786448848031,303.0,1.084487537282404,0.3567163898367911,0.9240924092409241,1.3653154421534561,92.42926762038383,246.4038848876953,226.55992126464844,227.09730529785156,227.55084228515625,0.4535568654537201,0.0,0.0,nan,nan,nan,nan
2076,788.3238200396299,2.9748068680740753,265.0,1.0650816091175839,0.34427810652011637,0.939622641509434,1.3864064861710594,3.1351824834891886,219.34068298339844,220.3400115966797,220.9169158935547,220.06825256347656,-0.8486745953559875,0.0,0.0,nan,nan,nan,nan
2077,1368.730675637722,3.1465073003166024,435.0,1.095265437651569,0.35905540613602516,0.9448275862068966,1.4035346999796494,246.88661439334624,271.1468505859375,266.3497009277344,266.7030334472656,266.68438720703125,-0.01867002248764038,0.0,0.0,nan,nan,nan,nan
2078,1484.0677209626883,3.3500400021731114,443.0,1.0856347212834012,0.3565961229395704,0.9142212189616253,1.3861714302953845,346.3810515447485,284.8740234375,273.0726013183594,273.4635009765625,271.9550476074219,-1.5084691047668457,0.0,0.0,nan,nan,nan,nan
2079,515.9217668604106,2.687092535731305,192.0,1.0663113849037398,0.3424371528969408,0.9583333333333334,1.4042176128807444,-124.7030711119586,176.56639099121094,173.3303680419922,174.1848602294922,171.3756561279297,-2.809201240539551,0.0,0.0,nan,nan,nan,nan
2080,1001.211510181427,3.1683908550045157,316.0,1.0938823289025288,0.3592710857373265,0.8955696202531646,1.3955491229856876,115.02624551881581,246.98123168945312,255.9667510986328,256.4637145996094,255.50563049316406,-0.9580572843551636,0.0,0.0,nan,nan,nan,nan
2081,307.4149789772928,1.6179735735646987,190.0,1.0963853272438904,0.35903592357889896,0.9105263157894737,1.3714402442021265,-329.24920695168544,106.32162475585938,180.9640655517578,181.750244140625,178.73568725585938,-3.0145621299743652,0.0,0.0,nan,nan,nan,nan
2082,508.97654669359326,2.0038446720220207,254.0,1.110559990983568,0.36289014805687636,0.9133858267716536,1.3777808663832678,-254.42850462389697,146.0766143798828,190.0145721435547,190.64320373535156,190.96481323242188,0.32158955931663513,0.0,0.0,nan,nan,nan,nan
2083,1008.4614374041557,3.1416244155892703,321.0,1.0799477758132972,0.3504632832804624,0.9221183800623053,1.3790521413917058,112.374542633067,247.23020935058594,241.1790313720703,241.71824645996094,241.6107940673828,-0.10743466019630432,0.0,0.0,nan,nan,nan,nan
2084,894.5789013914764,3.2179097172355267,278.0,1.0829203892584125,0.351048658611641,0.9280575539568345,1.3868869469248106,83.6460255532943,241.04788208007812,232.05235290527344,232.63804626464844,231.843994140625,-0.7940405607223511,0.0,0.0,nan,nan,nan,nan
2085,861.9681615792215,3.0138746908364387,286.0,1.102205536490531,0.36218639812771436,0.9265734265734266,1.3975627100581356,35.19267756747536,228.3256378173828,242.76441955566406,243.3361358642578,243.3885498046875,0.052431706339120865,0.0,0.0,nan,nan,nan,nan
2086,781.4128196965903,2.926639774144533,267.0,1.1232602834916967,0.37097212728308415,0.9063670411985019,1.401182483980666,-7.7364699029412805,215.1224822998047,251.2381134033203,251.80770874023438,251.94247436523438,0.1347585916519165,0.0,0.0,nan,nan,nan,nan
2087,721.2449718602002,2.943857028000817,245.0,1.109968375945332,0.36166150894611565,0.926530612244898,1.3961472943343807,-24.337145262030504,213.63845825195312,209.26748657226562,209.92108154296875,209.11080932617188,-0.810261607170105,0.0,0.0,nan,nan,nan,nan
2088,1308.4291619434953,3.2957913399080487,397.0,1.090720290059679,0.3537035296196853,0.9319899244332494,1.3917600735728552,261.8374895235486,272.0149841308594,254.9647216796875,255.41888427734375,256.3997802734375,0.9809361100196838,0.0,0.0,nan,nan,nan,nan
2089,2682.9119709059596,3.520881851582624,762.0,1.085033344873718,0.3534073449338293,0.9186351706036745,1.3855895884139762,913.5013005671553,323.5582275390625,271.0649108886719,271.3135681152344,271.69781494140625,0.3842473030090332,0.0,0.0,nan,nan,nan,nan
2090,635.2117852047086,2.8613143477689578,222.0,1.0942381972266177,0.3572288967587554,0.9324324324324325,1.4032904321181094,-64.82283341852553,196.179443359375,203.04391479492188,203.8268585205078,203.22573852539062,-0.601093053817749,0.0,0.0,nan,nan,nan,nan
2091,684.4554574303329,2.7936957446136037,245.0,1.0665349950797356,0.3482795804596251,0.9102040816326531,1.3825763044130803,-61.12665969189777,204.00889587402344,196.53179931640625,197.2236785888672,197.24447631835938,0.020812490954995155,0.0,0.0,nan,nan,nan,nan
2092,685.3252487555146,2.808710035883257,244.0,1.0719792550672012,0.35753232372065574,0.9180327868852459,1.3616160157907597,-58.276542345020516,201.0068817138672,221.99221801757812,222.59315490722656,222.7372589111328,0.14409981667995453,0.0,0.0,nan,nan,nan,nan
2093,1330.6411970444024,3.3687118912516514,395.0,1.0949867205856851,0.35905733820805447,0.9316455696202531,1.3790346377283151,288.01017666784674,278.86907958984375,250.7344970703125,251.22402954101562,251.0056610107422,-0.21837885677814484,0.0,0.0,nan,nan,nan,nan
2094,364.56834886292927,2.367326940668372,154.0,1.1264374993301247,0.37845379064006734,0.8896103896103896,1.403631715583102,-200.80410028501092,137.81326293945312,166.2203826904297,167.26687622070312,166.3334503173828,-0.9334426522254944,0.0,0.0,nan,nan,nan,nan
2095,1044.6194077134132,3.1559498722459614,331.0,1.0880352386274716,0.3540693278882131,0.9244712990936556,1.394268203357369,128.72925272536963,248.7405548095703,243.85829162597656,244.3033447265625,243.98846435546875,-0.3148799240589142,0.0,0.0,nan,nan,nan,nan
2096,533.9351138025522,2.886135750284066,185.0,1.0903379239123552,0.35099826437916176,0.9513513513513514,1.403108022036912,-92.82744201794844,180.85455322265625,213.46864318847656,214.29969787597656,213.99172973632812,-0.30799534916877747,0.0,0.0,nan,nan,nan,nan
2097,2355.172203630209,3.606695564517931,653.0,1.0758376956028795,0.347461933324828,0.9264931087289433,1.3783523657419081,801.6170696562142,324.7440490722656,278.236083984375,278.5115966796875,278.07330322265625,-0.43828994035720825,0.0,0.0,nan,nan,nan,nan
2098,1119.2654462689534,3.1351973284844634,357.0,1.084560542612497,0.3565165223183117,0.927170868347339,1.379926852509538,151.88681471682662,255.01576232910156,244.97938537597656,245.48733520507812,244.70767211914062,-0.7796630859375,0.0,0.0,nan,nan,nan,nan
2099,698.087174827233,2.6543238586586804,263.0,1.0582601163778556,0.34482746497580086,0.9277566539923955,1.3669374343699425,-83.14081068551673,198.7373504638672,191.7983856201172,192.4609832763672,194.40879821777344,1.9478086233139038,0.0,0.0,nan,nan,nan,nan
2100,1387.0332072488964,3.2713047340775856,424.0,1.1114789086502999,0.3639005332632498,0.9245283018867925,1.4065105722219744,286.9727322431711,276.8645324707031,250.5602569580078,250.96937561035156,251.3289337158203,0.35955849289894104,0.0,0.0,nan,nan,nan,nan
2101,1198.5143463239074,3.3856337466777044,354.0,1.0828477463555313,0.35191059104613787,0.9378531073446328,1.3857619740885303,237.0766928368671,271.9640808105469,254.58218383789062,255.08851623535156,255.35531616210938,0.2667989134788513,0.0,0.0,nan,nan,nan,nan
2102,810.6872443184257,2.916141166613042,278.0,1.1041684609970763,0.365512340944118,0.9388489208633094,1.378415829869298,-0.2456315197564436,218.1748809814453,243.6343231201172,244.23500061035156,244.94744873046875,0.7124847769737244,0.0,0.0,nan,nan,nan,nan
2103,1538.9098625481129,3.404667837495825,452.0,1.1052047391482391,0.36197285769558113,0.9358407079646017,1.4177244343363273,383.4002589349136,288.2342834472656,272.0340270996094,272.36883544921875,273.32281494140625,0.9539666771888733,0.0,0.0,nan,nan,nan,nan
2104,2026.2254905179143,3.469564196092319,584.0,1.0901487188743688,0.3565495059141473,0.9263698630136986,1.3956014340541782,609.3128520409091,307.3312072753906,278.11932373046875,278.4010009765625,278.0047302246094,-0.39625269174575806,0.0,0.0,nan,nan,nan,nan
2105,1369.656312642619,3.163178551137688,433.0,1.0730973670029507,0.3511492062354313,0.9168591224018475,1.3818687584751383,251.7729034416343,268.4928283691406,258.02569580078125,258.4032897949219,257.32574462890625,-1.0775260925292969,0.0,0.0,nan,nan,nan,nan
2106,1265.2483588568866,3.0414624010982854,416.0,1.0928012704954924,0.3613457739743237,0.9254807692307693,1.3816719853325452,181.0304920247254,252.46401977539062,257.3561706542969,257.78857421875,257.7257995605469,-0.06274010241031647,0.0,0.0,nan,nan,nan,nan
2107,293.2038854435086,1.714642604932799,171.0,1.1171761196070047,0.367896629963524,0.9532163742690059,1.3801456261643423,-305.83410607325504,104.16471099853516,164.9967803955078,166.08383178710938,164.53317260742188,-1.5506552457809448,0.0,0.0,nan,nan,nan,nan
2108,691.5944300494157,2.905858949787461,238.0,1.08693765100151,0.3614747468429404,0.8991596638655462,1.3956249052729524,-40.125404920946494,205.39028930664062,213.7649688720703,214.55691528320312,215.69252014160156,1.1356029510498047,0.0,0.0,nan,nan,nan,nan
2109,1185.041472453624,3.3570579956193316,353.0,1.0812743614183686,0.3546164240707186,0.9461756373937678,1.3587541931474243,225.58414498827938,274.5839538574219,238.6507110595703,239.08657836914062,239.61209106445312,0.5255327224731445,0.0,0.0,nan,nan,nan,nan
2110,864.8936760276556,3.0779134378208384,281.0,1.1027969131897593,0.36314555993172815,0.8932384341637011,1.3675802795651923,48.01982212438702,230.85134887695312,240.6664276123047,241.27569580078125,241.31044006347656,0.03474915027618408,0.0,0.0,nan,nan,nan,nan
2111,804.1241214796901,2.602343435209353,309.0,1.1005372591906226,0.3589793442646891,0.9061488673139159,1.395785960473776,-68.1988610310525,205.8236541748047,208.77305603027344,209.33444213867188,210.12818908691406,0.7937231659889221,0.0,0.0,nan,nan,nan,nan
2112,509.0201188288629,2.3032584562391984,221.0,1.1101714331396062,0.36031081945881904,0.9502262443438914,1.4230318469335297,-189.03417377267579,159.50070190429688,189.8326873779297,190.5826873779297,189.19805908203125,-1.384604573249817,0.0,0.0,nan,nan,nan,nan
2113,1532.2421292886138,3.295144364061535,465.0,1.063566646372943,0.3448097435768158,0.9268817204301075,1.3801640928385035,350.9882873933732,287.01123046875,244.03488159179688,244.3745574951172,244.75120544433594,0.37664058804512024,0.0,0.0,nan,nan,nan,nan
2114,974.1823406722397,3.0254109958765207,322.0,1.104117053463703,0.36181832562692057,0.9161490683229814,1.3931346411429162,76.1151198794555,240.6685791015625,240.14669799804688,240.6444549560547,241.9056396484375,1.2611985206604004,0.0,0.0,nan,nan,nan,nan
2115,458.27539994195104,2.54597444412195,180.0,1.1126374031972937,0.36625235085828334,0.9277777777777778,1.4142646191725214,-158.58552577007208,160.1221160888672,200.94552612304688,201.85252380371094,200.66810607910156,-1.1844161748886108,0.0,0.0,nan,nan,nan,nan
2116,1568.418008133769,3.1431222607891165,499.0,1.097627409839054,0.3613621231568555,0.9118236472945892,1.395236874399962,319.83308150088124,271.6064147949219,262.6958312988281,263.0387268066406,262.41778564453125,-0.6209320425987244,0.0,0.0,nan,nan,nan,nan
2117,559.8217785209417,2.5562638288627477,219.0,1.0773338262860959,0.3489716296031998,0.9178082191780822,1.395314438833522,-134.2718620372059,176.94210815429688,200.80130004882812,201.55712890625,202.1988067626953,0.6416651606559753,0.0,0.0,nan,nan,nan,nan
2118,689.6451366823167,2.9984571160100724,230.0,1.082472339027992,0.35568486226636553,0.9173913043478261,1.3906757831656216,-26.23209011448148,207.560546875,222.56344604492188,223.2904510498047,221.82089233398438,-1.469568133354187,0.0,0.0,nan,nan,nan,nan
2119,732.5594527665526,3.0022928392071826,244.0,1.106926159014198,0.3641377054916662,0.8934426229508197,1.3832591757772508,-11.04233833398257,214.6762237548828,224.82565307617188,225.48834228515625,224.16053771972656,-1.3278063535690308,0.0,0.0,nan,nan,nan,nan
2120,932.525064535439,3.0178804677522297,309.0,1.0789179857736342,0.3498662135123874,0.9352750809061489,1.3916879581214994,60.20208202469644,234.533447265625,235.1178741455078,235.7166290283203,237.26617431640625,1.549543857574463,0.0,0.0,nan,nan,nan,nan
2121,961.4585858136415,3.0815980314539795,312.0,1.0961442158896415,0.35591716025697273,0.9294871794871795,1.3911071241180877,83.19462523781226,240.32366943359375,242.4287872314453,243.04737854003906,242.2881622314453,-0.7592074275016785,0.0,0.0,nan,nan,nan,nan
2122,179.1625723671168,1.7738868551199685,101.0,1.1049408167315196,0.3602716210284792,0.8910891089108911,1.4055936128029873,-281.2525976309619,75.44086456298828,168.6458282470703,170.62318420410156,169.2318572998047,-1.391312837600708,0.0,0.0,nan,nan,nan,nan
2123,996.1195338405669,3.234154330651191,308.0,1.0683430601602393,0.35249954918033455,0.9155844155844156,1.3751272440342535,125.77687735151972,253.2623291015625,243.86618041992188,244.56077575683594,245.19091796875,0.6301628947257996,0.0,0.0,nan,nan,nan,nan
2124,800.915830177255,2.8004050006197727,286.0,1.0960348941688542,0.360452902554396,0.9055944055944056,1.385114056728683,-25.859653834491155,217.8681182861328,212.9993133544922,213.58908081054688,213.2125244140625,-0.3765803575515747,0.0,0.0,nan,nan,nan,nan
2125,1161.8881902061403,3.0819315390083295,377.0,1.0505390417705829,0.34189268823999824,0.9124668435013262,1.3664009335771645,154.90303822010355,257.9497985839844,237.349365234375,237.78916931152344,237.3916473388672,-0.3975105583667755,0.0,0.0,nan,nan,nan,nan
2126,1017.4897262826562,2.44002332441884,417.0,1.0733146058028922,0.34950525406268806,0.9184652278177458,1.3913840898955188,-68.70846657120046,213.74180603027344,221.3520050048828,221.74819946289062,221.35427856445312,-0.3939337432384491,0.0,0.0,nan,nan,nan,nan
2127,657.5176536440849,2.7626792169919536,238.0,1.1041300511959748,0.36766315491609824,0.907563025210084,1.3698028508872162,-74.20218132627724,196.11817932128906,210.49278259277344,211.18585205078125,213.2579803466797,2.0721168518066406,0.0,0.0,nan,nan,nan,nan
2128,2011.4862686023116,3.352477114337186,600.0,1.0807850967776558,0.3531262424900908,0.9416666666666667,1.3979838784496286,562.8884137781783,298.5697326660156,267.6043701171875,267.8617858886719,268.1011962890625,0.23942318558692932,0.0,0.0,nan,nan,nan,nan
2129,554.5380828604102,2.903340747960263,191.0,1.096809804611057,0.3634755562464292,0.9476439790575916,1.4015019489421083,-84.10642909026342,188.5362548828125,204.4779510498047,205.33810424804688,204.5471954345703,-0.7909027934074402,0.0,0.0,nan,nan,nan,nan
2130,1049.0151692833751,3.0853387331863975,340.0,1.0882295764429641,0.353257027028674,0.9264705882352942,1.388578416739763,115.30208010007186,250.44314575195312,229.3220977783203,229.84071350097656,229.14871215820312,-0.6920206546783447,0.0,0.0,nan,nan,nan,nan
2131,1438.144394353032,3.368019658906398,427.0,1.0877252557404646,0.35395228636361464,0.9297423887587822,1.3904383707944719,332.14294128222036,285.2214660644531,249.5751495361328,249.9916534423828,250.5862274169922,0.5945704579353333,0.0,0.0,nan,nan,nan,nan
2132,856.6434414684772,2.9137532022737322,294.0,1.1189311982177284,0.37023848645916246,0.9115646258503401,1.4057845709436574,14.025349283167088,228.1232452392578,224.66236877441406,225.27745056152344,225.9988250732422,0.7213707566261292,0.0,0.0,nan,nan,nan,nan
2133,634.2968442589045,2.6763579926536054,237.0,1.1043589449403692,0.3591794639129293,0.919831223628692,1.3947573732053322,-95.4426646897623,190.2345428466797,204.5859375,205.19863891601562,204.86199951171875,-0.33666422963142395,0.0,0.0,nan,nan,nan,nan
2134,546.5655608549714,2.4620070308782496,222.0,1.0937654206276277,0.35639714718972504,0.9144144144144144,1.3976207833174201,-153.4690577682627,172.86451721191406,192.8052215576172,193.58224487304688,194.9925079345703,1.4102391004562378,0.0,0.0,nan,nan,nan,nan
2135,733.8511509373784,2.947193377258548,249.0,1.0895470679482144,0.3596393310187828,0.9156626506024096,1.3831784999303225,-19.65227027163428,210.23971557617188,226.6892852783203,227.3275909423828,226.97911071777344,-0.34849652647972107,0.0,0.0,nan,nan,nan,nan
2136,1483.4949507331476,3.071418117459933,483.0,1.0754479998621012,0.35078773955665743,0.9399585921325052,1.3879570473268854,266.5952404473878,265.5662536621094,250.02662658691406,250.37997436523438,250.4209442138672,0.04095912352204323,0.0,0.0,nan,nan,nan,nan
2137,520.553254045546,2.5392841660758343,205.0,1.1380807747261636,0.37567912928979635,0.9170731707317074,1.4391885821702728,-145.81582220886457,174.21800231933594,191.154052734375,191.96478271484375,192.93431091308594,0.9695392847061157,0.0,0.0,nan,nan,nan,nan
2138,626.2705968022346,2.9681070938494534,211.0,1.0969831961897718,0.3624670466757196,0.9383886255924171,1.386435742607681,-51.980435582348946,200.69192504882812,204.3975830078125,205.2273406982422,204.3289794921875,-0.8983611464500427,0.0,0.0,nan,nan,nan,nan
2139,723.1455427706242,2.73918766200994,264.0,1.0821180849293344,0.35488727620505606,0.9356060606060606,1.3979036085682555,-60.06276876382094,203.4981689453125,213.43435668945312,214.0491485595703,213.39198303222656,-0.6571760177612305,0.0,0.0,nan,nan,nan,nan
2140,726.7526043653488,2.7844927370319876,261.0,1.0814872610233253,0.35439989925358456,0.9157088122605364,1.368018210834119,-50.5147291040098,204.19798278808594,203.2023468017578,203.91603088378906,206.4332733154297,2.517263650894165,0.0,0.0,nan,nan,nan,nan
2141,962.6688113401178,0.9626688113401178,1000.0,1.1312210867417174,0.3840678793398353,0.893,1.3908685182201714,-1278.0594521622152,86.97981262207031,101.73914337158203,101.83688354492188,100.71495056152344,-1.1219295263290405,0.0,0.0,nan,nan,nan,nan
2142,660.7108952915296,2.7644807334373622,239.0,1.0514032806542573,0.34255348342848974,0.9497907949790795,1.375445949196267,-72.98926570052811,196.9147186279297,212.1448974609375,212.78677368164062,210.99002075195312,-1.7967625856399536,0.0,0.0,nan,nan,nan,nan
2143,174.37486432492733,1.3730304277553333,127.0,1.0984049433593723,0.35642946047556834,0.9133858267716536,1.3883005493235083,-337.52878223723434,65.8252944946289,161.03805541992188,162.7935333251953,163.7209930419922,0.9274396300315857,0.0,0.0,nan,nan,nan,nan
2144,568.3723723208532,2.706535106289777,210.0,1.0776167190634087,0.355081404139249,0.9142857142857143,1.358293308351573,-107.898334042035,180.53631591796875,221.5808563232422,222.37998962402344,221.60714721679688,-0.7728301286697388,0.0,0.0,nan,nan,nan,nan
2145,671.3511236123741,2.9189179287494524,230.0,1.1072282665481912,0.3646801807617336,0.9260869565217391,1.3900812616903706,-44.52610318442407,201.56552124023438,227.4652099609375,228.3295135498047,228.1476593017578,-0.18189239501953125,0.0,0.0,nan,nan,nan,nan
2146,757.2730277478695,3.029092110991478,250.0,1.088249739557249,0.35277356734072485,0.936,1.3940531158096356,1.7892805171613873,218.70318603515625,210.3922882080078,211.07174682617188,210.0316925048828,-1.0400688648223877,0.0,0.0,nan,nan,nan,nan
2147,691.7823911514133,2.800738425714224,247.0,1.0896962221492805,0.35787376027230483,0.9109311740890689,1.3778936666103931,-57.7603780142083,202.6787109375,225.38099670410156,226.09263610839844,226.01914978027344,-0.0735161080956459,0.0,0.0,nan,nan,nan,nan
2148,822.6607139836997,2.706120769683223,304.0,1.0804472581588724,0.35595082416234386,0.9276315789473685,1.3699592152799098,-39.76063841856558,209.26356506347656,235.6282196044922,236.1081085205078,237.41390991210938,1.3058182001113892,0.0,0.0,nan,nan,nan,nan
2149,982.2283966355026,3.0037565646345645,327.0,1.104229919155085,0.36136661816619065,0.8960244648318043,1.3896309868038275,74.25954573424087,239.87017822265625,239.16026306152344,239.656005859375,240.47171020507812,0.8156868815422058,0.0,0.0,nan,nan,nan,nan
2150,1863.4918253719807,3.6396324714296497,512.0,1.0883613956516918,0.35089031491478784,0.939453125,1.4200151906441691,589.1626604570515,318.67681884765625,255.15245056152344,255.47283935546875,255.40859985351562,-0.06423279643058777,0.0,0.0,nan,nan,nan,nan
2151,1001.6917598512955,2.937512492232538,341.0,1.084846873611865,0.3556111528795806,0.9208211143695014,1.3946377754986687,65.9983446462968,240.470947265625,243.2694091796875,243.747802734375,243.51466369628906,-0.23313887417316437,0.0,0.0,nan,nan,nan,nan
2152,612.2546754330397,2.7703831467558357,221.0,1.0673092694861723,0.34703433640319836,0.9411764705882353,1.3793241818050939,-85.79961716849903,189.01544189453125,207.50244140625,208.2260284423828,206.47552490234375,-1.7505145072937012,0.0,0.0,nan,nan,nan,nan
2153,1120.6291770935059,3.0786515854217193,364.0,1.0945627980973798,0.3567859324278125,0.9148351648351648,1.3921612688196314,139.3882633895107,249.43505859375,253.94131469726562,254.4486846923828,254.70191955566406,0.2532120943069458,0.0,0.0,nan,nan,nan,nan
2154,960.0008645895869,3.1270386468716183,307.0,1.0817277882016958,0.3544168713416381,0.9315960912052117,1.3786865799864976,91.63853412223511,240.35220336914062,250.41563415527344,250.94351196289062,250.20913696289062,-0.7343580722808838,0.0,0.0,nan,nan,nan,nan
2155,537.342710070312,2.367148502512388,227.0,1.1164437174046327,0.3716366159330582,0.8898678414096917,1.3720184753512656,-172.59353866139963,166.80833435058594,208.8850555419922,209.6319580078125,209.80751037597656,0.1755622774362564,0.0,0.0,nan,nan,nan,nan
2156,1302.987324386835,3.2172526528070002,405.0,1.107185760789095,0.36307501980444173,0.928395061728395,1.4135179903546606,240.55304379332438,265.8143615722656,260.5225830078125,260.9336853027344,261.6147766113281,0.6811180114746094,0.0,0.0,nan,nan,nan,nan
2157,774.9933872893453,2.9922524605766228,259.0,1.0746449053537563,0.3495010995456126,0.918918918918919,1.3824423403428276,1.6867058633774832,221.15615844726562,209.3551025390625,210.1248016357422,211.22230529785156,1.0974969863891602,0.0,0.0,nan,nan,nan,nan
2158,1345.2041201256216,3.346278905785128,402.0,1.0837989772494063,0.352624054999173,0.9328358208955224,1.3890799669753178,288.7108175971973,277.0859069824219,253.17071533203125,253.5832977294922,253.79498291015625,0.21169990301132202,0.0,0.0,nan,nan,nan,nan
2159,999.0101761445403,3.0833647411868528,324.0,1.0795503259694461,0.35425995601986804,0.9074074074074074,1.3759076768889906,96.98230330836509,244.26434326171875,250.5150909423828,251.02310180664062,249.8262481689453,-1.1968533992767334,0.0,0.0,nan,nan,nan,nan
2160,1203.396999977529,3.3520807798816965,359.0,1.0770254500395398,0.34962960222048317,0.9331476323119777,1.3758723178521406,232.05771638201145,275.5026550292969,234.17056274414062,234.71041870117188,234.95404052734375,0.2436092048883438,0.0,0.0,nan,nan,nan,nan
2161,916.479604937369,0.916479604937369,1000.0,1.1385681185777317,0.38707085256021434,0.903,1.4066897466688002,-1324.248658564964,84.64695739746094,95.29349517822266,95.37602996826172,94.79859924316406,-0.5774322748184204,0.0,0.0,nan,nan,nan,nan
2162,934.1766622494906,2.9941559687483674,312.0,1.1026043158357248,0.3633875838831877,0.8878205128205128,1.3997862340962233,55.91270167366133,234.22100830078125,240.8751220703125,241.40487670898438,241.15582275390625,-0.24905170500278473,0.0,0.0,nan,nan,nan,nan
2163,1279.6697443220764,3.3675519587423066,380.0,1.1071838495661641,0.3631737653924287,0.9157894736842105,1.3838974006127713,266.74361427095323,279.2306213378906,258.7602844238281,259.1993103027344,259.16864013671875,-0.030664222314953804,0.0,0.0,nan,nan,nan,nan
2164,505.7375994049944,2.479105879436247,204.0,1.110542282255746,0.3648413186941373,0.8970588235294118,1.4000102320817405,-158.6511508277208,164.10086059570312,206.8943328857422,207.73052978515625,206.36123657226562,-1.369283676147461,0.0,0.0,nan,nan,nan,nan
2165,493.62751056533307,2.5444717039450158,194.0,1.087712267701126,0.3614955504018417,0.9072164948453608,1.374886846145384,-150.95797945042705,167.61367797851562,205.9022216796875,206.83065795898438,205.74911499023438,-1.081585168838501,0.0,0.0,nan,nan,nan,nan
2166,185.82951939851046,1.8398962316684204,101.0,1.125200089060582,0.36924586696404255,0.8910891089108911,1.3909807361277728,-274.5856505995682,77.58583068847656,166.440673828125,168.3240203857422,169.03578186035156,0.7117322683334351,0.0,0.0,nan,nan,nan,nan
2167,573.5502458252013,2.7842244942970935,206.0,1.0769216970079976,0.3510018906209555,0.9466019417475728,1.3918910269064733,-94.79915645090489,183.26126098632812,203.5266571044922,204.26934814453125,203.94224548339844,-0.32707998156547546,0.0,0.0,nan,nan,nan,nan
2168,922.468422814738,2.9377975248877006,314.0,1.0862245730651336,0.3521960983694555,0.9363057324840764,1.4075561744944225,40.24381019551788,235.38238525390625,205.42262268066406,205.99569702148438,205.5662384033203,-0.42945948243141174,0.0,0.0,nan,nan,nan,nan
2169,870.6218513384229,2.826694322527347,308.0,1.0855980353535544,0.3543146827593431,0.9285714285714286,1.397116075382642,0.27919484937569905,218.84075927734375,237.8318328857422,238.38571166992188,238.22958374023438,-0.15612830221652985,0.0,0.0,nan,nan,nan,nan
2170,1031.2890815827996,2.7648500846723847,373.0,1.09196092675185,0.35548088021103674,0.9195710455764075,1.3868199721235035,32.22523368354496,228.12722778320312,248.58692932128906,248.99745178222656,246.5252227783203,-2.472231149673462,0.0,0.0,nan,nan,nan,nan
2171,1403.4466405436397,3.4398201974108815,408.0,1.089811926349147,0.3553144739816596,0.9313725490196079,1.4028419343596656,335.07138188504246,283.9733581542969,261.2946472167969,261.7117919921875,261.450439453125,-0.26135581731796265,0.0,0.0,nan,nan,nan,nan
2172,776.0369730945677,3.0917807693010664,251.0,1.0712107624306635,0.34228083989592234,0.9362549800796812,1.3839139180566795,18.572899842163906,221.62222290039062,208.17013549804688,208.8272705078125,209.42054748535156,0.5932665467262268,0.0,0.0,nan,nan,nan,nan
2173,467.2523189596832,2.5958462164426845,180.0,1.0700520449058706,0.35229895542919015,0.9055555555555556,1.3910389628728215,-149.60860675233994,162.05426025390625,209.07582092285156,209.94223022460938,208.33506774902344,-1.6071492433547974,0.0,0.0,nan,nan,nan,nan
2174,1293.747525792569,3.1865702605728297,406.0,1.1016368280696098,0.3635383954081758,0.9064039408866995,1.3786474088016987,229.33291917736278,269.6300354003906,261.5331115722656,261.927490234375,259.6651916503906,-2.262342929840088,0.0,0.0,nan,nan,nan,nan
2175,427.90913190320134,2.4878437901348915,172.0,1.0394253115121912,0.3377427438050897,0.9069767441860465,1.346228342591169,-173.10918563525786,151.4801483154297,161.28916931152344,162.19837951660156,163.52647399902344,1.328098177909851,0.0,0.0,nan,nan,nan,nan
2176,182.8429554067552,1.5495165712436882,118.0,1.0844657898477528,0.3515380162918036,0.923728813559322,1.4050826808895829,-311.23775696014695,72.63201904296875,158.6581573486328,160.41102600097656,160.89010620117188,0.47907793521881104,0.0,0.0,nan,nan,nan,nan
2177,1186.1255686283112,3.0888686683028936,384.0,1.0923514143007653,0.35870207380985947,0.9140625,1.3726392445500242,165.27813449040605,257.3932189941406,240.7097625732422,241.1585693359375,241.5806884765625,0.42211318016052246,0.0,0.0,nan,nan,nan,nan
2178,530.898126507178,2.552394838976817,208.0,1.058024232375117,0.34279434169618,0.9326923076923077,1.3577951814841591,-141.41192781231916,170.38137817382812,200.24850463867188,201.03965759277344,200.46826171875,-0.5714213848114014,0.0,0.0,nan,nan,nan,nan
2179,858.600931642577,2.881211180008648,298.0,1.080487776753114,0.35216458329057915,0.9093959731543624,1.3750132893865958,8.061535370484762,222.42308044433594,243.39712524414062,243.9647674560547,243.18093872070312,-0.7838180065155029,0.0,0.0,nan,nan,nan,nan
2180,704.6255163103342,2.9857013402980264,236.0,1.083776366976345,0.3541488118850695,0.9067796610169492,1.384769710836306,-23.1336666166369,211.8817138671875,211.90069580078125,212.6859130859375,213.84519958496094,1.1593118906021118,0.0,0.0,nan,nan,nan,nan
2181,552.3270093183964,2.557069487585169,216.0,1.0876652070759913,0.3551839481014112,0.9074074074074074,1.388760248034909,-135.8256531746647,171.7997283935547,210.7999267578125,211.63755798339844,210.5126190185547,-1.1249077320098877,0.0,0.0,nan,nan,nan,nan
2182,1148.6308908164501,3.1469339474423292,365.0,1.0944308782965915,0.35952676695802877,0.9287671232876712,1.3753629529082065,165.40965109075933,256.3100891113281,246.90306091308594,247.35214233398438,247.7105712890625,0.3584193289279938,0.0,0.0,nan,nan,nan,nan
2183,731.7027350040153,2.814241288476982,260.0,1.1080588765201573,0.3631771397794812,0.9230769230769231,1.3901485021951894,-43.58427244364793,210.18821716308594,220.18331909179688,220.86524963378906,219.98765563964844,-0.8776069283485413,0.0,0.0,nan,nan,nan,nan
2184,736.2019537016749,2.7992469722497146,263.0,1.0866840503396282,0.3533233036433386,0.9163498098859315,1.3622275911346324,-45.026031811074745,207.3361358642578,208.11729431152344,208.7959747314453,208.31541442871094,-0.4805656969547272,0.0,0.0,nan,nan,nan,nan
2185,1078.1977934390306,3.125210995475451,345.0,1.0830142199205701,0.35363020512336135,0.9217391304347826,1.386117835931572,134.58307414725004,248.84295654296875,241.05111694335938,241.50341796875,240.56764221191406,-0.9357848167419434,0.0,0.0,nan,nan,nan,nan
2186,1211.2423268277198,3.1057495559685124,390.0,1.1010052236915284,0.3574272681774152,0.9102564102564102,1.3931980214960493,178.5129365596415,261.8639221191406,245.37371826171875,245.81044006347656,245.02427673339844,-0.7861501574516296,0.0,0.0,nan,nan,nan,nan
2187,1249.371380846016,3.1391240724774274,398.0,1.1111615378966044,0.3630150457426544,0.914572864321608,1.4111686028312251,200.799382404374,262.3081359863281,242.14871215820312,242.60107421875,242.5604248046875,-0.04067295417189598,0.0,0.0,nan,nan,nan,nan
2188,1259.2428074516356,3.4033589390584744,370.0,1.072351258035324,0.3473613860509316,0.9351351351351351,1.3784993148887126,266.1199376174675,278.73583984375,244.67103576660156,245.07284545898438,244.47259521484375,-0.6002843379974365,0.0,0.0,nan,nan,nan,nan
2189,830.5759389437735,2.883944232443658,288.0,1.1099436362614559,0.3642040527694782,0.9375,1.4080585281460771,-0.16019711136368642,222.02053833007812,232.5594024658203,233.15914916992188,232.70166015625,-0.45748868584632874,0.0,0.0,nan,nan,nan,nan
2190,657.2952136099339,2.598004796877209,253.0,1.0918743298527231,0.36401967436356814,0.8932806324110671,1.376822003561272,-104.12951168586085,190.45513916015625,210.65966796875,211.33059692382812,211.16128540039062,-0.16932503879070282,0.0,0.0,nan,nan,nan,nan
2191,644.4192969799042,2.6739389916178595,241.0,1.0747983768838407,0.34708745298742283,0.9336099585062241,1.3642770761296756,-93.24151605554448,193.1356964111328,185.67466735839844,186.379150390625,185.7504425048828,-0.6287006735801697,0.0,0.0,nan,nan,nan,nan
2192,841.4398545017466,2.8427022111545495,296.0,1.1157776718697996,0.3661978599435921,0.9256756756756757,1.401525559603059,-5.1388897269546305,220.14901733398438,235.49522399902344,236.05841064453125,235.93301391601562,-0.12541072070598602,0.0,0.0,nan,nan,nan,nan
2193,401.59646913409233,2.525763956818191,159.0,1.1131395136652007,0.36581976705111674,0.9182389937106918,1.3855834465903132,-173.6776101223254,145.5934295654297,191.380126953125,192.40420532226562,194.1364288330078,1.7322355508804321,0.0,0.0,nan,nan,nan,nan
2194,955.9285788983107,3.186428596327702,300.0,1.0807363700146044,0.3564690706400628,0.9333333333333333,1.3762896258290902,101.42853058282753,245.25003051757812,244.98281860351562,245.54598999023438,243.78872680664062,-1.757262110710144,0.0,0.0,nan,nan,nan,nan
2195,9.216327600181103,0.48506987369374227,19.0,1.0335125771639226,0.3279673137473302,0.8947368421052632,1.275149793538004,-288.81210861886655,3.9549400806427,175.08111572265625,178.26060485839844,181.30104064941406,3.0404300689697266,0.0,0.0,nan,nan,nan,nan
2196,994.5464957803488,0.9945464957803488,1000.0,1.1420004604123255,0.3915742974144621,0.886,1.3852806062362648,-1246.1817677219842,90.92485046386719,94.88338470458984,94.98005676269531,94.82643127441406,-0.15364296734333038,0.0,0.0,nan,nan,nan,nan
2197,521.4034955129027,2.6467182513345318,197.0,1.102884450153525,0.3590478007222703,0.9238578680203046,1.408618654182052,-129.12297256794386,170.93997192382812,207.30503845214844,208.05899047851562,208.48782348632812,0.42883652448654175,0.0,0.0,nan,nan,nan,nan
2198,1032.1134929610416,3.099439918801927,333.0,1.1018568309346624,0.3634202026769818,0.9279279279279279,1.4048702553513506,112.26268592960696,243.73948669433594,246.4191131591797,246.95399475097656,246.8928985595703,-0.061090920120477676,0.0,0.0,nan,nan,nan,nan
2199,1633.1041705724783,3.4820984447174377,469.0,1.070163739935932,0.346336606649417,0.9317697228144989,1.386207536542651,443.9290245904556,305.7510681152344,232.59388732910156,233.015380859375,233.4766387939453,0.4612674117088318,0.0,0.0,nan,nan,nan,nan
2200,579.0569436848164,2.668465178271043,217.0,1.070781793277497,0.35220294335283714,0.8940092165898618,1.3477557774488225,-111.07604482994032,179.8401336669922,215.88949584960938,216.6659393310547,216.80258178710938,0.1366485059261322,0.0,0.0,nan,nan,nan,nan
2201,1209.1293345689774,3.1324594159818067,386.0,1.0684627641620872,0.3522563844628468,0.9145077720207254,1.3594431411671206,184.32124838768118,258.6984558105469,249.3282470703125,249.7819366455078,250.1239013671875,0.34196871519088745,0.0,0.0,nan,nan,nan,nan
2202,910.2516022240743,3.064820209508668,297.0,1.0769086387275641,0.35493356897351963,0.9191919191919192,1.3862626152666118,61.69253197367766,232.5945587158203,235.9118194580078,236.4717254638672,237.17958068847656,0.7078652381896973,0.0,0.0,nan,nan,nan,nan
2203,1168.6438699737191,3.1930160381795605,366.0,1.109549258227468,0.3626968493211301,0.9234972677595629,1.3986400120566607,183.4423042263329,264.37225341796875,243.40586853027344,243.8934783935547,243.65882873535156,-0.23465771973133087,0.0,0.0,nan,nan,nan,nan
2204,1095.3642116822302,3.2122117644640182,341.0,1.1239461036412515,0.3700791443289289,0.9237536656891495,1.4113529031874747,159.67079647723153,258.4798583984375,242.41754150390625,242.9703826904297,243.30734252929688,0.33697038888931274,0.0,0.0,nan,nan,nan,nan
2205,293.13115188106894,1.9940894685787003,147.0,1.1271211614711942,0.3694852260572312,0.8707482993197279,1.3859335513619857,-258.37901511500274,110.72478485107422,161.0264892578125,162.20774841308594,163.13499450683594,0.9272354245185852,0.0,0.0,nan,nan,nan,nan
2206,1076.6715264031664,3.0074623642546547,358.0,1.1032358846280335,0.3658045420218529,0.8770949720670391,1.3731558766037468,107.31256882934417,244.48873901367188,262.24310302734375,262.7812805175781,263.39532470703125,0.6140328049659729,0.0,0.0,nan,nan,nan,nan
2207,786.3646145686507,2.891046377090628,272.0,1.0662845698904175,0.34463977847682303,0.9522058823529411,1.3872265517674407,-12.68630513935841,218.79421997070312,191.4869842529297,192.05934143066406,193.40390014648438,1.3445558547973633,0.0,0.0,nan,nan,nan,nan
2208,693.666233850643,2.926861746205245,237.0,1.0999945936457736,0.36273056420326655,0.9324894514767933,1.4042204173864317,-36.073275098023714,205.25747680664062,232.3319549560547,233.02565002441406,232.38027954101562,-0.6453691720962524,0.0,0.0,nan,nan,nan,nan
2209,994.9021172206849,0.9949021172206849,1000.0,1.1386743172858265,0.385205336541243,0.892,1.397533399774937,-1245.826146281648,91.96766662597656,94.96139526367188,95.04163360595703,94.5282211303711,-0.5134091377258301,0.0,0.0,nan,nan,nan,nan
2210,899.022176691622,3.089423287600076,291.0,1.1052627996089697,0.3640646385725717,0.9037800687285223,1.3894626324794768,62.34506257139833,234.54762268066406,229.9860382080078,230.6147918701172,231.9563446044922,1.3415602445602417,0.0,0.0,nan,nan,nan,nan
2211,735.3485457394272,2.6076189565227916,282.0,1.1019715027889578,0.3631471019750406,0.9184397163120568,1.393966276495458,-83.50563418553702,196.87522888183594,216.3651885986328,216.92469787597656,216.8631134033203,-0.061577439308166504,0.0,0.0,nan,nan,nan,nan
2212,848.1790348738432,3.1886429882475307,266.0,1.087747546500295,0.35769090932422787,0.9210526315789473,1.3816393934410764,61.01007129600703,235.0706329345703,222.6405029296875,223.21311950683594,223.59947204589844,0.3863607943058014,0.0,0.0,nan,nan,nan,nan
2213,690.9618680679705,2.637259038427368,262.0,1.1108431174509545,0.3697249396951779,0.9351145038167938,1.3928944609271454,-88.28579142308377,195.7204132080078,224.98016357421875,225.61764526367188,226.02685546875,0.4092385768890381,0.0,0.0,nan,nan,nan,nan
2214,740.9279071660712,2.9876125288954487,248.0,1.0618174265899896,0.34172602660895474,0.9395161290322581,1.3778507443522852,-10.595188021246031,213.88621520996094,213.07626342773438,213.74594116210938,213.7149658203125,-0.030973372980952263,0.0,0.0,nan,nan,nan,nan
2215,1510.3571168594062,3.456194775421982,437.0,1.0808899280392732,0.3511093857560149,0.9359267734553776,1.4022809098706073,384.5524035716396,293.36212158203125,238.1219024658203,238.52281188964844,239.0527801513672,0.5299780368804932,0.0,0.0,nan,nan,nan,nan
2216,1672.9741078326479,3.5220507533318903,475.0,1.105138355335068,0.36245619083446323,0.9326315789473684,1.3880756661781444,471.91700572045215,303.97003173828125,259.9664611816406,260.29296875,260.7599792480469,0.46699926257133484,0.0,0.0,nan,nan,nan,nan
2217,763.6467414833605,2.9146822194021396,262.0,1.0971765691349993,0.36052234873565747,0.8969465648854962,1.3805599647977091,-15.600918007693735,213.11964416503906,231.3473358154297,231.92063903808594,230.61412048339844,-1.3065211772918701,0.0,0.0,nan,nan,nan,nan
2218,439.1590638011694,2.598574342018754,169.0,1.0830005256214852,0.35777930817654063,0.9230769230769231,1.4063821026212882,-155.9182756722032,157.28384399414062,175.35012817382812,176.4527587890625,176.4410400390625,-0.011712159030139446,0.0,0.0,nan,nan,nan,nan
2219,681.3247008314356,2.6407934140753317,258.0,1.1050808754563157,0.3620570289457334,0.9224806201550387,1.381646367049578,-90.00165457283651,197.23643493652344,211.83714294433594,212.4716796875,213.93414306640625,1.4624744653701782,0.0,0.0,nan,nan,nan,nan
2220,265.16287153586745,1.7560455068600493,151.0,1.084912917628646,0.3612602218807208,0.9337748344370861,1.363548471812182,-294.26859954698625,98.36882019042969,185.3180694580078,186.32101440429688,187.3080291748047,0.9870352745056152,0.0,0.0,nan,nan,nan,nan
2221,621.5148598961532,2.8250675449825144,220.0,1.0789036220426618,0.35864638168167207,0.9,1.3664275794532816,-74.55910668368995,193.5181884765625,222.08480834960938,222.79136657714844,222.77134704589844,-0.020035309717059135,0.0,0.0,nan,nan,nan,nan
2222,270.0939722759649,1.7313716171536213,156.0,1.1137698667915241,0.3685040076654534,0.8782051282051282,1.406168506535064,-299.23912891536634,97.30632781982422,180.85411071777344,182.09197998046875,179.2864532470703,-2.8055334091186523,0.0,0.0,nan,nan,nan,nan
2223,571.1363805383444,2.52715212627586,226.0,1.0925873364408003,0.3600908318987105,0.9203539823008849,1.387054375275321,-136.81954217167186,175.8865966796875,214.1077880859375,214.80763244628906,213.91075134277344,-0.8968935012817383,0.0,0.0,nan,nan,nan,nan
2224,535.1545004614163,2.7303801043949814,196.0,1.0544139657503797,0.34190554148992713,0.9489795918367347,1.3772947354460967,-113.39164159773486,174.49842834472656,207.08836364746094,208.0337371826172,208.09693908691406,0.06319847702980042,0.0,0.0,nan,nan,nan,nan
2225,614.6105784957763,2.615364163811814,235.0,1.1004502861149974,0.3620954427944087,0.9319148936170213,1.396087280657456,-111.16827840949941,186.11817932128906,196.9300537109375,197.6840057373047,198.08859252929688,0.4045911431312561,0.0,0.0,nan,nan,nan,nan
2226,1716.5098568946123,3.1846194005465907,539.0,1.0854465881714066,0.35232733343096856,0.9369202226345084,1.382051200937047,388.7118893939046,283.9662170410156,251.03866577148438,251.3575439453125,252.95089721679688,1.5933440923690796,0.0,0.0,nan,nan,nan,nan
2227,1455.4122145213187,3.0511786467952176,477.0,1.1000830467439282,0.35948754164628954,0.9224318658280922,1.406609424016566,250.3944603657319,267.7259216308594,246.2511749267578,246.58570861816406,247.40597534179688,0.8202636241912842,0.0,0.0,nan,nan,nan,nan
2228,955.5984682496637,0.9555984682496637,1000.0,1.1290920036557055,0.3836608040393282,0.894,1.393735463779057,-1285.1297952526693,87.42229461669922,97.5749740600586,97.65866088867188,97.75175476074219,0.09308964014053345,0.0,0.0,nan,nan,nan,nan
2229,819.5122020523995,2.9800443710996345,275.0,1.0876569711137019,0.35390974663070995,0.9345454545454546,1.4000200078050655,14.5203042793039,222.71653747558594,227.24827575683594,227.85775756835938,228.02963256835938,0.17186717689037323,0.0,0.0,nan,nan,nan,nan
2230,1393.795525431633,3.1749328597531505,439.0,1.0838674116319003,0.3577853457394896,0.9020501138952164,1.3864376428906422,264.0301601004753,265.2762756347656,266.7268981933594,267.0932312011719,266.3283386230469,-0.7648675441741943,0.0,0.0,nan,nan,nan,nan
2231,663.6209959872067,2.9234405109568575,227.0,1.133169754265423,0.36993951906457617,0.8986784140969163,1.4114930993259043,-46.31525274450496,201.31666564941406,212.8419189453125,213.61167907714844,212.9219512939453,-0.6897521018981934,0.0,0.0,nan,nan,nan,nan
2232,974.5737924687564,2.9005172394903465,336.0,1.1014960001947132,0.3548190678901313,0.9226190476190477,1.3989644194413424,48.782007372235284,232.1011505126953,227.76174926757812,228.30091857910156,228.98602294921875,0.6851004958152771,0.0,0.0,nan,nan,nan,nan
2233,1110.666070185136,2.9228054478556214,380.0,1.0798339171694327,0.35197493728628615,0.9078947368421053,1.3879051224203423,97.73994013401284,246.8434600830078,237.9998779296875,238.4183349609375,238.74954223632812,0.3312077224254608,0.0,0.0,nan,nan,nan,nan
2234,1331.4343895763159,3.0820240499451756,432.0,1.1057082332475776,0.36313837656142617,0.9375,1.4202949175571757,215.53130639702658,268.28375244140625,243.66038513183594,244.04063415527344,243.75408935546875,-0.286537230014801,0.0,0.0,nan,nan,nan,nan
2235,1034.5418557934463,3.154091023760507,328.0,1.1038590385378717,0.36213452109787925,0.9329268292682927,1.3999628825523407,124.59267887048918,249.656982421875,240.95057678222656,241.48260498046875,241.388427734375,-0.09417308121919632,0.0,0.0,nan,nan,nan,nan
2236,1268.498777396977,3.3293931165274984,381.0,1.0764423927815496,0.3495584357648688,0.9448818897637795,1.3853059420527678,253.59232132415832,272.9671630859375,241.70338439941406,242.12060546875,243.79632568359375,1.6756843328475952,0.0,0.0,nan,nan,nan,nan
2237,791.286299996078,2.9415847583497325,269.0,1.1013409839683987,0.3632942821494465,0.9144981412639405,1.3863880831093889,-1.823641646844635,216.4771728515625,229.95431518554688,230.5388641357422,230.92771911621094,0.38885608315467834,0.0,0.0,nan,nan,nan,nan
2238,1030.5984099581838,3.07641316405428,335.0,1.0637737283935726,0.34415013131358896,0.9194029850746268,1.366498212533401,106.78695088335803,248.42294311523438,234.56158447265625,235.07383728027344,234.70330810546875,-0.3705298602581024,0.0,0.0,nan,nan,nan,nan
2239,1801.6442078277469,3.5817976298762364,503.0,1.0743961185704645,0.3482743893594213,0.9204771371769384,1.3636949191196175,545.1379771080772,311.0926208496094,260.455078125,260.79833984375,260.9967041015625,0.19839505851268768,0.0,0.0,nan,nan,nan,nan
2240,2221.103095628321,3.665186626449375,606.0,1.0674239512123511,0.34669355673898805,0.9356435643564357,1.393480489387006,760.6232846740149,327.285400390625,264.6941833496094,264.9670104980469,265.55389404296875,0.5869019627571106,0.0,0.0,nan,nan,nan,nan
2241,715.6638728827238,2.5743304779954093,278.0,1.098086693933273,0.3608601097641758,0.9280575539568345,1.3944459939008422,-95.26900295545829,192.79110717773438,213.44418334960938,214.09451293945312,215.21810913085938,1.1235790252685547,0.0,0.0,nan,nan,nan,nan
2242,864.5508366022259,2.9306808020414437,295.0,1.068028561150225,0.3456282983536011,0.911864406779661,1.3678575123748589,19.95241839522032,223.72219848632812,237.267578125,237.8349609375,237.02027893066406,-0.8146548271179199,0.0,0.0,nan,nan,nan,nan
2243,594.5694217160344,2.6077606215615545,228.0,1.1257422307485057,0.37180424826338393,0.9342105263157895,1.4012104936719263,-117.34715303737278,185.57936096191406,210.75343322753906,211.3647918701172,211.10659790039062,-0.2582007050514221,0.0,0.0,nan,nan,nan,nan
2244,619.2664574042428,2.840671822955242,218.0,1.0905698829702,0.359256115629128,0.9036697247706422,1.3981518350982176,-72.84685713220938,194.71127319335938,210.63919067382812,211.34970092773438,210.83590698242188,-0.5137661695480347,0.0,0.0,nan,nan,nan,nan
2245,1880.3693518340588,3.4126485514229743,551.0,1.089553912538485,0.3552155744646243,0.9201451905626135,1.3978966766335026,528.8074720730051,302.9320983886719,264.85107421875,265.14501953125,265.1484680175781,0.0034771347418427467,0.0,0.0,nan,nan,nan,nan
2246,1090.4613455217332,3.0374967841831007,359.0,1.0605221241103582,0.34439831273995075,0.9136490250696379,1.3565512280985559,119.12206192621557,250.77813720703125,231.14051818847656,231.64010620117188,233.0826873779297,1.4425933361053467,0.0,0.0,nan,nan,nan,nan
2247,989.7606211602688,3.162174508499261,313.0,1.0926328407622938,0.35550618523869937,0.9265175718849841,1.3992632778397525,109.51633456274408,247.44703674316406,235.46800231933594,236.00743103027344,236.1206512451172,0.11321068555116653,0.0,0.0,nan,nan,nan,nan
2248,510.96271762251854,2.281083560814815,224.0,1.1267276538049036,0.37703827340096946,0.90625,1.4193641393852061,-193.03255304410663,157.14627075195312,214.6107635498047,215.3926544189453,215.36196899414062,-0.030671289190649986,0.0,0.0,nan,nan,nan,nan
2249,1015.5305448262952,1.0155305448262952,1000.0,1.1365438056337862,0.38777940800415434,0.898,1.3990385964859329,-1225.1977186760378,92.51146697998047,98.04512023925781,98.13516235351562,98.21869659423828,0.08353941142559052,0.0,0.0,nan,nan,nan,nan
2250,638.5348330549896,2.8253753674999538,226.0,1.075244128810226,0.3496926384337541,0.9380530973451328,1.373983674376154,-69.42108965502666,198.24267578125,204.8228759765625,205.65133666992188,205.90518188476562,0.25384849309921265,0.0,0.0,nan,nan,nan,nan
2251,286.9330491356086,2.0495217795400613,140.0,1.121033159988608,0.3722401342673471,0.8785714285714286,1.3632368094421292,-250.7148357085946,110.11674499511719,190.71755981445312,192.07089233398438,191.13677978515625,-0.9341343641281128,0.0,0.0,nan,nan,nan,nan
2252,701.5022747069597,2.7402432605740614,256.0,1.050035808830031,0.34207454120845193,0.94140625,1.3834696604406909,-65.86342865392146,202.0355224609375,220.6829833984375,221.359375,221.07833862304688,-0.28103095293045044,0.0,0.0,nan,nan,nan,nan
2253,2022.996565843001,3.4288077387169507,590.0,1.0743001664490377,0.35175678993293774,0.9372881355932203,1.3910384813397305,594.2019712358228,309.2442932128906,269.0026550292969,269.3204040527344,269.17510986328125,-0.14526566863059998,0.0,0.0,nan,nan,nan,nan
2254,953.1156660616398,3.0845167186460833,309.0,1.0937059958535655,0.3570005020319376,0.9223300970873787,1.3860020220612113,80.79268355089721,237.85133361816406,237.7761993408203,238.34185791015625,235.78858947753906,-2.5532898902893066,0.0,0.0,nan,nan,nan,nan
2255,1815.7171106524765,3.5120253590956994,517.0,1.0980237413606855,0.35842913073297084,0.9303675048355899,1.3858855494924573,531.4863156290698,306.1407470703125,273.33831787109375,273.7623291015625,274.5481872558594,0.7858317494392395,0.0,0.0,nan,nan,nan,nan
2256,836.1785478964448,2.8933513768043073,289.0,1.0944313424358842,0.35931656893800007,0.9065743944636678,1.3792308893319591,3.4620858196121844,223.20985412597656,229.6305694580078,230.2010498046875,230.02557373046875,-0.1754491925239563,0.0,0.0,nan,nan,nan,nan
2257,1495.8737491816282,3.4950321242561406,428.0,1.0890261789865017,0.3572182721863925,0.9182242990654206,1.3816017960797262,387.89197008912106,295.7572326660156,252.3817901611328,252.76107788085938,253.70652770996094,0.9454405307769775,0.0,0.0,nan,nan,nan,nan
2258,1063.5571436448954,2.8062193763717556,379.0,1.095224050019647,0.35532128335791335,0.9472295514511874,1.3995236160344975,52.611339615467614,234.7716827392578,243.725341796875,244.14662170410156,245.56060791015625,1.413988471031189,0.0,0.0,nan,nan,nan,nan
2259,988.5719843134284,3.09897173765965,319.0,1.085408896290381,0.3544488494120715,0.896551724137931,1.3961764090535076,96.44574158573073,244.1619110107422,237.14366149902344,237.70648193359375,238.00889587402344,0.30240342020988464,0.0,0.0,nan,nan,nan,nan
2260,1124.1204337775707,2.9122291030507013,386.0,1.0836502560498222,0.35330086928246013,0.9196891191709845,1.3812005395724958,99.31234759627455,239.52064514160156,247.46507263183594,247.9469757080078,247.13223266601562,-0.8147285580635071,0.0,0.0,nan,nan,nan,nan
2261,1025.4646632897202,1.0254646632897202,1000.0,1.14763579207693,0.39080543946107116,0.898,1.4029475051967593,-1215.2636002126128,92.58297729492188,99.73326110839844,99.8292236328125,99.51615142822266,-0.3130623698234558,0.0,0.0,nan,nan,nan,nan
2262,952.2897430211306,3.0135751361428182,316.0,1.0912099623157412,0.3592535084804111,0.930379746835443,1.3957875551554697,66.10447835851937,236.15174865722656,228.0392608642578,228.5767364501953,229.7614288330078,1.1846660375595093,0.0,0.0,nan,nan,nan,nan
2263,675.7217906126752,2.9507501773479268,229.0,1.0750799168525926,0.35237476494953107,0.8951965065502183,1.397417621184512,-38.17511016242747,204.7637481689453,211.90655517578125,212.6589813232422,211.82839965820312,-0.8305761218070984,0.0,0.0,nan,nan,nan,nan
2264,728.4970226585865,2.7699506564965266,263.0,1.1151503410495875,0.37090252344074565,0.8973384030418251,1.3866265248371106,-52.73096285416318,204.47537231445312,209.44412231445312,210.13592529296875,210.11856079101562,-0.01737477071583271,0.0,0.0,nan,nan,nan,nan
2265,726.9389226878993,2.907755690751597,250.0,1.1097676043725568,0.36854272133988947,0.92,1.39869139866103,-28.544824542808783,209.51541137695312,243.1374969482422,243.76524353027344,242.6501922607422,-1.1150627136230469,0.0,0.0,nan,nan,nan,nan
2266,800.4902812261134,2.848719862014639,281.0,1.0797287823397848,0.35009814690643715,0.9217081850533808,1.3797300748772898,-16.383572677155144,215.08888244628906,233.8551483154297,234.40869140625,234.44345092773438,0.03476782888174057,0.0,0.0,nan,nan,nan,nan
2267,617.3918843194842,2.707859141752124,228.0,1.085015368659393,0.3591237915449832,0.9298245614035088,1.3763714011224693,-94.52469043392296,190.21580505371094,220.8031005859375,221.51951599121094,220.97703552246094,-0.5424795746803284,0.0,0.0,nan,nan,nan,nan
2268,1086.4703310355544,3.1220411811366504,348.0,1.0936201118810387,0.362065510942341,0.8908045977011494,1.3874142032692272,136.91463367868732,249.54315185546875,252.77110290527344,253.21832275390625,253.13729858398438,-0.08100058138370514,0.0,0.0,nan,nan,nan,nan
2269,979.4647800293751,2.977096595833967,329.0,1.0861741798108735,0.3570148319810022,0.9361702127659575,1.3905605126218075,67.53527708472234,232.27536010742188,239.9358367919922,240.45236206054688,240.61705017089844,0.16467060148715973,0.0,0.0,nan,nan,nan,nan
2270,413.88508450984955,2.5548462006780834,162.0,1.1114083352609057,0.3753800365673579,0.9444444444444444,1.403144699884383,-167.32997281165467,152.7151641845703,189.09022521972656,190.20033264160156,190.0833282470703,-0.11697015911340714,0.0,0.0,nan,nan,nan,nan
2271,881.7846536785364,2.8172033663851,313.0,1.1141590280281273,0.3713301913093684,0.9137380191693291,1.3802551942190078,1.5403670810117092,223.81719970703125,231.67379760742188,232.25486755371094,232.1573486328125,-0.09751272946596146,0.0,0.0,nan,nan,nan,nan
2272,970.6132819578052,3.0049946809839168,323.0,1.0675499613672466,0.34748176331542335,0.9411764705882353,1.3791865156222252,70.56573514332536,239.49449157714844,233.39724731445312,233.93695068359375,233.67469787597656,-0.2622479498386383,0.0,0.0,nan,nan,nan,nan
2273,769.6102435402572,3.154140342378103,244.0,1.079184532577657,0.3497014654540628,0.9221311475409836,1.3603007168362706,26.008452439722078,224.41404724121094,233.33480834960938,234.01486206054688,234.34503173828125,0.3301449716091156,0.0,0.0,nan,nan,nan,nan
2274,667.3333743177354,2.746227877850763,243.0,1.0586135405276729,0.34726224265072336,0.9382716049382716,1.3916307782780553,-74.28809076110429,196.51022338867188,223.31886291503906,224.03125,223.066162109375,-0.9650992751121521,0.0,0.0,nan,nan,nan,nan
2275,571.6228704601526,2.4745578807798814,231.0,1.132868315232868,0.38087764189915907,0.9393939393939394,1.4254699439111271,-146.23468235834105,173.1830291748047,214.96099853515625,215.6801300048828,216.67263793945312,0.9925262331962585,0.0,0.0,nan,nan,nan,nan
2276,1361.9935346730053,3.362946999192606,405.0,1.0852534735824126,0.35533187486537465,0.9209876543209876,1.3836729559765295,299.5592540794946,278.8871765136719,274.3436279296875,274.8628234863281,275.7738952636719,0.9110537171363831,0.0,0.0,nan,nan,nan,nan
2277,968.0848689377308,3.2269495631257694,300.0,1.0646100374329956,0.34573035667980245,0.9233333333333333,1.374985082259015,113.58482062224766,247.36058044433594,232.67520141601562,233.2632293701172,233.2159881591797,-0.047251079231500626,0.0,0.0,nan,nan,nan,nan
2278,1284.3418068885803,3.3273103805403634,386.0,1.0933431487959255,0.3571056822833198,0.8911917098445595,1.3724690224096974,259.53372070728415,273.1409606933594,239.73809814453125,240.24366760253906,242.58114624023438,2.337489366531372,0.0,0.0,nan,nan,nan,nan
2279,904.3801083285362,3.045050869793051,297.0,1.1015196431967782,0.36333936095923947,0.9090909090909091,1.3950630949426854,55.82103807813951,232.87351989746094,246.275390625,246.79898071289062,246.85098266601562,0.05197998881340027,0.0,0.0,nan,nan,nan,nan
2280,1039.886676326394,3.1898364304490614,326.0,1.113624362253135,0.36404614270980673,0.911042944785276,1.4053389490405965,133.8981514468278,251.1248016357422,241.3826904296875,241.86257934570312,241.96353149414062,0.10093136876821518,0.0,0.0,nan,nan,nan,nan
2281,484.08351451158524,2.384647854736873,203.0,1.1146496130522043,0.3740246485934435,0.9261083743842364,1.4008737457675102,-178.32490969943444,157.1690673828125,216.9211883544922,217.6760711669922,217.34051513671875,-0.3355393409729004,0.0,0.0,nan,nan,nan,nan
2282,1427.4578732326627,3.1580926398952713,452.0,1.0892538801473184,0.3579278919406214,0.9380530973451328,1.393085841100174,271.9482696194634,271.4350891113281,263.86822509765625,264.2188415527344,263.58270263671875,-0.6361364722251892,0.0,0.0,nan,nan,nan,nan
2283,549.0913920998573,2.4733846490984566,222.0,1.0864406026139029,0.355303803588772,0.9414414414414415,1.391775129427477,-150.94322652337678,173.7909698486328,204.45074462890625,205.1968536376953,203.4687042236328,-1.7281466722488403,0.0,0.0,nan,nan,nan,nan
2284,921.0430376898148,2.9332580818146967,314.0,1.0934604885736774,0.35404218819991917,0.9490445859872612,1.3898837964344295,38.818425070594685,232.5399627685547,221.96287536621094,222.50955200195312,222.93267822265625,0.4231117367744446,0.0,0.0,nan,nan,nan,nan
2285,728.5350377652794,2.9025300309373683,251.0,1.1294521171189702,0.3759271482837358,0.896414342629482,1.4097385350928862,-28.929035487124338,211.4205322265625,226.72549438476562,227.35816955566406,226.0676727294922,-1.2905219793319702,0.0,0.0,nan,nan,nan,nan
2286,1406.4737821519375,3.2861536966166764,428.0,1.1030840214558544,0.3624863982497735,0.9299065420560748,1.4035363325420946,298.4920030594303,278.7139587402344,245.7945556640625,246.2117919921875,247.53941345214844,1.3276052474975586,0.0,0.0,nan,nan,nan,nan
2287,674.9126104712486,2.8477325336339603,237.0,1.0894342550355887,0.35902411853850386,0.9451476793248945,1.3990982259805076,-54.826898477418126,203.0980224609375,215.7764892578125,216.52182006835938,216.1902618408203,-0.3315506875514984,0.0,0.0,nan,nan,nan,nan
2288,1034.2845971374772,3.0874167078730665,335.0,1.0568666429509948,0.3453166414228898,0.9164179104477612,1.3782865588551956,110.47313806265151,248.5991668701172,237.8340301513672,238.30258178710938,238.1488800048828,-0.1536950021982193,0.0,0.0,nan,nan,nan,nan
2289,622.3622592333704,2.8813067557100482,216.0,1.0819071415092962,0.35055440417717265,0.9351851851851852,1.3822520276013688,-65.79040325969072,195.87152099609375,211.37413024902344,212.17343139648438,210.68724060058594,-1.4861891269683838,0.0,0.0,nan,nan,nan,nan
2290,309.1833083704114,2.0208059370615126,153.0,1.1106662071892228,0.3701696953323339,0.9477124183006536,1.4049997996973826,-254.20881475583326,115.74923706054688,189.77037048339844,190.96649169921875,193.15199279785156,2.185481548309326,0.0,0.0,nan,nan,nan,nan
2291,884.4642845913768,3.158801016397774,280.0,1.1033020651531291,0.3629456347999665,0.9392857142857143,1.4151292998580574,69.57075670980362,238.72450256347656,220.72154235839844,221.36183166503906,219.935302734375,-1.4265168905258179,0.0,0.0,nan,nan,nan,nan
2292,934.403876138851,3.1043318144147873,301.0,1.0741658946949257,0.34928134595262994,0.9235880398671097,1.3839969438434863,77.92350180167227,242.14617919921875,233.8861846923828,234.4280548095703,233.13470458984375,-1.2933449745178223,0.0,0.0,nan,nan,nan,nan
2293,868.5843040235341,2.9443535729611323,295.0,1.1088999598426157,0.36254151860257944,0.9050847457627119,1.3876087923891371,23.98588581652848,229.10552978515625,234.04762268066406,234.6572265625,234.6158905029297,-0.04132535308599472,0.0,0.0,nan,nan,nan,nan
2294,615.577872739872,2.8367643905063225,217.0,1.0657230354914504,0.3464783266672762,0.8709677419354839,1.3787852389004067,-74.55511577488471,189.9320831298828,216.0321502685547,216.87680053710938,214.97592163085938,-1.900886058807373,0.0,0.0,nan,nan,nan,nan
2295,789.170194093138,2.922852570715326,270.0,1.0701726700509577,0.3544956829983103,0.9,1.370122557783671,-5.920073571480316,215.3734130859375,232.7849578857422,233.49749755859375,232.64218139648438,-0.85528564453125,0.0,0.0,nan,nan,nan,nan
2296,1726.6793194673955,3.3462777509058053,516.0,1.0895153442855476,0.35407800988827903,0.9205426356589147,1.3988696020119402,444.42885046568426,294.20904541015625,247.45069885253906,247.7995147705078,247.31092834472656,-0.48858267068862915,0.0,0.0,nan,nan,nan,nan
2297,798.2537584044039,2.8306870865404394,282.0,1.1092025153909395,0.3687633843691364,0.9113475177304965,1.4081047583683157,-20.600421520560303,214.7527313232422,222.0306854248047,222.62864685058594,222.0701446533203,-0.5585124492645264,0.0,0.0,nan,nan,nan,nan
2298,1493.5184200108051,3.191278675236763,468.0,1.0912206695302338,0.35660112535937866,0.9230769230769231,1.3916275743777966,306.32360005047803,278.3531188964844,253.407470703125,253.7501678466797,254.1986846923828,0.44852012395858765,0.0,0.0,nan,nan,nan,nan
2299,695.3247373080812,2.873242716149096,242.0,1.0777773933180463,0.3540994405498556,0.9297520661157025,1.3917931320859995,-44.31640174906295,201.92535400390625,218.5553741455078,219.17799377441406,218.2071990966797,-0.970793604850769,0.0,0.0,nan,nan,nan,nan
2300,1648.0807147049345,3.2635261677325436,505.0,1.0780733042942572,0.3509964071305161,0.9148514851485149,1.3813217552953656,387.61383194187374,285.6817321777344,260.8601989746094,261.1977233886719,261.5653991699219,0.36768990755081177,0.0,0.0,nan,nan,nan,nan
2301,444.45098909083754,2.2792358414914746,195.0,1.0743691559565591,0.3456681086140502,0.9692307692307692,1.417110111618719,-202.11482694661822,148.6046905517578,170.96824645996094,171.88929748535156,170.66868591308594,-1.2206087112426758,0.0,0.0,nan,nan,nan,nan
2302,710.9170535057783,3.0909437108946882,230.0,1.0983513826718936,0.3576592342906118,0.9434782608695652,1.4087277171201689,-4.960173291019828,218.70445251464844,213.75950622558594,214.52239990234375,213.4539031982422,-1.068477749824524,0.0,0.0,nan,nan,nan,nan
2303,1105.0729643688537,3.130518312659642,353.0,1.1350967428576735,0.3732094109955459,0.9178470254957507,1.4257991220195718,145.61563690350908,252.24554443359375,243.76315307617188,244.22454833984375,244.6731414794922,0.4485887885093689,0.0,0.0,nan,nan,nan,nan
2304,692.1554986133706,2.9453425472909385,235.0,1.0854493032729362,0.3544525609051162,0.9574468085106383,1.4168352343464534,-33.623358291905106,209.21463012695312,209.52809143066406,210.30410766601562,209.13198852539062,-1.1721482276916504,0.0,0.0,nan,nan,nan,nan
2305,1175.4864451400936,3.006359194731697,391.0,1.0470523156714773,0.338655975719596,0.9207161125319693,1.3621688556059623,140.77672885031984,252.83779907226562,244.76710510253906,245.26568603515625,246.19406127929688,0.9283621311187744,0.0,0.0,nan,nan,nan,nan
2306,65.76680490374565,0.8887406068073737,74.0,0.9984947734216447,0.3273451554714566,0.9864864864864865,1.3348505650267353,-341.1795625085545,32.62394332885742,138.196533203125,139.3128662109375,134.65435791015625,-4.6585001945495605,0.0,0.0,nan,nan,nan,nan
2307,767.9530596770346,2.8654964913322187,268.0,1.1025028752922528,0.3617084436822307,0.9365671641791045,1.4007726604470607,-23.176555944192614,217.10107421875,203.71852111816406,204.31378173828125,203.0160369873047,-1.2977527379989624,0.0,0.0,nan,nan,nan,nan
2308,926.8179828897119,3.1311418340868644,296.0,1.1054146176325652,0.36503649196930454,0.9054054054054054,1.3984668628031387,80.23923866101063,240.3531951904297,250.2954559326172,250.87290954589844,251.2815399169922,0.40862980484962463,0.0,0.0,nan,nan,nan,nan
2309,1188.6255718348548,3.1362152291157117,379.0,1.085334748328558,0.35840153077814585,0.9287598944591029,1.3870917203723323,177.679767805427,258.04351806640625,249.98086547851562,250.43869018554688,248.76776123046875,-1.6709164381027222,0.0,0.0,nan,nan,nan,nan
2310,506.03591779619455,2.386961876397144,212.0,1.1198872857401174,0.3768210839633003,0.9009433962264151,1.3893216253466933,-174.1954406100847,165.40798950195312,220.9324493408203,221.80276489257812,221.74319458007812,-0.05957247316837311,0.0,0.0,nan,nan,nan,nan
2311,1108.5060727111995,3.131373086754801,354.0,1.0663183347493017,0.3486430781026812,0.9293785310734464,1.3528819888984742,147.06841922415924,255.7456817626953,239.76768493652344,240.3170166015625,241.5364990234375,1.219507098197937,0.0,0.0,nan,nan,nan,nan
2312,1294.9380224123597,2.9564795032245654,438.0,1.099338372495212,0.3626549656520865,0.9200913242009132,1.3955064026075132,167.15298310289745,256.35260009765625,255.17356872558594,255.55604553222656,255.1362762451172,-0.4197703003883362,0.0,0.0,nan,nan,nan,nan
2313,523.6246160045266,2.5667873333555224,204.0,1.075020019130938,0.34700740963013066,0.9362745098039216,1.372141174177406,-140.7641342281886,166.6388702392578,210.35964965820312,211.09494018554688,209.49903869628906,-1.5959221124649048,0.0,0.0,nan,nan,nan,nan
2314,265.0512816342525,1.9068437527644067,139.0,1.1290414634821357,0.3756497973637327,0.8705035971223022,1.3785191986913807,-270.61627718825514,100.1501693725586,192.6198272705078,193.88748168945312,191.9376678466797,-1.9498369693756104,0.0,0.0,nan,nan,nan,nan
2315,958.583542170003,3.1741176893046457,302.0,1.1290181701958075,0.3703078795928574,0.9105960264900662,1.4243946480129914,100.12284181112886,244.92340087890625,240.79345703125,241.3382110595703,242.57484436035156,1.2365984916687012,0.0,0.0,nan,nan,nan,nan
2316,671.9622021429241,2.788224905157361,241.0,1.1409024101787304,0.3777821250162864,0.921161825726141,1.4270415646374783,-65.69861089252458,198.6799774169922,214.43917846679688,215.1633758544922,215.98765563964844,0.8242491483688354,0.0,0.0,nan,nan,nan,nan
2317,870.2716761752963,3.119253319624718,279.0,1.094927275612409,0.3590568651579011,0.9175627240143369,1.3835976232435268,57.35847431541856,234.6944122314453,224.72776794433594,225.41879272460938,225.37020874023438,-0.04857807606458664,0.0,0.0,nan,nan,nan,nan
2318,587.5422885529697,2.5216407234033036,233.0,1.06623318509402,0.35203310659119275,0.8927038626609443,1.366519772816898,-134.27591630891493,180.31312561035156,200.3822784423828,201.07652282714844,200.97044372558594,-0.10608457028865814,0.0,0.0,nan,nan,nan,nan
2319,1296.8785695880651,3.058675871669965,424.0,1.0787703912191324,0.3554761979764905,0.9080188679245284,1.3783015574998925,196.81809458233988,256.77593994140625,260.08343505859375,260.4588317871094,261.71868896484375,1.2598490715026855,0.0,0.0,nan,nan,nan,nan
2320,1005.7486947458237,2.98441749182737,337.0,1.0725562336698116,0.3505011240885622,0.913946587537092,1.3760707756736066,77.97658362760694,238.0430908203125,233.4431610107422,233.90724182128906,233.21710205078125,-0.6901540160179138,0.0,0.0,nan,nan,nan,nan
2321,575.2162034362555,2.591063979442592,222.0,1.1089593084416158,0.3665165393792009,0.9144144144144144,1.409797786262525,-124.81841518697865,181.91615295410156,198.27919006347656,199.03668212890625,200.3352508544922,1.2985649108886719,0.0,0.0,nan,nan,nan,nan
2322,822.8831923604012,3.1288334310281414,263.0,1.0919427267837045,0.3574343964195836,0.9315589353612167,1.4098872181980027,41.65520684765147,231.06016540527344,226.38890075683594,226.99388122558594,227.0333251953125,0.03945818543434143,0.0,0.0,nan,nan,nan,nan
2323,393.83211378753185,2.2376824647018854,176.0,1.0590630525775824,0.34053469020882127,0.9488636363636364,1.3918813901662113,-215.10750783770936,137.09027099609375,192.995849609375,194.10491943359375,198.40762329101562,4.302735328674316,0.0,0.0,nan,nan,nan,nan
2324,1154.8134829271585,3.1127048057335807,371.0,1.0800811283410074,0.3537101946801321,0.9056603773584906,1.3800627379423225,159.71028707129472,253.95599365234375,254.00949096679688,254.5384521484375,254.20323181152344,-0.3352348208427429,0.0,0.0,nan,nan,nan,nan
2325,1312.295166477561,3.508810605554976,374.0,1.0780221360164464,0.3506248990800514,0.9117647058823529,1.3817118596794746,311.25099255661075,286.8111572265625,239.83665466308594,240.2967071533203,241.664306640625,1.3675942420959473,0.0,0.0,nan,nan,nan,nan
2326,353.6568194422871,2.068168534750217,171.0,1.1008123804520338,0.36396350398238525,0.935672514619883,1.3846516002682892,-245.38117207447658,125.26902770996094,197.49378967285156,198.5146942138672,197.5941162109375,-0.9205787777900696,0.0,0.0,nan,nan,nan,nan
2327,591.6238796487451,2.7775768997593664,213.0,1.1086589500069237,0.36350375763395665,0.9014084507042254,1.4024292622703123,-90.5878047792296,187.5379638671875,215.2725830078125,216.04649353027344,215.38336181640625,-0.6631295680999756,0.0,0.0,nan,nan,nan,nan
2328,1158.4435025116109,3.272439272631669,354.0,1.1183990433231132,0.36718500851674446,0.8813559322033898,1.3979382760291674,197.00584902457058,263.96746826171875,255.4388427734375,255.9416961669922,256.55975341796875,0.6180810332298279,0.0,0.0,nan,nan,nan,nan
2329,1085.5751862749457,3.2022866851768312,339.0,1.0868779111744362,0.35832323239257263,0.9144542772861357,1.3861393699514943,153.8424231133381,256.78411865234375,243.52212524414062,244.00144958496094,244.14694213867188,0.145510733127594,0.0,0.0,nan,nan,nan,nan
2330,459.4100191933103,2.655549243891967,173.0,1.0862100718743084,0.3551850836184136,0.9248554913294798,1.3737742305148233,-143.58862436684444,160.23524475097656,192.48709106445312,193.53488159179688,192.5786895751953,-0.9561836123466492,0.0,0.0,nan,nan,nan,nan
2331,859.6519372633193,2.9643170250459283,290.0,1.0910110209839117,0.35891472281066533,0.896551724137931,1.390317578510456,24.95514916479101,222.81246948242188,245.98574829101562,246.5841064453125,246.4612579345703,-0.1228725016117096,0.0,0.0,nan,nan,nan,nan
2332,1635.361027859617,3.344296580490014,489.0,1.085050817757134,0.35189690213476593,0.9263803680981595,1.3854485997809312,406.5793614436843,291.7455139160156,260.2788391113281,260.6151123046875,260.3782958984375,-0.2368236482143402,0.0,0.0,nan,nan,nan,nan
2333,549.5870200206991,2.680912292783898,205.0,1.0643106300636676,0.3497666169944167,0.9658536585365853,1.3845549552398608,-116.7820562337115,179.24142456054688,211.9798583984375,212.76710510253906,212.05328369140625,-0.7138190865516663,0.0,0.0,nan,nan,nan,nan
2334,824.3595352619886,2.513291266042648,328.0,1.0709321126968878,0.3472653972176937,0.9237804878048781,1.3920288291747196,-85.58964166096848,205.0322723388672,211.02415466308594,211.5625,209.573974609375,-1.988527774810791,0.0,0.0,nan,nan,nan,nan
2335,649.6954449750483,2.812534393831378,231.0,1.0919876249776206,0.3603989069983923,0.9264069264069265,1.4002372522422777,-68.16210784344537,197.37411499023438,222.9915313720703,223.8383026123047,224.1431884765625,0.3048798441886902,0.0,0.0,nan,nan,nan,nan
2336,3.817608080804348,0.27268629148602486,14.0,1.0841842171391607,0.3495545498243744,0.8571428571428571,1.3111083159600734,-284.3091980297658,4.022834400529973e-05,177.74049377441406,179.67091369628906,177.5305633544922,-2.140331745147705,0.0,0.0,nan,nan,nan,nan
2337,1009.779451591894,3.116603245653994,324.0,1.0975357819055411,0.35917717645997793,0.9197530864197531,1.4001347384472975,107.75157875571881,243.12246704101562,244.9781036376953,245.57504272460938,245.17466735839844,-0.4003962278366089,0.0,0.0,nan,nan,nan,nan
2338,256.2029102263041,2.1350242518858673,120.0,1.1316032413990158,0.37713063039902617,0.875,1.4055984297466009,-241.83845418398909,106.84744262695312,195.32350158691406,197.02772521972656,193.63674926757812,-3.390972375869751,0.0,0.0,nan,nan,nan,nan
2339,628.1837215423584,2.84246027847221,221.0,1.1060152843421016,0.36576945119932314,0.9457013574660633,1.3940339606541192,-69.87057105918029,195.05487060546875,231.95651245117188,232.61761474609375,230.99586486816406,-1.6217557191848755,0.0,0.0,nan,nan,nan,nan
2340,1127.8639000272378,3.0318922043742953,372.0,1.0799701685815732,0.35508278690561856,0.9381720430107527,1.391330615589008,130.78037814967865,249.1519012451172,256.6417541503906,257.1331481933594,256.8925476074219,-0.24060411751270294,0.0,0.0,nan,nan,nan,nan
2341,953.742850497365,3.127025739335623,305.0,1.1031193803018167,0.36167837733302977,0.9245901639344263,1.4010431779674584,89.34117207340432,242.80145263671875,222.2772979736328,222.8146514892578,223.23324584960938,0.41860318183898926,0.0,0.0,nan,nan,nan,nan
2342,819.9565209299326,3.190492299338259,257.0,1.0932829608682582,0.35981610514552437,0.8910505836575876,1.376908545544349,50.61049154735588,233.28086853027344,215.50941467285156,216.14999389648438,216.2052459716797,0.05528018996119499,0.0,0.0,nan,nan,nan,nan
2343,549.2173110991716,2.542672736570239,216.0,1.1111125470385792,0.36868475655941396,0.9074074074074074,1.4054452247844065,-138.9353513938895,172.7471466064453,210.2633819580078,211.15184020996094,210.17654418945312,-0.9752834439277649,0.0,0.0,nan,nan,nan,nan
2344,220.79614270851016,1.919966458334871,115.0,1.0508745720777461,0.34662490443949096,0.8956521739130435,1.3730212236739827,-267.3435915933055,89.61132049560547,171.5394287109375,173.29148864746094,174.66685485839844,1.3753188848495483,0.0,0.0,nan,nan,nan,nan
2345,870.7952146567404,3.0879262931090086,282.0,1.077281162738494,0.3531069829433895,0.8936170212765957,1.3843614438534655,51.9410347317762,231.54583740234375,236.8606719970703,237.43162536621094,238.1831817626953,0.751541018486023,0.0,0.0,nan,nan,nan,nan
2346,750.4962369762361,2.8644894541077712,262.0,1.1254795588911148,0.3748462269113472,0.9312977099236641,1.4013311122976142,-28.75142251481816,208.461181640625,234.68637084960938,235.31446838378906,235.28378295898438,-0.030695471912622452,0.0,0.0,nan,nan,nan,nan
2347,442.0856674313545,2.4976591380302517,177.0,1.076980749671777,0.3557497849902787,0.9265536723163842,1.39264252730604,-168.8342802155821,156.8634490966797,180.96351623535156,181.90830993652344,182.06224060058594,0.15393061935901642,0.0,0.0,nan,nan,nan,nan
2348,1008.9067196026444,3.057293089704983,330.0,1.1141964120288999,0.3667411833906292,0.9121212121212121,1.403797679095712,94.99689063629626,241.35379028320312,236.57064819335938,237.10728454589844,237.7626953125,0.6553570628166199,0.0,0.0,nan,nan,nan,nan
2349,883.2312398306094,2.914954586899701,303.0,1.0802764153639477,0.3517318901101822,0.9438943894389439,1.381221664415444,22.7902134500398,224.60055541992188,240.28207397460938,240.80506896972656,239.849365234375,-0.9557197093963623,0.0,0.0,nan,nan,nan,nan
2350,766.4148033413803,2.9706000129510866,258.0,1.1001150100455686,0.3594482963056742,0.9108527131782945,1.388960026258303,-4.911552062891815,217.9844970703125,220.605224609375,221.234375,221.37164306640625,0.1372987926006317,0.0,0.0,nan,nan,nan,nan
2351,858.5069838864729,3.1105325503133074,276.0,1.0929859358320178,0.35428497171959017,0.9311594202898551,1.3927620527628386,51.53476009168162,235.97622680664062,214.85023498535156,215.45162963867188,213.97901916503906,-1.4726042747497559,0.0,0.0,nan,nan,nan,nan
2352,384.1022631935775,2.4006391449598596,160.0,1.0800347290971477,0.35961207630292236,0.9,1.3672288772200976,-193.15214208453563,140.09280395507812,184.25607299804688,185.303466796875,186.8007049560547,1.4972469806671143,0.0,0.0,nan,nan,nan,nan
2353,1104.5943889170885,3.051365715240576,362.0,1.0712014991754755,0.3460042639126588,0.9392265193370166,1.3773613151676463,127.31412725648443,251.6045684814453,237.97988891601562,238.5532684326172,239.5645294189453,1.0112555027008057,0.0,0.0,nan,nan,nan,nan
2354,934.6000412404537,2.938993840378785,318.0,1.0968911107108015,0.36504453486205024,0.9245283018867925,1.3905497929217108,44.454124534451466,232.20233154296875,228.1039276123047,228.671142578125,228.11581420898438,-0.5553390979766846,0.0,0.0,nan,nan,nan,nan
2355,764.196344733471,2.7688273359908373,276.0,1.0940975769807118,0.3545273850814795,0.9202898550724637,1.4030969655455154,-42.77587906132021,209.95046997070312,210.90843200683594,211.42892456054688,210.21714782714844,-1.2117854356765747,0.0,0.0,nan,nan,nan,nan
2356,720.9771602358669,2.9548244271961757,244.0,1.1165579659412073,0.3706187743699077,0.889344262295082,1.4235747793986724,-22.624630864668234,210.93125915527344,223.43280029296875,224.15603637695312,225.62228393554688,1.4662120342254639,0.0,0.0,nan,nan,nan,nan
2357,545.7672022152692,2.414899124846324,226.0,1.0869412418411042,0.35573714940223544,0.9292035398230089,1.3698806498202833,-162.18872049474703,173.2320098876953,188.17022705078125,188.9701690673828,189.81605529785156,0.845893383026123,0.0,0.0,nan,nan,nan,nan
2358,672.4963593669236,3.0707596318124364,219.0,1.059933844647964,0.3447297550271842,0.908675799086758,1.389992819715614,-21.597281191224056,209.6064453125,217.6189422607422,218.4302520751953,217.6224822998047,-0.8077771663665771,0.0,0.0,nan,nan,nan,nan
2359,434.2989455303177,2.4398817164624593,178.0,1.1119141171917348,0.3663126355817446,0.9606741573033708,1.3772605390261417,-178.60132813831444,153.2133331298828,180.4194793701172,181.35931396484375,180.15243530273438,-1.2068676948547363,0.0,0.0,nan,nan,nan,nan
2360,1080.2042523175478,2.951377738572535,366.0,1.0918378844360814,0.35754044060033136,0.9262295081967213,1.4016887609595892,95.00268657016159,244.80682373046875,259.61480712890625,260.097412109375,259.7640075683594,-0.3334025740623474,0.0,0.0,nan,nan,nan,nan
2361,997.5184710007161,3.107534177572324,321.0,1.0985508873928351,0.36218564740638354,0.9127725856697819,1.389590317413454,101.43157622962735,243.61656188964844,240.9152069091797,241.41151428222656,241.8579864501953,0.44648176431655884,0.0,0.0,nan,nan,nan,nan
2362,675.510629426688,2.9116837475288273,232.0,1.1123899490802915,0.3685996196626725,0.896551724137931,1.3793624259319335,-44.32724941350125,204.56045532226562,200.3631134033203,201.05221557617188,200.30064392089844,-0.7515623569488525,0.0,0.0,nan,nan,nan,nan
2363,515.3258464187384,2.3005618143693676,224.0,1.0721237961682577,0.34771742110899057,0.9151785714285714,1.3937964162360361,-188.6694242478868,160.4306640625,187.35951232910156,188.0802459716797,188.24171447753906,0.16144220530986786,0.0,0.0,nan,nan,nan,nan
2364,811.1479184138589,3.168546556304136,256.0,1.084509483532401,0.35926052298335287,0.9375,1.3944918929729129,43.782215052977676,229.28257751464844,236.21737670898438,236.85972595214844,237.5458984375,0.6861497759819031,0.0,0.0,nan,nan,nan,nan
2365,377.8236656412482,2.391289023045875,158.0,1.0714598244975313,0.35386142536587883,0.9050632911392406,1.358031288132244,-195.47008759347398,139.51226806640625,168.30718994140625,169.4371337890625,169.15708923339844,-0.28002721071243286,0.0,0.0,nan,nan,nan,nan
2366,1033.081793796271,3.149639615232534,328.0,1.0968573607053385,0.3628659347599366,0.926829268292683,1.394182627587241,123.13261687331396,247.66046142578125,243.0332489013672,243.63229370117188,242.745849609375,-0.8864238262176514,0.0,0.0,nan,nan,nan,nan
2367,595.0220175237628,2.820009561723994,211.0,1.11320426772328,0.36615343815220397,0.919431279620853,1.3880837591231627,-83.22901486082083,191.0476531982422,203.64244079589844,204.38414001464844,201.6469268798828,-2.7372617721557617,0.0,0.0,nan,nan,nan,nan
2368,499.33800135552883,2.614335085631041,191.0,1.1073707366613244,0.36505647459557355,0.9162303664921466,1.390761871673038,-139.3065105951448,165.48684692382812,204.00973510742188,204.83328247070312,204.54681396484375,-0.2864789664745331,0.0,0.0,nan,nan,nan,nan
2369,1188.7979929875582,3.435832349675024,346.0,1.0871402109299335,0.3537964791886121,0.9248554913294798,1.3865578953862296,243.202947674082,278.3595886230469,229.99932861328125,230.46360778808594,231.513427734375,1.0498323440551758,0.0,0.0,nan,nan,nan,nan
2370,1105.8849978148937,3.2913243982586122,336.0,1.0546889289746573,0.3430962110892685,0.9404761904761905,1.3919473990811952,180.09321271837257,262.16998291015625,234.14108276367188,234.6480255126953,234.39968872070312,-0.24832379817962646,0.0,0.0,nan,nan,nan,nan
2371,838.1230317018926,2.7660826128775335,303.0,1.0988155778154443,0.3643439464962709,0.9504950495049505,1.4072362017868145,-22.317994678676996,212.80380249023438,241.907958984375,242.3898468017578,240.67654418945312,-1.7133193016052246,0.0,0.0,nan,nan,nan,nan
2372,232.55469889333472,1.7752267091094254,131.0,1.0784248108127752,0.3548301431366998,0.9236641221374046,1.3840334041072206,-287.270251755609,92.27993774414062,165.69143676757812,167.015380859375,169.36056518554688,2.345184564590454,0.0,0.0,nan,nan,nan,nan
2373,1058.3187670782208,3.2265816069457953,328.0,1.0921431834945392,0.35399741454815875,0.9420731707317073,1.3982684110820218,148.36959015526372,254.84329223632812,241.56573486328125,242.06983947753906,242.25186157226562,0.18204712867736816,0.0,0.0,nan,nan,nan,nan
2374,566.7965587750077,2.751439605703921,206.0,1.0834036739881705,0.3583701558231788,0.8980582524271845,1.3831412314807843,-101.55284350109844,182.06678771972656,214.7731475830078,215.50149536132812,216.8336944580078,1.3322045803070068,0.0,0.0,nan,nan,nan,nan
2375,1473.4048523915117,3.1618129879646175,466.0,1.070859287438547,0.3463821060276144,0.907725321888412,1.3788685779343408,290.1706844745754,273.77618408203125,250.7478485107422,251.10536193847656,250.16513061523438,-0.9402166604995728,0.0,0.0,nan,nan,nan,nan
2376,1953.4895313677844,3.373902472137797,579.0,1.0950460438243104,0.3570912805184556,0.9205526770293609,1.3802026454512324,546.4785229992565,301.121337890625,274.3079528808594,274.60693359375,276.0843200683594,1.4773763418197632,0.0,0.0,nan,nan,nan,nan
2377,1000.8467556089163,3.2389862641065252,309.0,1.1351471445645598,0.3716628817499072,0.9029126213592233,1.420715271799933,128.5237730981737,250.9445343017578,238.72764587402344,239.29383850097656,240.1072998046875,0.813448965549469,0.0,0.0,nan,nan,nan,nan
2378,604.7557265460491,2.629372724113257,230.0,1.0839907181020663,0.3527956901480902,0.9043478260869565,1.393880932368327,-111.12150025074902,183.6163787841797,214.53175354003906,215.15728759765625,215.5499267578125,0.39264607429504395,0.0,0.0,nan,nan,nan,nan
2379,554.0833314135671,2.4735863009534245,224.0,1.054276022709118,0.3436707432332739,0.96875,1.3692333856390495,-149.9119392530581,172.3576202392578,194.72840881347656,195.477294921875,194.18771362304688,-1.289577841758728,0.0,0.0,nan,nan,nan,nan
2380,932.9822210334241,3.173408915079674,294.0,1.0822092097543614,0.35026291504452073,0.9217687074829932,1.3812073547914534,90.36412884811398,241.97805786132812,230.90609741210938,231.47799682617188,231.3345489501953,-0.14347076416015625,0.0,0.0,nan,nan,nan,nan
2381,721.7100912388414,2.8082104717464644,257.0,1.0931907547928719,0.36035997786661234,0.9299610894941635,1.4135228176603694,-47.6359381437353,208.92543029785156,217.5468292236328,218.24998474121094,217.6511993408203,-0.5987775325775146,0.0,0.0,nan,nan,nan,nan
2382,1246.9816674813628,3.2138702770138217,388.0,1.0939456707953727,0.3570144222934768,0.9355670103092784,1.378192442305321,218.21292925667558,262.7203063964844,264.69854736328125,265.1121826171875,265.01220703125,-0.09997900575399399,0.0,0.0,nan,nan,nan,nan
2383,1008.5087955162999,1.0085087955163,1000.0,1.1480610336141004,0.3929742938139146,0.889,1.3934720319577791,-1232.2194679860331,92.588623046875,98.6478042602539,98.73692321777344,97.91095733642578,-0.825964093208313,0.0,0.0,nan,nan,nan,nan
2384,632.354944429826,2.9275691871751204,216.0,1.0842175414800614,0.3534047625004781,0.9166666666666666,1.3675226460621699,-55.79771806323515,197.44480895996094,211.93309020996094,212.70240783691406,212.42881774902344,-0.2735588252544403,0.0,0.0,nan,nan,nan,nan
2385,1005.3631286458694,3.18152888811984,316.0,1.0458096545981803,0.3407639627032869,0.9367088607594937,1.3716461155602866,119.17786398325825,252.00222778320312,220.44534301757812,221.03797912597656,220.67283630371094,-0.365150511264801,0.0,0.0,nan,nan,nan,nan
2386,852.171461745631,3.000603738540954,284.0,1.1062059492151612,0.36149044276093256,0.926056338028169,1.4069471411067198,29.356629777275657,230.3199920654297,216.57943725585938,217.2232666015625,215.40353393554688,-1.819743037223816,0.0,0.0,nan,nan,nan,nan
2387,388.6452110633254,2.2727790120662306,171.0,1.079025815055074,0.3487122304196112,0.9298245614035088,1.3880667359572834,-210.39278045343826,137.4829559326172,158.98362731933594,159.96961975097656,159.12229919433594,-0.8473207354545593,0.0,0.0,nan,nan,nan,nan
2388,206.70286923181266,1.5425587256105422,134.0,1.1068802465866334,0.36647480111467085,0.9029850746268657,1.3772196560527632,-319.06305948221757,79.23399353027344,168.7769317626953,170.19883728027344,169.27516174316406,-0.9236832857131958,0.0,0.0,nan,nan,nan,nan
2389,2114.6690996177495,3.4895529696662533,606.0,1.0807545792981463,0.3536433247490334,0.9174917491749175,1.381470693443892,654.1892886634432,315.6340026855469,278.6916198730469,279.0164489746094,278.29803466796875,-0.7184097766876221,0.0,0.0,nan,nan,nan,nan
2390,181.55388570018113,1.7975632247542686,101.0,1.0998862957706375,0.3544425446299603,0.9504950495049505,1.4128025993297701,-278.86128429789756,78.05950927734375,169.6138458251953,171.46633911132812,166.80972290039062,-4.656656265258789,0.0,0.0,nan,nan,nan,nan
2391,799.6540591270896,2.8256327177635674,283.0,1.1202446243576876,0.37165962071989633,0.9081272084805654,1.406097905063143,-21.18044681957008,211.69644165039062,228.33399963378906,228.89483642578125,228.35671997070312,-0.5381383895874023,0.0,0.0,nan,nan,nan,nan
2392,1321.0578660713509,3.3873278617214124,390.0,1.0962920830900063,0.35932401571722317,0.9282051282051282,1.3902723135787365,288.32847580327257,279.94610595703125,261.38372802734375,261.837890625,262.0622863769531,0.22438643872737885,0.0,0.0,nan,nan,nan,nan
2393,627.1205176655203,2.8121996307870867,223.0,1.0638427076411372,0.3487679809552022,0.9147982062780269,1.412013921912282,-74.89442697940945,199.2659912109375,201.9809112548828,202.69287109375,202.0166778564453,-0.676210343837738,0.0,0.0,nan,nan,nan,nan
2394,1000.8795351684093,3.187514443211495,314.0,1.0922866529245991,0.35583760198226716,0.910828025477707,1.3990111999077648,118.65492254918922,249.02047729492188,235.06448364257812,235.64207458496094,236.57623291015625,0.9341250061988831,0.0,0.0,nan,nan,nan,nan
2395,482.95641561597586,2.414782078079879,200.0,1.1023003211602254,0.35841699151225237,0.93,1.4005528980645363,-173.51103052995734,158.83970642089844,182.82496643066406,183.60401916503906,183.81680297851562,0.21276608109474182,0.0,0.0,nan,nan,nan,nan
2396,595.8152902666479,2.6598896886903924,224.0,1.1034233810675695,0.3585518163050611,0.9419642857142857,1.4060169219029675,-108.17998039997724,183.0861053466797,215.3296356201172,216.0965576171875,214.6730194091797,-1.4235212802886963,0.0,0.0,nan,nan,nan,nan
2397,980.3759735822678,3.2355642692484086,303.0,1.0730609758080079,0.34640779020623336,0.9207920792079208,1.3784853568557045,119.93494720169815,249.70387268066406,230.6503143310547,231.16944885253906,230.15000915527344,-1.0194891691207886,0.0,0.0,nan,nan,nan,nan
2398,962.5875472575426,3.1979652732808725,301.0,1.0620433667415607,0.3468171687563236,0.9501661129568106,1.3841993094169818,106.10717292036384,243.97451782226562,232.91236877441406,233.5278778076172,233.90936279296875,0.38149669766426086,0.0,0.0,nan,nan,nan,nan
2399,530.4900877326727,2.692843084937425,197.0,1.0920548651156927,0.35585570142465733,0.8984771573604061,1.3865118702618375,-120.0363803481739,179.0186004638672,191.42706298828125,192.148193359375,191.3107147216797,-0.837496280670166,0.0,0.0,nan,nan,nan,nan
2400,1077.8785256478004,2.8440066639783654,379.0,1.0860015879964604,0.3469041976532506,0.9498680738786279,1.3984885998991943,66.93272161837263,239.59046936035156,224.93661499023438,225.3458251953125,224.1858673095703,-1.1599690914154053,0.0,0.0,nan,nan,nan,nan
2401,670.9000386893749,2.8189077255856088,238.0,1.078879738517136,0.3537514774665299,0.9369747899159664,1.3721404546558265,-60.81979628098725,201.87721252441406,214.61422729492188,215.32763671875,215.1015625,-0.2260713279247284,0.0,0.0,nan,nan,nan,nan
2402,255.74834778532386,1.908569759591969,134.0,1.122492957430834,0.3684645353495583,0.9253731343283582,1.3961857274502696,-270.01758092870637,100.6889419555664,160.67117309570312,162.19032287597656,163.67881774902344,1.4884907007217407,0.0,0.0,nan,nan,nan,nan
2403,304.57936749979854,2.223207062042325,137.0,1.0515152055112071,0.3363547098724887,0.9416058394160584,1.3388450499235927,-227.12753927931817,118.8133316040039,150.7928009033203,152.07095336914062,156.29867553710938,4.227718830108643,0.0,0.0,nan,nan,nan,nan
2404,718.0418139901012,2.3619796512832276,304.0,1.0806694984452414,0.354407122033336,0.9144736842105263,1.375994723885966,-144.37953841216404,193.4256591796875,200.1229248046875,200.68344116210938,200.7974090576172,0.11396899819374084,0.0,0.0,nan,nan,nan,nan
2405,458.75069461599924,2.5772510933483104,178.0,1.1286069832154988,0.3767525007144273,0.9157303370786517,1.4323671436479335,-154.14957905263293,158.4822235107422,210.30271911621094,211.3961181640625,211.24949645996094,-0.1466204971075058,0.0,0.0,nan,nan,nan,nan
2406,1508.369204312563,3.300589068517643,457.0,1.1019074335284444,0.35988385780946863,0.9321663019693655,1.4057673677819726,342.95797059088613,284.1410217285156,257.432861328125,257.7749938964844,257.8118591308594,0.03686399757862091,0.0,0.0,nan,nan,nan,nan
2407,850.8457257281989,2.985423599046312,285.0,1.0822953280222325,0.35657179735223793,0.8947368421052632,1.350517208603951,26.050567738148175,225.4328155517578,240.49758911132812,241.05372619628906,239.87351989746094,-1.180230975151062,0.0,0.0,nan,nan,nan,nan
2408,932.2359401583672,3.248208850726018,287.0,1.0910545596531152,0.35562955386045364,0.9024390243902439,1.381533293294642,103.48013012492538,246.90077209472656,227.48207092285156,228.06101989746094,227.31256103515625,-0.7484483122825623,0.0,0.0,nan,nan,nan,nan
2409,389.1285147210583,2.126385326344581,183.0,1.0743291818889709,0.34686146686082614,0.9562841530054644,1.3917947619968436,-233.6733890560513,135.56564331054688,159.29653930664062,160.1273193359375,161.9638671875,1.8365265130996704,0.0,0.0,nan,nan,nan,nan
2410,1006.8888240943197,3.186357038273164,316.0,1.069350173027892,0.3481337493145544,0.9335443037974683,1.3743701945231988,120.70355943170853,249.16761779785156,246.81954956054688,247.35316467285156,246.78515625,-0.5679992437362671,0.0,0.0,nan,nan,nan,nan
2411,923.6577111184597,3.00865703947381,307.0,1.0986061892201777,0.3633079896354896,0.8892508143322475,1.396039661737724,55.29538065110796,234.84458923339844,238.11817932128906,238.65658569335938,239.005859375,0.34928131103515625,0.0,0.0,nan,nan,nan,nan
2412,1091.3191775231626,3.24797374262846,336.0,1.0928699349105382,0.35846181180139475,0.9077380952380952,1.3887165729786253,165.52739242664143,258.1901550292969,242.48330688476562,243.00958251953125,244.43438720703125,1.424798846244812,0.0,0.0,nan,nan,nan,nan
2413,1972.1864070668817,3.459976152748915,570.0,1.0745226152929315,0.3491606838978798,0.9350877192982456,1.3844337887743612,582.9983328936135,307.7894592285156,258.4804382324219,258.7626647949219,259.5068054199219,0.7441586256027222,0.0,0.0,nan,nan,nan,nan
2414,1465.1730121336877,3.4153217066053325,429.0,1.08279132425921,0.3533068841751832,0.9254079254079254,1.361558277636799,355.2109070194849,287.1411437988281,259.9479675292969,260.33050537109375,260.838623046875,0.5081465244293213,0.0,0.0,nan,nan,nan,nan
2415,1450.6602172590792,3.462196222575368,419.0,1.0906468638332827,0.35352788916438915,0.9069212410501193,1.3846958146343487,360.5013723618315,290.803955078125,244.3338623046875,244.7821807861328,245.8406219482422,1.0584367513656616,0.0,0.0,nan,nan,nan,nan
2416,469.24447621405125,2.62147752074889,179.0,1.0784591759276978,0.3466740821620876,0.9162011173184358,1.3594490672565132,-145.63612347627645,164.80809020996094,181.66758728027344,182.48974609375,181.1619415283203,-1.3278164863586426,0.0,0.0,nan,nan,nan,nan
2417,932.5821316465735,3.272218005777451,285.0,1.0576315740244504,0.3432455442789996,0.9333333333333333,1.380204990269325,107.78697365652283,245.94654846191406,223.46568298339844,224.07888793945312,225.2935333251953,1.2146308422088623,0.0,0.0,nan,nan,nan,nan
2418,667.0859787203372,2.7795249113347382,240.0,1.1094902593788225,0.3624947905925688,0.9166666666666666,1.4033562392787966,-68.59450829341608,198.8386688232422,226.89752197265625,227.59371948242188,227.23873901367188,-0.35495832562446594,0.0,0.0,nan,nan,nan,nan
2419,626.7625381536782,2.7980470453289206,224.0,1.1364478520818257,0.3809628345103798,0.8973214285714286,1.4118926965124765,-77.232732512947,192.7630157470703,216.51280212402344,217.19479370117188,217.33534240722656,0.140546053647995,0.0,0.0,nan,nan,nan,nan
2420,1864.9454802535474,3.6353713065371296,513.0,1.0876787074219547,0.3547364964384368,0.9200779727095516,1.4120879315590225,588.6359893169226,316.78948974609375,263.8123474121094,264.1730651855469,264.9843444824219,0.8112515211105347,0.0,0.0,nan,nan,nan,nan
2421,721.1359749350231,2.795100678042725,258.0,1.0942074386977578,0.3607969961185682,0.937984496124031,1.4007424818787642,-50.19038046924902,206.99777221679688,213.94541931152344,214.60919189453125,213.6107635498047,-0.9984167814254761,0.0,0.0,nan,nan,nan,nan
2422,485.6057536378503,2.120549142523364,229.0,1.0731470767590194,0.3515007414848624,0.9126637554585153,1.3735372547109332,-228.29114713725244,150.5617218017578,195.211181640625,195.96641540527344,192.77801513671875,-3.188401937484741,0.0,0.0,nan,nan,nan,nan
2423,672.9710299447179,2.8157783679695307,239.0,1.105277108936848,0.36641802370640475,0.895397489539749,1.4058530143162604,-60.72913104733982,200.08041381835938,224.83351135253906,225.68878173828125,225.7344207763672,0.04565669223666191,0.0,0.0,nan,nan,nan,nan
2424,455.08072518371046,2.2983875009278307,198.0,1.068505793567089,0.3447493641980828,0.9191919191919192,1.3682411383989201,-197.4260689188318,154.87437438964844,168.0963897705078,168.97024536132812,171.57481384277344,2.604548215866089,0.0,0.0,nan,nan,nan,nan
2425,672.7804692517966,2.8387361571805765,237.0,1.104768542469892,0.3607286568682154,0.9029535864978903,1.375298711699553,-56.95903969687015,202.42405700683594,222.32875061035156,223.05386352539062,222.72837829589844,-0.3255065977573395,0.0,0.0,nan,nan,nan,nan
2426,511.57365292310715,2.7954844422027714,183.0,1.0807983599591837,0.34896296631972745,0.9344262295081968,1.4012778249864768,-111.22825085400245,175.44407653808594,181.96035766601562,182.95587158203125,182.54135131835938,-0.414529025554657,0.0,0.0,nan,nan,nan,nan
2427,186.09388853609562,1.6182077264008314,115.0,1.032719365050609,0.3359083905944304,0.9565217391304348,1.3604273633723614,-302.04584576572006,70.64017486572266,148.68408203125,150.43341064453125,149.7881622314453,-0.645246148109436,0.0,0.0,nan,nan,nan,nan
2428,528.7705566473305,2.5793685690113684,205.0,1.0787708165721277,0.34810795013118934,0.9609756097560975,1.372280235246392,-137.5985196070801,175.50845336914062,178.06771850585938,178.86886596679688,174.5347137451172,-4.334156036376953,0.0,0.0,nan,nan,nan,nan
2429,438.5032655354589,2.3961927078440377,183.0,1.043897912226939,0.3368314320772024,0.9344262295081968,1.3589883489163033,-184.29863824165068,150.0862579345703,192.30950927734375,193.2942352294922,192.87167358398438,-0.42256155610084534,0.0,0.0,nan,nan,nan,nan
2430,488.87225863337517,2.3617017325283824,207.0,1.0771145298109208,0.3609183065436897,0.9178743961352657,1.3543584610736175,-181.45746966442653,156.5266571044922,218.45742797851562,219.23240661621094,218.19874572753906,-1.0336629152297974,0.0,0.0,nan,nan,nan,nan
2431,978.8943362440914,2.9396226313636378,333.0,1.0840451129022393,0.35796365376155886,0.9219219219219219,1.379948480957948,59.04352921265672,234.60250854492188,237.97283935546875,238.59454345703125,239.2855682373047,0.6909951567649841,0.0,0.0,nan,nan,nan,nan
2432,572.92515527457,2.4072485515738236,238.0,1.0898704080871806,0.3525267136175608,0.9327731092436975,1.3937575371206368,-158.79467969579218,174.22035217285156,172.74032592773438,173.40904235839844,175.18496704101562,1.7759337425231934,0.0,0.0,nan,nan,nan,nan
2433,588.6452543539926,2.581777431377161,228.0,1.07181828287556,0.3538361580366128,0.9166666666666666,1.3717271929839912,-123.27132039941455,181.27125549316406,224.8875732421875,225.5055389404297,225.83981323242188,0.3342604339122772,0.0,0.0,nan,nan,nan,nan
2434,584.2686890754849,2.5293016843094582,231.0,1.086278750376288,0.3552556524169464,0.9264069264069265,1.3815661770140646,-133.5888637430088,180.74896240234375,217.1602783203125,217.92762756347656,217.7535400390625,-0.17410685122013092,0.0,0.0,nan,nan,nan,nan
2435,578.5494122840464,2.7161944238687625,213.0,1.0952836831792396,0.36230351043333475,0.9342723004694836,1.3785505207860795,-103.66227214392825,183.92282104492188,209.83935546875,210.61007690429688,210.12254333496094,-0.48751091957092285,0.0,0.0,nan,nan,nan,nan
2436,799.1441589593887,3.1216568709351122,256.0,1.0928727729038834,0.35700882587048,0.90625,1.3986997019020193,31.77845559850755,227.89402770996094,221.03662109375,221.622802734375,222.457275390625,0.8344799280166626,0.0,0.0,nan,nan,nan,nan
2437,1510.369180843234,3.464149497346867,436.0,1.0658800028209163,0.34530726884009705,0.944954128440367,1.3831485567535804,386.54479357716286,291.2384033203125,264.7103576660156,265.1609191894531,265.6860046386719,0.5250910520553589,0.0,0.0,nan,nan,nan,nan
2438,1365.0450266590342,3.378824323413451,404.0,1.0736952286926673,0.34843665611012986,0.9405940594059405,1.3675724917233112,304.5910720872189,281.5933532714844,257.0601806640625,257.4914855957031,258.74114990234375,1.2496589422225952,0.0,0.0,nan,nan,nan,nan
2439,810.1448764801025,2.967563650110266,273.0,1.0776706186513378,0.35215451044908364,0.9230769230769231,1.3958414434028483,9.11363075039776,223.7423095703125,228.49659729003906,229.09783935546875,227.96128845214844,-1.1365762948989868,0.0,0.0,nan,nan,nan,nan
2440,1747.218350738287,3.5368792525066537,494.0,1.0931809003777169,0.3542200636449398,0.9311740890688259,1.4022207452331037,508.5350542138767,304.3492431640625,275.57086181640625,275.929443359375,276.89788818359375,0.9684652090072632,0.0,0.0,nan,nan,nan,nan
2441,783.4223249610513,3.171750303486038,247.0,1.087341517192922,0.3503493459789757,0.902834008097166,1.3787513602963553,33.879555795429724,226.2329559326172,213.0637664794922,213.69024658203125,213.29437255859375,-0.3958987891674042,0.0,0.0,nan,nan,nan,nan
2442,781.4801255278289,2.9827485707169044,262.0,1.0843776089833739,0.35223487489732364,0.9274809160305344,1.3998790591534451,2.2324660367746674,220.3345947265625,213.798095703125,214.4052734375,213.1806640625,-1.2245948314666748,0.0,0.0,nan,nan,nan,nan
2443,592.554407119751,2.730665470597931,217.0,1.1201183944297628,0.3677540252808863,0.8894009216589862,1.3984151567384833,-97.5785813950057,183.1770477294922,217.19859313964844,217.92568969726562,217.2295379638672,-0.6961426138877869,0.0,0.0,nan,nan,nan,nan
2444,1428.1279361844063,3.194917083186591,447.0,1.0724030789817491,0.35093322984093284,0.9217002237136466,1.3655428672676373,282.51996267968457,269.9344177246094,248.3561248779297,248.7718048095703,250.57826232910156,1.8064552545547485,0.0,0.0,nan,nan,nan,nan
2445,663.033196143806,2.559973730284965,259.0,1.0864247766532953,0.35767976256828166,0.9073359073359073,1.3844330971897654,-110.2734852821618,192.5113067626953,196.508056640625,197.17471313476562,198.40005493164062,1.2253419160842896,0.0,0.0,nan,nan,nan,nan
2446,783.4027869403362,2.8281689059217916,277.0,1.0325829305008682,0.3258446344945573,0.9602888086642599,1.3732946912996848,-25.549762876150453,212.07000732421875,200.5366973876953,201.12088012695312,201.12615966796875,0.005276704207062721,0.0,0.0,nan,nan,nan,nan
2447,921.7589132376015,3.200551782075005,288.0,1.05337547431936,0.34095301446463794,0.9166666666666666,1.3748822565512893,91.02277718246432,244.34364318847656,230.6318359375,231.2548065185547,233.25604248046875,2.0012502670288086,0.0,0.0,nan,nan,nan,nan
2448,585.0766319558024,2.6962056772156795,217.0,1.0722528524170756,0.3520011856770014,0.9170506912442397,1.3676564883453686,-105.05635655895423,186.17295837402344,209.1240997314453,209.8622589111328,209.4028778076172,-0.4593743085861206,0.0,0.0,nan,nan,nan,nan
2449,980.6839562244713,3.0361732390850507,323.0,1.103609502851104,0.3627812577036336,0.9040247678018576,1.3973547803668898,80.63640940999153,240.62904357910156,243.57899475097656,244.15179443359375,242.0030517578125,-2.1487576961517334,0.0,0.0,nan,nan,nan,nan
2450,1096.7738147247583,3.188295973037088,344.0,1.083484659736399,0.35085435291231504,0.9302325581395349,1.3780500983413246,155.13942145467308,258.1993408203125,226.5560302734375,227.0865936279297,227.4769744873047,0.39034315943717957,0.0,0.0,nan,nan,nan,nan
2451,2361.874497620389,3.6392519223734805,649.0,1.091796857558467,0.3519787636514561,0.9183359013867488,1.3925088805408736,816.240667733176,330.04864501953125,271.7631530761719,272.05010986328125,272.14263916015625,0.09253247082233429,0.0,0.0,nan,nan,nan,nan
2452,974.2462197970599,0.9742462197970599,1000.0,1.1190680451136787,0.3798614900890728,0.903,1.3897341563779964,-1266.482043705273,89.29727935791016,95.48079681396484,95.57477569580078,96.3014144897461,0.7266340851783752,0.0,0.0,nan,nan,nan,nan
2453,1438.8715656287968,3.4839505221036244,413.0,1.1033597732968976,0.35852663051756056,0.9152542372881356,1.3840200355247385,360.59467686172206,288.8799743652344,256.2779846191406,256.6526184082031,256.9568176269531,0.30423101782798767,0.0,0.0,nan,nan,nan,nan
2454,427.60536244511604,2.6233457818718775,163.0,1.106270634370593,0.365220846541622,0.9079754601226994,1.4050491758146864,-155.5900208980836,154.34266662597656,207.86843872070312,208.933349609375,208.99075317382812,0.057404592633247375,0.0,0.0,nan,nan,nan,nan
2455,743.9970963522792,2.7865059788474875,267.0,1.1025066508509256,0.35906985579695105,0.9288389513108615,1.3919789168917833,-45.1521932472524,207.06919860839844,212.19798278808594,212.93284606933594,214.41558837890625,1.4827286005020142,0.0,0.0,nan,nan,nan,nan
2456,1234.1875946952496,3.2650465468128296,378.0,1.1058874771576173,0.3616242104028664,0.9391534391534392,1.4034506946466032,225.22211668751743,265.2709045410156,255.5670928955078,256.0072021484375,256.3921203613281,0.384937584400177,0.0,0.0,nan,nan,nan,nan
2457,1676.023287750315,3.1210861969279606,537.0,1.0926225277108224,0.35937873402415743,0.931098696461825,1.3881438668753878,352.18597229299826,276.4405822753906,259.4585266113281,259.75469970703125,258.4255065917969,-1.3291622400283813,0.0,0.0,nan,nan,nan,nan
2458,1218.968444392085,3.2945093091677977,370.0,1.0666265351134852,0.3410961332799644,0.9324324324324325,1.4074221759131635,225.84557455791696,271.7344970703125,231.17408752441406,231.60140991210938,230.2777862548828,-1.3236171007156372,0.0,0.0,nan,nan,nan,nan
2459,772.7562080845237,2.995179101102805,258.0,1.094230735366973,0.3575525733953473,0.9224806201550387,1.385804557376008,1.4298526802515426,220.34202575683594,206.96702575683594,207.6283416748047,207.32168579101562,-0.30666103959083557,0.0,0.0,nan,nan,nan,nan
2460,1245.774258794263,3.153858883023451,395.0,1.0599623199211285,0.3432196109545837,0.9367088607594937,1.3837238269437844,203.14323841770738,262.3644714355469,260.83837890625,261.3989562988281,261.54620361328125,0.14722512662410736,0.0,0.0,nan,nan,nan,nan
2461,295.8739997157827,1.9088645142953722,155.0,1.1494130929944373,0.38058165923225373,0.9419354838709677,1.4023831855023352,-271.4787754538529,113.29037475585938,187.6566619873047,188.44033813476562,188.3381805419922,-0.10215877741575241,0.0,0.0,nan,nan,nan,nan
2462,489.34584653005004,2.352624262163702,208.0,1.1225570761584072,0.36624381389020316,0.9375,1.4209565839768261,-182.96420778944707,158.6494903564453,176.30709838867188,177.07681274414062,176.90809631347656,-0.16869427263736725,0.0,0.0,nan,nan,nan,nan
2463,648.4838485866785,2.8693975601180464,226.0,1.1003436717313388,0.3619973989442927,0.8584070796460177,1.3714156551516468,-59.472074123337734,198.7359619140625,219.37603759765625,220.1071319580078,219.4761962890625,-0.6309239268302917,0.0,0.0,nan,nan,nan,nan
2464,1286.6248478970956,3.249052646204787,396.0,1.0805297600795734,0.3555644319176862,0.9090909090909091,1.3811963636328453,242.01350149884433,272.0787048339844,258.27777099609375,258.7552490234375,258.0851135253906,-0.6701710820198059,0.0,0.0,nan,nan,nan,nan
2465,505.1409030314535,2.317160105648869,218.0,1.1069658125008395,0.36730501004843613,0.944954128440367,1.3982357465210997,-186.97241150499872,158.96792602539062,183.10665893554688,183.90603637695312,184.2753143310547,0.3692978024482727,0.0,0.0,nan,nan,nan,nan
2466,354.2663063071668,1.7537935955800337,202.0,1.0809352819158184,0.3530607202250538,0.8663366336633663,1.3731108881773006,-306.16179188215733,121.33384704589844,171.1596221923828,172.0080108642578,173.81602478027344,1.8080133199691772,0.0,0.0,nan,nan,nan,nan
2467,715.2997559159994,2.816140771322832,254.0,1.0929125109922824,0.3595613038468785,0.8976377952755905,1.3840523295819915,-48.10529540149082,204.82955932617188,229.59014892578125,230.2721710205078,230.05569458007812,-0.216498002409935,0.0,0.0,nan,nan,nan,nan
2468,660.5387416421436,2.871907572357146,230.0,1.0862480998121082,0.35130925070413427,0.9173913043478261,1.4079946759232984,-55.33848515465456,197.48513793945312,223.1195526123047,223.81423950195312,224.2357177734375,0.42146745324134827,0.0,0.0,nan,nan,nan,nan
2469,539.7365783601999,2.4203434007183855,223.0,1.0793663782352338,0.35936117989045213,0.8834080717488789,1.3862623273041133,-162.27836628472983,170.17941284179688,219.0024871826172,219.73590087890625,217.50189208984375,-2.2340307235717773,0.0,0.0,nan,nan,nan,nan
2470,1322.2645071744919,3.330641076006277,397.0,1.0815643873392842,0.3522356951707586,0.9269521410579346,1.3888797914502642,275.6728347545452,278.7615966796875,243.56129455566406,243.91432189941406,243.14920043945312,-0.7651106119155884,0.0,0.0,nan,nan,nan,nan
2471,715.7578897159547,2.9576772302312175,242.0,1.1250660732788442,0.3735934264329968,0.9173553719008265,1.393893380023428,-23.883249341189526,208.71009826660156,245.97943115234375,246.7004852294922,245.6836700439453,-1.0167750120162964,0.0,0.0,nan,nan,nan,nan
2472,582.6125586628914,2.3877563879626695,244.0,1.1214140797131666,0.3712745878022912,0.8852459016393442,1.409001240419794,-160.98923243764375,174.32859802246094,205.305908203125,205.9408416748047,206.33346557617188,0.3926297724246979,0.0,0.0,nan,nan,nan,nan
2473,1197.8526981230825,2.964981926047234,404.0,1.0867697704400314,0.35367570488251476,0.9381188118811881,1.3882330041871513,137.39874355126722,251.2158660888672,231.60183715820312,232.01779174804688,231.91494750976562,-0.10283593088388443,0.0,0.0,nan,nan,nan,nan
2474,1026.6938617303967,3.3334216289947944,308.0,1.0630887573791457,0.3448384108629256,0.9318181818181818,1.370596618280044,156.3512052413496,257.48175048828125,238.78565979003906,239.3240203857422,239.98797607421875,0.6639577746391296,0.0,0.0,nan,nan,nan,nan
2475,314.9074241220951,2.4411428226519,129.0,1.134898761740302,0.3709485127944956,0.8992248062015504,1.4093143615513355,-200.95687448345757,127.55992889404297,185.4598388671875,186.74234008789062,186.22802734375,-0.514297604560852,0.0,0.0,nan,nan,nan,nan
2476,789.9207690060139,2.438027064833376,324.0,1.066777370551673,0.34677215890037644,0.9166666666666666,1.378792030491058,-112.10710383016135,200.1771240234375,197.5515594482422,198.0318603515625,196.70252990722656,-1.3293401002883911,0.0,0.0,nan,nan,nan,nan
2477,485.25542797893286,2.4632255227356996,197.0,1.024662658384757,0.3338600153417851,0.9137055837563451,1.3407940868197175,-165.27104010191374,161.53860473632812,187.27520751953125,188.12213134765625,188.51150512695312,0.38937413692474365,0.0,0.0,nan,nan,nan,nan
2478,988.0180269032717,3.1871549254944247,310.0,1.0723991314296033,0.3454062069743066,0.9129032258064517,1.3869686992280237,113.71471837083345,250.3645477294922,227.53646850585938,228.0999298095703,227.84173583984375,-0.258165180683136,0.0,0.0,nan,nan,nan,nan
2479,1023.6341104730964,3.0925501826981763,331.0,1.092260989728368,0.36152934496774464,0.9214501510574018,1.4043189886627039,107.74395548505277,243.3885498046875,244.5986785888672,245.13467407226562,245.17861938476562,0.043936554342508316,0.0,0.0,nan,nan,nan,nan
2480,705.1802322417498,2.8782866622112233,245.0,1.0970579504108522,0.3641023507383715,0.8938775510204081,1.3870414857567446,-40.40188488048091,206.6882781982422,221.88807678222656,222.4992218017578,220.63307189941406,-1.8661404848098755,0.0,0.0,nan,nan,nan,nan
2481,432.1312647610903,2.572209909292204,168.0,1.1254971242957585,0.37251901105986374,0.8928571428571429,1.400191704701235,-160.9657486905869,150.3217315673828,216.22842407226562,217.27023315429688,216.3248291015625,-0.9453973174095154,0.0,0.0,nan,nan,nan,nan
2482,999.3778107613325,3.0468835693943066,328.0,1.1003131512509905,0.3639051382794672,0.8932926829268293,1.393042638025683,89.42863383837539,242.1532440185547,244.37266540527344,244.9522247314453,244.56692504882812,-0.3852995038032532,0.0,0.0,nan,nan,nan,nan
2483,733.2066172100604,3.0173111819344047,243.0,1.0849070236591465,0.3597464575071338,0.9218106995884774,1.3825042330961672,-8.414847868779361,216.27183532714844,236.0354766845703,236.7147674560547,235.90684509277344,-0.807913601398468,0.0,0.0,nan,nan,nan,nan
2484,753.109585577622,2.9190294014636513,258.0,1.0797007824572673,0.35560491422638874,0.9418604651162791,1.3670651039620578,-18.21676982665008,212.34828186035156,227.99134826660156,228.65118408203125,228.64389038085938,-0.007291513029485941,0.0,0.0,nan,nan,nan,nan
2485,17.775066059082747,0.6129333123821636,29.0,1.0907353337258359,0.35009573235165803,0.9310344827586207,1.4238898039617376,-300.05663037691994,7.283559799194336,176.31399536132812,177.0967254638672,174.38839721679688,-2.7083024978637695,0.0,0.0,nan,nan,nan,nan
2486,1284.103995591402,3.2263919487221155,398.0,1.0965066596241162,0.3616606420428816,0.9170854271356784,1.3748603212750081,235.53199714975995,268.095703125,254.7722625732422,255.24655151367188,254.97486877441406,-0.2716664969921112,0.0,0.0,nan,nan,nan,nan
2487,392.6274687368423,2.3510626870469595,167.0,1.0999627039293596,0.3590950110640601,0.9221556886227545,1.413806179770446,-198.48921869313938,142.52032470703125,173.7242889404297,174.65365600585938,174.53375244140625,-0.11991265416145325,0.0,0.0,nan,nan,nan,nan
2488,765.4932298604399,2.733904392358714,280.0,1.0956170825471787,0.3631753438739993,0.9214285714285714,1.3830170697595239,-49.40029802113327,204.9886474609375,227.1102752685547,227.73170471191406,226.7691650390625,-0.9625587463378906,0.0,0.0,nan,nan,nan,nan
2489,629.9174950271845,2.703508562348431,233.0,1.0572647302253593,0.34454574389583054,0.9313304721030042,1.3816689044408397,-91.90070983470014,188.42527770996094,204.65631103515625,205.478271484375,204.32064819335938,-1.157630205154419,0.0,0.0,nan,nan,nan,nan
2490,1138.3868137514219,3.197715768964668,356.0,1.088655301356869,0.3542840827107325,0.9353932584269663,1.3933236494043724,172.98850822099075,256.12957763671875,245.9927215576172,246.47520446777344,246.32962036132812,-0.14559027552604675,0.0,0.0,nan,nan,nan,nan
2491,907.4824095249642,2.7751755642965263,327.0,1.0702889905785953,0.3465673675623919,0.9296636085626911,1.3778531455797733,-0.4864413762975346,225.2333221435547,215.72402954101562,216.26284790039062,217.5433807373047,1.2805393934249878,0.0,0.0,nan,nan,nan,nan
2492,593.1572965234518,2.6130277379887743,227.0,1.0951909203365677,0.35669036039131424,0.9295154185022027,1.4364822444062344,-116.77895220825985,186.01861572265625,178.74781799316406,179.57174682617188,181.8875732421875,2.3158345222473145,0.0,0.0,nan,nan,nan,nan
2493,939.1585035473108,3.130528345157703,300.0,1.1044839457710116,0.3646398779399169,0.89,1.3932777854542484,84.6584552318277,239.6731719970703,246.46861267089844,247.0164031982422,245.98776245117188,-1.028629183769226,0.0,0.0,nan,nan,nan,nan
2494,604.7086547315121,2.7995771052384817,216.0,1.098521071215098,0.3645927173888201,0.8981481481481481,1.4191869152023904,-83.44400776154907,188.52032470703125,221.05230712890625,221.8845977783203,221.74334716796875,-0.14124450087547302,0.0,0.0,nan,nan,nan,nan
2495,283.0748159363866,2.0365094671682487,139.0,1.1280898066497107,0.3760426992456829,0.9280575539568345,1.3881233035284901,-252.59274288612107,111.16731262207031,186.11668395996094,187.3939971923828,187.9011688232422,0.5071479678153992,0.0,0.0,nan,nan,nan,nan
2496,623.0019085230306,2.6176550778278598,238.0,1.1030018039184284,0.3650858573327284,0.9117647058823529,1.3806111771171612,-108.71792644733159,188.43894958496094,214.90945434570312,215.61196899414062,216.26890563964844,0.6569486260414124,0.0,0.0,nan,nan,nan,nan
2497,263.3045367212035,1.7671445417530434,149.0,1.1403340343185002,0.37612165509130896,0.8657718120805369,1.3877605863507274,-292.16628231825916,95.96125793457031,172.51148986816406,173.70840454101562,173.7646026611328,0.05620088428258896,0.0,0.0,nan,nan,nan,nan
2498,490.17381109902635,2.500886791321563,196.0,1.110799952694555,0.36914525065307946,0.9336734693877551,1.4371311630509025,-158.37233096012483,163.10350036621094,187.0826873779297,187.91847229003906,186.25704956054688,-1.6614071130752563,0.0,0.0,nan,nan,nan,nan
2499,437.71847012639046,2.4590925287999466,178.0,1.0725946048517667,0.3489239618074487,0.9438202247191011,1.4012330244752347,-175.1818035422417,153.46990966796875,179.72447204589844,180.67047119140625,179.22274780273438,-1.4477249383926392,0.0,0.0,nan,nan,nan,nan
2500,1124.7613076493144,2.9598981780245115,380.0,1.1033712110088634,0.3645105684026994,0.9315789473684211,1.3887844815873058,111.8351775981912,247.20254516601562,253.7761993408203,254.21958923339844,253.35403442382812,-0.8655543327331543,0.0,0.0,nan,nan,nan,nan
2501,882.5887257952709,3.186240887347548,277.0,1.1098781333523806,0.35982360390996143,0.927797833935018,1.4198525813184504,73.6361759787842,237.4580535888672,220.51406860351562,221.2469940185547,221.18397521972656,-0.06302954256534576,0.0,0.0,nan,nan,nan,nan
2502,719.6068199872971,2.878427279949188,250.0,1.1247830833749668,0.3716803244448965,0.916,1.4065240094167437,-35.876927243411046,209.77896118164062,222.95068359375,223.64599609375,222.63270568847656,-1.0132949352264404,0.0,0.0,nan,nan,nan,nan
2503,1176.7064714375883,3.3053552568471583,356.0,1.0868071119542237,0.3561376094040814,0.901685393258427,1.3743063067810277,211.30816590715722,270.37451171875,239.43609619140625,239.87890625,240.30201721191406,0.4230789840221405,0.0,0.0,nan,nan,nan,nan
2504,1384.174000597559,2.836422132372047,488.0,1.0781386460818547,0.3511321545887708,0.9385245901639344,1.3752290177854873,157.37266020332163,250.32681274414062,234.37301635742188,234.7635955810547,235.31092834472656,0.5473223924636841,0.0,0.0,nan,nan,nan,nan
2505,578.9674309417605,2.810521509426022,206.0,1.1045601287316533,0.3558629424092518,0.9466019417475728,1.4048935152765754,-89.38197133434562,189.91807556152344,185.57615661621094,186.4185791015625,187.85391235351562,1.435370922088623,0.0,0.0,nan,nan,nan,nan
2506,679.7693923758343,2.955519097286236,230.0,1.1080835548560588,0.36474377216907905,0.9,1.3881684612165788,-36.107834420963854,206.49664306640625,230.07815551757812,230.78684997558594,228.84616088867188,-1.940691590309143,0.0,0.0,nan,nan,nan,nan
2507,1371.792102061212,3.370496565260963,407.0,1.0814919411509205,0.3559435025683631,0.9312039312039312,1.3789960824752496,305.3971694243103,277.7994079589844,265.3450622558594,265.69708251953125,264.4555358886719,-1.2415666580200195,0.0,0.0,nan,nan,nan,nan
2508,873.2144961282611,2.8629983479615118,305.0,1.1052559881798665,0.3632298624532328,0.9311475409836065,1.3771581614765136,8.812817704300414,226.36929321289062,224.5134735107422,225.134765625,225.12966918945312,-0.005102864466607571,0.0,0.0,nan,nan,nan,nan
2509,707.4095127523178,2.864006124503311,247.0,1.1024217193801196,0.3633950208391137,0.9311740890688259,1.3950540827230806,-42.1332564133038,207.79486083984375,228.05462646484375,228.68740844726562,228.97669982910156,0.2893151640892029,0.0,0.0,nan,nan,nan,nan
2510,858.5092467083305,2.842745850027584,302.0,1.1082428652158824,0.3675078116073355,0.9139072847682119,1.3854549760583175,0.048546349456273674,220.13369750976562,222.51551818847656,223.0868377685547,223.4626007080078,0.3757759630680084,0.0,0.0,nan,nan,nan,nan
2511,1359.673452198971,3.348949389652638,406.0,1.067031323013547,0.3474944406873609,0.9137931034482759,1.3750749513191678,295.2588455837649,277.7110290527344,265.9697570800781,266.44525146484375,266.803466796875,0.3582240641117096,0.0,0.0,nan,nan,nan,nan
2512,625.7214786484838,2.831318907911691,221.0,1.0502019313151685,0.3468253820640549,0.9366515837104072,1.3850070802839693,-72.33281395305494,193.13070678710938,222.3292236328125,223.10787963867188,222.42173767089844,-0.6861653327941895,0.0,0.0,nan,nan,nan,nan
2513,689.2812475506216,2.7461404284885322,251.0,1.0673514280428598,0.34840943752157233,0.9203187250996016,1.3715289690699934,-68.18282570178212,201.36817932128906,211.65484619140625,212.35610961914062,212.31336975097656,-0.04271719232201576,0.0,0.0,nan,nan,nan,nan
2514,1039.1079902909696,3.0119072182346946,345.0,1.0806851565970297,0.3488245170037622,0.9449275362318841,1.3741804141835976,95.49327099918901,240.60928344726562,240.47952270507812,240.90951538085938,240.49388122558594,-0.41558754444122314,0.0,0.0,nan,nan,nan,nan
2515,921.3759736716747,3.0110325936982836,306.0,1.1013973408026474,0.3651023221431316,0.9019607843137255,1.3641591293251316,54.993969226018635,235.08935546875,251.73373413085938,252.26217651367188,250.5853271484375,-1.6768852472305298,0.0,0.0,nan,nan,nan,nan
2516,722.6094177439809,2.8449189674959876,254.0,1.0890780783524274,0.35639250007769085,0.9409448818897638,1.386704488945334,-40.79563357350935,208.93003845214844,213.42376708984375,214.169677734375,213.75355529785156,-0.4161224663257599,0.0,0.0,nan,nan,nan,nan
2517,1089.7805398590863,3.1958373602905756,341.0,1.0825495552896331,0.35228410981199954,0.9002932551319648,1.3947374165453557,154.08712465408757,256.0680236816406,244.17333984375,244.66403198242188,243.6461944580078,-1.0178369283676147,0.0,0.0,nan,nan,nan,nan
2518,1466.0153600722551,3.4739700475645856,422.0,1.0629427260826407,0.3455920836989037,0.95260663507109,1.3780519374938072,369.91553710992093,293.1197814941406,254.28012084960938,254.6434326171875,254.4232940673828,-0.2201535701751709,0.0,0.0,nan,nan,nan,nan
2519,1131.1062579602003,3.0488039298118608,371.0,1.0897047045414499,0.3576175949148422,0.921832884097035,1.3848443156912487,136.00306210433655,251.12371826171875,249.86105346679688,250.30357360839844,249.1024627685547,-1.2010892629623413,0.0,0.0,nan,nan,nan,nan
2520,1060.707317467779,3.0219581694238715,351.0,1.0694621084931042,0.3457792105029602,0.9401709401709402,1.389324985511744,105.21064204582513,247.91546630859375,232.66334533691406,233.19871520996094,234.1570587158203,0.9583168029785156,0.0,0.0,nan,nan,nan,nan
2521,748.7563411705196,2.9362993771392927,255.0,1.0820834695053696,0.35710391147439585,0.9176470588235294,1.3718936934738972,-16.62903616866606,215.7262420654297,215.12551879882812,215.7920379638672,215.49310302734375,-0.29894259572029114,0.0,0.0,nan,nan,nan,nan
2522,559.9534903224558,2.592377270011369,216.0,1.1041592088257182,0.3627579633838549,0.9305555555555556,1.3920653190245853,-128.19917217060538,178.36940002441406,202.2294158935547,202.99400329589844,203.04684448242188,0.05283578112721443,0.0,0.0,nan,nan,nan,nan
2523,734.3288325636531,2.7921248386450688,263.0,1.0930787076346389,0.3601806611746328,0.9277566539923955,1.3697904074880085,-46.89915294909656,209.38621520996094,213.8831787109375,214.59242248535156,213.3607635498047,-1.2316555976867676,0.0,0.0,nan,nan,nan,nan
2524,815.3004952892661,3.0535599074504347,267.0,1.0772827491535932,0.3496011688028661,0.9438202247191011,1.39767739972606,26.151205689734525,224.23045349121094,235.1077423095703,235.7652587890625,235.57421875,-0.19102409482002258,0.0,0.0,nan,nan,nan,nan
2525,1144.895842612721,2.997109535635395,382.0,1.069645291604562,0.346889588221815,0.9345549738219895,1.3950964951953142,128.00906051820675,247.480224609375,225.2293243408203,225.658935546875,226.39315795898438,0.7342357635498047,0.0,0.0,nan,nan,nan,nan
2526,1283.9603908443823,3.3263222560735293,386.0,1.0968980564439326,0.3593228665325496,0.9041450777202072,1.3986300260699192,259.15230466308617,276.2330017089844,258.7249755859375,259.14501953125,260.2100524902344,1.065018653869629,0.0,0.0,nan,nan,nan,nan
2527,1060.8555006980896,3.0484353468335907,348.0,1.0604805211026982,0.34525476996330823,0.9482758620689655,1.3727682942070063,111.29980334122251,247.48899841308594,230.10035705566406,230.55177307128906,229.05810546875,-1.4936515092849731,0.0,0.0,nan,nan,nan,nan
2528,1117.8035381492227,2.9493497048792157,379.0,1.0518460197905877,0.34467017848633164,0.920844327176781,1.356426463179655,106.85773411979494,246.24842834472656,237.56820678710938,237.9766387939453,238.32452392578125,0.347869873046875,0.0,0.0,nan,nan,nan,nan
2529,624.4884946607053,2.4979539786428213,250.0,1.0668210848823487,0.35385682574442273,0.908,1.3592009238478406,-130.99525257000278,181.23519897460938,220.32090759277344,220.9664306640625,221.11569213867188,0.14926770329475403,0.0,0.0,nan,nan,nan,nan
2530,60.05187192000449,0.7506483990000561,80.0,1.1641920076727466,0.3826996371882463,0.9375,1.4630605249593236,-358.7764516224687,21.711566925048828,171.0292510986328,171.31442260742188,172.9544677734375,1.6400483846664429,0.0,0.0,nan,nan,nan,nan
2531,710.1689497223124,2.7525928283810557,258.0,1.0993483516383438,0.3659099516978016,0.8953488372093024,1.3743055326015439,-61.157405681959744,197.03604125976562,220.62554931640625,221.21539306640625,221.18495178222656,-0.03045642375946045,0.0,0.0,nan,nan,nan,nan
2532,1012.0862631350756,3.0032233327450313,337.0,1.0727345726263422,0.3521601425361304,0.9169139465875371,1.3794019581526753,84.31415201685877,242.71058654785156,247.13784790039062,247.67391967773438,248.44236755371094,0.7684917449951172,0.0,0.0,nan,nan,nan,nan
2533,769.3630543425679,2.8494927938613626,270.0,1.0962959210067749,0.3629247271131011,0.9259259259259259,1.3852077208681295,-25.727213322050375,214.2961883544922,222.35968017578125,222.94801330566406,222.5975341796875,-0.3504747748374939,0.0,0.0,nan,nan,nan,nan
2534,179.35595930740237,1.724576531801946,104.0,1.0283347939443348,0.3326875106267369,0.9326923076923077,1.3588510410686345,-287.0001887557628,75.56096649169922,167.36209106445312,169.20050048828125,170.7351837158203,1.5346890687942505,0.0,0.0,nan,nan,nan,nan
2535,856.3691714480519,3.047577122590932,281.0,1.08596321381551,0.3579636669035809,0.9252669039145908,1.377321438137502,39.49531754478335,228.0183563232422,251.33367919921875,251.9495086669922,251.5001983642578,-0.4493331015110016,0.0,0.0,nan,nan,nan,nan
2536,1321.9607067694888,3.1475254923083065,420.0,1.1088046164696839,0.3637448710567754,0.9119047619047619,1.3981359163541112,229.82153585054562,267.8551940917969,252.57574462890625,252.96368408203125,254.53875732421875,1.5750807523727417,0.0,0.0,nan,nan,nan,nan
2537,602.5415486618876,2.5531421553469817,236.0,1.0930305121397228,0.35938556592276455,0.9067796610169492,1.3975091190437061,-125.21763426508346,180.4802703857422,226.6914520263672,227.41754150390625,226.24940490722656,-1.1681145429611206,0.0,0.0,nan,nan,nan,nan
2538,761.1305689513683,2.8940325815641383,263.0,1.0842689947198847,0.35334703630900705,0.9011406844106464,1.3803577096122923,-20.09741656138135,217.08702087402344,217.02842712402344,217.68162536621094,217.23751831054688,-0.4440939128398895,0.0,0.0,nan,nan,nan,nan
2539,821.1519847000018,3.0413036470370436,270.0,1.086978672968331,0.35695578353623225,0.9148148148148149,1.3873254458148319,26.06171703538348,225.40689086914062,229.4923095703125,230.0811767578125,230.4674530029297,0.38627198338508606,0.0,0.0,nan,nan,nan,nan
2540,820.4773703217506,2.994442957378652,274.0,1.092289139270964,0.3583614428860754,0.9379562043795621,1.4105753169356317,17.465798570350444,219.877197265625,254.87191772460938,255.47183227539062,254.08055114746094,-1.3912584781646729,0.0,0.0,nan,nan,nan,nan
2541,784.8306217622012,2.715676891910731,289.0,1.0986262348219344,0.362256326939322,0.9065743944636678,1.3861747183642965,-47.88584031463142,211.1358642578125,216.3894805908203,216.91732788085938,217.36245727539062,0.4451044797897339,0.0,0.0,nan,nan,nan,nan
2542,1176.6667086184025,3.064236220360423,384.0,1.0771893930306327,0.3508326508778434,0.9140625,1.3813160908609579,155.81927448049737,254.3137969970703,232.646240234375,233.0812225341797,233.7084197998047,0.6272205710411072,0.0,0.0,nan,nan,nan,nan
2543,1486.151797555387,2.8470340949336914,522.0,1.097178027487787,0.35991845890120033,0.9310344827586207,1.3988917604520137,192.01937242350277,255.23245239257812,241.75193786621094,242.06935119628906,242.70240783691406,0.633055567741394,0.0,0.0,nan,nan,nan,nan
2544,513.9678949289955,2.0724511892298207,248.0,1.1098908459068073,0.3684637949498269,0.907258064516129,1.396512500579075,-237.55520025832175,153.70306396484375,214.50686645507812,215.0850067138672,214.82989501953125,-0.2551042437553406,0.0,0.0,nan,nan,nan,nan
2545,897.1502509377897,3.0207079156154535,297.0,1.0920779814843675,0.36100474284433576,0.9427609427609428,1.3996463756527204,48.591180687393035,235.2958221435547,222.56610107421875,223.13865661621094,223.2609405517578,0.1223175898194313,0.0,0.0,nan,nan,nan,nan
2546,1790.6001043133438,3.6173739481077654,495.0,1.0983630859997033,0.3559601303603914,0.9373737373737374,1.4209262516908223,549.9364817672381,315.9491271972656,254.94601440429688,255.27867126464844,256.3470458984375,1.0683435201644897,0.0,0.0,nan,nan,nan,nan
2547,630.7406542599201,2.6171811380079673,241.0,1.0618754542670106,0.3458843368497586,0.91701244813278,1.361482102889739,-106.92015877552853,187.56765747070312,191.66307067871094,192.32089233398438,195.57400512695312,3.253101348876953,0.0,0.0,nan,nan,nan,nan
2548,597.4145696675405,3.0020832646610076,199.0,1.1044097593199593,0.36458686793940526,0.9296482412060302,1.427941130272911,-57.07255045669717,194.37232971191406,221.3872833251953,222.16481018066406,220.535888671875,-1.6288890838623047,0.0,0.0,nan,nan,nan,nan
2549,833.3693927824497,3.0304341555725443,275.0,1.043606565543669,0.33820647595580805,0.9345454545454546,1.3462835520414307,28.377495009354107,225.50950622558594,233.34901428222656,233.9260711669922,233.40333557128906,-0.5227319598197937,0.0,0.0,nan,nan,nan,nan
2550,768.2674785330892,2.9211691198976775,263.0,1.0815479191850117,0.355997045601217,0.9315589353612167,1.393902146916545,-12.960506979660522,213.02276611328125,237.6494598388672,238.22445678710938,238.8408660888672,0.6164076328277588,0.0,0.0,nan,nan,nan,nan
2551,1234.4646722972393,3.198095005951397,386.0,1.1229038770294006,0.36978696921374293,0.9015544041450777,1.402660580178737,209.65658611594313,265.6707763671875,247.65151977539062,248.14825439453125,247.26712036132812,-0.8811324238777161,0.0,0.0,nan,nan,nan,nan
2552,930.3353138938546,2.9914318774722015,311.0,1.1055082074666174,0.3621543175472238,0.9260450160771704,1.3859937480081044,54.05167933972098,238.07247924804688,219.58575439453125,220.16856384277344,218.85801696777344,-1.3105542659759521,0.0,0.0,nan,nan,nan,nan
2553,1327.52275947202,3.2143408219661502,413.0,1.079994230905835,0.34983323264088706,0.9322033898305084,1.3943480954436582,249.24587070494522,271.3603820800781,251.8323974609375,252.31204223632812,253.08644104003906,0.7744174599647522,0.0,0.0,nan,nan,nan,nan
2554,255.36477877758443,1.8639764874276237,137.0,1.0528855490471185,0.3442078572324049,0.948905109489051,1.3775030941518907,-276.3421280015323,99.67157745361328,147.9630584716797,149.21177673339844,146.78826904296875,-2.423534393310547,0.0,0.0,nan,nan,nan,nan
2555,751.7474253308028,2.713889622132862,277.0,1.0918375816361379,0.36095234212604554,0.8989169675090253,1.3898608625916002,-57.20512448568388,206.1315460205078,234.80026245117188,235.44155883789062,234.68356323242188,-0.758013129234314,0.0,0.0,nan,nan,nan,nan
2556,820.36080140993,2.8094547993490755,292.0,1.0965688555149464,0.35914774173280634,0.910958904109589,1.3625797863915363,-18.296638731989106,220.01287841796875,216.62391662597656,217.3317413330078,217.7439727783203,0.41225287318229675,0.0,0.0,nan,nan,nan,nan
2557,580.6540197897702,2.7007163711152105,215.0,1.0857473758708076,0.35980137260702916,0.9116279069767442,1.395805953656763,-105.51831668159548,186.19876098632812,211.01947021484375,211.7721710205078,211.9154815673828,0.1432860940694809,0.0,0.0,nan,nan,nan,nan
2558,179.33796948194504,1.6453024723114225,109.0,1.1004254134745675,0.3587048863020188,0.9174311926605505,1.4204263635897245,-296.9198086896977,72.31776428222656,156.75962829589844,158.63775634765625,158.6233673095703,-0.014396877028048038,0.0,0.0,nan,nan,nan,nan
2559,885.3696698099375,3.2078611224997733,276.0,1.067035290482374,0.3470396094480704,0.9130434782608695,1.367642169326486,78.39744601514622,241.09576416015625,230.06362915039062,230.7200469970703,230.94873046875,0.22866621613502502,0.0,0.0,nan,nan,nan,nan
2560,697.6751156365499,2.9191427432491626,239.0,1.110637841448892,0.36284984857531727,0.9205020920502092,1.3996780613880107,-36.025045355507814,203.8256378173828,218.03607177734375,218.7736053466797,219.20260620117188,0.4289998412132263,0.0,0.0,nan,nan,nan,nan
2561,196.1840037498623,1.7674234572059668,111.0,1.1069060705668354,0.3635568469371256,0.9369369369369369,1.4105274160691197,-284.03442646517135,79.97515106201172,169.73548889160156,171.35572814941406,174.19627380371094,2.840557098388672,0.0,0.0,nan,nan,nan,nan
2562,828.3824909478426,2.937526563644832,282.0,1.1162901438373587,0.36682405125190276,0.9219858156028369,1.4053882784113032,9.52831102287837,225.92530822753906,223.33981323242188,223.88072204589844,223.09683227539062,-0.7839012742042542,0.0,0.0,nan,nan,nan,nan
2563,511.5138775408268,2.664134778858473,192.0,1.0813561088907038,0.3579334074299065,0.9010416666666666,1.3767800070865863,-129.11096043154237,169.8300323486328,213.3076629638672,214.2816162109375,212.64141845703125,-1.640210747718811,0.0,0.0,nan,nan,nan,nan
2564,775.804065477103,2.841773133615762,273.0,1.1393240264261884,0.376858508901475,0.9120879120879121,1.403243845530337,-25.227180252601784,208.38970947265625,236.3894805908203,236.91067504882812,238.80029296875,1.8896241188049316,0.0,0.0,nan,nan,nan,nan
2565,887.4419684261084,3.1581564712672896,281.0,1.0857509194430792,0.3552348830423418,0.9217081850533808,1.3717720469019543,70.56811452283978,236.55160522460938,227.3599853515625,227.92054748535156,228.12008666992188,0.1995505392551422,0.0,0.0,nan,nan,nan,nan
2566,740.8695302400738,3.0239572662860157,245.0,1.0976124199447475,0.36241396994291974,0.9224489795918367,1.3898063257659685,-4.71258688215687,213.50967407226562,244.0296173095703,244.67161560058594,244.41351318359375,-0.25811994075775146,0.0,0.0,nan,nan,nan,nan
2567,1496.8557518273592,3.3189706248943662,451.0,1.1016989101215218,0.35858734376769924,0.8980044345898004,1.3927950487477236,343.3264742358556,284.965087890625,248.8656768798828,249.2804718017578,248.07083129882812,-1.2096434831619263,0.0,0.0,nan,nan,nan,nan
2568,1341.9171529561281,3.113496874608186,431.0,1.0974582763265557,0.3564024836115712,0.925754060324826,1.3938090485782497,227.99439579853447,266.6182861328125,246.4744415283203,246.8507843017578,245.64059448242188,-1.2101913690567017,0.0,0.0,nan,nan,nan,nan
2569,1343.782396018505,3.5085702245913972,383.0,1.09181546471727,0.3536013312935886,0.9242819843342036,1.3933717867906639,324.9152879022954,285.494384765625,246.0771484375,246.4691925048828,247.3442840576172,0.8750848770141602,0.0,0.0,nan,nan,nan,nan
2570,860.6966092139482,3.06297725698914,281.0,1.0974052173017015,0.35648521513005327,0.9323843416370107,1.4120920725910056,43.82275531067967,228.63949584960938,225.1905059814453,225.77210998535156,226.12353515625,0.3514474332332611,0.0,0.0,nan,nan,nan,nan
2571,1245.7681146040559,3.339860897061812,373.0,1.1178175194513797,0.3659376522721055,0.9222520107238605,1.3933491900474642,246.70426670480128,276.1233215332031,244.8426971435547,245.22854614257812,247.26568603515625,2.037121534347534,0.0,0.0,nan,nan,nan,nan
2572,587.1673297323287,2.598085529789065,226.0,1.1309165744032244,0.3720624425289136,0.9203539823008849,1.4316677943732468,-120.78859297768759,182.7711181640625,208.03028869628906,208.7344970703125,209.41961669921875,0.6851138472557068,0.0,0.0,nan,nan,nan,nan
2573,934.3755130618811,2.956884535005953,316.0,1.076721877170288,0.35755187759538404,0.9113924050632911,1.374064733231269,48.190248399269876,229.3513641357422,233.00271606445312,233.50796508789062,234.0038299560547,0.4958985149860382,0.0,0.0,nan,nan,nan,nan
2574,807.2477777116001,2.956951566709158,273.0,1.1142641183237452,0.3640518713368942,0.8974358974358975,1.4061037232036824,6.216531981895287,221.88600158691406,233.02426147460938,233.62208557128906,234.45230102539062,0.8302174210548401,0.0,0.0,nan,nan,nan,nan
2575,968.8276741455775,3.0370773484187383,319.0,1.1082937352285454,0.3620983603333299,0.8996865203761756,1.3918373636433656,76.7014314178798,236.1143035888672,234.7840118408203,235.29031372070312,235.30075073242188,0.010430315509438515,0.0,0.0,nan,nan,nan,nan
2576,1370.7946764230728,3.087375397349263,444.0,1.0903536249117898,0.3562277852669995,0.9369369369369369,1.3855071454677026,231.12768098343759,267.0109558105469,238.66268920898438,239.0391387939453,239.94131469726562,0.902172863483429,0.0,0.0,nan,nan,nan,nan
2577,46.390309419017285,0.8590798040558757,54.0,1.055724751237301,0.3427740961865143,0.9629629629629629,1.3737213585243406,-320.94953755937286,19.61162567138672,181.56231689453125,182.34158325195312,180.59140014648438,-1.7501763105392456,0.0,0.0,nan,nan,nan,nan
2578,556.8793894164264,2.554492612001956,218.0,1.0944277968618177,0.3638818951166361,0.9220183486238532,1.4048915397444923,-135.2339251200258,175.2364501953125,214.5843963623047,215.3284454345703,215.11614990234375,-0.2123039960861206,0.0,0.0,nan,nan,nan,nan
2579,675.1062923893332,2.8485497569170177,237.0,1.075011168698905,0.3414229473978204,0.9578059071729957,1.4241151040685611,-54.633216559333505,202.36221313476562,211.11924743652344,211.76885986328125,212.6569366455078,0.888092577457428,0.0,0.0,nan,nan,nan,nan
2580,565.4390810802579,2.705450148709368,209.0,1.0841394294735047,0.3554091277707553,0.937799043062201,1.4033843150115468,-108.85129926093487,181.5345916748047,199.6290740966797,200.42269897460938,200.77395629882812,0.35126250982284546,0.0,0.0,nan,nan,nan,nan
2581,727.4424176737666,2.957082998673848,246.0,1.0796923588228196,0.35277251476290394,0.9024390243902439,1.3802224341824867,-20.12002547015959,212.58538818359375,229.2551727294922,229.9688262939453,229.85581970214844,-0.11298506706953049,0.0,0.0,nan,nan,nan,nan
2582,922.0669298656285,3.2016212842556544,288.0,1.0622763586682156,0.341421432813284,0.9375,1.369943694191819,91.33079381049129,244.2555389404297,217.33639526367188,217.9126739501953,217.68515014648438,-0.22753530740737915,0.0,0.0,nan,nan,nan,nan
2583,907.5691502094269,3.0765055939302606,295.0,1.0636104110637843,0.34859941995361987,0.9084745762711864,1.36019809923794,62.9707320024213,237.94886779785156,227.25302124023438,227.840576171875,227.87928771972656,0.038710564374923706,0.0,0.0,nan,nan,nan,nan
2584,530.9134343191981,2.5898216308253565,205.0,1.0911974669937754,0.3520952489883904,0.926829268292683,1.4042421640839138,-135.4556419352125,174.66909790039062,175.1207733154297,175.9132080078125,174.52310180664062,-1.3900794982910156,0.0,0.0,nan,nan,nan,nan
2585,1081.3994235545397,2.801552910763056,386.0,1.0787206188454574,0.35277814868960644,0.9352331606217616,1.4050351931008862,56.591337373243505,234.7021942138672,242.03054809570312,242.4396514892578,241.1365509033203,-1.3030750751495361,0.0,0.0,nan,nan,nan,nan
2586,1265.2791947876103,3.3651042414564105,376.0,1.0829658060188359,0.3539286930166046,0.9281914893617021,1.3845372930549174,260.274368823269,274.663818359375,253.2635040283203,253.7279815673828,254.66468811035156,0.9366908669471741,0.0,0.0,nan,nan,nan,nan
2587,588.1045950651169,2.7610544369254315,213.0,1.088234523963446,0.3580206346396864,0.9014084507042254,1.3787742772615919,-94.10708936285778,184.8111572265625,217.07875061035156,217.84934997558594,217.76255798339844,-0.08679428696632385,0.0,0.0,nan,nan,nan,nan
2588,533.9197630300187,2.4491732249083427,218.0,1.050962632126456,0.3336315691384411,0.963302752293578,1.3736809682429647,-158.19355150643355,170.21099853515625,174.79974365234375,175.62489318847656,176.38177490234375,0.7568809390068054,0.0,0.0,nan,nan,nan,nan
2589,635.4736274508759,2.7629288150038085,230.0,1.0897326684853959,0.35689919221002364,0.9173913043478261,1.4036064957438805,-80.4035993459222,194.1685333251953,208.0536346435547,208.83363342285156,209.26986694335938,0.4362446069717407,0.0,0.0,nan,nan,nan,nan
2590,373.22208455204964,2.3621650921015798,158.0,1.0844219012843295,0.35696955698228294,0.930379746835443,1.377928792412287,-200.07166868267257,133.42469787597656,195.3832244873047,196.55874633789062,195.3904571533203,-1.1682761907577515,0.0,0.0,nan,nan,nan,nan
2591,930.150053422898,0.930150053422898,1000.0,1.1248968951703362,0.38049652353813873,0.88,1.3931053021633997,-1310.578210079435,86.62689208984375,89.4741439819336,89.56792449951172,89.52645111083984,-0.04147439822554588,0.0,0.0,nan,nan,nan,nan
2592,779.6734729632735,2.877023885473334,271.0,1.0598475740525948,0.34149700174589126,0.9446494464944649,1.3620372251381836,-17.39712072304019,214.00726318359375,226.82513427734375,227.42330932617188,228.38523864746094,0.9619420766830444,0.0,0.0,nan,nan,nan,nan
2593,806.3990486189723,3.1135098402276924,259.0,1.0967164015129136,0.35959365108474267,0.9266409266409267,1.3811442288660554,33.09236719300452,225.93218994140625,245.3444061279297,245.9912567138672,245.19677734375,-0.7945043444633484,0.0,0.0,nan,nan,nan,nan
2594,886.6100919134915,2.8416990125432418,312.0,1.0704034444862347,0.347701262956613,0.9423076923076923,1.3676661185647077,8.3461313376622,225.27886962890625,237.47535705566406,238.00796508789062,238.088623046875,0.08066903799772263,0.0,0.0,nan,nan,nan,nan
2595,665.5978244356811,2.8444351471610303,234.0,1.090674473836589,0.35979376218488646,0.9401709401709402,1.3941086690807254,-58.20070644789905,198.70745849609375,219.2337646484375,219.93556213378906,218.0760498046875,-1.8595231771469116,0.0,0.0,nan,nan,nan,nan
2596,192.52235297113657,1.799274326833052,107.0,1.1359443714855388,0.367453028725727,0.897196261682243,1.406039457228181,-279.7747731571151,77.41236114501953,150.49349975585938,152.55453491210938,144.95892333984375,-7.595583438873291,0.0,0.0,nan,nan,nan,nan
2597,888.0314704924822,3.0308241313736595,293.0,1.1174402272248596,0.36896826955099116,0.9283276450511946,1.4110068186399785,47.39370432886744,233.55796813964844,245.39280700683594,246.0703125,246.94400024414062,0.8737127780914307,0.0,0.0,nan,nan,nan,nan
2598,1212.105273425579,3.115951859705859,389.0,1.095249752626071,0.3624755812178613,0.9254498714652957,1.3968223198334155,181.3562091791964,260.5674133300781,254.1319122314453,254.62074279785156,255.81089782714844,1.1901475191116333,0.0,0.0,nan,nan,nan,nan
2599,533.4007626222447,2.260172722975613,236.0,1.0701870392276613,0.35014590829502135,0.9322033898305084,1.3903730085708397,-194.35842030472645,160.4405975341797,197.53147888183594,198.27220153808594,195.8949737548828,-2.377222776412964,0.0,0.0,nan,nan,nan,nan
2600,2090.4783973162994,3.5016388564762133,597.0,1.0546842683493778,0.3403464857220046,0.916247906197655,1.355580763028175,647.8215205572526,315.9787902832031,256.8505859375,257.1435241699219,257.6711120605469,0.5275985598564148,0.0,0.0,nan,nan,nan,nan
2601,187.67431346327066,1.690759580750186,111.0,1.0673497943993049,0.3587941497364347,0.8918918918918919,1.3665892079206847,-292.544116751763,74.71231079101562,160.74581909179688,162.44500732421875,162.05296325683594,-0.392024964094162,0.0,0.0,nan,nan,nan,nan
2602,328.07916007936,2.2018735575795976,149.0,1.0817610054050761,0.3510871577796462,0.9395973154362416,1.376386538896023,-227.39165896010263,121.7848129272461,153.98484802246094,154.89134216308594,154.51333618164062,-0.37798765301704407,0.0,0.0,nan,nan,nan,nan
2603,900.9252111762762,2.8691885706250835,314.0,1.1102062667191133,0.3690718873460969,0.9299363057324841,1.3996707621610476,18.700598557056082,226.23867797851562,250.67762756347656,251.1513214111328,251.06411743164062,-0.08720859885215759,0.0,0.0,nan,nan,nan,nan
2604,444.72748320543906,2.403932341651022,185.0,1.1126443064689093,0.3727846176163734,0.9027027027027027,1.3758849473337336,-182.0350726150616,147.81976318359375,213.29522705078125,214.34165954589844,213.68838500976562,-0.6532564163208008,0.0,0.0,nan,nan,nan,nan
2605,1112.825319706928,3.074103093113061,362.0,1.1105956145273261,0.3628887470473294,0.9281767955801105,1.4160225874847434,135.5450580463239,250.3119354248047,238.1120147705078,238.55442810058594,238.31776428222656,-0.23663511872291565,0.0,0.0,nan,nan,nan,nan
2606,503.5978299304843,2.693036523692429,187.0,1.0885370980437417,0.3518340245786549,0.946524064171123,1.3869494216736347,-127.12537793340744,168.64561462402344,182.21376037597656,183.12620544433594,185.76942443847656,2.6432077884674072,0.0,0.0,nan,nan,nan,nan
2607,1013.1173553988338,3.0515582993940775,332.0,1.0804497412751934,0.3526133997261806,0.9337349397590361,1.3789684377261537,95.2468743890945,244.92247009277344,243.3410186767578,243.86024475097656,242.68603515625,-1.1742017269134521,0.0,0.0,nan,nan,nan,nan
2608,968.7986307814717,3.027495721192099,320.0,1.0987725399823298,0.3631803232990933,0.928125,1.3903480659640368,74.69206203207864,240.2968292236328,240.3997039794922,240.957763671875,239.6920928955078,-1.2656522989273071,0.0,0.0,nan,nan,nan,nan
2609,716.2221720069647,2.853474788872369,251.0,1.0817640779426756,0.34698103662619445,0.9482071713147411,1.4155335279827153,-41.24190124543907,205.88418579101562,206.63006591796875,207.2991485595703,208.32875061035156,1.0296040773391724,0.0,0.0,nan,nan,nan,nan
2610,479.8832596540451,2.016316217033803,238.0,1.0997883407716442,0.36368180364473884,0.8991596638655462,1.371027117043707,-251.83657531631707,144.7315216064453,193.88685607910156,194.68185424804688,196.6440887451172,1.9622483253479004,0.0,0.0,nan,nan,nan,nan
2611,806.9936952665448,2.8821203402376603,280.0,1.1055306830182854,0.3625252074300079,0.8714285714285714,1.3996162427098282,-7.899832615028345,218.8376922607422,235.27890014648438,235.83448791503906,235.5697021484375,-0.2647954225540161,0.0,0.0,nan,nan,nan,nan
2612,750.6899367123842,3.014819022941302,249.0,1.0968658199244148,0.36106188445474513,0.8755020080321285,1.372305573819675,-2.813484496628462,220.18150329589844,222.31842041015625,223.00772094726562,221.64772033691406,-1.3599865436553955,0.0,0.0,nan,nan,nan,nan
2613,1832.3006599862128,3.405763308524559,538.0,1.0896175885754644,0.356082864725943,0.9200743494423792,1.387482296534357,506.48301850720054,299.724609375,267.96417236328125,268.3092956542969,268.7341003417969,0.4247986376285553,0.0,0.0,nan,nan,nan,nan
2614,1139.1118147298694,3.1123273626499164,366.0,1.0921356099480253,0.3573359799780628,0.9371584699453552,1.3830191841013,153.91024898248315,252.63661193847656,235.6912078857422,236.14373779296875,237.21095275878906,1.067195177078247,0.0,0.0,nan,nan,nan,nan
2615,1069.2411893913522,3.0813867129433783,347.0,1.0515194374716446,0.3398310919927607,0.899135446685879,1.3747114709325043,121.66581805618057,243.25001525878906,246.55526733398438,247.0,246.7069549560547,-0.2930617332458496,0.0,0.0,nan,nan,nan,nan
2616,509.90086175178294,2.5883292474709796,197.0,1.0507083267477244,0.3330410416966837,0.9593908629441624,1.3662946781556806,-140.62560632906366,170.9729766845703,169.3912353515625,170.268798828125,168.22898864746094,-2.0398285388946533,0.0,0.0,nan,nan,nan,nan
2617,930.4342444837093,3.2646815595919625,285.0,1.0933239802101513,0.3576540572342752,0.9263157894736842,1.3844206844547235,105.63908649365862,248.05874633789062,241.085693359375,241.7366180419922,242.08009338378906,0.3434576094150543,0.0,0.0,nan,nan,nan,nan
2618,460.19088790751994,2.3844087456348184,193.0,1.0939884424703645,0.35855828583313293,0.9222797927461139,1.3774426076200048,-182.41427608654476,155.06454467773438,210.891357421875,211.83209228515625,210.8308563232422,-1.0012133121490479,0.0,0.0,nan,nan,nan,nan
2619,611.4156315401196,2.741774132466904,223.0,1.0939636218817081,0.35972295778770297,0.8968609865470852,1.3758173600726549,-90.59931310481011,187.9462890625,220.20123291015625,220.95046997070312,220.29452514648438,-0.6559449434280396,0.0,0.0,nan,nan,nan,nan
2620,1174.8693118859082,3.3857905241668824,347.0,1.046924975262185,0.34021935419743793,0.9250720461095101,1.3675546735468644,227.29394055073658,270.48834228515625,247.3087615966797,247.77761840820312,246.67799377441406,-1.0996407270431519,0.0,0.0,nan,nan,nan,nan
2621,1905.1045672856271,3.3898657780883044,562.0,1.1178981571397426,0.3692149848295796,0.9128113879003559,1.403132153807667,531.759101285923,304.0512390136719,276.3123474121094,276.6755676269531,276.87579345703125,0.200204998254776,0.0,0.0,nan,nan,nan,nan
2622,1129.692642237991,3.303194860345003,342.0,1.0675486767627693,0.3490209260588506,0.9181286549707602,1.384490352182517,192.01890101129698,262.9611511230469,256.6728210449219,257.2811279296875,258.08880615234375,0.8076814413070679,0.0,0.0,nan,nan,nan,nan
2623,559.3194822482765,2.8683050371706487,195.0,1.077086059038792,0.3503191476498738,0.9333333333333333,1.3557968292089246,-87.24633378917929,184.01953125,208.87738037109375,209.8466339111328,210.44146728515625,0.5948402881622314,0.0,0.0,nan,nan,nan,nan
2624,652.9402610184625,2.6650622898712752,245.0,1.0633331652258848,0.34779559967827156,0.9183673469387755,1.3562309690406427,-92.64185610376819,193.14036560058594,201.02456665039062,201.6303253173828,202.28982543945312,0.6594951748847961,0.0,0.0,nan,nan,nan,nan
2625,1209.2907928563654,3.377907242615546,358.0,1.0837987347179452,0.35318984765834976,0.9106145251396648,1.403613492143771,239.93183528254326,273.245849609375,259.46112060546875,259.9702453613281,260.7546691894531,0.7844398617744446,0.0,0.0,nan,nan,nan,nan
2626,1111.5478399833664,3.2406642565112724,343.0,1.0815112154083621,0.35444617202351947,0.9096209912536443,1.3932257744482879,171.89377273497666,258.7098083496094,243.81149291992188,244.40878295898438,245.32728576660156,0.9184949398040771,0.0,0.0,nan,nan,nan,nan
2627,643.1371877640486,2.702257091445582,238.0,1.1215746969849092,0.3738094370817722,0.9411764705882353,1.4083452603894187,-88.5826472063136,192.5236358642578,225.54400634765625,226.3087615966797,226.777099609375,0.46834102272987366,0.0,0.0,nan,nan,nan,nan
2628,1066.3305077515543,2.9456643860540175,362.0,1.0875214990946747,0.35613186951104076,0.9226519337016574,1.3755022725641433,89.05024609095017,240.96327209472656,233.88954162597656,234.28616333007812,235.1527099609375,0.8665515184402466,0.0,0.0,nan,nan,nan,nan
2629,513.4668372273445,2.4334921195608743,211.0,1.0352484391654992,0.3304883428146926,0.9289099526066351,1.3619800193141387,-164.78419515723908,165.87631225585938,160.7798614501953,161.5725555419922,161.89956665039062,0.3270193040370941,0.0,0.0,nan,nan,nan,nan
2630,695.1891905292869,2.860860866375666,243.0,1.0881034341442621,0.35722987452986305,0.9094650205761317,1.375020704778243,-46.43227454955286,201.6866912841797,238.01869201660156,238.66184997558594,238.0292205810547,-0.6326383948326111,0.0,0.0,nan,nan,nan,nan
2631,391.7690056532156,2.345922189540213,167.0,1.117147145402903,0.3747914088801076,0.8982035928143712,1.380709432562843,-199.34768177676608,139.126220703125,188.395263671875,189.49549865722656,189.049560546875,-0.4459347724914551,0.0,0.0,nan,nan,nan,nan
2632,386.7534888256341,2.4633980179976698,157.0,1.0930771557645174,0.3551470703794374,0.9171974522292994,1.4030494357320877,-184.55993838739255,141.04771423339844,199.49269104003906,200.6457061767578,201.3541259765625,0.7084248661994934,0.0,0.0,nan,nan,nan,nan
2633,1199.3881834298372,3.2328522464416096,371.0,1.1006509625057612,0.3600909460175101,0.9407008086253369,1.3985231775262228,204.28498757397347,267.3534851074219,241.13961791992188,241.61131286621094,241.80386352539062,0.1925646811723709,0.0,0.0,nan,nan,nan,nan
2634,527.4760382473469,2.747271032538265,192.0,1.0807360476045191,0.35609056749293205,0.921875,1.3771598437339392,-113.14879972502229,175.4578399658203,226.7193603515625,227.58106994628906,227.6154022216797,0.03431248664855957,0.0,0.0,nan,nan,nan,nan
2635,1588.8932751119137,3.3380110821678857,476.0,1.0720161016309462,0.3509244988966735,0.9117647058823529,1.369334137712996,385.85584697802256,287.3219299316406,269.9254150390625,270.26947021484375,269.310791015625,-0.9586849212646484,0.0,0.0,nan,nan,nan,nan
2636,195.52347203344107,1.9749845659943541,99.0,1.0907912420375314,0.36125431527377355,0.8686868686868687,1.3515584953091302,-260.9310459212466,83.2811279296875,159.89337158203125,161.80340576171875,161.39932250976562,-0.4040634334087372,0.0,0.0,nan,nan,nan,nan
2637,758.4094250947237,3.0458209843161597,249.0,1.1154152325884263,0.3689567445779071,0.9036144578313253,1.3943233231774996,4.906003885711016,220.14306640625,230.2308349609375,230.89918518066406,230.54408264160156,-0.3551071882247925,0.0,0.0,nan,nan,nan,nan
2638,1526.1028581866995,3.2609035431339732,468.0,1.1011254480409973,0.36179400521676797,0.9166666666666666,1.3753889801796464,338.90803822637235,282.7457580566406,266.08172607421875,266.471435546875,267.3793029785156,0.9078574180603027,0.0,0.0,nan,nan,nan,nan
2639,1290.714903427288,3.1252176838433123,413.0,1.0834319534235337,0.3532560688979612,0.9322033898305084,1.4032291512522141,212.43801466021318,264.5088806152344,239.48532104492188,239.8491973876953,240.37591552734375,0.526723325252533,0.0,0.0,nan,nan,nan,nan
2640,508.63884726632386,2.6912108320969517,189.0,1.1025987318521857,0.36375916452677604,0.91005291005291,1.3781048420706195,-126.04501264095882,169.9147186279297,194.87022399902344,195.75047302246094,195.09254455566406,-0.6579036116600037,0.0,0.0,nan,nan,nan,nan
2641,1064.0922486384225,2.860463033974254,372.0,1.0912653405041075,0.3597837669691204,0.9059139784946236,1.377602371302274,67.00872676086328,238.69149780273438,235.83905029296875,236.33009338378906,236.64443969726562,0.3143593668937683,0.0,0.0,nan,nan,nan,nan
2642,707.1367929950356,3.101477162258928,228.0,1.1255885258953484,0.36852735800000397,0.9298245614035088,1.416113259819435,-4.779781758371541,212.70843505859375,215.00413513183594,215.78114318847656,215.9127960205078,0.1316671222448349,0.0,0.0,nan,nan,nan,nan
2643,1001.6709572868422,3.0261962455795834,331.0,1.096202773962502,0.3603844342102397,0.9033232628398792,1.3940708552817942,85.78080229879856,238.1957550048828,253.04966735839844,253.5222625732422,255.01731872558594,1.4950660467147827,0.0,0.0,nan,nan,nan,nan
2644,685.5490305181593,2.9549527177506865,232.0,1.1166426132112208,0.3637828399065026,0.9008620689655172,1.4152388822152961,-34.288848322029935,208.7365264892578,216.8482666015625,217.59715270996094,217.4440460205078,-0.15310227870941162,0.0,0.0,nan,nan,nan,nan
2645,1331.13310739398,3.3361732014886716,399.0,1.0707296358847322,0.34717972858628726,0.9047619047619048,1.3704183810610313,280.5807829306423,276.2314147949219,242.5343780517578,242.9342041015625,244.2235107421875,1.2893054485321045,0.0,0.0,nan,nan,nan,nan
2646,1257.753071746789,3.1132501775910617,404.0,1.1009280299294075,0.36189009557739776,0.8886138613861386,1.363055459741225,197.29911717497362,262.0626525878906,258.02252197265625,258.4454650878906,258.4330139160156,-0.01243547908961773,0.0,0.0,nan,nan,nan,nan
2647,408.78761691600084,2.5709913013584957,159.0,1.1270520447643215,0.3730690403823376,0.8616352201257862,1.4087206567873964,-166.4864623404169,149.54156494140625,193.69027709960938,194.88031005859375,193.97532653808594,-0.9049561619758606,0.0,0.0,nan,nan,nan,nan
2648,862.0884904004633,2.826519640657257,305.0,1.0988459129651218,0.36204970084401766,0.8819672131147541,1.378994130131787,-2.3131880234973323,221.46920776367188,240.6577911376953,241.16754150390625,240.74362182617188,-0.4239319860935211,0.0,0.0,nan,nan,nan,nan
2649,634.3590311408043,2.7580827440904536,230.0,1.1113694049681735,0.3682745455715517,0.908695652173913,1.3841937759508556,-81.51819565599385,192.9250030517578,223.00958251953125,223.79180908203125,223.75245666503906,-0.03935473784804344,0.0,0.0,nan,nan,nan,nan
2650,874.7287954688072,2.8964529651285007,302.0,1.1065939028769425,0.3642198524972893,0.890728476821192,1.4017042838374774,16.26809510993303,223.69981384277344,228.09385681152344,228.6437225341797,227.91587829589844,-0.7278748154640198,0.0,0.0,nan,nan,nan,nan
2651,465.8234915137291,2.3888384180191236,195.0,1.1191304666888815,0.36867280186862394,0.9230769230769231,1.3901574656381266,-180.74232452372667,156.63595581054688,191.6617431640625,192.37596130371094,192.90530395507812,0.5293611884117126,0.0,0.0,nan,nan,nan,nan
2652,689.5511203557253,2.7917049407114383,247.0,1.1244000323736771,0.3670613157440997,0.9473684210526315,1.4163225383531843,-59.99164880989633,201.17588806152344,225.2904510498047,225.94020080566406,224.99781799316406,-0.942401647567749,0.0,0.0,nan,nan,nan,nan
2653,496.5359103567898,2.2166781712356687,224.0,1.0628535757799749,0.35230229515248845,0.9375,1.3643801375101994,-207.45936030983535,154.22586059570312,206.06053161621094,206.8959503173828,206.5148162841797,-0.3811142146587372,0.0,0.0,nan,nan,nan,nan
2654,1161.7416228465736,3.156906583822211,368.0,1.078484431688059,0.3568303785908464,0.9375,1.3750057387358707,172.57940505579631,261.7019348144531,251.32862854003906,251.87164306640625,252.61886596679688,0.7472061514854431,0.0,0.0,nan,nan,nan,nan
2655,640.7690905705094,2.84786262475782,225.0,1.0513012337784648,0.3431198376275736,0.9422222222222222,1.3728878191672518,-65.20650611781127,199.42901611328125,217.73048400878906,218.5011444091797,219.22457885742188,0.7234512567520142,0.0,0.0,nan,nan,nan,nan
2656,1157.8863967759535,3.163624034906977,366.0,1.0827580040533078,0.3530325350881861,0.9207650273224044,1.3942946690897065,172.68483102856726,259.33721923828125,242.42230224609375,242.92054748535156,242.62969970703125,-0.29088184237480164,0.0,0.0,nan,nan,nan,nan
2657,766.1728649623692,2.73633166057989,280.0,1.0612482382512967,0.3520920786705877,0.925,1.3766804802256798,-48.72066291920396,204.8134307861328,241.66049194335938,242.24391174316406,242.3074188232422,0.06351419538259506,0.0,0.0,nan,nan,nan,nan
2658,315.0150288064033,2.006465151633142,157.0,1.1275265330312916,0.38142639948124357,0.8535031847133758,1.427454790874436,-256.2983984066234,118.01629638671875,189.39857482910156,190.5402374267578,191.52801513671875,0.9877791404724121,0.0,0.0,nan,nan,nan,nan
2659,395.0220850557089,2.2192251969421846,178.0,1.0910963991193796,0.36085313512246714,0.9325842696629213,1.3997400887585487,-217.87818861292328,138.23646545410156,179.17062377929688,180.11924743652344,182.22125244140625,2.1020095348358154,0.0,0.0,nan,nan,nan,nan
2660,1764.704561674036,3.2740344372431096,539.0,1.1040190439098845,0.3632404583147177,0.9387755102040817,1.4143209556068823,436.90659417332836,289.2297668457031,270.8691711425781,271.1856689453125,271.8257141113281,0.6400083303451538,0.0,0.0,nan,nan,nan,nan
2661,469.4568062014878,2.335606001002427,201.0,1.118936859367362,0.366770562060775,0.8955223880597015,1.4091817268117282,-188.99096596614095,152.6193084716797,192.6389923095703,193.41741943359375,194.1584014892578,0.7409932017326355,0.0,0.0,nan,nan,nan,nan
2662,846.4371295496821,2.8987572929783636,292.0,1.0698646359246666,0.3491883098660316,0.8972602739726028,1.3766479652303185,7.779689407763044,217.1953887939453,239.67616271972656,240.24652099609375,240.17401123046875,-0.07250038534402847,0.0,0.0,nan,nan,nan,nan
2663,946.1365233534016,2.911189302625851,325.0,1.0817120865735586,0.35218577086121045,0.916923076923077,1.3911221854843099,42.12832449553093,231.16567993164062,233.4488983154297,233.9904022216797,234.716796875,0.7263879776000977,0.0,0.0,nan,nan,nan,nan
2664,1563.5524101369083,3.4138698911286207,458.0,1.0866360116264409,0.35306478694217375,0.9366812227074236,1.3859652463175387,396.16085039353607,292.5422668457031,257.37396240234375,257.7669982910156,258.7919616699219,1.024983286857605,0.0,0.0,nan,nan,nan,nan
2665,1154.0898503735662,3.354912355737111,344.0,1.0657947500704357,0.3423005242680507,0.938953488372093,1.3875021553095308,212.45545710348097,269.343017578125,224.5367431640625,225.02362060546875,224.09706115722656,-0.9265312552452087,0.0,0.0,nan,nan,nan,nan
2666,843.1916124746203,3.0886139651084994,273.0,1.092640370032456,0.35583855433790956,0.9487179487179487,1.407183431715445,42.160366744915564,230.7304229736328,231.87571716308594,232.46249389648438,232.16993713378906,-0.292544960975647,0.0,0.0,nan,nan,nan,nan
2667,799.0590242743492,3.0615288286373534,261.0,1.0963069917033468,0.35802477707335245,0.9348659003831418,1.4107703639579507,21.791690804990594,227.49691772460938,223.02938842773438,223.64076232910156,223.901611328125,0.26086190342903137,0.0,0.0,nan,nan,nan,nan
2668,1165.0928115136921,3.245383876082708,359.0,1.1087317011834896,0.36401535025407034,0.9275766016713092,1.3952355659722264,193.75352791817454,261.6397399902344,260.43316650390625,260.9324035644531,261.63958740234375,0.7071784734725952,0.0,0.0,nan,nan,nan,nan
2669,1021.088026965037,3.113073252942186,328.0,1.0756900870144521,0.344843492514432,0.9573170731707317,1.389260901609204,111.13885004207987,246.34446716308594,227.795166015625,228.37083435058594,229.0751190185547,0.7043011784553528,0.0,0.0,nan,nan,nan,nan
2670,194.74351781606674,1.6094505604633615,121.0,1.0890816344715573,0.35398666974485493,0.9421487603305785,1.3764112559386503,-305.2781726159219,75.69017028808594,153.8529815673828,155.38352966308594,152.94239807128906,-2.4411113262176514,0.0,0.0,nan,nan,nan,nan
2671,214.00625337276142,1.7686467220889375,121.0,1.0661328984310234,0.3439618623926921,0.9338842975206612,1.3992897462725948,-286.0154370592272,84.15583801269531,161.48016357421875,163.00901794433594,159.83352661132812,-3.175504207611084,0.0,0.0,nan,nan,nan,nan
2672,1563.0564745890442,3.290645209661146,475.0,1.0929784512628329,0.3527466041208122,0.9284210526315789,1.3914965277653077,361.9993724768485,285.6206359863281,261.0976257324219,261.46624755859375,261.1203918457031,-0.3458273708820343,0.0,0.0,nan,nan,nan,nan
2673,774.85822750628,3.0748342361360317,252.0,1.0943824964781557,0.35917493947824736,0.9404761904761905,1.3814141443214287,15.413828232180776,220.22964477539062,224.1230010986328,224.74758911132812,224.75978088378906,0.012218293733894825,0.0,0.0,nan,nan,nan,nan
2674,1078.8987213671207,3.2893253700217095,328.0,1.0886036542219701,0.35796270890213927,0.9207317073170732,1.3796205842948386,168.94954444416362,261.0689697265625,246.0948486328125,246.6621551513672,247.58627319335938,0.9241097569465637,0.0,0.0,nan,nan,nan,nan
2675,793.8874375000596,3.1628981573707553,251.0,1.095170735646785,0.3577043657931023,0.9083665338645418,1.4080048331794406,36.423364247655854,231.0953369140625,205.22598266601562,205.84649658203125,205.58456420898438,-0.2619098722934723,0.0,0.0,nan,nan,nan,nan
2676,867.5170421278308,2.8725729871782475,302.0,1.0879041181325662,0.3580966728232404,0.9304635761589404,1.372173023744204,9.0563417689566,223.19386291503906,229.97515869140625,230.57269287109375,231.00445556640625,0.4317423403263092,0.0,0.0,nan,nan,nan,nan
2677,440.6313507333398,2.192195774792735,201.0,1.1271296210848265,0.3768472365562373,0.9054726368159204,1.4042960664032604,-217.81642143428894,144.10671997070312,206.60377502441406,207.5459442138672,207.14224243164062,-0.4036886990070343,0.0,0.0,nan,nan,nan,nan
2678,1152.0401089917868,3.3104600833097324,348.0,1.0756040048138442,0.35338420749593896,0.896551724137931,1.3658291312192454,202.48441163491975,268.220947265625,248.16671752929688,248.59771728515625,249.1040802001953,0.5063439607620239,0.0,0.0,nan,nan,nan,nan
2679,739.9492427557707,2.7922612934180027,265.0,1.1401423020756887,0.37533399964096653,0.909433962264151,1.4286810403589267,-45.239394800370064,202.49436950683594,227.6691436767578,228.2890167236328,228.12600708007812,-0.16302403807640076,0.0,0.0,nan,nan,nan,nan
2680,647.5112417722121,2.3545863337171347,275.0,1.0570726210055228,0.3456501147307625,0.9381818181818182,1.381990427111236,-157.48065600088353,179.58139038085938,210.29331970214844,210.9204864501953,211.74166870117188,0.8211831450462341,0.0,0.0,nan,nan,nan,nan
2681,1001.2285641282797,3.1988133039242164,313.0,1.0805830855437493,0.3550933737840458,0.9169329073482428,1.3755747790074173,120.98427753075498,247.98727416992188,237.8124542236328,238.36036682128906,237.1521759033203,-1.2081760168075562,0.0,0.0,nan,nan,nan,nan
2682,889.423319619149,2.8877380507115227,308.0,1.092330460055069,0.3605333503820589,0.9318181818181818,1.3807942331473428,19.08066313010181,224.72158813476562,237.8223419189453,238.37615966796875,239.03497314453125,0.6588146686553955,0.0,0.0,nan,nan,nan,nan
2683,716.7698029177263,2.9741485598245907,241.0,1.0900888339040313,0.3564526207729295,0.941908713692946,1.372567002858694,-20.891010117722317,210.60723876953125,204.12875366210938,204.88511657714844,204.41143798828125,-0.47368764877319336,0.0,0.0,nan,nan,nan,nan
2684,639.8363240472972,2.7940450831759707,229.0,1.0877014858856915,0.3578035986568478,0.9170305676855895,1.3828805792949848,-74.06057672780548,194.10501098632812,216.37841796875,217.09153747558594,217.05831909179688,-0.03321045637130737,0.0,0.0,nan,nan,nan,nan
2685,938.4869974199682,2.6968017167240466,348.0,1.1039986005917217,0.36189184691170423,0.9224137931034483,1.3952647310879815,-11.068699936898838,225.90472412109375,217.5236358642578,218.000244140625,219.68310546875,1.682831883430481,0.0,0.0,nan,nan,nan,nan
2686,609.7861938332208,2.710160861480981,225.0,1.0450298436720495,0.3356914043630025,0.9422222222222222,1.3447509797207693,-96.18940285509996,187.55120849609375,205.9095458984375,206.66795349121094,206.23397827148438,-0.43398380279541016,0.0,0.0,nan,nan,nan,nan
2687,1047.6992994584143,3.0814685278188656,340.0,1.0869247677438338,0.36090427715332457,0.9117647058823529,1.3657262887894068,113.98621027511103,245.14971923828125,238.2124481201172,238.7315673828125,239.31948852539062,0.587901771068573,0.0,0.0,nan,nan,nan,nan
2688,1086.9004738368094,3.0024874967867663,362.0,1.101856346397675,0.3629646403807739,0.9475138121546961,1.4066304248891173,109.62021217620531,241.91958618164062,244.14801025390625,244.60279846191406,245.65655517578125,1.053786039352417,0.0,0.0,nan,nan,nan,nan
2689,971.6124926507473,3.0553851970149286,318.0,1.096347152305357,0.36011166556541113,0.9182389937106918,1.4028265137562486,81.46657594474505,238.3087158203125,244.2259521484375,244.7682342529297,244.56724548339844,-0.2009880542755127,0.0,0.0,nan,nan,nan,nan
2690,942.4780739024282,3.1415935796747605,300.0,1.0893663343063205,0.3563877722752901,0.95,1.4137982527378892,87.97802558694502,241.63143920898438,248.0047607421875,248.61505126953125,248.4597930908203,-0.15525691211223602,0.0,0.0,nan,nan,nan,nan
2691,864.5070403693244,3.213780819216819,269.0,1.0709430571907375,0.34657863188676924,0.9405204460966543,1.3887734403128627,71.39709872640174,236.90097045898438,224.30838012695312,224.9065704345703,224.93748474121094,0.03091909922659397,0.0,0.0,nan,nan,nan,nan
2692,1802.513421818614,3.513671387560651,513.0,1.099578871401074,0.35823198509715887,0.9376218323586745,1.3941182397065983,526.2039308819892,304.6361083984375,267.6264343261719,267.9551086425781,267.8863830566406,-0.0687127634882927,0.0,0.0,nan,nan,nan,nan
2693,955.0513728968799,2.8508996205877013,335.0,1.0977410053414594,0.35897337082230174,0.9223880597014925,1.3878136603260183,31.239913822054177,227.58673095703125,238.61228942871094,239.09332275390625,238.03329467773438,-1.060050368309021,0.0,0.0,nan,nan,nan,nan
2694,1050.294073946774,2.9502642526594776,356.0,1.0946103321583225,0.35383726307114655,0.9466292134831461,1.3950855090631094,84.89576841634289,243.85423278808594,213.41302490234375,213.95001220703125,212.67276000976562,-1.2772701978683472,0.0,0.0,nan,nan,nan,nan
2695,1191.4639492610004,3.177237198029334,375.0,1.0524285722612028,0.33909126844629645,0.952,1.3756529567955191,188.43944931835472,262.5208435058594,246.37353515625,246.81541442871094,248.48948669433594,1.6740514039993286,0.0,0.0,nan,nan,nan,nan
2696,475.7447811793536,2.366889458603749,201.0,1.078646768760177,0.3512833354859319,0.9303482587064676,1.3965033154920352,-182.70299098827513,155.20211791992188,180.39178466796875,181.25814819335938,181.31101989746094,0.05287891626358032,0.0,0.0,nan,nan,nan,nan
2697,1003.4244949296117,3.031493942385534,331.0,1.080855185366327,0.3503586559500503,0.9274924471299094,1.3852246296326907,87.53433994156808,240.06982421875,222.9327850341797,223.4126739501953,224.677490234375,1.2648390531539917,0.0,0.0,nan,nan,nan,nan
2698,906.4727490246296,3.1257681000849296,290.0,1.0740461772410022,0.35411587992493043,0.9241379310344827,1.3690638389195962,71.77596092610133,236.5210418701172,230.97085571289062,231.57806396484375,231.95565795898438,0.37759163975715637,0.0,0.0,nan,nan,nan,nan
2699,1046.9390085190535,3.143960986543704,333.0,1.0690619197794842,0.3472686433053279,0.9459459459459459,1.3730289304347518,127.08820148761879,252.8060760498047,242.8113250732422,243.33624267578125,242.71006774902344,-0.6261681318283081,0.0,0.0,nan,nan,nan,nan
2700,766.9978878951515,2.9728600306013626,258.0,1.098497974036262,0.3565765953299683,0.9263565891472868,1.3938982190886255,-4.328467509120628,220.0841522216797,225.23947143554688,225.852294921875,226.03143310546875,0.1791306734085083,0.0,0.0,nan,nan,nan,nan
2701,2114.8614839520305,3.627549715183586,583.0,1.0856370067506254,0.35282762952469005,0.9365351629502573,1.3911971074527634,699.9291714967208,321.3675537109375,270.89862060546875,271.2049255371094,271.9418029785156,0.7368845343589783,0.0,0.0,nan,nan,nan,nan
2702,907.4016348142177,3.0864001184157064,294.0,1.1240486027647227,0.3687361278101139,0.9251700680272109,1.4198362426315665,64.78354262890753,235.06930541992188,230.53060913085938,231.14955139160156,228.97097778320312,-2.178560256958008,0.0,0.0,nan,nan,nan,nan
2703,540.7812072187662,2.480647739535625,218.0,1.0803174386826837,0.35405021994465474,0.926605504587156,1.3944548522581275,-151.332107317686,171.13858032226562,199.1577606201172,199.91917419433594,200.52386474609375,0.6047009825706482,0.0,0.0,nan,nan,nan,nan
2704,980.2172094946727,3.072781220986435,319.0,1.1029688306952035,0.361317135575967,0.9059561128526645,1.3876900571846718,88.09096676697504,239.945556640625,242.62745666503906,243.2132568359375,243.52748107910156,0.31421151757240295,0.0,0.0,nan,nan,nan,nan
2705,922.9115340858698,3.0866606491166215,299.0,1.0658491006468214,0.34639751715814004,0.9063545150501672,1.3521648669750044,70.39181179208208,238.87808227539062,214.83676147460938,215.44261169433594,216.33758544921875,0.8949778079986572,0.0,0.0,nan,nan,nan,nan
2706,588.1499143987894,2.524248559651457,233.0,1.106920646411656,0.36871049701831093,0.9098712446351931,1.3857420037216397,-133.66829046309522,178.9335479736328,216.6392822265625,217.40859985351562,216.96975708007812,-0.4388282597064972,0.0,0.0,nan,nan,nan,nan
2707,612.8118856698275,2.890622102216167,212.0,1.1085935245632048,0.36530140145861545,0.8915094339622641,1.4191957402356767,-67.41947273645178,194.66470336914062,196.1881103515625,196.9559783935547,196.2772674560547,-0.678712010383606,0.0,0.0,nan,nan,nan,nan
2708,1204.830625015311,3.0972509640496426,389.0,1.0650364976647277,0.34601153590757916,0.922879177377892,1.3622168753984034,174.08156076892828,259.02484130859375,244.9940185546875,245.40060424804688,244.6117401123047,-0.7888492941856384,0.0,0.0,nan,nan,nan,nan
2709,635.5986025780439,2.837493761509125,224.0,1.102406063875748,0.362740799187642,0.9375,1.4171409930557035,-68.39666808858124,195.88357543945312,224.99948120117188,225.8015899658203,227.4334259033203,1.631836175918579,0.0,0.0,nan,nan,nan,nan
2710,507.2129187434912,2.574684866718229,197.0,1.0756339253654363,0.3533586216075793,0.9187817258883249,1.3500341258416526,-143.31354933735543,170.3663330078125,213.99468994140625,214.88902282714844,213.6328125,-1.2562040090560913,0.0,0.0,nan,nan,nan,nan
2711,698.1052926992998,2.958073274149575,236.0,1.1047489576797032,0.3648238945344189,0.8940677966101694,1.3791720220482042,-29.653890227671354,206.903564453125,231.5634307861328,232.31065368652344,230.75946044921875,-1.551198124885559,0.0,0.0,nan,nan,nan,nan
2712,726.3832769681467,2.479123812177975,293.0,1.079390676313208,0.3493524134357484,0.931740614334471,1.377559140559231,-114.25448919546807,197.0032501220703,206.52151489257812,207.08209228515625,206.57794189453125,-0.5041577219963074,0.0,0.0,nan,nan,nan,nan
2713,874.7547491490841,2.776999203647886,315.0,1.0824737611534951,0.35423851713027543,0.9365079365079365,1.3716937187147584,-9.45018949183168,219.91500854492188,227.07054138183594,227.6471710205078,228.57736206054688,0.9301924705505371,0.0,0.0,nan,nan,nan,nan
2714,800.5000497996807,2.986940484327167,268.0,1.0835441619671844,0.3519820883243596,0.9328358208955224,1.3876874208591932,9.370434178453479,220.82476806640625,224.224853515625,224.8358612060547,224.8326873779297,-0.003174625337123871,0.0,0.0,nan,nan,nan,nan
2715,712.3703637234867,2.7189708539064377,262.0,1.0857218684781174,0.3571148416739545,0.9122137404580153,1.3671024640308238,-66.8772957675676,202.55105590820312,215.01028442382812,215.6141815185547,215.45574951171875,-0.15842892229557037,0.0,0.0,nan,nan,nan,nan
2716,956.8998534459388,3.047451762566684,314.0,1.088482696552406,0.355305268908228,0.9203821656050956,1.3991519185434378,74.67524082671866,237.35621643066406,231.79107666015625,232.39117431640625,231.31573486328125,-1.075420618057251,0.0,0.0,nan,nan,nan,nan
2717,771.7059320956469,2.912097856964705,265.0,1.0913968144443642,0.35869979760470455,0.9283018867924528,1.4015992269638073,-13.48270546049389,217.661376953125,217.9415283203125,218.61093139648438,217.129150390625,-1.4817756414413452,0.0,0.0,nan,nan,nan,nan
2718,909.2104009017348,3.0006943924149665,303.0,1.097717749291428,0.3610714878096749,0.8976897689768977,1.3747843005159321,48.76937452116522,235.54310607910156,227.2202911376953,227.8294677734375,227.6953125,-0.1341571807861328,0.0,0.0,nan,nan,nan,nan
2719,582.9936124486849,2.816394263037125,207.0,1.1139367341994233,0.36601695100249704,0.927536231884058,1.4159333313448716,-87.33611584911682,185.9893798828125,218.24996948242188,219.16818237304688,218.821044921875,-0.34714704751968384,0.0,0.0,nan,nan,nan,nan
2720,611.4010327160358,2.857014171570261,214.0,1.0932808586806297,0.3595456286194374,0.9205607476635514,1.3894556052781841,-72.79097773363435,192.23193359375,216.69009399414062,217.4446258544922,215.45045471191406,-1.9941660165786743,0.0,0.0,nan,nan,nan,nan
2721,613.2918218057603,2.7257414302478233,225.0,1.1138494552902642,0.36523344714332506,0.9022222222222223,1.3932205511649254,-92.68377488256044,191.47055053710938,228.25791931152344,228.90554809570312,229.1473388671875,0.24178168177604675,0.0,0.0,nan,nan,nan,nan
2722,900.1358614144847,3.0104878308176746,299.0,1.099115705477128,0.35987563932627553,0.9264214046822743,1.3861178168376025,47.61613912069697,230.65499877929688,217.69357299804688,218.24208068847656,219.59664916992188,1.3545504808425903,0.0,0.0,nan,nan,nan,nan
2723,602.5136461146176,2.6426037110290244,228.0,1.0768387931414833,0.3497636864809061,0.9210526315789473,1.3518000338665128,-109.4029286387896,181.95188903808594,221.0692901611328,221.71473693847656,221.3999786376953,-0.3147388994693756,0.0,0.0,nan,nan,nan,nan
2724,1855.4842665940523,3.5075316948847868,529.0,1.0656244158243386,0.34492428605213293,0.9376181474480151,1.3951815262005254,547.4895593102995,307.1121826171875,269.5173034667969,269.8352966308594,270.85369873046875,1.0184065103530884,0.0,0.0,nan,nan,nan,nan
2725,832.8950779717416,3.050897721508211,273.0,1.1064057535112801,0.36259763350138,0.9084249084249084,1.3742437965581638,31.86383224203678,225.33563232421875,241.89697265625,242.45590209960938,242.4263916015625,-0.029500102624297142,0.0,0.0,nan,nan,nan,nan
2726,1528.5006226226687,3.374173559873441,453.0,1.0857936051096824,0.358022569134146,0.9116997792494481,1.3733432263223082,371.01069298777406,287.84423828125,250.80604553222656,251.22802734375,251.9813690185547,0.7533454895019531,0.0,0.0,nan,nan,nan,nan
2727,1571.456606959924,3.0995199348321973,507.0,1.067549427837133,0.34712388242361,0.903353057199211,1.3751970971402971,307.0290721534725,273.4039001464844,244.19248962402344,244.5582733154297,244.58018493652344,0.02191210351884365,0.0,0.0,nan,nan,nan,nan
2728,419.088267210871,2.4365596930864593,172.0,1.1379407006665787,0.3825614936074491,0.8953488372093024,1.4144989462861508,-181.93005032758822,145.20118713378906,193.62359619140625,194.69140625,197.86659240722656,3.1752142906188965,0.0,0.0,nan,nan,nan,nan
2729,1442.3596941232681,3.017488899839473,478.0,1.1060910793011287,0.3644862748864388,0.9225941422594143,1.393175568229186,235.36161394598594,262.7669677734375,248.1746368408203,248.56658935546875,248.70242309570312,0.13583335280418396,0.0,0.0,nan,nan,nan,nan
2730,734.6076673157513,2.858395592668293,257.0,1.0377428742785118,0.3360895450197066,0.9299610894941635,1.3675859037387,-34.7383620668254,216.1762237548828,214.2620391845703,214.9717559814453,213.1580352783203,-1.8137383460998535,0.0,0.0,nan,nan,nan,nan
2731,1060.59989080159,3.0216521105458405,351.0,1.0735402404515348,0.35042976687870364,0.9145299145299145,1.38490108188987,105.10321537963614,245.5952606201172,229.35162353515625,229.80308532714844,229.40191650390625,-0.4011651575565338,0.0,0.0,nan,nan,nan,nan
2732,1072.739259969443,3.0389214163440315,353.0,1.0850147241331805,0.3585234279616259,0.9206798866855525,1.373604387814524,113.28193250409845,243.36801147460938,255.76177978515625,256.2542724609375,256.6546325683594,0.40035319328308105,0.0,0.0,nan,nan,nan,nan
2733,390.53588840179145,2.6933509544951133,145.0,1.09484660372661,0.3514293326026139,0.9241379310344827,1.397458046530726,-157.01362655088928,152.6269073486328,191.68112182617188,192.8534393310547,191.52496337890625,-1.328478455543518,0.0,0.0,nan,nan,nan,nan
2734,1109.4687448441982,3.125264069983657,355.0,1.0854520133290775,0.35422641776454034,0.9183098591549296,1.3941946169840929,146.05076533546253,253.455322265625,231.70620727539062,232.227294921875,233.25950622558594,1.0321961641311646,0.0,0.0,nan,nan,nan,nan
2735,-2.9918410181999207,-0.3739801272749901,8.0,1.2323159476759002,0.3998402321400742,1.0,1.4952852807163226,-279.23669099859706,-2.174804210662842,166.41973876953125,171.67295837402344,174.04739379882812,2.3744354248046875,0.0,0.0,nan,nan,nan,nan
2736,384.41870154975913,2.448526761463434,157.0,1.105282814581967,0.36755534796407074,0.910828025477707,1.3873946356924691,-186.89472566326754,138.68983459472656,228.56849670410156,229.74624633789062,227.55152893066406,-2.194681167602539,0.0,0.0,nan,nan,nan,nan
2737,1285.382608961314,2.8950058760389954,444.0,1.1053057105579978,0.3612976244797349,0.9144144144144144,1.3816046175286854,145.71561352167873,247.54217529296875,236.61691284179688,236.952880859375,237.14122009277344,0.1883302628993988,0.0,0.0,nan,nan,nan,nan
2738,405.75720276869833,2.3186125872497048,175.0,1.0969985549270713,0.3583448876439971,0.9085714285714286,1.3974425812277484,-201.20209283484735,142.39447021484375,172.74488830566406,173.58602905273438,173.7827911376953,0.19676129519939423,0.0,0.0,nan,nan,nan,nan
2739,548.1542812138796,2.8110475959686134,195.0,1.0838551592696333,0.35535827413834153,0.9333333333333333,1.3837662120488503,-98.41153482357618,182.8153839111328,188.27713012695312,189.16551208496094,190.7019805908203,1.5364854335784912,0.0,0.0,nan,nan,nan,nan
2740,840.6212924197316,2.908724195223985,289.0,1.0854219378923842,0.3558920858601565,0.916955017301038,1.3817758784391112,7.904830342899004,220.6171875,236.29327392578125,236.95999145507812,239.056396484375,2.096384048461914,0.0,0.0,nan,nan,nan,nan
2741,926.3308193506673,3.273253778624266,283.0,1.0782977093305337,0.3523258051368242,0.9222614840989399,1.3863713724920077,105.49631340400765,244.47332763671875,229.18304443359375,229.79470825195312,229.69168090820312,-0.10300561785697937,0.0,0.0,nan,nan,nan,nan
2742,597.2275287918746,2.803885111698942,213.0,1.127773084271717,0.3720669206456374,0.8591549295774648,1.3821192765214765,-84.98415563610001,188.12684631347656,216.51100158691406,217.26852416992188,216.1858367919922,-1.0826823711395264,0.0,0.0,nan,nan,nan,nan
2743,1559.2870468460023,3.551906712633263,439.0,1.0952569433000583,0.35691368412922986,0.9339407744874715,1.3984571075105476,429.52168151484466,299.6376647949219,259.4011535644531,259.821533203125,259.4272155761719,-0.39432722330093384,0.0,0.0,nan,nan,nan,nan
2744,920.5151840224862,3.174190289732711,290.0,1.0943050591484969,0.35625615577499825,0.9275862068965517,1.392254242929033,85.81839592395795,238.28733825683594,247.15797424316406,247.73631286621094,247.82077026367188,0.08446286618709564,0.0,0.0,nan,nan,nan,nan
2745,1179.437160745263,3.213725233638319,367.0,1.0956789736195958,0.36437644702855027,0.9019073569482289,1.3911351205240778,192.25526897618147,261.213134765625,264.3187255859375,264.77862548828125,263.6055603027344,-1.1730608940124512,0.0,0.0,nan,nan,nan,nan
2746,360.75428619608283,1.8405830928371574,196.0,1.0949317771746556,0.36102790391018386,0.8928571428571429,1.3840379246705188,-287.79185586306835,120.443359375,161.619384765625,162.44918823242188,168.00177001953125,5.5525898933410645,0.0,0.0,nan,nan,nan,nan
2747,702.0418361853808,2.9874120688739607,235.0,1.0589965067601599,0.3432483150932528,0.9148936170212766,1.3748125800518065,-23.737020719894872,211.12144470214844,202.93673706054688,203.6434783935547,204.4132843017578,0.7698132395744324,0.0,0.0,nan,nan,nan,nan
2748,592.1419889703393,2.7931225894827327,212.0,1.1142066594566264,0.3663339258508234,0.8915094339622641,1.4023901270404342,-88.08936943593994,187.03414916992188,195.85601806640625,196.55479431152344,197.78836059570312,1.233550786972046,0.0,0.0,nan,nan,nan,nan
2749,32.77287210803479,0.7448380024553362,44.0,1.0746989153754214,0.3462985798956431,0.9318181818181818,1.468389924997505,-314.76371465340037,14.608414649963379,170.9219970703125,171.79547119140625,172.34442138671875,0.5489389300346375,0.0,0.0,nan,nan,nan,nan
2750,1012.3316414728761,3.153681126083726,321.0,1.0714570102708951,0.35057820908979487,0.9345794392523364,1.388991791460503,116.24474670178734,248.04925537109375,248.77191162109375,249.2626495361328,249.08966064453125,-0.17297877371311188,0.0,0.0,nan,nan,nan,nan
2751,465.64098829356954,2.3879025040695874,195.0,1.1129461194514998,0.3690702004555183,0.9076923076923077,1.391509984371424,-180.92482774388623,153.72120666503906,225.5187530517578,226.19384765625,226.96693420410156,0.7730938196182251,0.0,0.0,nan,nan,nan,nan
2752,905.6457450501621,2.902710721314622,312.0,1.0699900646895835,0.34982043508069993,0.9326923076923077,1.3483022812402243,27.38178447433279,234.6121368408203,220.591552734375,221.1862030029297,219.83433532714844,-1.3518403768539429,0.0,0.0,nan,nan,nan,nan
2753,905.9550495971926,3.029949998652818,299.0,1.1117483989415096,0.3671553150991184,0.903010033444816,1.398408591771981,53.43532730340485,231.7597198486328,235.1729736328125,235.696533203125,236.9043731689453,1.2078049182891846,0.0,0.0,nan,nan,nan,nan
2754,715.1824967740104,3.109489116408741,230.0,1.0774919299156311,0.3525323373515689,0.908695652173913,1.384094695452437,-0.6947300227877804,216.0262451171875,220.83499145507812,221.65806579589844,223.0074920654297,1.3494302034378052,0.0,0.0,nan,nan,nan,nan
2755,866.2266646549106,2.99732409915194,289.0,1.0580123173132951,0.3447859264419317,0.9307958477508651,1.3734289358949328,33.51020257807795,226.35484313964844,231.2416534423828,231.82347106933594,232.4627685546875,0.6393212080001831,0.0,0.0,nan,nan,nan,nan
2756,675.177410364151,2.689949842088251,251.0,1.09903627835439,0.3623858641690524,0.9123505976095617,1.3843955896735283,-82.28666288825275,196.28213500976562,209.09214782714844,209.69198608398438,208.06024169921875,-1.6317332983016968,0.0,0.0,nan,nan,nan,nan
2757,361.2570330873132,2.112614228580779,171.0,1.0853214997752254,0.35783839935925205,0.9415204678362573,1.399328837781549,-237.7809584294505,125.39227294921875,179.7174530029297,180.8908233642578,183.62384033203125,2.7330121994018555,0.0,0.0,nan,nan,nan,nan
2758,488.2757459692657,2.5698723472066614,190.0,1.0884224696736962,0.35734015138515496,0.9315789473684211,1.3980613177516865,-148.3884399597125,163.0823974609375,195.81796264648438,196.7067413330078,196.6741943359375,-0.03255077078938484,0.0,0.0,nan,nan,nan,nan
2759,552.9547656588256,2.2755340150568957,243.0,1.1139848454905366,0.368702686396881,0.9053497942386831,1.3667748303912706,-188.66669942001408,164.48472595214844,185.44688415527344,186.23193359375,187.98899841308594,1.7570348978042603,0.0,0.0,nan,nan,nan,nan
2760,1610.8630425967276,3.3700063652651204,478.0,1.1043420253668066,0.3639745545485693,0.9330543933054394,1.4026876604256588,403.8649624194454,288.8965759277344,265.0906982421875,265.40765380859375,264.08428955078125,-1.323355793952942,0.0,0.0,nan,nan,nan,nan
2761,548.6648714095354,2.771034704088563,198.0,1.077286316453222,0.34899779729910047,0.9191919191919192,1.348623412773937,-103.84192269300684,179.4151611328125,201.78981018066406,202.5780029296875,201.68299865722656,-0.8950063586235046,0.0,0.0,nan,nan,nan,nan
2762,1166.1810445021838,3.126490735930788,373.0,1.10773972880045,0.3643774269790604,0.9276139410187667,1.4181189383749064,167.1171966029292,254.6279296875,255.72251892089844,256.1588134765625,255.3294219970703,-0.8293817043304443,0.0,0.0,nan,nan,nan,nan
2763,621.26615315862,2.3894852044562307,260.0,1.0720605430842856,0.35582498173342825,0.9230769230769231,1.3934083088903924,-154.0208542890432,178.92063903808594,209.99868774414062,210.6585693359375,210.89637756347656,0.23780977725982666,0.0,0.0,nan,nan,nan,nan
2764,278.2318782508373,1.9321658211863704,144.0,1.126638913234704,0.38001778199948066,0.9166666666666666,1.4164606579523609,-267.33731068014777,106.39643859863281,192.3199005126953,193.43670654296875,192.44482421875,-0.9918787479400635,0.0,0.0,nan,nan,nan,nan
2765,713.2643365748227,2.8530573462992908,250.0,1.084821948797211,0.355059155941708,0.908,1.3974158459338326,-42.21941065588544,203.95175170898438,224.99819946289062,225.65090942382812,224.8667449951172,-0.7841599583625793,0.0,0.0,nan,nan,nan,nan
2766,1445.0959742609411,3.1552313848492166,458.0,1.0527985397470767,0.34216831977041295,0.9410480349344978,1.3636159446874954,277.7044145175689,276.6749572753906,232.88858032226562,233.2398681640625,233.03807067871094,-0.2017989307641983,0.0,0.0,nan,nan,nan,nan
2767,746.0004972070456,2.960319433361292,252.0,1.0857016994493682,0.3577219711651437,0.9126984126984127,1.3927065789569282,-13.443902067053614,213.1282958984375,216.41050720214844,217.10369873046875,216.59585571289062,-0.5078602433204651,0.0,0.0,nan,nan,nan,nan
2768,2053.4301115721464,3.4053567356088665,603.0,1.075332249022202,0.34750323290369217,0.9303482587064676,1.3845150037512346,598.8912786829267,305.60791015625,266.59918212890625,266.8831481933594,268.004150390625,1.1209994554519653,0.0,0.0,nan,nan,nan,nan
2769,427.80440096743405,2.1390220048371704,200.0,1.1067588718753538,0.36512903043350275,0.95,1.410786564096082,-228.66304517849915,142.23724365234375,190.29164123535156,191.0742645263672,191.0019989013672,-0.07226844877004623,0.0,0.0,nan,nan,nan,nan
2770,573.9493602905422,2.759371924473761,208.0,1.111902989023651,0.37012684405337315,0.8894230769230769,1.4073091159174547,-98.36069402895487,182.1073455810547,223.36880493164062,224.17868041992188,223.38990783691406,-0.7887517213821411,0.0,0.0,nan,nan,nan,nan
2771,1125.5011069774628,3.3298849318859847,338.0,1.0873274960693435,0.3520900166257793,0.9408284023668639,1.4106723619517931,195.74866983755055,267.8504943847656,235.01571655273438,235.56056213378906,235.64755249023438,0.08698908984661102,0.0,0.0,nan,nan,nan,nan
2772,1500.0054646916687,3.4802911013727815,431.0,1.0809152776203053,0.3527348414700902,0.9118329466357309,1.3729578235432536,386.0827075340751,292.0121765136719,263.8462829589844,264.2336730957031,264.2673034667969,0.03361188992857933,0.0,0.0,nan,nan,nan,nan
2773,537.9279622472823,2.4675594598499186,218.0,1.130427764196985,0.3689271924052094,0.9220183486238532,1.4177833226294858,-154.18535228916994,170.04286193847656,189.28652954101562,190.09378051757812,189.3975067138672,-0.6962749361991882,0.0,0.0,nan,nan,nan,nan
2774,805.9998118206859,3.0530295902298707,264.0,1.0682732350301647,0.35134022112249635,0.9166666666666666,1.4016735008216241,22.791500286240762,224.44898986816406,237.07244873046875,237.71519470214844,235.9137725830078,-1.8014442920684814,0.0,0.0,nan,nan,nan,nan
2775,506.24040424078703,2.7217226034450914,186.0,1.0791644311186874,0.3575019001098123,0.9139784946236559,1.358543079214001,-122.50247760140917,171.47122192382812,214.15023803710938,215.1029052734375,215.0627899169922,-0.04011749103665352,0.0,0.0,nan,nan,nan,nan
2776,1108.2390367332118,3.28854313570686,337.0,1.0686781305720776,0.3493925411373692,0.9554896142433235,1.3712117066519414,180.46692561499503,260.2266845703125,261.1158752441406,261.7156982421875,262.7380065917969,1.022324562072754,0.0,0.0,nan,nan,nan,nan
2777,570.9186328165233,2.5833422299390194,221.0,1.0266316378871598,0.3280806816614979,0.9366515837104072,1.341343831678704,-127.13565978501538,180.88522338867188,181.4757080078125,182.22068786621094,181.76231384277344,-0.45836690068244934,0.0,0.0,nan,nan,nan,nan
2778,887.7018742710352,3.0822981745522053,288.0,1.0822286554073144,0.35838279971971204,0.9201388888888888,1.3799369305274265,56.965738215898,232.82379150390625,248.2220001220703,248.826171875,249.72650146484375,0.900366485118866,0.0,0.0,nan,nan,nan,nan
2779,1306.1955315498635,3.3236527520352763,393.0,1.0967360097585732,0.35836025695090373,0.9287531806615776,1.4024149077443586,267.52516321669873,274.18194580078125,236.92129516601562,237.34690856933594,238.4523468017578,1.1054497957229614,0.0,0.0,nan,nan,nan,nan
2780,507.7087811753154,2.7296171030930934,186.0,1.1075878381917093,0.3623922370523581,0.9247311827956989,1.3777290978433452,-121.03410066688082,171.06028747558594,201.31117248535156,202.14862060546875,200.87135314941406,-1.2773000001907349,0.0,0.0,nan,nan,nan,nan
2781,1094.928658965975,3.110592781153338,352.0,1.090712794476069,0.36096285722738464,0.8920454545454546,1.3648661173497023,137.45165752232583,250.31947326660156,250.93675231933594,251.52259826660156,252.96865844726562,1.4460521936416626,0.0,0.0,nan,nan,nan,nan
2782,899.5917976477649,2.638099113336554,341.0,1.078196990436797,0.3511237322702557,0.9530791788856305,1.3885725589975313,-36.101617557233794,213.68814086914062,216.31991577148438,216.7910614013672,218.2117462158203,1.4206767082214355,0.0,0.0,nan,nan,nan,nan
2783,980.8029286023229,3.1741195100398802,309.0,1.083943603899669,0.34755067678926055,0.941747572815534,1.4032874940801539,108.47994609158036,247.31149291992188,231.77236938476562,232.3323211669922,231.81707763671875,-0.5152460336685181,0.0,0.0,nan,nan,nan,nan
2784,248.283397462219,1.7862114925339496,139.0,1.040444257405393,0.34050853870701875,0.935251798561151,1.3579987456202407,-287.38416136028866,91.9158706665039,174.82583618164062,175.9538116455078,175.2534637451172,-0.7003774046897888,0.0,0.0,nan,nan,nan,nan
2785,581.1906466726214,2.46267223166365,236.0,1.0782091190063825,0.3543261695310531,0.940677966101695,1.366994725961862,-146.56853625434974,174.31605529785156,206.68226623535156,207.38880920410156,208.1009979248047,0.712213397026062,0.0,0.0,nan,nan,nan,nan
2786,617.0280723234173,2.8046730560155333,220.0,1.098337359277488,0.35686571246941723,0.9272727272727272,1.4023701667920405,-79.04589425642587,193.577392578125,210.8499755859375,211.73533630371094,211.4942169189453,-0.24112507700920105,0.0,0.0,nan,nan,nan,nan
2787,211.05809158459306,1.8194663067637333,116.0,1.1444537113878512,0.3746687974315805,0.9396551724137931,1.4186488550975325,-279.06196873891815,87.8007583618164,170.16786193847656,171.8670654296875,170.23692321777344,-1.630176067352295,0.0,0.0,nan,nan,nan,nan
2788,542.5507701188326,2.55920174584355,212.0,1.0563893867652003,0.34461714922609366,0.8820754716981132,1.3757834458434905,-137.68058828744665,172.3236541748047,203.3518524169922,204.1448211669922,202.26031494140625,-1.8845096826553345,0.0,0.0,nan,nan,nan,nan
2789,788.4331965744495,2.9529333205035564,267.0,1.0704532519627983,0.35021934194865867,0.947565543071161,1.3831290216908196,-0.7160930250820456,222.6619873046875,200.72731018066406,201.44174194335938,202.3587188720703,0.9169761538505554,0.0,0.0,nan,nan,nan,nan
2790,969.2006309679709,0.9692006309679709,1000.0,1.12150008574006,0.37961303771548655,0.891,1.3790282431133642,-1271.527632534362,89.54574584960938,97.38809967041016,97.5118408203125,96.91167449951172,-0.6001540422439575,0.0,0.0,nan,nan,nan,nan
2791,1065.1788278319873,3.0964500809069397,344.0,1.0960144700594308,0.3615756896878331,0.938953488372093,1.3939405338609887,123.54443456190211,248.7899932861328,248.94418334960938,249.4436798095703,250.07464599609375,0.6309744119644165,0.0,0.0,nan,nan,nan,nan
2792,1004.6793667189777,2.8542027463607322,352.0,1.0750928772842032,0.35126068349708556,0.9403409090909091,1.3839015098503475,47.202365275328475,231.77906799316406,233.7489776611328,234.25204467773438,233.28248596191406,-0.9695522785186768,0.0,0.0,nan,nan,nan,nan
2793,852.4256371892989,2.8994069292153024,294.0,1.0899861949784786,0.3577480957673888,0.8775510204081632,1.3651003218136244,9.807545003988707,222.12977600097656,239.777587890625,240.3730926513672,240.17288208007812,-0.20022982358932495,0.0,0.0,nan,nan,nan,nan
2794,1153.793598011136,3.135308690247652,368.0,1.0665337316169816,0.351551969035229,0.9211956521739131,1.37346684196975,164.63138022035878,257.20855712890625,248.38064575195312,248.80812072753906,248.93019104003906,0.12205799669027328,0.0,0.0,nan,nan,nan,nan
2795,666.0038180323318,2.8956687740536164,230.0,1.1185776484088314,0.3665262394903803,0.9347826086956522,1.4092133551660406,-49.873408764466376,202.0379180908203,215.5558624267578,216.3205108642578,216.03070068359375,-0.28980913758277893,0.0,0.0,nan,nan,nan,nan
2796,747.464074626565,3.0633773550269057,244.0,1.130343222956861,0.37547644463269475,0.8729508196721312,1.3928898473541134,3.8622835260298416,219.06954956054688,217.71568298339844,218.46478271484375,217.1162567138672,-1.3485205173492432,0.0,0.0,nan,nan,nan,nan
2797,394.97113680979237,2.057141337551002,192.0,1.071442911709224,0.35091628077275844,0.8802083333333334,1.3648889434092342,-245.6537011625768,134.4543914794922,168.16619873046875,169.0762481689453,169.68948364257812,0.6132335066795349,0.0,0.0,nan,nan,nan,nan
2798,520.0432791109197,2.5492317603476455,204.0,1.0688586934316522,0.3467237740616981,0.9313725490196079,1.3808685104895135,-144.34547112179553,166.78335571289062,197.8574981689453,198.665283203125,198.7518768310547,0.08660417795181274,0.0,0.0,nan,nan,nan,nan
2799,454.83550856262445,2.613997175647267,174.0,1.0594300718781162,0.34081782898874563,0.9425287356321839,1.3845884076577248,-150.1434610192257,162.87344360351562,188.0947723388672,189.19223022460938,191.1400146484375,1.9477896690368652,0.0,0.0,nan,nan,nan,nan
2800,1049.9149131865706,1.0499149131865706,1000.0,1.130645933149166,0.3864460816339124,0.871,1.3738279318903444,-1190.8133503157624,94.8905029296875,93.18285369873047,93.26953887939453,94.27537536621094,1.005839467048645,0.0,0.0,nan,nan,nan,nan
2801,673.3950505852699,2.8293909688456718,238.0,1.1088457735255601,0.3627033428619492,0.9453781512605042,1.4054373748032802,-58.324784385092244,203.67489624023438,213.30223083496094,213.97845458984375,214.73480224609375,0.7563454508781433,0.0,0.0,nan,nan,nan,nan
2802,2366.827100738883,3.5752675237747478,662.0,1.0448607012480036,0.3375869999565289,0.93202416918429,1.3731660680197377,795.4490325696288,323.0451965332031,263.8232116699219,264.0841064453125,264.104736328125,0.020663166418671608,0.0,0.0,nan,nan,nan,nan
2803,512.9023423061008,2.454078192852157,209.0,1.096808938023944,0.3679235924788762,0.8755980861244019,1.3536100166143328,-161.388038035092,167.0970458984375,207.00704956054688,207.81646728515625,207.2843475341797,-0.5321021676063538,0.0,0.0,nan,nan,nan,nan
2804,1375.7555793579668,3.4917654298425553,394.0,1.094806718276895,0.3574946707103694,0.9035532994923858,1.3933471137213462,335.1048850031066,291.80487060546875,241.8414306640625,242.3006591796875,242.30282592773438,0.0021610744297504425,0.0,0.0,nan,nan,nan,nan
2805,420.49526309221983,2.2366769313415946,188.0,1.1004251299404022,0.3614206146411697,0.9361702127659575,1.400578242698789,-212.20827079336732,142.4657745361328,176.1781463623047,177.1411590576172,178.36355590820312,1.2223789691925049,0.0,0.0,nan,nan,nan,nan
2806,833.9356571231037,3.0659399158937637,272.0,1.0973785022993334,0.35959528988835293,0.9117647058823529,1.375829397312269,34.884737415094605,230.407958984375,232.43746948242188,233.05906677246094,233.5010223388672,0.44195643067359924,0.0,0.0,nan,nan,nan,nan
2807,954.3232557056472,0.9543232557056471,1000.0,1.1434827208117624,0.391490986200132,0.878,1.388942871605992,-1286.4050077966858,88.74160766601562,90.5673828125,90.66766357421875,91.18534851074219,0.5176929235458374,0.0,0.0,nan,nan,nan,nan
2808,1040.738333903253,3.325042600329882,313.0,1.0809545047204163,0.35315744580561637,0.9201277955271565,1.3630576446875802,160.49404730572837,259.2518310546875,244.48696899414062,245.04193115234375,244.47396850585938,-0.5679717659950256,0.0,0.0,nan,nan,nan,nan
2809,886.3306419178843,3.1099320769048573,285.0,1.0788838762596862,0.35037862493436,0.9298245614035088,1.3944775220569763,61.53548392783364,237.41412353515625,236.9212188720703,237.61770629882812,238.02577209472656,0.40805700421333313,0.0,0.0,nan,nan,nan,nan
2810,655.5659576542675,2.92663373952798,224.0,1.0712004827600705,0.3475451145905459,0.9330357142857143,1.3821873103372613,-48.429313012357625,205.36363220214844,207.66114807128906,208.5084686279297,208.0839080810547,-0.42455849051475525,0.0,0.0,nan,nan,nan,nan
2811,918.5464661214501,2.750139120124102,334.0,1.0651239503633125,0.3472013914853194,0.9520958083832335,1.3830655775609597,-3.2846669316800217,221.47955322265625,223.7683563232422,224.29428100585938,225.23985290527344,0.9455653429031372,0.0,0.0,nan,nan,nan,nan
2812,1283.3325530476868,3.0775360984357,417.0,1.0832409894221295,0.3552512436276778,0.9304556354916067,1.4017078343000366,197.13436019383016,258.4616394042969,248.35922241210938,248.75790405273438,249.42735290527344,0.6694445610046387,0.0,0.0,nan,nan,nan,nan
2813,369.9429131629877,2.356324287662342,157.0,1.102979570953342,0.3636649794743229,0.9299363057324841,1.379989129070659,-201.370514050039,135.36770629882812,194.66195678710938,195.8291015625,193.3336181640625,-2.495488166809082,0.0,0.0,nan,nan,nan,nan
2814,405.15986014623195,2.121255812283937,191.0,1.1045998237761725,0.36544273809138134,0.8900523560209425,1.3494917061630827,-233.48465180444168,140.32212829589844,181.2923126220703,182.1802215576172,184.55992126464844,2.3797004222869873,0.0,0.0,nan,nan,nan,nan
2815,629.6875359313563,2.450146054207612,257.0,1.0736177017830433,0.3527616685381384,0.914396887159533,1.384363739354797,-139.65849345122047,180.8728485107422,212.92156982421875,213.6297149658203,214.2564697265625,0.6267488598823547,0.0,0.0,nan,nan,nan,nan
2816,1072.8091582544148,3.3736137052025623,318.0,1.0667852707334846,0.3438352984139821,0.9433962264150944,1.3828679259027725,182.66324154841254,268.7935485839844,238.60121154785156,239.16725158691406,239.52159118652344,0.35435399413108826,0.0,0.0,nan,nan,nan,nan
2817,611.9363563731313,2.447745425492525,250.0,1.113720894265758,0.3749746276169317,0.92,1.401865560730243,-143.54739085757683,179.70864868164062,210.3975372314453,211.09437561035156,212.11614990234375,1.02177894115448,0.0,0.0,nan,nan,nan,nan
2818,624.8335198331624,2.933490703442077,213.0,1.0698424528810349,0.3489764194902038,0.9483568075117371,1.3935159891268794,-57.37816459481223,196.83363342285156,201.2874298095703,202.00083923339844,201.8104705810547,-0.19040174782276154,0.0,0.0,nan,nan,nan,nan
2819,531.8878626227379,2.713713584809887,196.0,1.105425525141077,0.36245628561963944,0.9081632653061225,1.4067954980160908,-116.6582794364133,174.07601928710938,205.91586303710938,206.71485900878906,205.61874389648438,-1.0961259603500366,0.0,0.0,nan,nan,nan,nan
2820,430.6431701183319,2.0409628915560756,211.0,1.119491313413995,0.36955683294852526,0.9146919431279621,1.4048082212003503,-247.6078622662517,136.70704650878906,208.67149353027344,209.65301513671875,207.73568725585938,-1.9173179864883423,0.0,0.0,nan,nan,nan,nan
2821,1041.152861315757,3.071247378512558,339.0,1.0997335196736293,0.36139592275566274,0.9380530973451328,1.3926063257501016,109.4200981541494,248.17791748046875,235.5653533935547,236.03475952148438,235.7982177734375,-0.2365388721227646,0.0,0.0,nan,nan,nan,nan
2822,1483.2721956558526,3.4176778701747756,434.0,1.0646220383276845,0.3503753110996559,0.9193548387096774,1.3651350206192616,363.4084604331724,287.87994384765625,263.7843017578125,264.1933288574219,263.7462463378906,-0.44705885648727417,0.0,0.0,nan,nan,nan,nan
2823,605.4649792127311,2.7273197261834734,222.0,1.1042667358206104,0.3641459633458675,0.9369369369369369,1.3971882968696296,-94.56963941050299,189.2140350341797,216.2399139404297,216.9781036376953,215.59555053710938,-1.3825491666793823,0.0,0.0,nan,nan,nan,nan
2824,814.8147403972689,3.0066964590305125,271.0,1.0988653137738076,0.3590394237441289,0.933579335793358,1.3887749112162233,17.744146710955192,222.5913543701172,225.62545776367188,226.34400939941406,225.74880981445312,-0.5952096581459045,0.0,0.0,nan,nan,nan,nan
2825,751.9587435126305,2.8810679828070134,261.0,1.0905911688578442,0.35846112191774554,0.9272030651340997,1.4015653531197423,-25.308589956728156,213.90350341796875,226.09910583496094,226.74264526367188,226.41029357910156,-0.33235830068588257,0.0,0.0,nan,nan,nan,nan
2826,927.47940770071,2.8537827929252617,325.0,1.0936533329600129,0.35526504781312096,0.9292307692307692,1.4006877774113036,23.47120884283936,226.9672088623047,214.0875701904297,214.5815887451172,214.95518493652344,0.3736209273338318,0.0,0.0,nan,nan,nan,nan
2827,806.1108760107309,2.9527870916143986,273.0,1.085812526755867,0.35457091564189624,0.9194139194139194,1.4087723212081709,5.079630281026084,220.3743438720703,213.83323669433594,214.46217346191406,213.8938751220703,-0.5683168768882751,0.0,0.0,nan,nan,nan,nan
2828,869.2236447688192,2.8877861952452464,301.0,1.0877694943001734,0.35227359959599513,0.9368770764119602,1.3928577685755086,12.74327043164044,225.93328857421875,208.55386352539062,209.0937042236328,210.38229370117188,1.2886056900024414,0.0,0.0,nan,nan,nan,nan
2829,714.8910891413689,2.8595643565654756,250.0,1.0724105995157756,0.35227804552740416,0.932,1.35951646751008,-40.59265808933924,207.5526885986328,220.30238342285156,220.8817138671875,220.53762817382812,-0.3440798819065094,0.0,0.0,nan,nan,nan,nan
2830,895.3316380651668,3.0767410242789235,291.0,1.0686054103756704,0.3480443404041997,0.9209621993127147,1.366489505900826,58.654523944943094,234.220947265625,224.9104766845703,225.48617553710938,225.40353393554688,-0.08262637257575989,0.0,0.0,nan,nan,nan,nan
2831,706.4751893077046,2.943646622115436,240.0,1.1075187319889859,0.36313011063361444,0.9458333333333333,1.4063657307420812,-29.20529770604867,208.88623046875,203.99607849121094,204.663330078125,205.68603515625,1.0227001905441284,0.0,0.0,nan,nan,nan,nan
2832,1192.026039940305,3.425362183736509,348.0,1.071419343943704,0.3482706514460075,0.9310344827586207,1.3929224284520463,242.47034258343797,275.73602294921875,243.86233520507812,244.36956787109375,244.0189208984375,-0.3506315350532532,0.0,0.0,nan,nan,nan,nan
2833,800.7972725629807,2.988049524488734,268.0,1.060594292589659,0.3482732753931378,0.9291044776119403,1.3665975042849101,9.667656941753421,219.3434600830078,242.62074279785156,243.22314453125,243.31398010253906,0.09081590175628662,0.0,0.0,nan,nan,nan,nan
2834,998.7625296525657,3.101746986498651,322.0,1.1192790891065594,0.36393553524313776,0.9254658385093167,1.4210176679987583,100.69530885978156,243.2222442626953,239.6831817626953,240.25440979003906,240.29214477539062,0.03771756961941719,0.0,0.0,nan,nan,nan,nan
2835,774.7563929688185,2.7868934998878365,278.0,1.096219136250805,0.35836328082217955,0.8884892086330936,1.3706139242343272,-36.176482869363554,212.35800170898438,209.62081909179688,210.20803833007812,210.0908966064453,-0.11714408546686172,0.0,0.0,nan,nan,nan,nan
2836,558.5136706009507,2.5158273450493276,222.0,1.1248833479140918,0.36776224572472654,0.9144144144144144,1.4031167197735113,-141.5209480222834,172.28970336914062,202.40029907226562,203.218505859375,201.519287109375,-1.6992160081863403,0.0,0.0,nan,nan,nan,nan
2837,430.7227494120598,2.303330210759678,187.0,1.1118835876226083,0.36904282079646017,0.9197860962566845,1.4197193831841086,-200.00045845183195,149.0011749267578,163.4218292236328,164.30487060546875,165.54205322265625,1.2371933460235596,0.0,0.0,nan,nan,nan,nan
2838,581.7653203569353,2.851790786063408,204.0,1.095425836636222,0.3618870765564079,0.8921568627450981,1.3995187493492658,-82.62342987577995,187.69703674316406,200.3614501953125,201.1092987060547,200.84661865234375,-0.26264381408691406,0.0,0.0,nan,nan,nan,nan
2839,676.8043181821704,2.904739563013607,233.0,1.0905701246500221,0.3538709443041059,0.9313304721030042,1.4087465124951202,-45.01388667971423,202.99713134765625,208.91053771972656,209.60501098632812,210.3727569580078,0.7677531242370605,0.0,0.0,nan,nan,nan,nan
2840,38.79566053301096,0.7759132106602192,50.0,1.0798686215969824,0.347583142897735,0.92,1.4150268475126786,-320.6228823585972,14.422189712524414,174.90151977539062,176.0793914794922,173.44435119628906,-2.635059118270874,0.0,0.0,nan,nan,nan,nan
2841,958.6226035766304,2.8615600106765084,335.0,1.1111773335982347,0.36364086228086895,0.9223880597014925,1.4011406200686296,34.81114450180462,224.090087890625,229.97634887695312,230.56500244140625,233.26385498046875,2.698864221572876,0.0,0.0,nan,nan,nan,nan
2842,533.1796214580536,2.626500598315535,203.0,1.137402729264751,0.3716819104862308,0.9310344827586207,1.397446341725698,-129.2288027529661,173.6139373779297,207.4153289794922,208.28005981445312,208.74423217773438,0.4641782343387604,0.0,0.0,nan,nan,nan,nan
2843,1014.8592165131122,1.0148592165131123,1000.0,1.1428507982707528,0.3894399049576023,0.877,1.3818068217263084,-1225.8690469892208,92.14979553222656,95.85708618164062,95.96173095703125,95.65055084228516,-0.311170369386673,0.0,0.0,nan,nan,nan,nan
2844,591.6933704633266,2.595146361681257,228.0,1.0997044632438528,0.36118637294941164,0.9298245614035088,1.4089695655119345,-120.22320429008062,182.40542602539062,210.19448852539062,210.89064025878906,209.19520568847656,-1.6954350471496582,0.0,0.0,nan,nan,nan,nan
2845,1050.5670379544608,3.0539739475420373,344.0,1.0776041115764603,0.3519213110541401,0.9040697674418605,1.3676440169835928,108.93264468437565,246.8280792236328,244.46974182128906,245.00897216796875,244.84007263183594,-0.16891229152679443,0.0,0.0,nan,nan,nan,nan
2846,993.4503469918855,0.9934503469918855,1000.0,1.1291729914597777,0.3855099599988462,0.87,1.3896663409556493,-1247.2779165104475,91.31510162353516,99.36893463134766,99.46308898925781,99.04572296142578,-0.4173666834831238,0.0,0.0,nan,nan,nan,nan
2847,1113.279035679996,3.2457114742857027,343.0,1.05158403085537,0.34296099153013343,0.9271137026239067,1.376196991967749,173.62496843160625,260.85321044921875,238.54733276367188,239.03707885742188,240.31063842773438,1.2735481262207031,0.0,0.0,nan,nan,nan,nan
2848,1080.996206663549,2.9374896920205136,368.0,1.0893221742571666,0.36067752745841875,0.9211956521739131,1.3789228391826618,91.83398887277167,242.2285614013672,243.86842346191406,244.32974243164062,243.90542602539062,-0.4243089556694031,0.0,0.0,nan,nan,nan,nan
2849,817.6102367043495,3.244485066287101,252.0,1.0604760574228826,0.3423714406685793,0.9404761904761905,1.3797119912685558,58.16583743025035,235.6043243408203,204.7728729248047,205.48121643066406,206.717041015625,1.2358437776565552,0.0,0.0,nan,nan,nan,nan
2850,403.42030955292284,2.4449715730480173,165.0,1.1515818251705867,0.38516314775733546,0.8848484848484849,1.416923304716188,-183.73572583366786,145.00790405273438,196.22772216796875,197.27842712402344,197.07022094726562,-0.20820604264736176,0.0,0.0,nan,nan,nan,nan
2851,1024.9423156101257,3.1929667152963415,321.0,1.1015160299997104,0.35566005574074855,0.9034267912772586,1.4077725951955844,128.85542083903692,254.84579467773438,239.7802276611328,240.42044067382812,240.94297790527344,0.5225329995155334,0.0,0.0,nan,nan,nan,nan
2852,987.8043116298504,0.9878043116298504,1000.0,1.1263279071881178,0.38332145252500777,0.878,1.3860795135520547,-1252.9239518724826,89.26991271972656,97.71855926513672,97.81285858154297,97.33236694335938,-0.4804934561252594,0.0,0.0,nan,nan,nan,nan
2853,783.039789782837,2.900147369566063,270.0,1.083563503191989,0.3566993746997064,0.9333333333333333,1.3935262488823694,-12.050477881781262,218.37734985351562,222.4091796875,223.04310607910156,224.6865234375,1.6434249877929688,0.0,0.0,nan,nan,nan,nan
2854,776.2987037729472,2.985764245280566,260.0,1.0891564806137835,0.35651234728709547,0.9115384615384615,1.3944983321226587,1.0116963252839923,219.92335510253906,217.05746459960938,217.72509765625,218.2890167236328,0.5639032125473022,0.0,0.0,nan,nan,nan,nan
2855,644.0636402517557,2.8498391161582113,226.0,1.1196538870146169,0.3647259229082947,0.8805309734513275,1.405237215311085,-63.892282458260524,198.65293884277344,204.6473388671875,205.4600372314453,204.40835571289062,-1.0516541004180908,0.0,0.0,nan,nan,nan,nan
2856,685.7436954975128,2.765095546360939,248.0,1.1110515815187185,0.3653587983359122,0.9153225806451613,1.4028605583909526,-65.77939968980445,200.17140197753906,218.2613983154297,218.8498077392578,217.51637268066406,-1.3334473371505737,0.0,0.0,nan,nan,nan,nan
2857,977.0389487644425,3.043735042879883,321.0,1.0505640388917974,0.34194064966137233,0.9376947040498442,1.360145427958914,80.95205399335373,242.5791015625,225.60995483398438,226.12977600097656,226.48602294921875,0.356255441904068,0.0,0.0,nan,nan,nan,nan
2858,572.8190195783973,2.70197650744527,212.0,1.110429102310296,0.36250746232653686,0.9339622641509434,1.392664004916287,-107.41233882788197,181.69515991210938,214.74325561523438,215.6045684814453,215.15121459960938,-0.4533475935459137,0.0,0.0,nan,nan,nan,nan
2859,1045.1694857554394,3.157611739442415,331.0,1.0655547262505005,0.34834647287104903,0.9033232628398792,1.365009175510837,129.27933076739578,252.22169494628906,237.05242919921875,237.6214599609375,237.11822509765625,-0.5032534003257751,0.0,0.0,nan,nan,nan,nan
2860,893.6266814507544,2.9688594068131375,301.0,1.0811441378929594,0.35620312898028905,0.920265780730897,1.3797740772047455,37.14630711357563,233.0799102783203,232.11019897460938,232.64511108398438,232.9908905029297,0.3457566499710083,0.0,0.0,nan,nan,nan,nan
2861,709.6985017806292,2.908600417133726,244.0,1.087984754872985,0.35563823629486824,0.9016393442622951,1.3861023769942658,-33.90328931990598,208.26539611816406,217.23843383789062,217.96141052246094,217.69708251953125,-0.26433703303337097,0.0,0.0,nan,nan,nan,nan
2862,545.3530356064439,2.584611543158502,211.0,1.1129397548183508,0.36680014408552153,0.919431279620853,1.4041121378070685,-132.8979967781397,175.57620239257812,214.33251953125,215.20860290527344,213.97653198242188,-1.2320655584335327,0.0,0.0,nan,nan,nan,nan
2863,666.7714066409972,2.8253025705127,236.0,1.059332607305025,0.34378882945797373,0.9449152542372882,1.3870060755341724,-60.98777628597395,201.70819091796875,203.19570922851562,203.89413452148438,203.0974578857422,-0.7966595888137817,0.0,0.0,nan,nan,nan,nan
2864,1879.6981176808476,3.4489873718914636,545.0,1.0736192799439714,0.35087344108191415,0.9119266055045872,1.3834531044886773,540.018194049967,303.212158203125,270.3384704589844,270.65338134765625,272.0622253417969,1.408815622329712,0.0,0.0,nan,nan,nan,nan
2865,729.099591281265,2.870470831816004,254.0,1.091410774829592,0.3561662937049434,0.9488188976377953,1.411972184078264,-34.30546003622521,210.900634765625,204.20579528808594,204.8603973388672,205.10350036621094,0.24310819804668427,0.0,0.0,nan,nan,nan,nan
2866,701.6736319605261,2.911508846309237,241.0,1.0680378723375066,0.35027828241153725,0.921161825726141,1.3761376438931598,-35.987181074922546,205.54373168945312,215.51644897460938,216.24453735351562,215.95852661132812,-0.286032497882843,0.0,0.0,nan,nan,nan,nan
2867,1079.1238802494481,2.824931623689655,382.0,1.0859818351565538,0.3573670398436216,0.9214659685863874,1.397767785690512,62.23709815493385,236.38125610351562,228.75360107421875,229.20729064941406,229.0496368408203,-0.15766561031341553,0.0,0.0,nan,nan,nan,nan
2868,1235.2785519175231,3.0728322187003063,402.0,1.0621127302867057,0.34420913824076793,0.9427860696517413,1.3650209573890018,178.7852493890989,258.6173400878906,234.4320526123047,234.87286376953125,236.6075897216797,1.7347384691238403,0.0,0.0,nan,nan,nan,nan
2869,893.2173451520503,2.997373641449833,298.0,1.0904280936467048,0.3567554496151345,0.9060402684563759,1.362750178527155,42.67794887995797,232.26148986816406,236.00152587890625,236.55935668945312,237.87625122070312,1.3169021606445312,0.0,0.0,nan,nan,nan,nan
2870,641.2280278913677,2.627983720866261,244.0,1.0816479054676256,0.3567785410841829,0.9180327868852459,1.3664640096540892,-102.37376320916746,186.90304565429688,204.54788208007812,205.25282287597656,206.2953338623047,1.0425100326538086,0.0,0.0,nan,nan,nan,nan
2871,557.187238022685,2.640697810534052,211.0,1.1223461365076361,0.37118848736773474,0.943127962085308,1.4325163134219392,-121.06379436189854,175.37918090820312,200.85520935058594,201.77603149414062,200.05520629882812,-1.7208223342895508,0.0,0.0,nan,nan,nan,nan
2872,259.5902997860685,2.0440181085517204,127.0,1.097990730627099,0.3606605258632178,0.9291338582677166,1.4023406880004743,-252.31334677609317,102.56474304199219,149.20065307617188,150.68882751464844,148.4525909423828,-2.2362444400787354,0.0,0.0,nan,nan,nan,nan
2873,641.9876628722996,2.6528415821169404,242.0,1.1156769935983182,0.3703479459057864,0.9173553719008265,1.4030043109164219,-97.65347618484464,188.67813110351562,213.3533477783203,214.07708740234375,214.58848571777344,0.5114086866378784,0.0,0.0,nan,nan,nan,nan
2874,1217.6639305655845,3.138309099395836,388.0,1.0766042681188512,0.3518818822410118,0.9149484536082474,1.3767035995136598,188.8951923408972,262.2679748535156,250.0860137939453,250.48989868164062,251.1717987060547,0.681885838508606,0.0,0.0,nan,nan,nan,nan
2875,226.00412706797943,1.3533181261555653,167.0,1.0834650460543986,0.3490521743563199,0.9401197604790419,1.398457558761513,-365.1125603620022,81.55386352539062,143.51882934570312,144.48019409179688,143.43997192382812,-1.0402297973632812,0.0,0.0,nan,nan,nan,nan
2876,989.990833312273,3.142828042261184,315.0,1.1426559306361044,0.3732698429458424,0.9142857142857143,1.4213679033068374,105.78589467135725,246.12059020996094,240.1916961669922,240.7647247314453,241.534423828125,0.7697165608406067,0.0,0.0,nan,nan,nan,nan
2877,716.0343386679888,2.8756399143292724,249.0,1.0908814261038193,0.3562854096369657,0.9397590361445783,1.3835644334645931,-37.46908254102391,206.1297607421875,213.68006896972656,214.34107971191406,212.88890075683594,-1.4521805047988892,0.0,0.0,nan,nan,nan,nan
2878,481.87100507784635,2.662270746286444,181.0,1.1200729552730353,0.368190554981122,0.9060773480662984,1.4049656414646408,-136.9702466558723,162.94924926757812,210.1996307373047,211.19032287597656,209.691162109375,-1.4991613626480103,0.0,0.0,nan,nan,nan,nan
2879,389.8891419991851,2.2800534619835386,171.0,1.1478416241603586,0.3887814746525245,0.9005847953216374,1.4323261965155527,-209.14884951757858,141.11276245117188,174.70469665527344,175.67770385742188,175.47422790527344,-0.20345783233642578,0.0,0.0,nan,nan,nan,nan
2880,822.1225314959884,2.7222600380661865,302.0,1.0912802387961733,0.36017453483511197,0.9304635761589404,1.3921691125825468,-36.33816886288582,216.53086853027344,207.8029022216797,208.34494018554688,208.20753479003906,-0.13742733001708984,0.0,0.0,nan,nan,nan,nan
2881,1213.1526407003403,3.323705864932439,365.0,1.1050718470622023,0.3611849356966559,0.9342465753424658,1.4053188867712167,229.93140097464948,268.0452880859375,258.7105407714844,259.1972961425781,259.5309143066406,0.33363839983940125,0.0,0.0,nan,nan,nan,nan
2882,1328.952944047749,3.3140971173260576,401.0,1.0877047127649055,0.3573497015104816,0.912718204488778,1.3768514764234923,274.43996754102045,277.1726379394531,262.78204345703125,263.2424011230469,263.7894592285156,0.5470362305641174,0.0,0.0,nan,nan,nan,nan
2883,1368.2184621078195,3.3534766228132833,408.0,1.1247774598912592,0.3683313654052529,0.9068627450980392,1.3978131434918057,299.8432034492223,277.6857604980469,248.2012939453125,248.6083526611328,249.22372436523438,0.6153590083122253,0.0,0.0,nan,nan,nan,nan
2884,1096.336882026866,3.196317440311563,343.0,1.0742868405788304,0.3551976716931761,0.9154518950437318,1.3602818505417003,156.6828147784763,255.16517639160156,250.0444793701172,250.5309295654297,250.0614471435547,-0.46949100494384766,0.0,0.0,nan,nan,nan,nan
2885,1728.6597683876753,3.369707150853168,513.0,1.087494462123092,0.3557853734381243,0.9083820662768031,1.3850846206528185,452.3502774510505,296.26885986328125,260.8521423339844,261.13671875,260.15826416015625,-0.9784991145133972,0.0,0.0,nan,nan,nan,nan
2886,1167.0474631488323,3.197390309996801,365.0,1.0859156575319846,0.35644750677035336,0.8904109589041096,1.3743630156517406,183.82622342314153,257.6109619140625,257.5307922363281,257.99908447265625,257.99896240234375,-0.00012639712076634169,0.0,0.0,nan,nan,nan,nan
2887,932.0804987475276,2.8159531684215335,331.0,1.0784160536749146,0.35162409346607915,0.9274924471299094,1.3768304238035074,16.190343759483994,225.6536102294922,239.93280029296875,240.43759155273438,239.4898223876953,-0.9477800130844116,0.0,0.0,nan,nan,nan,nan
2888,885.3111150627956,3.0010546273315106,295.0,1.070142043568951,0.35224131508335726,0.9355932203389831,1.3792520875163692,40.71269685579,230.78909301757812,226.77688598632812,227.41111755371094,227.98541259765625,0.5743100047111511,0.0,0.0,nan,nan,nan,nan
2889,742.3858451843262,2.719362070272257,273.0,1.0963348138329605,0.35852559820762514,0.9340659340659341,1.377527226187246,-58.64540054537861,201.0059051513672,230.730712890625,231.3746337890625,230.7312774658203,-0.6433517336845398,0.0,0.0,nan,nan,nan,nan
2890,738.9359816983342,3.1178733404993006,237.0,1.0878587387145449,0.3554595577089789,0.9409282700421941,1.4014223236973993,9.196472749667464,219.528564453125,223.2753448486328,224.0810546875,224.8881378173828,0.8070828318595886,0.0,0.0,nan,nan,nan,nan
2891,1030.2840028684586,3.0481775232794632,338.0,1.054965326343666,0.34428008823647854,0.9497041420118343,1.3705259350062047,100.53156572854641,245.41485595703125,241.66864013671875,242.18731689453125,241.63604736328125,-0.551287055015564,0.0,0.0,nan,nan,nan,nan
2892,1696.9782488383353,3.226194389426493,526.0,1.086611877347887,0.3561274840016802,0.9296577946768061,1.3793545119826818,394.9245196196689,281.81243896484375,263.1748962402344,263.50811767578125,263.6289367675781,0.12085140496492386,0.0,0.0,nan,nan,nan,nan
2893,1075.9673009300604,3.1553293282406463,341.0,1.1175249498657098,0.3667714309675006,0.9032258064516129,1.4077542094785551,140.27388572506175,254.316162109375,234.0698699951172,234.59275817871094,234.89743041992188,0.3046724796295166,0.0,0.0,nan,nan,nan,nan
2894,624.7854632213712,2.728320800093324,229.0,1.0661013787329316,0.35147298643097086,0.9126637554585153,1.3388764929465298,-89.11143755373155,190.1519317626953,220.3351593017578,221.0264129638672,219.6900177001953,-1.3363823890686035,0.0,0.0,nan,nan,nan,nan
2895,1000.6869850680232,3.1767840795810263,315.0,1.0874452955184253,0.35965356451111835,0.9079365079365079,1.3908969524665373,116.48204642710743,247.63099670410156,234.2020263671875,234.76194763183594,235.5550079345703,0.7930474281311035,0.0,0.0,nan,nan,nan,nan
2896,697.0014487802982,3.043674448822263,229.0,1.0592996503904117,0.34356965572255344,0.9475982532751092,1.3635394137059516,-16.89545199480449,210.4385223388672,214.31642150878906,215.04148864746094,215.73361206054688,0.6921657919883728,0.0,0.0,nan,nan,nan,nan
2897,690.8857405036688,2.808478619933613,246.0,1.1018823230524917,0.3544004671638428,0.959349593495935,1.4086180133506276,-56.67670264025742,205.53164672851562,209.72927856445312,210.389404296875,209.24644470214844,-1.1429671049118042,0.0,0.0,nan,nan,nan,nan
2898,870.106284674257,3.15255900244296,276.0,1.1026552228456623,0.36309751121137196,0.9021739130434783,1.4132984475403274,63.13406087946578,234.26416015625,235.78726196289062,236.39195251464844,236.0251007080078,-0.3668481707572937,0.0,0.0,nan,nan,nan,nan
2899,603.8227486247197,2.6717820735607067,226.0,1.047081521970251,0.34721854681870795,0.911504424778761,1.3511883948411747,-104.13317408529656,186.72178649902344,205.2039031982422,205.96646118164062,206.05343627929688,0.0869629755616188,0.0,0.0,nan,nan,nan,nan
2900,1362.4164506804664,3.0479115227750926,447.0,1.0992084845243293,0.3614568619202101,0.9172259507829977,1.4151636762939135,216.80847717574466,267.1429138183594,243.37371826171875,243.7229461669922,243.5828094482422,-0.14013135433197021,0.0,0.0,nan,nan,nan,nan
2901,1335.950340360403,3.234746586829063,413.0,1.1087339165312122,0.3667361855118164,0.9128329297820823,1.4029852473373605,257.6734515933283,269.1076965332031,269.5736083984375,269.9762268066406,269.9380798339844,-0.03818037360906601,0.0,0.0,nan,nan,nan,nan
2902,1180.4683382287621,3.1064956269177952,380.0,1.0999172361565972,0.3652122203787593,0.9210526315789473,1.3965720995332387,167.54220817763894,261.0872802734375,242.24794006347656,242.65127563476562,242.19911193847656,-0.4521273076534271,0.0,0.0,nan,nan,nan,nan
2903,319.9433551095426,2.14727083966136,149.0,1.0833981760202696,0.34848413873261774,0.912751677852349,1.377804326439589,-235.52746392992003,119.80818939208984,160.2035369873047,161.44874572753906,158.36236572265625,-3.086369276046753,0.0,0.0,nan,nan,nan,nan
2904,1372.2310462743044,3.3798794243209467,406.0,1.0755662431355715,0.350431482847109,0.9236453201970444,1.3844064368905635,307.81643965909825,279.2558898925781,251.34971618652344,251.7158966064453,251.58938598632812,-0.12651318311691284,0.0,0.0,nan,nan,nan,nan
2905,1253.9175813277252,3.256928782669416,385.0,1.0964891283593945,0.3608542753771568,0.9142857142857143,1.3716403805008368,231.08982116812444,265.9454650878906,253.78904724121094,254.23805236816406,254.5147705078125,0.2767176926136017,0.0,0.0,nan,nan,nan,nan
2906,1070.3822028785944,3.1762083171471645,337.0,1.1059809666660236,0.3656292122555666,0.9258160237388724,1.3883871315108125,142.6100917603776,252.55076599121094,259.23126220703125,259.77716064453125,259.67742919921875,-0.09976296126842499,0.0,0.0,nan,nan,nan,nan
2907,149.65437428746372,1.6445535635985025,91.0,1.1410285884677975,0.3778729890622437,0.8901098901098901,1.4317965713922993,-290.95753549366,63.58094787597656,164.51495361328125,166.72402954101562,165.5938262939453,-1.1302212476730347,0.0,0.0,nan,nan,nan,nan
2908,1003.4486733874073,1.0034486733874073,1000.0,1.131858374832946,0.3850033213413408,0.883,1.389790002995034,-1237.2795901149257,90.98567199707031,98.41986083984375,98.50746154785156,98.83646392822266,0.329008013010025,0.0,0.0,nan,nan,nan,nan
2909,918.57758622244,3.113822326177763,295.0,1.1102670654698548,0.36202480555834293,0.9050847457627119,1.3860106544516846,73.97916801543442,238.3188018798828,227.69354248046875,228.33468627929688,228.61862182617188,0.28391531109809875,0.0,0.0,nan,nan,nan,nan
2910,385.38490828871727,1.8008640574239125,214.0,1.061757139895785,0.34447530840289264,0.9065420560747663,1.3748841814844024,-298.8071021609529,122.78382110595703,141.88511657714844,142.81216430664062,145.35316467285156,2.5410144329071045,0.0,0.0,nan,nan,nan,nan
2911,810.3960134126246,2.737824369637245,296.0,1.0817582498857938,0.34913946075614954,0.9493243243243243,1.4027145391566493,-36.18273081607663,215.06954956054688,194.22181701660156,194.7632293701172,193.3874053955078,-1.3757960796356201,0.0,0.0,nan,nan,nan,nan
2912,923.9578530292492,3.069627418701825,301.0,1.1169552676022523,0.36796974105040947,0.920265780730897,1.4316253794982203,67.47747869207046,235.5195770263672,230.33941650390625,230.9359893798828,230.4669647216797,-0.46900883316993713,0.0,0.0,nan,nan,nan,nan
2913,1816.6195076811127,3.4275839767568166,530.0,1.1041819959371895,0.3596569888466536,0.9283018867924528,1.4030975983706484,506.64447437566446,299.7720947265625,267.5782470703125,267.92376708984375,267.74444580078125,-0.1793510913848877,0.0,0.0,nan,nan,nan,nan
2914,513.3171950280666,2.7304106118514184,188.0,1.0784386599028821,0.3511871183357128,0.8882978723404256,1.3716420605922928,-119.38633885752051,172.40391540527344,204.6841278076172,205.58294677734375,205.74667358398438,0.1637374758720398,0.0,0.0,nan,nan,nan,nan
2915,778.0219503603876,3.1245861460256528,249.0,1.0648624078728768,0.35201760619628486,0.891566265060241,1.349083327820567,24.518529151374878,226.35757446289062,224.69895935058594,225.37399291992188,225.58029174804688,0.2062530219554901,0.0,0.0,nan,nan,nan,nan
2916,1951.0654362551868,3.3181384970326304,588.0,1.0842754825923073,0.3525644991718424,0.9268707482993197,1.3941648992230753,526.2314936913995,296.49346923828125,265.8652648925781,266.1446228027344,267.26043701171875,1.1158350706100464,0.0,0.0,nan,nan,nan,nan
2917,871.3078998159617,2.9436077696485192,296.0,1.0939045672387826,0.3580699456353679,0.9087837837837838,1.385691443880135,24.729155587260493,225.68881225585938,240.2529296875,240.85018920898438,240.079345703125,-0.7708492875099182,0.0,0.0,nan,nan,nan,nan
2918,701.5919563025236,2.740593579306733,256.0,1.1064401692310246,0.3673874340279326,0.87890625,1.3794412871509991,-65.77374705835757,204.0727081298828,209.16766357421875,209.87818908691406,208.55032348632812,-1.3278714418411255,0.0,0.0,nan,nan,nan,nan
2919,2316.5000063590705,3.5098484944834403,660.0,1.0885451581844523,0.35512548785011705,0.9257575757575758,1.3902653892208874,749.0825902332072,316.084228515625,270.4479064941406,270.71173095703125,270.69036865234375,-0.021353542804718018,0.0,0.0,nan,nan,nan,nan
2920,205.82885555177927,1.6466308444142341,125.0,1.078223907634619,0.35398501551275446,0.92,1.4240648210911184,-302.1141389669914,79.55181121826172,169.72254943847656,171.31231689453125,170.1322479248047,-1.18008553981781,0.0,0.0,nan,nan,nan,nan
2921,991.0864124372602,3.097145038866438,320.0,1.0714257436552652,0.35215830197794273,0.928125,1.382101212709618,96.97984368786706,243.6709747314453,235.44052124023438,236.00588989257812,235.0345001220703,-0.9713730812072754,0.0,0.0,nan,nan,nan,nan
2922,618.8947256673127,2.5364537937184948,244.0,1.1041643568264645,0.3628574586808179,0.9057377049180327,1.4331736334406067,-124.7070654332224,184.78326416015625,210.1915283203125,210.8336639404297,211.58682250976562,0.7531598210334778,0.0,0.0,nan,nan,nan,nan
2923,454.4529300816357,2.469852880878455,184.0,1.0679738619599113,0.34642482245291595,0.9239130434782609,1.3630083482338342,-170.32929971716953,158.47654724121094,159.5768585205078,160.54795837402344,162.86624145507812,2.3182711601257324,0.0,0.0,nan,nan,nan,nan
2924,550.7736039236188,2.5737084295496206,214.0,1.1054102780555028,0.3640744054146551,0.9392523364485982,1.385190335850244,-133.4184065260514,174.00347900390625,200.86729431152344,201.59225463867188,201.041748046875,-0.5504988431930542,0.0,0.0,nan,nan,nan,nan
2925,744.1277546188794,2.776596099324177,268.0,1.104932446067771,0.36345416516012313,0.9253731343283582,1.4121246475792912,-47.00186100234782,208.21556091308594,224.4393310546875,225.09608459472656,223.5213165283203,-1.5748101472854614,0.0,0.0,nan,nan,nan,nan
2926,802.2731064478867,2.8858744836254915,278.0,1.084018938747592,0.34775621272881496,0.9388489208633094,1.4007899012182903,-8.659769390295423,219.84249877929688,208.9235382080078,209.52159118652344,210.4287567138672,0.9071575999259949,0.0,0.0,nan,nan,nan,nan
2927,552.7646378986537,2.3826061978390247,232.0,1.1122869173674692,0.3708645106698373,0.8836206896551724,1.3791319721975652,-167.07324094153546,169.5302734375,216.13681030273438,216.84326171875,217.84619140625,1.0029276609420776,0.0,0.0,nan,nan,nan,nan
2928,783.2404060289264,2.767633943565111,283.0,1.0909875513127723,0.3544760739369904,0.950530035335689,1.397490190441443,-37.594099917733274,213.97695922851562,200.0168914794922,200.61691284179688,200.88694763183594,0.27003148198127747,0.0,0.0,nan,nan,nan,nan
2929,842.6359190940857,2.8087863969802855,300.0,1.0834700099129073,0.35527875924793384,0.9233333333333333,1.376923034860404,-11.864129221397434,215.49403381347656,221.5405731201172,222.11968994140625,220.37213134765625,-1.7475742101669312,0.0,0.0,nan,nan,nan,nan
2930,632.1863354556262,2.440873882068055,259.0,1.1115862164742636,0.3734089201040557,0.9073359073359073,1.4011015422474569,-141.12034597034153,183.20851135253906,200.51185607910156,201.14239501953125,202.02735900878906,0.8849815726280212,0.0,0.0,nan,nan,nan,nan
2931,260.94471207261086,1.705520993938633,153.0,1.0804007876755912,0.355319695334968,0.9150326797385621,1.3923814288209844,-302.4474110536338,96.44023132324219,158.9793243408203,160.3010711669922,162.19357299804688,1.892509937286377,0.0,0.0,nan,nan,nan,nan
2932,218.7016164790839,1.7496129318326712,125.0,1.1043873071464527,0.35849226079384483,0.928,1.3692841777963476,-289.24137803968677,82.28678894042969,157.77613830566406,159.3137969970703,159.42547607421875,0.11164288222789764,0.0,0.0,nan,nan,nan,nan
2933,847.9176670517772,2.7800579247599253,305.0,1.0900521386961386,0.35490543681573467,0.9311475409836065,1.3985230852226322,-16.48401137218343,214.72122192382812,211.69400024414062,212.17694091796875,211.5281524658203,-0.6487892866134644,0.0,0.0,nan,nan,nan,nan
2934,1383.117487772368,3.157802483498557,438.0,1.1116085705727847,0.36268252675406304,0.9246575342465754,1.3970118032200476,255.33244846290563,268.1799621582031,244.86834716796875,245.26051330566406,244.6970672607422,-0.5634549260139465,0.0,0.0,nan,nan,nan,nan
2935,501.59518912807107,2.5079759456403554,200.0,1.1019650999071118,0.364101038412385,0.91,1.3790059447509906,-154.87225701786213,162.0841827392578,212.5116424560547,213.26560974121094,211.96649169921875,-1.2991256713867188,0.0,0.0,nan,nan,nan,nan
2936,618.8938305750489,2.6448454298079014,234.0,1.0568858316855316,0.34359257266391735,0.9017094017094017,1.366946093786121,-104.90470030853123,185.90342712402344,214.68722534179688,215.44801330566406,215.6587371826172,0.210725337266922,0.0,0.0,nan,nan,nan,nan
2937,1580.279041587375,3.4428737289485296,459.0,1.0680899539824407,0.3475474668628042,0.9106753812636166,1.365898281832277,410.90715582230746,294.16180419921875,259.0183410644531,259.406005859375,259.5821838378906,0.1761821061372757,0.0,0.0,nan,nan,nan,nan
2938,641.3243287429214,2.617650321399679,245.0,1.096576944929717,0.3652428008238215,0.9428571428571428,1.3859503538229139,-104.25778837930932,189.27493286132812,219.4228973388672,220.09439086914062,219.80462646484375,-0.289764404296875,0.0,0.0,nan,nan,nan,nan
2939,733.1083481285023,2.83053416265831,259.0,1.1156314478350866,0.3696613734920792,0.8725868725868726,1.3925905716914546,-40.198333297465524,208.75364685058594,234.82688903808594,235.44015502929688,234.7985076904297,-0.6416575312614441,0.0,0.0,nan,nan,nan,nan
2940,985.4663959816098,3.0795824874425306,320.0,1.0935196392137783,0.35454074609533565,0.91875,1.3945103919908513,91.35982723221673,242.84841918945312,233.736572265625,234.2825927734375,233.88623046875,-0.3963354527950287,0.0,0.0,nan,nan,nan,nan
2941,921.5661617536098,3.071887205845366,300.0,1.0988620738971917,0.3605027240381525,0.92,1.390808880176322,67.06611343812665,237.26437377929688,234.95156860351562,235.49546813964844,235.39450073242188,-0.10098281502723694,0.0,0.0,nan,nan,nan,nan
2942,862.8448545262218,2.9348464439667405,294.0,1.0984964328314226,0.3608271802809615,0.9081632653061225,1.385354935142563,20.22676234091159,225.23301696777344,233.32887268066406,233.8404541015625,233.4474639892578,-0.3929827809333801,0.0,0.0,nan,nan,nan,nan
2943,875.4317261120304,3.171854080116052,276.0,1.0844012229015203,0.3563999242162229,0.8985507246376812,1.3676570957623448,68.45950231723918,235.992431640625,243.51995849609375,244.21534729003906,244.60411071777344,0.38874372839927673,0.0,0.0,nan,nan,nan,nan
2944,809.6933526694775,3.021243853244319,268.0,1.0931891549000696,0.3584025387616527,0.8955223880597015,1.3765435790564957,18.563737048250232,227.9300079345703,220.41259765625,221.006591796875,220.4728240966797,-0.5337509512901306,0.0,0.0,nan,nan,nan,nan
2945,858.7669407129288,3.056110109298679,281.0,1.0944334345670912,0.36254403863442886,0.9181494661921709,1.3827861016022012,41.89308680966019,230.021240234375,246.7169647216797,247.35430908203125,247.10923767089844,-0.24509026110172272,0.0,0.0,nan,nan,nan,nan
2946,568.2600971832871,2.772000474064815,205.0,1.0905609789996653,0.35455571838675404,0.9219512195121952,1.4065166194490442,-98.10897907112349,183.91015625,201.60296630859375,202.4208221435547,201.44625854492188,-0.9745833277702332,0.0,0.0,nan,nan,nan,nan
2947,471.940769739449,2.5510311877808056,185.0,1.1079283943960994,0.3629404939872607,0.9081081081081082,1.394326137836803,-154.82178608105164,157.88099670410156,188.87132263183594,189.80384826660156,189.4491729736328,-0.3546593189239502,0.0,0.0,nan,nan,nan,nan
2948,1059.6024034321308,3.0102341006594626,352.0,1.0797154254888826,0.3505194869176469,0.9204545454545454,1.3865735864906408,102.1254019884816,246.17861938476562,229.37281799316406,229.8447723388672,228.97772216796875,-0.867047131061554,0.0,0.0,nan,nan,nan,nan
2949,709.2052925555035,2.8368211702220143,250.0,1.0821385230770888,0.35528805155470033,0.924,1.3714449384783847,-46.27845467520456,207.51866149902344,226.40048217773438,227.10427856445312,227.68746948242188,0.5831759572029114,0.0,0.0,nan,nan,nan,nan
2950,1366.7713657319546,3.106298558481715,440.0,1.09432902150888,0.35909819606968085,0.9454545454545454,1.4042977628534694,235.02567437910147,268.01873779296875,243.72308349609375,244.13430786132812,245.08383178710938,0.9495366811752319,0.0,0.0,nan,nan,nan,nan
2951,646.166356140282,2.6811881997522073,241.0,1.1167184702375699,0.3670633181357656,0.9253112033195021,1.3801731060905094,-91.49445689516665,193.4477081298828,220.58775329589844,221.2820281982422,220.64016723632812,-0.6418517231941223,0.0,0.0,nan,nan,nan,nan
2952,871.5570080047473,2.8669638421208794,304.0,1.0800907205646662,0.3494797814521262,0.9013157894736842,1.3643274008967652,9.135655602482075,224.93148803710938,234.0098876953125,234.52584838867188,233.88893127441406,-0.6369230151176453,0.0,0.0,nan,nan,nan,nan
2953,-1.891545869410038,-0.210171763267782,9.0,1.2470974975078308,0.3917220723103835,0.8888888888888888,1.424044217419452,-280.1167218715027,-1.5005226135253906,181.90203857421875,182.2512664794922,183.36619567871094,1.114920735359192,0.0,0.0,nan,nan,nan,nan
2954,1352.5775989666581,3.2281088280827164,419.0,1.0985636804469299,0.3606499905368111,0.9116945107398569,1.3889591765501736,262.4187540694104,276.1363525390625,253.14361572265625,253.5420684814453,252.63807678222656,-0.9039779901504517,0.0,0.0,nan,nan,nan,nan
2955,536.911023883149,2.725436669457609,197.0,1.102431428949427,0.3603564699987748,0.9390862944162437,1.3992039555853462,-113.61544419769757,175.0077667236328,206.91920471191406,207.74757385253906,207.239013671875,-0.508569598197937,0.0,0.0,nan,nan,nan,nan
2956,841.577316521667,2.768346435926536,304.0,1.0985249597156603,0.36210374558373715,0.9046052631578947,1.3916933242635516,-20.844035880598312,217.08213806152344,248.57054138183594,249.1531219482422,248.56504821777344,-0.588074266910553,0.0,0.0,nan,nan,nan,nan
2957,968.4282014705241,3.2717168968598784,296.0,1.0735165829937023,0.35044413656512846,0.918918918918919,1.3761673076930985,121.84945724182285,251.0854034423828,219.4125518798828,219.98733520507812,219.75038146972656,-0.23694978654384613,0.0,0.0,nan,nan,nan,nan
2958,793.2800123207271,2.644266707735757,300.0,1.0713654611992438,0.348070423720508,0.9066666666666666,1.3870641839431228,-61.22003599475602,204.6680145263672,214.1552734375,214.62130737304688,215.89036560058594,1.2690666913986206,0.0,0.0,nan,nan,nan,nan
2959,772.5171190816909,3.0414059806365783,254.0,1.0794310944397063,0.35279962326139647,0.9094488188976378,1.3961474447539475,9.112067764200674,219.88551330566406,231.79315185546875,232.4176025390625,232.64541625976562,0.22781428694725037,0.0,0.0,nan,nan,nan,nan
2960,211.54393505305052,1.8720702217084118,113.0,1.065272397676148,0.34655284778899914,0.9292035398230089,1.3853295441884468,-272.63514720537415,86.79387664794922,156.8448944091797,158.43727111816406,157.4899444580078,-0.9473440051078796,0.0,0.0,nan,nan,nan,nan
2961,521.4358142837882,2.3919074049715054,218.0,1.086511736549358,0.35970964921829374,0.926605504587156,1.3843702700782006,-170.677500252664,161.7738800048828,201.78286743164062,202.53732299804688,201.81024169921875,-0.7270753979682922,0.0,0.0,nan,nan,nan,nan
2962,1001.0127041339874,2.884762836121001,347.0,1.1277832658906843,0.3762586632945108,0.8847262247838616,1.3987730804816036,53.43733279881576,235.2482147216797,241.14109802246094,241.6222381591797,241.1638641357422,-0.4583820402622223,0.0,0.0,nan,nan,nan,nan
2963,785.9333088765852,2.847584452451396,276.0,1.091817264929682,0.3586003753177513,0.9166666666666666,1.37580599830933,-21.038914918206046,214.62020874023438,228.23294067382812,228.84243774414062,227.4805908203125,-1.3618431091308594,0.0,0.0,nan,nan,nan,nan
2964,1242.294370725751,3.1935587936394625,389.0,1.0717376836509889,0.3509049603210075,0.9511568123393316,1.3783619120766286,211.54530647936826,261.8437805175781,252.47256469726562,252.9185028076172,251.97999572753906,-0.9385008215904236,0.0,0.0,nan,nan,nan,nan
2965,840.9533813949674,2.9403964384439423,286.0,1.1025477620413462,0.3614838962751986,0.916083916083916,1.3961810781469435,14.177897383221307,222.8025360107422,221.0614013671875,221.68478393554688,221.1116485595703,-0.5731384754180908,0.0,0.0,nan,nan,nan,nan
2966,943.2445678766817,3.0039635919639545,314.0,1.0725549927732085,0.34983394174832744,0.9235668789808917,1.3754167299289148,61.01995525746156,233.00563049316406,238.16705322265625,238.6782989501953,238.49862670898438,-0.1796698421239853,0.0,0.0,nan,nan,nan,nan
2967,2082.4441918674856,3.4477552845488173,604.0,1.0817583848881593,0.35384372020833577,0.9354304635761589,1.3888763250967355,625.9250329565705,308.4500732421875,275.394287109375,275.6655578613281,275.3266906738281,-0.33891060948371887,0.0,0.0,nan,nan,nan,nan
2968,553.7726135738194,2.4832852626628674,223.0,1.122825721415226,0.36736201280834124,0.9282511210762332,1.42061696942431,-148.24233107111036,173.55528259277344,212.3621826171875,213.07672119140625,212.30067443847656,-0.7760385274887085,0.0,0.0,nan,nan,nan,nan
2969,1823.4293751493096,3.3518922337303487,544.0,1.1147995298726379,0.36527146302476504,0.9227941176470589,1.3981077111575742,485.72977754012436,297.27606201171875,269.0687561035156,269.4146423339844,269.81329345703125,0.398649662733078,0.0,0.0,nan,nan,nan,nan
2970,825.9463290646672,2.9603811077586637,279.0,1.0827071420821568,0.3530420778865536,0.9354838709677419,1.405444599188116,13.03312720478948,222.6392822265625,213.21951293945312,213.81581115722656,213.25218200683594,-0.5636394023895264,0.0,0.0,nan,nan,nan,nan
2971,721.7162405401468,2.9338058558542555,246.0,1.1113255535154092,0.3639796298911523,0.9065040650406504,1.3880765550797192,-25.846202603779375,207.7190704345703,238.02940368652344,238.7274169921875,238.63548278808594,-0.09195653349161148,0.0,0.0,nan,nan,nan,nan
2972,754.2813694626093,2.8679899979566894,263.0,1.1053914473468993,0.3686037148683626,0.9125475285171103,1.367388138591071,-26.946616050140392,208.66319274902344,210.98374938964844,211.6413116455078,212.51806640625,0.8767356872558594,0.0,0.0,nan,nan,nan,nan
2973,403.0000014360994,2.5031055989819837,161.0,1.083971451789024,0.3597395291789237,0.9192546583850931,1.3695081996192424,-176.23472986370928,148.87701416015625,156.44900512695312,157.49713134765625,157.30667114257812,-0.19045390188694,0.0,0.0,nan,nan,nan,nan
2974,419.73035853914917,2.528496135778007,166.0,1.0606082593098094,0.34522372168822146,0.9156626506024096,1.376677873353922,-169.40600286913696,149.6461181640625,176.9553680419922,178.1370086669922,178.5467529296875,0.4097784459590912,0.0,0.0,nan,nan,nan,nan
2975,1106.4839151129127,3.1256607771551206,354.0,1.0991039653619616,0.35937099466712286,0.9209039548022598,1.386783925252256,145.04626162587238,253.75030517578125,247.81842041015625,248.29310607910156,248.8622589111328,0.5691545605659485,0.0,0.0,nan,nan,nan,nan
2976,922.4819400012493,2.8648507453454948,322.0,1.0945936273841723,0.359819995631164,0.9285714285714286,1.3888765485865788,24.414719208465158,224.06809997558594,235.43215942382812,235.96458435058594,236.89649963378906,0.9318987131118774,0.0,0.0,nan,nan,nan,nan
2977,655.7901823818684,2.901726470716232,226.0,1.0940976439453467,0.35715753910565134,0.9247787610619469,1.3798117730012198,-52.165740328147876,202.84735107421875,210.47523498535156,211.21376037597656,212.5142059326172,1.30044686794281,0.0,0.0,nan,nan,nan,nan
2978,963.9432114511728,3.0408303200352456,317.0,1.08398918233269,0.3521433685672177,0.9305993690851735,1.3873780088836447,75.77762076686622,243.77671813964844,217.83212280273438,218.39007568359375,218.79742431640625,0.4073334336280823,0.0,0.0,nan,nan,nan,nan
2979,503.3026173301041,2.691457846685049,187.0,1.10600619131251,0.3630317443037942,0.9251336898395722,1.4208310069762795,-127.42059053378762,168.88677978515625,219.09913635253906,220.00816345214844,218.56019592285156,-1.4479649066925049,0.0,0.0,nan,nan,nan,nan
2980,551.6498589888215,2.6521627836001036,208.0,1.115677514602508,0.37146841116839663,0.9182692307692307,1.4075791593464353,-120.6601953306756,179.17547607421875,207.80209350585938,208.58876037597656,209.31390380859375,0.7251589894294739,0.0,0.0,nan,nan,nan,nan
2981,280.97237567882985,1.8607442097935751,151.0,1.095320467737111,0.36354869178398136,0.9602649006622517,1.3934138110669685,-278.45909540402386,102.40189361572266,162.9804229736328,163.90736389160156,163.0518341064453,-0.855520486831665,0.0,0.0,nan,nan,nan,nan
2982,854.1664290353656,3.007628271251287,284.0,1.074977944825719,0.35079898767144874,0.9225352112676056,1.3593793222627863,31.35159706701029,226.8256378173828,239.78289794921875,240.43994140625,240.90245056152344,0.46250271797180176,0.0,0.0,nan,nan,nan,nan
2983,1038.8296911865473,2.9851427907659405,348.0,1.094233893399327,0.36368340582948555,0.9166666666666666,1.3872296643546098,89.2739938296802,238.92398071289062,257.0868225097656,257.6483154296875,258.9034423828125,1.2551459074020386,0.0,0.0,nan,nan,nan,nan
2984,953.3435887247324,2.7006900530445677,353.0,1.0979257574599703,0.3597014338676545,0.9320113314447592,1.3934384231106272,-6.113738740612234,217.991455078125,236.5274200439453,236.9803924560547,238.0736083984375,1.093205213546753,0.0,0.0,nan,nan,nan,nan
2985,629.7918827906251,2.774413580575441,227.0,1.0820301370834426,0.3510769085223354,0.9295154185022027,1.399119921426429,-80.14436594108656,191.3522491455078,210.40391540527344,211.1387481689453,210.08645629882812,-1.052306056022644,0.0,0.0,nan,nan,nan,nan
2986,1287.9869708120823,3.3025306943899544,390.0,1.1163049835333703,0.3660651592880041,0.9,1.3856357578603988,255.25758054400399,275.1401062011719,258.99383544921875,259.4353332519531,259.61883544921875,0.18351970613002777,0.0,0.0,nan,nan,nan,nan
2987,1019.6700881961733,1.0196700881961733,1000.0,1.1308384538395748,0.38705518196283567,0.869,1.3748507930740588,-1221.0581753061597,92.0763168334961,95.37074279785156,95.47063446044922,96.22039031982422,0.7497565746307373,0.0,0.0,nan,nan,nan,nan
2988,628.1120920479298,2.907926352073749,216.0,1.1057791104697177,0.36319958954145143,0.9166666666666666,1.4121805514459655,-60.04057044513138,198.35340881347656,212.2008514404297,213.11077880859375,213.34158325195312,0.23078887164592743,0.0,0.0,nan,nan,nan,nan
2989,768.8902446497232,2.7757770564971955,277.0,1.1149647962245157,0.3662471294515288,0.9205776173285198,1.4144964491864602,-40.06230516676351,212.02923583984375,217.8060760498047,218.423828125,216.94728088378906,-1.476539134979248,0.0,0.0,nan,nan,nan,nan
2990,975.6456702016294,3.020574830345602,323.0,1.0941211510525959,0.36109538089277154,0.9287925696594427,1.396986569318223,75.5981233871496,238.04605102539062,228.50669860839844,229.09495544433594,230.020751953125,0.9257986545562744,0.0,0.0,nan,nan,nan,nan
2991,1005.0839455525856,3.0182701067645215,333.0,1.083497239392264,0.35276995874809436,0.9279279279279279,1.3973557851070395,85.23313852115098,242.94190979003906,230.7604217529297,231.22198486328125,230.23602294921875,-0.9859876036643982,0.0,0.0,nan,nan,nan,nan
2992,580.1067629903555,2.8436606028938995,204.0,1.1215888510565497,0.3688773278621013,0.9215686274509803,1.4102763102079203,-84.28198724235972,193.812255859375,187.3463134765625,188.1034393310547,188.1444549560547,0.04099453240633011,0.0,0.0,nan,nan,nan,nan
2993,748.0381095521152,2.992152438208461,250.0,1.0812702147963136,0.3560978152627746,0.888,1.3957127139634946,-7.445637678592902,217.93087768554688,219.8980255126953,220.6197509765625,221.14004516601562,0.5202756524085999,0.0,0.0,nan,nan,nan,nan
2994,948.7961522382684,0.9487961522382684,1000.0,1.1307048343838852,0.38639539404447226,0.881,1.3907075178731287,-1291.9321112640646,87.8357925415039,92.96625518798828,93.06111907958984,93.96585845947266,0.9047397971153259,0.0,0.0,nan,nan,nan,nan
2995,553.0093454420567,2.645977729387831,209.0,1.10742266760683,0.36120749205411035,0.9186602870813397,1.4141389893993497,-121.2810348991361,179.40037536621094,200.0872802734375,200.8581085205078,199.01953125,-1.8385576009750366,0.0,0.0,nan,nan,nan,nan
2996,737.1669975295663,2.8572364245332027,258.0,1.1015288576533282,0.3606066484574604,0.8914728682170543,1.3802279439170368,-34.15935787470585,209.67901611328125,204.66915893554688,205.37608337402344,205.67803955078125,0.30194517970085144,0.0,0.0,nan,nan,nan,nan
2997,1277.0183998160064,3.1376373459852736,407.0,1.088812382852187,0.35438482498137835,0.9115479115479116,1.3789641994423738,210.62346717910464,265.1341857910156,240.88494873046875,241.28929138183594,241.7848663330078,0.4955558180809021,0.0,0.0,nan,nan,nan,nan
2998,1062.5490544154309,3.1623483762364013,336.0,1.0805359252618725,0.349979508100573,0.9464285714285714,1.3854839939293482,136.75726931890972,251.8183135986328,230.6229705810547,231.13844299316406,232.32980346679688,1.1913604736328125,0.0,0.0,nan,nan,nan,nan
2999,2256.951413318515,3.3990232128290887,664.0,1.0960943033174824,0.35448086786643856,0.9382530120481928,1.3920500568649692,681.6126931058695,308.7205505371094,272.3542785644531,272.6070251464844,273.7908630371094,1.1838246583938599,0.0,0.0,nan,nan,nan,nan
3000,1065.1060185376555,2.8864661748987954,369.0,1.1080796048881547,0.36487466899617965,0.9349593495934959,1.4089165349708435,73.96347472518278,236.05740356445312,245.18077087402344,245.63172912597656,245.46693420410156,-0.1648045927286148,0.0,0.0,nan,nan,nan,nan
3001,1443.8286200501025,3.405256179363449,424.0,1.08341822014573,0.34798684432764343,0.9150943396226415,1.404842947062513,343.7681450443772,289.1854248046875,257.8463134765625,258.21826171875,257.5292663574219,-0.6890136003494263,0.0,0.0,nan,nan,nan,nan
3002,644.5226800991222,2.578090720396489,250.0,1.0762490302639312,0.34806469097423054,0.952,1.379117004467725,-110.96106713158588,189.85791015625,187.31369018554688,188.0220947265625,186.9925994873047,-1.0294880867004395,0.0,0.0,nan,nan,nan,nan
3003,1009.7507927971892,3.195413901256928,316.0,1.0692571898001793,0.3509164930238754,0.8987341772151899,1.3456635647751978,123.56552813457802,249.48863220214844,237.5954132080078,238.18115234375,238.8063507080078,0.6251946687698364,0.0,0.0,nan,nan,nan,nan
3004,648.496818266809,2.4471578047804114,265.0,1.0823643897290207,0.3540823703289102,0.9169811320754717,1.3697490767071154,-136.69181928933176,190.47352600097656,192.1931915283203,192.74562072753906,195.1856689453125,2.440039873123169,0.0,0.0,nan,nan,nan,nan
3005,1101.4295339733362,3.229998633352892,341.0,1.0888581823501347,0.35862259440160904,0.9501466275659824,1.39374403519809,165.73611876833752,252.75877380371094,261.0763854980469,261.5192565917969,258.7910461425781,-2.728212356567383,0.0,0.0,nan,nan,nan,nan
3006,1089.7970630861819,3.1316007559947754,348.0,1.0871828237281906,0.355698183243772,0.9310344827586207,1.400365816655982,140.2413657293148,253.05117797851562,248.077880859375,248.59298706054688,248.7605438232422,0.16756509244441986,0.0,0.0,nan,nan,nan,nan
3007,1049.7413955237716,3.0874746927169756,340.0,1.0891270476287689,0.35659286265670065,0.9117647058823529,1.3823436948130006,116.02830634046836,243.4180145263672,253.15036010742188,253.62908935546875,255.49388122558594,1.8647680282592773,0.0,0.0,nan,nan,nan,nan
3008,491.61143298936076,2.7932467783486405,176.0,1.0978839259367599,0.35954866288419435,0.8693181818181818,1.3842377347455246,-117.32818863588045,172.07460021972656,188.28863525390625,189.21070861816406,187.916748046875,-1.2939757108688354,0.0,0.0,nan,nan,nan,nan
3009,665.9023106275126,2.611381610303971,255.0,1.1101802041659927,0.36376280939338496,0.9058823529411765,1.3825907020750015,-99.48306671167302,193.9562225341797,203.93917846679688,204.5939178466797,204.1121063232422,-0.48181024193763733,0.0,0.0,nan,nan,nan,nan
3010,677.2259007543325,2.8217745864763857,240.0,1.0677261261974764,0.3443586385532399,0.9166666666666666,1.3519897002043493,-58.454586259420694,198.372314453125,222.92620849609375,223.6437530517578,223.618896484375,-0.024873098358511925,0.0,0.0,nan,nan,nan,nan
3011,1349.468458853662,3.2517312261534026,415.0,1.0716135450612134,0.3495675239067041,0.9301204819277108,1.3764416632663499,267.2309180431964,271.58056640625,245.26185607910156,245.69839477539062,245.43948364257812,-0.25891610980033875,0.0,0.0,nan,nan,nan,nan
3012,1496.1076074219309,3.4712473490068003,431.0,1.0667356603555882,0.3459467020545105,0.9350348027842227,1.3822595187399715,382.18485026433723,294.3813781738281,252.3181915283203,252.73605346679688,253.5925750732422,0.8565131425857544,0.0,0.0,nan,nan,nan,nan
3013,176.95593431591988,1.7014993684223065,104.0,1.096296947362503,0.3540959313708859,0.9326923076923077,1.4039719985432784,-289.4002137472453,70.95880126953125,158.56422424316406,160.6698455810547,164.32003784179688,3.6501824855804443,0.0,0.0,nan,nan,nan,nan
3014,889.2540962025523,2.9840741483307123,298.0,1.0842396229560736,0.3558644231259604,0.9261744966442953,1.374220698215266,38.71469993046003,227.6762237548828,236.7394561767578,237.32778930664062,237.5097198486328,0.18194997310638428,0.0,0.0,nan,nan,nan,nan
3015,703.1107672578655,2.869839866358635,245.0,1.1035699666616325,0.36394018573578774,0.8775510204081632,1.3786055128730876,-42.47134986436515,207.342529296875,208.0564727783203,208.72190856933594,208.08688354492188,-0.6350240707397461,0.0,0.0,nan,nan,nan,nan
3016,963.0508510917425,3.086701445806867,312.0,1.0922146313601762,0.35818934065667773,0.9230769230769231,1.4018203039007484,84.78689051591323,242.06703186035156,241.0644073486328,241.55508422851562,242.67233276367188,1.1172497272491455,0.0,0.0,nan,nan,nan,nan
3017,549.4812340065837,2.2612396461176285,243.0,1.083152868994838,0.3485515414485371,0.9300411522633745,1.3775859326507625,-192.14023107225603,167.20753479003906,179.66087341308594,180.3244171142578,181.6277618408203,1.3033645153045654,0.0,0.0,nan,nan,nan,nan
3018,1042.0391725189984,3.25637241412187,320.0,1.0521546315350703,0.3427947201250087,0.9375,1.3888671703297095,147.9326037696053,253.0735321044922,235.00048828125,235.6788787841797,237.14260864257812,1.4636987447738647,0.0,0.0,nan,nan,nan,nan
3019,1188.3132587745786,3.375889939700507,352.0,1.105458638452611,0.36632562176237116,0.9147727272727273,1.3894959873724537,230.83625733092936,272.0493469238281,241.06094360351562,241.552734375,240.2349090576172,-1.3178050518035889,0.0,0.0,nan,nan,nan,nan
3020,1012.6869174391031,3.005005689730276,337.0,1.0789034831078863,0.35066866021671916,0.9376854599406528,1.3675693892561938,84.91480632088633,242.89012145996094,228.09375,228.6067352294922,228.7869110107422,0.1802016645669937,0.0,0.0,nan,nan,nan,nan
3021,1107.1025231964886,3.024870281957619,366.0,1.0692461001338294,0.35131842428990107,0.9098360655737705,1.3763156369373013,121.9009574491024,246.54635620117188,254.5818328857422,255.10360717773438,256.65802001953125,1.554419994354248,0.0,0.0,nan,nan,nan,nan
3022,1465.6593190282583,3.2071319891209153,457.0,1.1103129556338895,0.3637461400905481,0.9168490153172867,1.4040672585101217,300.2480853065815,269.55804443359375,261.50750732421875,261.87744140625,261.388671875,-0.488786906003952,0.0,0.0,nan,nan,nan,nan
3023,836.503152327612,3.064114111090154,273.0,1.0872577317885244,0.35912778659510347,0.9084249084249084,1.389621904930131,35.471906597907264,231.06329345703125,221.88519287109375,222.50173950195312,222.4164581298828,-0.08527681976556778,0.0,0.0,nan,nan,nan,nan
3024,965.6548483353108,2.8825517860755547,335.0,1.062982935055652,0.3453927166278089,0.9194029850746268,1.3827444055169824,41.84338926048508,231.32980346679688,230.8911590576172,231.36962890625,231.0155487060547,-0.35409510135650635,0.0,0.0,nan,nan,nan,nan
3025,1523.2738395426422,3.254858631501372,468.0,1.0983440435615597,0.3634105391535567,0.9145299145299145,1.401729071373378,336.07901958231514,276.88641357421875,267.5779724121094,267.9339904785156,267.54217529296875,-0.39178648591041565,0.0,0.0,nan,nan,nan,nan
3026,715.7906074868515,2.236845648396411,320.0,1.095136516179785,0.3553410059153672,0.9375,1.4046219596507534,-178.31596126254158,180.20523071289062,163.38412475585938,163.8973388671875,163.75070190429688,-0.1466403752565384,0.0,0.0,nan,nan,nan,nan
3027,1515.1389157415833,3.352077247215892,452.0,1.080095686120048,0.3507200418111242,0.922566371681416,1.3754484735744188,359.6293121283841,284.09552001953125,263.6123352050781,263.97235107421875,263.3918151855469,-0.5805530548095703,0.0,0.0,nan,nan,nan,nan
3028,1123.7637140005827,3.165531588734036,355.0,1.0777412387260534,0.3512477416302211,0.9098591549295775,1.379482792862792,160.345734491847,259.1836853027344,226.25721740722656,226.73622131347656,227.50244140625,0.7662163376808167,0.0,0.0,nan,nan,nan,nan
3029,1319.6620771735907,3.4011909205504915,388.0,1.0434214562474946,0.3395546680997094,0.904639175257732,1.3630139064150972,290.8933389489034,281.87603759765625,235.0626678466797,235.5286865234375,235.534912109375,0.006221220828592777,0.0,0.0,nan,nan,nan,nan
3030,926.6644852105528,3.0786195521945277,301.0,1.0702299854149693,0.34904080434549695,0.8870431893687708,1.3740822607129553,70.18411087337404,235.5291290283203,232.71853637695312,233.36264038085938,233.62339782714844,0.2607395052909851,0.0,0.0,nan,nan,nan,nan
3031,921.783277861774,3.0222402552845047,305.0,1.1070346163544524,0.3652432683148533,0.8852459016393442,1.3803314107572122,57.38159943781329,233.0686798095703,246.4646453857422,246.99354553222656,247.4739227294922,0.48037540912628174,0.0,0.0,nan,nan,nan,nan
3032,967.1513847485185,3.1098115265225674,311.0,1.0794801227577446,0.3514552402048139,0.9292604501607717,1.367152344832185,90.86775019438483,245.3983154296875,225.1510772705078,225.76612854003906,225.32933044433594,-0.43679484724998474,0.0,0.0,nan,nan,nan,nan
3033,1096.3674551377771,3.224610162169933,340.0,1.0780522476728867,0.35059900010979334,0.9176470588235294,1.382353609397662,162.65436595447386,258.3927001953125,210.9073028564453,211.4425811767578,209.42750549316406,-2.015087127685547,0.0,0.0,nan,nan,nan,nan
3034,460.3996959477663,2.5021722605856866,184.0,1.1160837328733597,0.3696980026607111,0.9293478260869565,1.4172741157118947,-164.38253385103894,156.42855834960938,197.17420959472656,198.07183837890625,198.0143280029297,-0.05751452222466469,0.0,0.0,nan,nan,nan,nan
3035,865.7958351410925,2.885986117136975,300.0,1.1184082961238755,0.3697172883945879,0.92,1.4009829228648005,11.295786825609412,220.2669219970703,234.4793701171875,235.09536743164062,234.21078491210938,-0.8845662474632263,0.0,0.0,nan,nan,nan,nan
3036,1574.6068167723715,3.5226103283498245,447.0,1.0581970257974525,0.3399455962489247,0.9373601789709173,1.3925337305252437,428.9988432676498,302.4268798828125,242.6012725830078,242.97645568847656,241.24612426757812,-1.7303179502487183,0.0,0.0,nan,nan,nan,nan
3037,892.4668863303959,3.1988060441949675,279.0,1.1314917316787876,0.3725599211166997,0.9032258064516129,1.423101830157736,79.55368447051819,245.07342529296875,228.93434143066406,229.58189392089844,230.1171112060547,0.5352202653884888,0.0,0.0,nan,nan,nan,nan
3038,1170.56588935107,3.334945553706752,351.0,1.0772672162875272,0.35104255242887233,0.9202279202279202,1.3705731088033846,215.06921392911613,267.81201171875,247.1789093017578,247.6842041015625,245.79803466796875,-1.8861626386642456,0.0,0.0,nan,nan,nan,nan
3039,537.3102865442634,2.727463383473418,197.0,1.0704610876850187,0.341282721406677,0.9137055837563451,1.3965318122042878,-113.21618153658324,179.8736572265625,178.24485778808594,179.1111602783203,177.2035675048828,-1.9076327085494995,0.0,0.0,nan,nan,nan,nan
3040,685.3399835303426,2.879579762732532,238.0,1.0800752040437152,0.35674312627355503,0.9327731092436975,1.3773175245560183,-46.37985144001959,202.3352508544922,211.4721221923828,212.1785888671875,212.16319274902344,-0.015408427454531193,0.0,0.0,nan,nan,nan,nan
3041,1844.4982660152018,3.409423781913497,541.0,1.091777813574453,0.35745789018005286,0.9038817005545287,1.3903781400161501,512.739646471103,299.3842468261719,279.30059814453125,279.6260681152344,279.1286315917969,-0.49740323424339294,0.0,0.0,nan,nan,nan,nan
3042,1071.1969789406285,2.6580570197037927,403.0,1.0875345966618697,0.3543719914172256,0.9578163771712159,1.4022456040168483,12.723350390508813,231.01760864257812,211.5132598876953,211.9313201904297,212.2877960205078,0.35651829838752747,0.0,0.0,nan,nan,nan,nan
3043,943.8618964161724,3.0251983859492704,312.0,1.0953049902657441,0.3559467877582478,0.9262820512820513,1.3859357981060134,65.5979358403431,239.3576202392578,217.74444580078125,218.29832458496094,219.03819274902344,0.7398338317871094,0.0,0.0,nan,nan,nan,nan
3044,1182.5631373040378,3.2577496895428038,363.0,1.0926045633839792,0.3538480699985973,0.953168044077135,1.3940484375208626,203.30254962173808,267.2921447753906,233.04063415527344,233.4962615966797,232.7605438232422,-0.7357112765312195,0.0,0.0,nan,nan,nan,nan
3045,1031.5616035163403,3.1642993972893874,326.0,1.0727209260446966,0.3508415888720678,0.9294478527607362,1.3711235933239565,125.57307863677397,249.19619750976562,248.75689697265625,249.32687377929688,249.10047912597656,-0.22637073695659637,0.0,0.0,nan,nan,nan,nan
3046,819.7622259128839,2.8763586874136275,285.0,1.0950607201272493,0.3604546617620389,0.9368421052631579,1.3707959825634217,-5.0329320771668336,219.07920837402344,240.40322875976562,241.08445739746094,240.25723266601562,-0.8272286653518677,0.0,0.0,nan,nan,nan,nan
3047,995.3264066502452,3.1007053166674305,321.0,1.1221778230722665,0.3703492438162074,0.8940809968847352,1.3825267214553032,99.23951187915645,242.27207946777344,243.98556518554688,244.5045928955078,245.88453674316406,1.379934310913086,0.0,0.0,nan,nan,nan,nan
3048,735.7439935281873,2.896629895780265,254.0,1.0926072013009291,0.35877233639229916,0.9133858267716536,1.3982016821231327,-27.66105778930296,211.2135772705078,232.3540802001953,233.10317993164062,232.33445739746094,-0.7687129378318787,0.0,0.0,nan,nan,nan,nan
3049,1336.9220851957798,3.244956517465485,412.0,1.088588032800172,0.3556122217192621,0.9174757281553398,1.3904063644699898,260.6255224504007,273.21533203125,255.32846069335938,255.75633239746094,255.92889404296875,0.17256438732147217,0.0,0.0,nan,nan,nan,nan
3050,2326.709790388588,3.514667357082459,662.0,1.093554547308205,0.35664056020238194,0.9169184290030211,1.3887890081925693,755.3317222193336,321.2375793457031,278.7939453125,278.9920349121094,278.8695373535156,-0.12253888696432114,0.0,0.0,nan,nan,nan,nan
3051,810.0522465109825,3.0113466413047676,269.0,1.1171642145574237,0.37002469773927665,0.8921933085501859,1.4168769589613932,16.942304868059864,223.8477325439453,245.72366333007812,246.36497497558594,246.08631896972656,-0.2786747217178345,0.0,0.0,nan,nan,nan,nan
3052,1299.4792473157868,3.169461578818992,410.0,1.1032346460134084,0.36316095020821243,0.8951219512195122,1.3968107199475281,227.1433366137985,267.144775390625,232.7931365966797,233.25436401367188,234.42063903808594,1.1662964820861816,0.0,0.0,nan,nan,nan,nan
3053,519.190175358206,2.47233416837241,210.0,1.0861064373988072,0.36016760600570474,0.9142857142857143,1.3768058314462093,-157.08053100468214,169.3757781982422,193.52920532226562,194.31637573242188,194.30442810058594,-0.01193971186876297,0.0,0.0,nan,nan,nan,nan
3054,1223.5827903561294,3.1373917701439216,390.0,1.09217457642111,0.36060084972889295,0.9102564102564102,1.3714528954043022,190.8534000880511,260.07501220703125,254.861572265625,255.2418212890625,256.2474670410156,1.0056328773498535,0.0,0.0,nan,nan,nan,nan
3055,933.4162080958486,3.0907821460127436,302.0,1.0982316392973448,0.36048751958448255,0.9437086092715232,1.381854807662864,74.95550773697437,239.5213165283203,226.04405212402344,226.6024932861328,226.44044494628906,-0.1620548814535141,0.0,0.0,nan,nan,nan,nan
3056,522.6704450789839,2.292414232802561,228.0,1.069052095248104,0.3520553911743721,0.9122807017543859,1.3683050592320047,-189.2461296744233,163.36770629882812,177.90699768066406,178.69151306152344,182.55914306640625,3.867633104324341,0.0,0.0,nan,nan,nan,nan
3057,550.576418440789,2.8380227754679845,194.0,1.093728627155241,0.36244309659110374,0.9381443298969072,1.4051441435562642,-94.00907157497113,183.52891540527344,199.298095703125,200.11996459960938,199.126708984375,-0.9932509064674377,0.0,0.0,nan,nan,nan,nan
3058,989.4288137555122,2.9892109176903694,331.0,1.1016783325915191,0.36252515932778606,0.9123867069486404,1.408926234479356,73.53865876746863,245.42408752441406,222.3430938720703,222.92343139648438,224.24655151367188,1.3231180906295776,0.0,0.0,nan,nan,nan,nan
3059,782.2122395783663,2.793615141351308,280.0,1.0887831492482547,0.35767129904256545,0.9285714285714286,1.3928630079824524,-32.681288303206884,214.7406005859375,210.8461456298828,211.38729858398438,212.4613800048828,1.0740569829940796,0.0,0.0,nan,nan,nan,nan
3060,20.047030203044415,0.5896185353836593,34.0,1.090294632367965,0.35388812971502254,0.8823529411764706,1.4406960042520538,-307.68629634143576,7.8671875,172.02183532714844,172.89889526367188,170.53506469726562,-2.363840103149414,0.0,0.0,nan,nan,nan,nan
3061,591.7409934643656,2.8044596846652396,211.0,1.0787042833790301,0.35149586214010836,0.9620853080568721,1.3785784457492667,-86.510038920218,186.1727752685547,213.24468994140625,214.07846069335938,212.7705535888672,-1.307906150817871,0.0,0.0,nan,nan,nan,nan
3062,2817.0319857988507,3.1127425257445864,905.0,1.0887695782125932,0.35777553504307275,0.9359116022099447,1.3812473593156867,764.4346943575902,297.6710510253906,259.6335754394531,259.8119812011719,258.80419921875,-1.0077629089355469,0.0,0.0,nan,nan,nan,nan
3063,722.4171565622091,3.074115559839188,235.0,1.0786405620758568,0.3494997673740624,0.9319148936170213,1.3633476777451479,-3.361700343066559,215.7705078125,215.4156036376953,216.2084503173828,215.99649047851562,-0.2119465321302414,0.0,0.0,nan,nan,nan,nan
3064,873.3556928187609,2.9307238014052377,298.0,1.0954400706498388,0.36073897084252754,0.9295302013422819,1.3848471510811537,22.816296546668582,223.0931396484375,237.2919158935547,237.8470001220703,238.35235595703125,0.5053579211235046,0.0,0.0,nan,nan,nan,nan
3065,936.3198844492435,0.9363198844492435,1000.0,1.132818598255963,0.38501168545069714,0.892,1.3897328530815287,-1304.4083790530894,85.8985595703125,97.79817199707031,97.88733673095703,96.7029800415039,-1.1843693256378174,0.0,0.0,nan,nan,nan,nan
3066,710.3611529618502,2.8759560848657904,247.0,1.058255237843908,0.34668746940905043,0.951417004048583,1.3749624932536484,-39.181616203771455,209.51055908203125,212.5118865966797,213.2010955810547,213.13511657714844,-0.0659618005156517,0.0,0.0,nan,nan,nan,nan
3067,692.6226959004998,2.58441304440485,268.0,1.0897271234071249,0.3591318451493935,0.8880597014925373,1.3763192794453765,-98.50691972072741,192.5899658203125,210.12164306640625,210.7386932373047,210.37435913085938,-0.36431410908699036,0.0,0.0,nan,nan,nan,nan
3068,406.97695414721966,2.0348847707360984,200.0,1.0517491989378878,0.3363268076562478,0.925,1.3605524942049139,-249.49049199871354,135.8267822265625,165.79031372070312,166.5418701171875,166.7694549560547,0.22758468985557556,0.0,0.0,nan,nan,nan,nan
3069,1010.5825756676495,3.043923420685691,332.0,1.085654233547431,0.35500324953768336,0.9096385542168675,1.3768516459982272,92.71209465791026,243.97482299804688,237.76722717285156,238.22352600097656,238.83541870117188,0.6118854284286499,0.0,0.0,nan,nan,nan,nan
3070,571.4371072221547,2.7341488383835153,209.0,1.1067131058971797,0.3594558888946189,0.9473684210526315,1.4123894408515256,-102.85327311903802,182.89393615722656,197.00430297851562,197.80674743652344,198.73529052734375,0.9285479784011841,0.0,0.0,nan,nan,nan,nan
3071,2071.4840656341985,3.3682667733889406,615.0,1.1072810600365515,0.3657204134328554,0.9105691056910569,1.3922907798099067,593.1813204846328,298.7059020996094,280.5082702636719,280.7834167480469,282.41473388671875,1.6313625574111938,0.0,0.0,nan,nan,nan,nan
3072,906.4455488175154,3.158346859991343,287.0,1.0916956828827824,0.36104081728404797,0.9233449477351916,1.3883723907590466,77.6897387840736,239.5028839111328,240.19212341308594,240.79466247558594,240.71319580078125,-0.08146582543849945,0.0,0.0,nan,nan,nan,nan
3073,1057.1693789809942,2.857214537786471,370.0,1.1186882112689256,0.3707705793465458,0.9027027027027027,1.3992878611096238,64.04650914682611,237.74569702148438,237.55758666992188,237.96791076660156,238.1969451904297,0.2290208488702774,0.0,0.0,nan,nan,nan,nan
3074,513.8677117719781,2.7627296331826776,186.0,1.0496893768196647,0.3368281580318528,0.9354838709677419,1.3861542482737184,-114.87517007021813,176.05137634277344,147.71322631835938,148.59934997558594,148.93612670898438,0.33674511313438416,0.0,0.0,nan,nan,nan,nan
3075,749.1424466259778,3.0086042033171796,249.0,1.0543535832014366,0.34164980959284047,0.9518072289156626,1.369658569297427,-4.360974583034931,215.62867736816406,220.8319549560547,221.49771118164062,221.24517822265625,-0.25252750515937805,0.0,0.0,nan,nan,nan,nan
3076,472.2387566268444,2.638205344284047,179.0,1.063079410509324,0.34479004330705465,0.9553072625698324,1.4191904796841042,-142.6418430634833,162.94882202148438,181.5842742919922,182.5133819580078,184.01243591308594,1.499061942100525,0.0,0.0,nan,nan,nan,nan
3077,926.2943179234862,2.6465551940671035,350.0,1.0834708460451559,0.3609099543362944,0.9542857142857143,1.3970635794490767,-27.222031476771917,217.08111572265625,238.00247192382812,238.55029296875,239.39102172851562,0.8407301306724548,0.0,0.0,nan,nan,nan,nan
3078,889.9710091385059,2.9567143160747706,301.0,1.052601343599155,0.33828660390924575,0.9368770764119602,1.402108409994872,33.49063480132713,231.2830352783203,220.4210968017578,221.0542449951172,222.41351318359375,1.3592920303344727,0.0,0.0,nan,nan,nan,nan
3079,647.7139436006546,2.6329835105717665,246.0,1.0919506356483935,0.3623335679952335,0.9024390243902439,1.3955111842658412,-99.8484995432716,191.50270080566406,217.2097930908203,217.87496948242188,218.27598571777344,0.40102052688598633,0.0,0.0,nan,nan,nan,nan
3080,486.7764847143553,2.645524373447583,184.0,1.1293517181207808,0.3722580907760593,0.9130434782608695,1.4081641115006192,-138.00574508444993,165.7635498046875,194.8322296142578,195.70877075195312,195.35585021972656,-0.35291770100593567,0.0,0.0,nan,nan,nan,nan
3081,402.46915758866817,2.211368997739935,182.0,1.111673677723789,0.3657919462794104,0.8956043956043956,1.3843281474198048,-218.35242016674601,137.86370849609375,210.86727905273438,211.69630432128906,210.669921875,-1.0263526439666748,0.0,0.0,nan,nan,nan,nan
3082,357.5566124469042,2.2071395830055813,162.0,1.0983162025682116,0.35674638146201126,0.9629629629629629,1.416599669279546,-223.65844487460004,127.81840515136719,179.65234375,180.7015838623047,181.21908569335938,0.5174887776374817,0.0,0.0,nan,nan,nan,nan
3083,1622.9578731954098,2.9999221315996483,541.0,1.0808719823730157,0.3542239340673501,0.9297597042513863,1.3864187062440994,291.199253651311,268.24554443359375,245.3650665283203,245.7391357421875,247.28558349609375,1.546449899673462,0.0,0.0,nan,nan,nan,nan
3084,4.363602213561535,0.29090681423743564,15.0,1.0504151713162184,0.3382081982990106,1.0,1.3416016209279205,-285.7435299187041,0.5053578019142151,171.7693328857422,174.7614288330078,175.75250244140625,0.9910827875137329,0.0,0.0,nan,nan,nan,nan
3085,1263.0742344520986,3.165599585092979,399.0,1.0913831991514167,0.358009723285112,0.9172932330827067,1.3870481916585664,212.52190998876085,259.4065246582031,248.74864196777344,249.15011596679688,249.77487182617188,0.6247512698173523,0.0,0.0,nan,nan,nan,nan
3086,1020.8201027214527,2.9418446764306996,347.0,1.1082951157139935,0.36509286306721184,0.9164265129682997,1.3836979849080786,73.24473138628105,241.6802520751953,230.3380584716797,230.86770629882812,231.20193481445312,0.334237277507782,0.0,0.0,nan,nan,nan,nan
3087,1285.3225059343968,3.2622398627776565,394.0,1.0931690290137421,0.3597682320201775,0.9238578680203046,1.3858611989427836,244.67181157953655,271.6072998046875,257.7869873046875,258.20306396484375,258.0796813964844,-0.12338075041770935,0.0,0.0,nan,nan,nan,nan
3088,784.0318728275597,2.8931065417991135,271.0,1.0904130359808708,0.3505305437513468,0.9446494464944649,1.3923371841184797,-13.038720858754004,215.79039001464844,215.1824493408203,215.79074096679688,213.8950958251953,-1.8956372737884521,0.0,0.0,nan,nan,nan,nan
3089,186.44447272270918,1.9221079662134968,97.0,1.094823334768714,0.35722993279301607,0.9381443298969072,1.3628703401702,-266.0493931885875,81.19576263427734,167.03578186035156,169.12852478027344,168.99330139160156,-0.13522401452064514,0.0,0.0,nan,nan,nan,nan
3090,542.7919394522905,2.501345343098113,217.0,1.1243916162747958,0.36891995906175695,0.9032258064516129,1.4204006517024412,-147.34104906246614,172.44036865234375,209.99801635742188,210.71043395996094,211.39764404296875,0.6872378587722778,0.0,0.0,nan,nan,nan,nan
3091,1111.0311584472656,3.060691896548941,363.0,1.0499073102359084,0.3441046647054226,0.9256198347107438,1.3430058256934707,131.7705707649659,253.5819091796875,242.2954559326172,242.71224975585938,243.29299926757812,0.5807320475578308,0.0,0.0,nan,nan,nan,nan
3092,722.9267389136949,2.7280254298629996,265.0,1.11632711881595,0.36775238092330875,0.9320754716981132,1.3919096427665296,-62.261898642445885,204.640625,221.66883850097656,222.3282470703125,222.7536163330078,0.4253790080547333,0.0,0.0,nan,nan,nan,nan
3093,871.5262777507305,2.9744924155315036,293.0,1.0927305989113654,0.36171796943089,0.9112627986348123,1.3942775925044362,30.888511587115772,230.2372589111328,224.46421813964844,225.078369140625,224.072998046875,-1.0053465366363525,0.0,0.0,nan,nan,nan,nan
3094,942.7627396434546,2.7013259015571762,349.0,1.0716531637723195,0.3532092328317447,0.9169054441260746,1.3877104152177686,-8.77328373510818,219.49903869628906,236.1553497314453,236.70643615722656,237.0821990966797,0.37576067447662354,0.0,0.0,nan,nan,nan,nan
3095,797.4262266084552,3.020553888668391,264.0,1.0846827694774683,0.35533906475264837,0.9583333333333334,1.396262285119879,14.21791507401008,226.14071655273438,215.05299377441406,215.6995849609375,215.85723876953125,0.15763147175312042,0.0,0.0,nan,nan,nan,nan
3096,974.7637229664251,3.164817282358523,308.0,1.1026176046564402,0.36348726472861964,0.9383116883116883,1.4076220484866016,104.42106647737796,246.64422607421875,246.83091735839844,247.32949829101562,246.6099395751953,-0.7195586562156677,0.0,0.0,nan,nan,nan,nan
3097,912.1133060473949,2.621015247262629,348.0,1.0670069098264305,0.34589512232488995,0.9339080459770115,1.3849487435462593,-37.442391309472214,214.56797790527344,216.16152954101562,216.62376403808594,216.49798583984375,-0.12581145763397217,0.0,0.0,nan,nan,nan,nan
3098,1073.6508985213004,3.3239965898492274,323.0,1.0756800618282423,0.3515871268320385,0.9473684210526315,1.3737068083202937,173.6033517068206,261.8995666503906,235.64501953125,236.1903839111328,236.750732421875,0.5603463053703308,0.0,0.0,nan,nan,nan,nan
3099,1183.4997467701323,3.122690624723304,379.0,1.0809569225354658,0.35399221611131043,0.9182058047493403,1.3827493827910455,172.55394274070454,257.1046447753906,254.45411682128906,254.95460510253906,255.41610717773438,0.46147409081459045,0.0,0.0,nan,nan,nan,nan
3100,912.6373189613223,3.062541338796384,298.0,1.1074827397882199,0.36565071508672264,0.9026845637583892,1.3980946316643625,62.09792268923002,233.8299102783203,238.74734497070312,239.25277709960938,238.6619110107422,-0.5908637046813965,0.0,0.0,nan,nan,nan,nan
3101,621.1708046444692,2.7607591317531965,225.0,1.077589005974436,0.34139138665446944,0.9688888888888889,1.369094207672419,-84.80479204385153,194.08192443847656,164.81591796875,165.57260131835938,165.87545776367188,0.30284759402275085,0.0,0.0,nan,nan,nan,nan
3102,1800.6726673599333,2.3026504697697354,782.0,1.0908992844021594,0.3584228525087739,0.9322250639386189,1.3884312116875206,-8.344523412780973,220.1278839111328,200.1444549560547,200.3363494873047,199.0039520263672,-1.3323973417282104,0.0,0.0,nan,nan,nan,nan
3103,1570.135964254383,3.277945645625017,479.0,1.1140072830555765,0.36605003982480666,0.9352818371607515,1.4015259856277167,361.1575580554054,280.2044677734375,263.8810729980469,264.2488708496094,265.24200439453125,0.9931332468986511,0.0,0.0,nan,nan,nan,nan
3104,812.8820563815534,2.7743414893568374,293.0,1.1049306483478516,0.3637295511746187,0.9146757679180887,1.4078737530553929,-27.75570978206133,212.52706909179688,227.088623046875,227.61175537109375,226.15478515625,-1.4569770097732544,0.0,0.0,nan,nan,nan,nan
3105,711.2646174170077,2.8564844072972195,249.0,1.0492032155684432,0.34123562097828714,0.9036144578313253,1.3835824018929908,-42.238803792005,204.68894958496094,219.17222595214844,219.8431854248047,220.39376831054688,0.5506011843681335,0.0,0.0,nan,nan,nan,nan
3106,607.9058590084314,2.7885589862772084,218.0,1.048760042692006,0.33991454083782935,0.9128440366972477,1.3481501859256555,-84.20745552802077,190.32937622070312,192.22119140625,192.97950744628906,192.07798767089844,-0.901502251625061,0.0,0.0,nan,nan,nan,nan
3107,1110.8142109960318,2.9078906047016537,382.0,1.107088732837555,0.36759170127908014,0.918848167539267,1.3790055463955617,93.92742890151749,242.1737823486328,245.51316833496094,245.9727783203125,247.13787841796875,1.1651034355163574,0.0,0.0,nan,nan,nan,nan
3108,1354.7759286817163,3.353405764063654,404.0,1.0854180635833304,0.35690308447352653,0.8935643564356436,1.3841268637476234,294.321974109901,278.019287109375,247.17601013183594,247.6328582763672,246.54823303222656,-1.084609031677246,0.0,0.0,nan,nan,nan,nan
3109,513.1480250591412,2.0775223686604907,247.0,1.077184466197641,0.35240307831584133,0.9190283400809717,1.3757063550884896,-236.3947441064804,150.1478729248047,203.80874633789062,204.549560546875,202.31686401367188,-2.2327029705047607,0.0,0.0,nan,nan,nan,nan
3110,1213.6992090158165,2.967479728645028,409.0,1.1059824170898662,0.3654632377433504,0.921760391198044,1.40169823780906,143.34362433552383,246.82492065429688,260.5731506347656,260.965576171875,259.99298095703125,-0.9726182818412781,0.0,0.0,nan,nan,nan,nan
3111,1183.2495944723487,3.2241133364369174,367.0,1.0749138466524575,0.3502453135162191,0.9155313351498637,1.3911284907089068,196.06770270326706,262.2619934082031,258.2986755371094,258.72900390625,257.6426696777344,-1.0863542556762695,0.0,0.0,nan,nan,nan,nan
3112,362.7862519118935,2.10922239483659,172.0,1.0905465918514772,0.34876656390581273,0.9418604651162791,1.4235604440969873,-238.2320656265657,130.2040557861328,145.17535400390625,146.2545166015625,143.93919372558594,-2.315317392349243,0.0,0.0,nan,nan,nan,nan
3113,562.9256125828251,2.655309493315213,212.0,1.132316492457534,0.3732790482709966,0.9245283018867925,1.4330481703459594,-117.30574582345412,179.29954528808594,210.8629150390625,211.7140350341797,211.69248962402344,-0.02156563475728035,0.0,0.0,nan,nan,nan,nan
3114,774.2062894180417,2.9215331676152516,265.0,1.1043002063586043,0.36646620571275046,0.9245283018867925,1.3825200984099308,-10.982348138099042,217.2882080078125,214.103271484375,214.7574920654297,214.40855407714844,-0.3489488363265991,0.0,0.0,nan,nan,nan,nan
3115,1583.7074596513994,3.341154978167509,474.0,1.070681602842786,0.3477278359758857,0.930379746835443,1.3930789633187404,384.6306835608991,286.6606140136719,263.2789306640625,263.6064453125,262.8428039550781,-0.7636314630508423,0.0,0.0,nan,nan,nan,nan
3116,1067.2952115163207,3.1670481053896755,337.0,1.079190133512704,0.3509437897014957,0.9109792284866469,1.3748510194675774,139.5231003981039,253.8980255126953,245.24818420410156,245.67730712890625,245.19790649414062,-0.479384183883667,0.0,0.0,nan,nan,nan,nan
3117,398.7390941902995,2.3182505476180206,172.0,1.1271970308677455,0.3772448000647922,0.9244186046511628,1.375171618823429,-202.2792233481597,142.33042907714844,188.6643829345703,189.6256561279297,188.24269104003906,-1.3829710483551025,0.0,0.0,nan,nan,nan,nan
3118,722.4631288535893,2.7160268002014636,266.0,1.099632282165956,0.3584520931985217,0.924812030075188,1.410218721767715,-64.70583472424687,201.79714965820312,219.68861389160156,220.2956085205078,221.7705535888672,1.4749438762664795,0.0,0.0,nan,nan,nan,nan
3119,1028.2202714312007,3.2435970707608854,317.0,1.0629268173915976,0.345945753391163,0.9463722397476341,1.362250984900373,140.05468074689406,251.69784545898438,238.9093017578125,239.40077209472656,239.54734802246094,0.1465446949005127,0.0,0.0,nan,nan,nan,nan
3120,903.9843247160316,3.0747766146803794,294.0,1.0641603297810185,0.343717610577919,0.9217687074829932,1.3605856693854106,61.36623253072139,234.48458862304688,242.2310028076172,242.78103637695312,243.20455932617188,0.4235246777534485,0.0,0.0,nan,nan,nan,nan
3121,539.3441375028342,2.7517558035858887,196.0,1.1211020776541238,0.3698938597840269,0.9540816326530612,1.4166545266370694,-109.20200455631698,177.534423828125,208.84523010253906,209.65481567382812,207.97042846679688,-1.6843942403793335,0.0,0.0,nan,nan,nan,nan
3122,255.88056260347366,1.789374563660655,143.0,1.1144655236958552,0.3648210988516511,0.916083916083916,1.395621731249204,-287.708300305816,92.19001770019531,181.4723358154297,182.62454223632812,182.68826293945312,0.06372208893299103,0.0,0.0,nan,nan,nan,nan
3123,219.51225078105927,1.7702600869440264,124.0,1.10931845319367,0.3614146143003363,0.9435483870967742,1.429001319432042,-286.4504177160159,84.13782501220703,143.35752868652344,145.00094604492188,145.0847625732422,0.0838387981057167,0.0,0.0,nan,nan,nan,nan
3124,480.4881589151919,2.5972332914334695,185.0,1.0931587866077206,0.3637620222039505,0.9027027027027027,1.3814385743121784,-146.27439690530878,163.0543670654297,197.00599670410156,197.9192352294922,197.29808044433594,-0.6211671829223633,0.0,0.0,nan,nan,nan,nan
3125,246.93140775780194,2.0075724207951375,123.0,1.0993839544388129,0.36239593955205485,0.9105691056910569,1.399955493054227,-257.0509347175778,95.84119415283203,158.10641479492188,159.46653747558594,159.6187286376953,0.15218378603458405,0.0,0.0,nan,nan,nan,nan
3126,2113.5177843123674,3.5761722238787943,591.0,1.0954027667695097,0.3547288137144993,0.9204737732656514,1.3911012423109865,682.7428636834936,317.3421630859375,276.8190002441406,277.1441345214844,278.54437255859375,1.4002383947372437,0.0,0.0,nan,nan,nan,nan
3127,1001.0131474174559,3.1478400862184146,318.0,1.0865035241562246,0.3541993651636344,0.940251572327044,1.3985033145658938,110.86723071145366,247.22430419921875,234.36935424804688,234.82891845703125,235.70376586914062,0.8748838901519775,0.0,0.0,nan,nan,nan,nan
3128,393.90484315901995,2.2769066078556066,173.0,1.1050497447902556,0.37085939976337373,0.9132947976878613,1.3993136791076373,-209.09380040113479,139.56524658203125,195.12368774414062,196.18496704101562,195.60659790039062,-0.5783998966217041,0.0,0.0,nan,nan,nan,nan
3129,1440.0035322345793,3.627212927543021,397.0,1.0773425571647697,0.34990171151731064,0.9143576826196473,1.3795160825008914,393.41185981463263,301.64739990234375,253.58958435058594,254.01393127441406,253.21556091308594,-0.7983535528182983,0.0,0.0,nan,nan,nan,nan
3130,641.0002636164427,2.786957667897577,230.0,1.1071516812312348,0.3564487749114261,0.908695652173913,1.428600788286885,-74.87696318035546,194.62464904785156,191.44537353515625,192.2101287841797,194.90203857421875,2.6919124126434326,0.0,0.0,nan,nan,nan,nan
3131,897.4893431067467,3.0841558182362427,291.0,1.0937160908535482,0.3608182721588542,0.8865979381443299,1.3906629076346033,60.812228986522996,232.461669921875,241.65675354003906,242.23989868164062,241.89108276367188,-0.3488278090953827,0.0,0.0,nan,nan,nan,nan
3132,427.1898340303451,2.296719537797554,186.0,1.0467415513863167,0.3345333994402217,0.956989247311828,1.3620318398249196,-201.55304781185112,148.8350372314453,152.68968200683594,153.6529541015625,155.10040283203125,1.447461485862732,0.0,0.0,nan,nan,nan,nan
3133,337.18789809104055,2.2330324376890105,151.0,1.074717162960395,0.34393012200566486,0.9403973509933775,1.37045825857823,-222.24357299181315,127.05868530273438,166.00341796875,167.12478637695312,163.1466064453125,-3.978163480758667,0.0,0.0,nan,nan,nan,nan
3134,692.06066754926,2.621441922535076,264.0,1.086604239418039,0.3573387028079719,0.9204545454545454,1.402336666272297,-91.14764398518514,198.5061798095703,206.14077758789062,206.69647216796875,205.8925018310547,-0.8039650917053223,0.0,0.0,nan,nan,nan,nan
3135,499.1736708879471,2.6134747166908223,191.0,1.0901632028057882,0.3550765694843432,0.9162303664921466,1.3792008009493244,-139.47084106272655,165.16183471679688,214.6385955810547,215.42015075683594,216.06698608398438,0.6468011736869812,0.0,0.0,nan,nan,nan,nan
3136,1465.816867802292,3.159088077160112,464.0,1.1001541739478111,0.36214034276643614,0.8987068965517241,1.388552652584734,286.5433519287469,276.39434814453125,259.2479248046875,259.6399841308594,260.1876220703125,0.5476561784744263,0.0,0.0,nan,nan,nan,nan
3137,480.3286033831537,2.3430663579666033,205.0,1.1164658272044832,0.3689342134285291,0.9073170731707317,1.3948746005362123,-186.04047287125695,158.51153564453125,196.3238525390625,197.07418823242188,196.94561767578125,-0.1285574585199356,0.0,0.0,nan,nan,nan,nan
3138,514.0592250302434,2.557508582240017,201.0,1.1414294367884603,0.3770156612369841,0.9253731343283582,1.4307244118755351,-144.38854713738533,169.667236328125,190.27342224121094,191.13082885742188,190.18295288085938,-0.9478811621665955,0.0,0.0,nan,nan,nan,nan
3139,653.8707605726086,2.7473561368597,238.0,1.0984272556426895,0.36340993869556015,0.9243697478991597,1.402929045417503,-77.84907439775361,194.0137939453125,223.68504333496094,224.39810180664062,225.6615447998047,1.2634392976760864,0.0,0.0,nan,nan,nan,nan
3140,1050.1068651676178,3.45429889857769,304.0,1.1027635570654226,0.35866366484362133,0.9210526315789473,1.4016144896075067,187.68551276535254,266.9124755859375,227.90260314941406,228.4681854248047,227.47869873046875,-0.9894862771034241,0.0,0.0,nan,nan,nan,nan
3141,1111.6207022075541,3.1670105475998693,351.0,1.0869798131168449,0.35345828395547146,0.9259259259259259,1.3834265226955067,156.12402678560034,256.5963439941406,237.47666931152344,237.98141479492188,237.0758514404297,-0.90557461977005,0.0,0.0,nan,nan,nan,nan
3142,754.6735736969858,2.815946170511141,268.0,1.0923703093948594,0.35416870834468056,0.9365671641791045,1.3982159397868705,-36.45604192424139,213.0264434814453,211.87486267089844,212.53073120117188,214.5908966064453,2.0601704120635986,0.0,0.0,nan,nan,nan,nan
3143,688.1836994001642,2.636719154789901,261.0,1.0669243952688319,0.34693451438600265,0.9157088122605364,1.3890105685622294,-89.08363406919443,198.3932647705078,190.6217041015625,191.26058959960938,193.78622436523438,2.5256173610687256,0.0,0.0,nan,nan,nan,nan
3144,1239.7455691257492,3.187006604436373,389.0,1.0924311974579335,0.3598156765335722,0.9383033419023136,1.3938029006744024,208.9965048793665,265.22882080078125,245.171630859375,245.65623474121094,246.4810028076172,0.8247889280319214,0.0,0.0,nan,nan,nan,nan
3145,903.1663452703506,3.114366707828795,290.0,1.083102347552305,0.3550302435913098,0.9241379310344827,1.3835526393520698,68.46955717182232,236.8997344970703,234.7211151123047,235.30064392089844,236.4220428466797,1.1214195489883423,0.0,0.0,nan,nan,nan,nan
3146,768.7706912606955,2.7165042094017506,283.0,1.0916143703931724,0.3528019469094246,0.9434628975265018,1.3902829266465955,-52.06381468596419,209.9563751220703,188.9102020263672,189.51800537109375,189.87550354003906,0.3575113117694855,0.0,0.0,nan,nan,nan,nan
3147,941.311860665679,2.835276688752045,332.0,1.1255087721844048,0.3709171703815237,0.8885542168674698,1.3843693076059074,23.441379655939727,227.83103942871094,236.6668701171875,237.16241455078125,237.65174865722656,0.4893363118171692,0.0,0.0,nan,nan,nan,nan
3148,1023.6066486686468,3.0284220374812034,338.0,1.111230083501289,0.3671702129166588,0.9260355029585798,1.3888423157427106,93.8542115287346,242.40908813476562,257.3282775878906,257.8175964355469,257.5172119140625,-0.30037814378738403,0.0,0.0,nan,nan,nan,nan
3149,826.0718145053834,3.0708989386817227,269.0,1.0750634427416523,0.3510352133793031,0.9219330855018587,1.381068469533987,32.96187286246072,225.82872009277344,238.65447998046875,239.40151977539062,238.9171600341797,-0.4843427836894989,0.0,0.0,nan,nan,nan,nan
3150,1449.665779909119,3.243100178767604,447.0,1.0785001756927939,0.35323482694923475,0.9172259507829977,1.3764726615378042,304.0578064043973,280.3759460449219,257.56011962890625,257.9377136230469,259.25970458984375,1.3220198154449463,0.0,0.0,nan,nan,nan,nan
3151,189.19614490494132,1.7199649536812847,110.0,1.117505432443547,0.37287746921920745,0.9090909090909091,1.4004205956361082,-289.0419592883968,77.02314758300781,175.812255859375,177.61204528808594,177.41329956054688,-0.1987498253583908,0.0,0.0,nan,nan,nan,nan
3152,1001.9536223169416,1.0019536223169416,1000.0,1.1385804522333933,0.3870232595081616,0.896,1.3969442202966247,-1238.7746411853914,90.52751159667969,96.64418029785156,96.74039459228516,97.14569091796875,0.4052981734275818,0.0,0.0,nan,nan,nan,nan
3153,853.6607533050701,3.048788404660965,280.0,1.0874149250672542,0.35160023829119463,0.9071428571428571,1.401470020465472,38.76722542349694,231.32994079589844,218.67584228515625,219.2496337890625,219.33644104003906,0.08682234585285187,0.0,0.0,nan,nan,nan,nan
3154,920.2715797424316,3.1408586339332136,293.0,1.0624822220728425,0.34821917654721823,0.9180887372013652,1.3647646021637283,79.6338135788169,238.47467041015625,234.1182861328125,234.7534637451172,234.54959106445312,-0.20386633276939392,0.0,0.0,nan,nan,nan,nan
3155,1017.5869257403538,2.9667257310214397,343.0,1.1168590458475645,0.3653318518175654,0.880466472303207,1.387235114290217,77.932858491964,240.87039184570312,237.75119018554688,238.2041778564453,238.40866088867188,0.20446732640266418,0.0,0.0,nan,nan,nan,nan
3156,573.9172009266913,2.746015315438714,209.0,1.1045357483670732,0.3660150163001769,0.9234449760765551,1.4062460004044681,-100.37317941450146,183.16844177246094,217.3741912841797,218.19085693359375,218.53372192382812,0.342862069606781,0.0,0.0,nan,nan,nan,nan
3157,1553.6132188551128,3.2502368595295246,478.0,1.062216777661575,0.3443979405443211,0.9309623430962343,1.371440551960994,346.6151386778306,285.38885498046875,253.7677459716797,254.11842346191406,254.65725708007812,0.5388138890266418,0.0,0.0,nan,nan,nan,nan
3158,1450.8813770115376,3.2677508491250844,444.0,1.1128418646903708,0.3654667011508867,0.9256756756756757,1.422974990432216,311.2143815719023,277.3908386230469,256.92047119140625,257.33135986328125,255.6685791015625,-1.6627730131149292,0.0,0.0,nan,nan,nan,nan
3159,606.0525119965896,2.754784145439044,220.0,1.0888198721924616,0.3504366140802052,0.9272727272727272,1.4030021343292454,-90.02145458325356,192.1222686767578,195.8222198486328,196.64315795898438,196.96498107910156,0.3217935860157013,0.0,0.0,nan,nan,nan,nan
3160,1024.993465570733,2.9369440274233036,349.0,1.078368802490491,0.3550429726586568,0.9140401146131805,1.3792249835752683,73.45744219217022,237.4137725830078,255.83665466308594,256.4444885253906,257.36669921875,0.9222142696380615,0.0,0.0,nan,nan,nan,nan
3161,782.3141315747052,2.8867680131907942,271.0,1.0746780948633983,0.35083066999925433,0.933579335793358,1.3766111386846298,-14.75646211160847,217.1758575439453,222.6087188720703,223.3086395263672,222.76605224609375,-0.5426024198532104,0.0,0.0,nan,nan,nan,nan
3162,663.4012443013489,2.9096545802690743,228.0,1.0993042850327666,0.3629143120059253,0.9342105263157895,1.3836941118677286,-48.515330452058265,198.83255004882812,216.845703125,217.5524139404297,215.24952697753906,-2.3028950691223145,0.0,0.0,nan,nan,nan,nan
3163,645.3086953572929,2.677629441316568,241.0,1.0816564389907164,0.3557186798712002,0.9336099585062241,1.3686642304167003,-92.35211767815576,195.1070556640625,207.80088806152344,208.4692840576172,209.29058837890625,0.8212840557098389,0.0,0.0,nan,nan,nan,nan
3164,369.3174656033516,2.134783038169662,173.0,1.1056919958285996,0.3644465810615033,0.930635838150289,1.3735331390920815,-233.68117795680314,131.712158203125,165.29737854003906,166.25682067871094,169.4340057373047,3.1771833896636963,0.0,0.0,nan,nan,nan,nan
3165,1007.8850828390568,3.1011848702740212,325.0,1.0906577300365508,0.3548608280527286,0.9384615384615385,1.4215149544853583,103.87688398118621,244.9431915283203,230.7894287109375,231.31192016601562,230.94300842285156,-0.36890897154808044,0.0,0.0,nan,nan,nan,nan
3166,1205.907914014184,3.1568270000371306,382.0,1.0995633508628795,0.3583952313704449,0.9528795811518325,1.4086637457974605,189.02113191966964,255.8634490966797,260.8076477050781,261.3258056640625,261.8507385253906,0.524962842464447,0.0,0.0,nan,nan,nan,nan
3167,1129.482838940341,3.0119542371742427,375.0,1.094255120784796,0.3578177327901358,0.9146666666666666,1.3729874418702732,126.45833899769536,251.7342987060547,229.39649963378906,229.87562561035156,228.90687561035156,-0.9687435030937195,0.0,0.0,nan,nan,nan,nan
3168,635.2272406090051,2.9408668546713197,216.0,1.0739502592004078,0.34760083129416963,0.9074074074074074,1.3789339125250057,-52.92542188405605,201.08831787109375,217.71022033691406,218.63629150390625,217.19281005859375,-1.443459391593933,0.0,0.0,nan,nan,nan,nan
3169,793.0364752411842,3.0153478146052635,263.0,1.0696903611989845,0.35159069232283224,0.9125475285171103,1.3634735696295224,11.808489728434552,225.96385192871094,221.43524169921875,222.04830932617188,221.52023315429688,-0.5280866026878357,0.0,0.0,nan,nan,nan,nan
3170,993.6625229269266,2.6287368331400174,378.0,1.0679966452437026,0.3467925387569452,0.9312169312169312,1.39719546832364,-15.302955080805532,224.0050048828125,215.23756408691406,215.67166137695312,216.2202606201172,0.5485870242118835,0.0,0.0,nan,nan,nan,nan
3171,1322.486604951322,3.249352837718236,407.0,1.0927116105890706,0.35631707466563217,0.9066339066339066,1.400046222557888,256.0916723144203,274.3282470703125,253.99961853027344,254.40994262695312,255.97059631347656,1.5606508255004883,0.0,0.0,nan,nan,nan,nan
3172,779.6260609775782,2.8145345161645423,277.0,1.0773325762050194,0.34882350173982246,0.9097472924187726,1.374327311762085,-29.326488838908517,217.01083374023438,214.6283416748047,215.28152465820312,214.3468475341797,-0.934661328792572,0.0,0.0,nan,nan,nan,nan
3173,1348.9230137318373,3.227088549597697,418.0,1.0892493968987784,0.35723816562915855,0.9090909090909091,1.3845195776557024,260.744494856285,268.7559814453125,261.04510498046875,261.4425964355469,261.4378662109375,-0.004732122644782066,0.0,0.0,nan,nan,nan,nan
3174,815.7802187353373,3.101825926750332,263.0,1.090228257762689,0.3522696570194939,0.935361216730038,1.4101341952985769,34.552233222587574,226.66812133789062,227.57437133789062,228.3318328857422,229.32733154296875,0.9955245852470398,0.0,0.0,nan,nan,nan,nan
3175,930.3642459325492,2.9535372886747595,315.0,1.091618819491007,0.3638601877499481,0.9111111111111111,1.3725837751895165,46.15930729163347,233.95870971679688,245.64791870117188,246.1754913330078,245.81932067871094,-0.35616910457611084,0.0,0.0,nan,nan,nan,nan
3176,1437.9478218331933,3.3913863722480975,424.0,1.0571045805630874,0.3456678928025281,0.9363207547169812,1.352694593945274,337.88734682746804,285.6134033203125,259.6556701660156,260.0157470703125,258.1553039550781,-1.860463261604309,0.0,0.0,nan,nan,nan,nan
3177,317.6361079774797,1.689553765837658,188.0,1.1234002375536758,0.3703468824865368,0.898936170212766,1.4063995189219074,-315.06742590810745,109.32191467285156,173.98214721679688,174.92681884765625,174.8065643310547,-0.12026393413543701,0.0,0.0,nan,nan,nan,nan
3178,421.2059140789788,2.4347162663524786,173.0,1.0702687642894677,0.34697075946799794,0.9479768786127167,1.361651651020032,-181.7927294811759,147.62840270996094,176.17520141601562,177.1745147705078,177.00918579101562,-0.16534511744976044,0.0,0.0,nan,nan,nan,nan
3179,669.5890276618302,2.615582139304024,256.0,1.1164566002029581,0.36622101048442346,0.91796875,1.4062602337579242,-97.776675699051,196.53530883789062,221.6446533203125,222.28713989257812,221.31655883789062,-0.9705832600593567,0.0,0.0,nan,nan,nan,nan
3180,1499.5138977393508,3.5117421492724845,427.0,1.0920384006286592,0.35675139962828223,0.9320843091334895,1.3913652989758825,393.51244466853905,293.6086120605469,266.3764343261719,266.7541809082031,265.45111083984375,-1.303063988685608,0.0,0.0,nan,nan,nan,nan
3181,2359.760244480334,3.52203021564229,670.0,1.0777780170324702,0.3503401569331433,0.9253731343283582,1.3805071640471935,772.539568137516,316.758056640625,273.35467529296875,273.611083984375,274.5702819824219,0.9592209458351135,0.0,0.0,nan,nan,nan,nan
3182,312.6537724509835,2.2493077154747017,139.0,1.0945850364324332,0.3620470208635138,0.9280575539568345,1.373038506237277,-223.01378637152413,120.72591400146484,152.9315948486328,154.2484588623047,157.57888793945312,3.330415725708008,0.0,0.0,nan,nan,nan,nan
3183,649.8841120116413,2.940652090550413,221.0,1.1219891370465254,0.37009179650068064,0.9230769230769231,1.409542015644294,-48.17018058989743,201.74745178222656,211.6448211669922,212.40769958496094,210.49676513671875,-1.910947322845459,0.0,0.0,nan,nan,nan,nan
3184,776.6969978809357,2.9872961456959066,260.0,1.1232597785652831,0.36592090178716874,0.9076923076923077,1.4129267282809175,1.409990433272469,218.58804321289062,231.01336669921875,231.63677978515625,231.1290740966797,-0.5077099204063416,0.0,0.0,nan,nan,nan,nan
3185,563.2790513215587,2.721154837302216,207.0,1.0886185277324656,0.35819223700846725,0.9082125603864735,1.4079774973201113,-107.05067697624304,181.1468963623047,207.1890411376953,208.03909301757812,207.75253295898438,-0.286551296710968,0.0,0.0,nan,nan,nan,nan
3186,538.6908580847085,2.5409946136071153,212.0,1.1291252618394456,0.37174341384200277,0.9245283018867925,1.402696732140286,-141.5405003215708,171.75228881835938,220.26776123046875,221.18624877929688,220.6405487060547,-0.5456542372703552,0.0,0.0,nan,nan,nan,nan
3187,838.9172292202711,2.8631987345401746,293.0,1.1119397002001554,0.36289034758350325,0.9215017064846417,1.391857618778564,-1.7205369433436317,221.23033142089844,226.4945831298828,227.03952026367188,227.26441955566406,0.2249162644147873,0.0,0.0,nan,nan,nan,nan
3188,437.6117094345391,2.327721858694357,188.0,1.1196369970569102,0.37084156781078337,0.9042553191489362,1.4039834766191353,-195.09182445104807,148.01852416992188,201.8096466064453,202.73843383789062,202.91273498535156,0.17428787052631378,0.0,0.0,nan,nan,nan,nan
3189,565.4397858008742,2.7184605086580493,208.0,1.092702811771035,0.35791105909279747,0.9182692307692307,1.3658600587142224,-106.87026851862288,183.72288513183594,205.26425170898438,206.06375122070312,205.07635498046875,-0.9874096512794495,0.0,0.0,nan,nan,nan,nan
3190,1387.7281546108425,3.3199238148584747,418.0,1.0971832822795562,0.357056975401355,0.9234449760765551,1.395689747241541,299.54963573529017,277.4500732421875,257.5580749511719,257.9475402832031,259.2674255371094,1.3199009895324707,0.0,0.0,nan,nan,nan,nan
3191,938.5458747874945,2.951402121973253,318.0,1.097006586298281,0.36416830750137363,0.9150943396226415,1.392152229862735,48.39995808149229,236.1627655029297,245.8328399658203,246.40432739257812,247.43634033203125,1.0319758653640747,0.0,0.0,nan,nan,nan,nan
3192,653.0944809999783,2.827248835497741,231.0,1.103632813779679,0.36562334305843985,0.9437229437229437,1.434700515087086,-64.76307181851541,198.85145568847656,214.72645568847656,215.4306182861328,214.54034423828125,-0.8902652859687805,0.0,0.0,nan,nan,nan,nan
3193,894.5061823045835,3.0016985983375286,298.0,1.0796401295249602,0.3537846143765756,0.8993288590604027,1.3664389924714102,43.9667860324912,234.87867736816406,228.0686798095703,228.62615966796875,229.58761596679688,0.9614538550376892,0.0,0.0,nan,nan,nan,nan
3194,1194.4340325891972,3.245744653774992,368.0,1.0925761871213857,0.3582897701431332,0.904891304347826,1.3811718871250387,205.27181479841988,262.4839172363281,251.3692626953125,251.9260711669922,251.85232543945312,-0.07377412915229797,0.0,0.0,nan,nan,nan,nan
3195,1524.9398555066437,3.2445528840566884,470.0,1.083709046336955,0.3525576039873383,0.9297872340425531,1.4037215202744424,333.7843835029255,277.96990966796875,263.1676940917969,263.50885009765625,262.02642822265625,-1.4824514389038086,0.0,0.0,nan,nan,nan,nan
3196,-2.7356227040290833,-0.3419528380036354,8.0,1.163023996864043,0.37647396861575544,0.875,1.5212371652417578,-278.9804726844262,-1.7818204164505005,165.68943786621094,169.17770385742188,172.71409606933594,3.5363922119140625,0.0,0.0,nan,nan,nan,nan
3197,1362.22944000829,2.879977674436131,473.0,1.0661926891527977,0.34703619515032225,0.9260042283298098,1.3540040357117693,165.13298993948547,255.21263122558594,235.07647705078125,235.41685485839844,236.2401885986328,0.8233518004417419,0.0,0.0,nan,nan,nan,nan
3198,720.2147215413861,2.7700566213130235,260.0,1.0852418231659675,0.3599205994307667,0.9076923076923077,1.3625773998171427,-55.0722859062771,206.53396606445312,212.16139221191406,212.7995147705078,212.83815002441406,0.03863076493144035,0.0,0.0,nan,nan,nan,nan
3199,771.2552619576454,2.6322705186267763,293.0,1.0420054918434773,0.33445069165087166,0.9249146757679181,1.3789530307793538,-69.38250420596933,205.8820037841797,205.52064514160156,206.1088409423828,206.99261474609375,0.8837724924087524,0.0,0.0,nan,nan,nan,nan
3200,558.4765375554562,2.751115948549045,203.0,1.1210871283814186,0.3684929240047083,0.9014778325123153,1.4096221786932914,-103.93188665556352,179.9521484375,217.0902099609375,217.87045288085938,217.6782684326172,-0.19221289455890656,0.0,0.0,nan,nan,nan,nan
3201,785.0012943539768,2.6610213367931417,295.0,1.0812833245003712,0.3563225967093636,0.911864406779661,1.380439601540146,-59.597123853028734,206.58538818359375,233.1669464111328,233.7112274169922,233.1899871826172,-0.5212642550468445,0.0,0.0,nan,nan,nan,nan
3202,1167.5719754351303,3.2164517229617915,363.0,1.064428015808426,0.3501959708121608,0.9118457300275482,1.3802831836487974,188.31138775283057,264.6471252441406,257.1922607421875,257.67242431640625,257.19903564453125,-0.4733794331550598,0.0,0.0,nan,nan,nan,nan
3203,568.1438343152404,2.3672659763135018,240.0,1.1017762444287902,0.36349683059682625,0.8958333333333334,1.3753859530593269,-167.53665269851285,171.91815185546875,215.7473907470703,216.5197296142578,215.8270721435547,-0.6926655173301697,0.0,0.0,nan,nan,nan,nan
3204,407.0483490843326,2.4669596914201977,165.0,1.0922117263871427,0.3536635448888057,0.9090909090909091,1.3759481502379753,-180.10768630225812,148.95359802246094,180.12588500976562,181.15371704101562,184.13572692871094,2.9820075035095215,0.0,0.0,nan,nan,nan,nan
3205,1526.4887983351946,3.377187606936271,452.0,1.0696181867490193,0.3456574980924324,0.9424778761061947,1.3866684771649902,370.9791947219953,291.19769287109375,248.53042602539062,248.89942932128906,249.85467529296875,0.9552597403526306,0.0,0.0,nan,nan,nan,nan
3206,207.52215773425996,1.4311872947190343,145.0,1.0390940433964162,0.33539084451669154,0.9586206896551724,1.3859129255225833,-340.0273572184208,79.82752990722656,150.47727966308594,151.6475372314453,149.6653289794922,-1.982200026512146,0.0,0.0,nan,nan,nan,nan
3207,535.4037363305688,2.400913615832147,223.0,1.0779426216764973,0.34837479693453166,0.9327354260089686,1.418109885099297,-166.61120831436097,167.27386474609375,182.38722229003906,183.12606811523438,181.6082000732422,-1.5178685188293457,0.0,0.0,nan,nan,nan,nan
3208,677.3628655010834,2.4631376927312125,275.0,1.144219079684991,0.37765654397055964,0.9127272727272727,1.4117282901439652,-127.62903227201218,191.82469177246094,215.3726806640625,215.98695373535156,214.6631317138672,-1.3238296508789062,0.0,0.0,nan,nan,nan,nan
3209,736.595705024898,2.688305492791599,274.0,1.0964110294619194,0.3615808905461118,0.9124087591240876,1.4044588618202485,-66.41586672650214,204.28256225585938,220.91763305664062,221.5294189453125,221.33387756347656,-0.19556766748428345,0.0,0.0,nan,nan,nan,nan
3210,991.3880374380387,0.9913880374380387,1000.0,1.1281794974935073,0.385020831032724,0.897,1.3845396962639684,-1249.3402260642943,90.78379821777344,98.05503845214844,98.13511657714844,98.2860336303711,0.15092356503009796,0.0,0.0,nan,nan,nan,nan
3211,607.3933763839304,2.8382868055323853,214.0,1.0996177217689487,0.36573900375859747,0.8691588785046729,1.373041286579862,-76.79863406573975,190.55496215820312,204.29818725585938,205.10850524902344,204.91183471679688,-0.19667086005210876,0.0,0.0,nan,nan,nan,nan
3212,792.7562302630395,2.5408853534071776,312.0,1.0764079470380699,0.34875958664092765,0.9358974358974359,1.3990489339354175,-85.50773031278982,201.84384155273438,227.8458251953125,228.41360473632812,228.0155792236328,-0.39803120493888855,0.0,0.0,nan,nan,nan,nan
3213,821.3281414359808,2.861770527651501,287.0,1.0797065621842699,0.3505840565795213,0.9163763066202091,1.3624997007566941,-7.427668597460979,219.64471435546875,229.7741241455078,230.390869140625,229.63711547851562,-0.7537536025047302,0.0,0.0,nan,nan,nan,nan
3214,346.3819310180843,2.309212873453895,150.0,1.050922376642288,0.3391175232056735,0.9333333333333333,1.3750259946040477,-211.06921404307388,129.241455078125,153.9770050048828,155.0861358642578,158.06532287597656,2.979189157485962,0.0,0.0,nan,nan,nan,nan
3215,990.4612821354531,0.990461282135453,1000.0,1.1343157092442389,0.38583071992908174,0.873,1.3787448573548928,-1250.26698136688,91.12500762939453,93.22441101074219,93.32775115966797,94.12833404541016,0.8005746603012085,0.0,0.0,nan,nan,nan,nan
3216,823.5452827177942,3.050167713769608,270.0,1.1101468526349592,0.3679490082665493,0.9296296296296296,1.3766316425521314,28.455015053175885,227.56900024414062,222.27297973632812,222.86585998535156,223.98643493652344,1.1205650568008423,0.0,0.0,nan,nan,nan,nan
3217,974.786640769802,3.1960217730157443,305.0,1.0929130794333906,0.3538648090786186,0.9147540983606557,1.3960269025569714,110.38496234584136,248.00115966796875,227.8237762451172,228.40174865722656,229.32054138183594,0.9188306331634521,0.0,0.0,nan,nan,nan,nan
3218,924.7908934131265,0.9247908934131265,1000.0,1.1182953116670706,0.380868098256217,0.885,1.3792817870275216,-1315.9373700892065,86.16736602783203,95.86197662353516,95.9189682006836,95.99161529541016,0.0726480558514595,0.0,0.0,nan,nan,nan,nan
3219,1021.2758544450626,3.1423872444463465,325.0,1.0977845027488309,0.35825586399588827,0.92,1.3937510000561748,117.26765558719194,247.5266876220703,246.77206420898438,247.2547149658203,246.56370544433594,-0.69102543592453,0.0,0.0,nan,nan,nan,nan
3220,823.7169051095843,2.8902347547704714,285.0,1.0949781104666723,0.360287198657238,0.9192982456140351,1.4076263444351016,-1.0782528804663798,219.29864501953125,238.24281311035156,238.85482788085938,238.708984375,-0.1458013951778412,0.0,0.0,nan,nan,nan,nan
3221,795.5102790873498,3.0019255814616974,265.0,1.0925346546478403,0.3539357786828289,0.9433962264150944,1.409113093496126,10.321641531209025,221.64126586914062,227.70106506347656,228.33555603027344,228.38841247558594,0.05285627394914627,0.0,0.0,nan,nan,nan,nan
3222,1494.6601936146617,3.381584148449461,442.0,1.1098172536030426,0.3627453994109604,0.9321266968325792,1.399860782890679,358.95385021841753,286.05316162109375,274.1781921386719,274.53472900390625,272.5421447753906,-1.992569923400879,0.0,0.0,nan,nan,nan,nan
3223,1606.4784521460533,3.3963603639451443,473.0,1.1048784229896695,0.3586179346478175,0.9281183932346723,1.3962526102594928,409.38200207724867,292.135498046875,253.1510772705078,253.4821319580078,254.21868896484375,0.7365626096725464,0.0,0.0,nan,nan,nan,nan
3224,1176.9378469511867,3.1982006710630073,368.0,1.0893186257927214,0.3570986916617414,0.9347826086956522,1.4035798394515282,187.77562916040938,257.9575500488281,260.65924072265625,261.1012268066406,261.3716125488281,0.27041569352149963,0.0,0.0,nan,nan,nan,nan
3225,565.2784867896698,2.523564673168169,224.0,1.1391599306345979,0.3791736634335567,0.9017857142857143,1.4213871369546607,-138.71678387695533,178.0369110107422,189.97317504882812,190.7176055908203,190.00192260742188,-0.7156773209571838,0.0,0.0,nan,nan,nan,nan
3226,295.2861469620839,2.094227992638893,141.0,1.1520785257395267,0.39177436005165467,0.8297872340425532,1.3891609532149283,-244.34206390381473,114.53765106201172,192.1645965576172,193.6215362548828,193.39442443847656,-0.2271159291267395,0.0,0.0,nan,nan,nan,nan
3227,1316.2823181599379,3.234108889827857,407.0,1.082517438108699,0.35063255969681917,0.9533169533169533,1.4143884201054908,249.88738552303607,267.9041442871094,246.4893341064453,246.89637756347656,245.97174072265625,-0.9246601462364197,0.0,0.0,nan,nan,nan,nan
3228,1075.3163618296385,3.0988944144946355,347.0,1.1208414214751736,0.36796356009738346,0.9048991354466859,1.40923759334328,127.74099049446681,249.06137084960938,255.40855407714844,255.8402557373047,256.00872802734375,0.16849084198474884,0.0,0.0,nan,nan,nan,nan
3229,895.5782691277564,2.722122398564609,329.0,1.1063418303618218,0.3662671834317587,0.9118541033434651,1.4063132107653342,-16.35123381689641,216.14910888671875,233.5025177001953,234.1349334716797,235.197998046875,1.0630956888198853,0.0,0.0,nan,nan,nan,nan
3230,1282.6666427776217,3.3754385336253203,380.0,1.0691546666953067,0.34582964231570557,0.9421052631578948,1.3912092032682408,269.74051272649854,277.7611389160156,251.21194458007812,251.65159606933594,251.71395874023438,0.0623483769595623,0.0,0.0,nan,nan,nan,nan
3231,532.2293742988259,2.7154559913205403,196.0,1.0707278337919341,0.34720800100439847,0.9336734693877551,1.3682148583702742,-116.31676776032532,175.895263671875,204.4219970703125,205.2528839111328,205.5528106689453,0.2999107837677002,0.0,0.0,nan,nan,nan,nan
3232,1028.0663957530633,3.05064212389633,337.0,1.100519870560224,0.3637160202328247,0.9109792284866469,1.3828406946622764,100.29428463484646,245.40362548828125,247.2933807373047,247.7872314453125,247.44302368164062,-0.3442155718803406,0.0,0.0,nan,nan,nan,nan
3233,961.2620415966958,2.8107077239669467,342.0,1.072953096994709,0.35145141859718976,0.8976608187134503,1.3437196670606828,23.58830037000166,232.0340576171875,215.97007751464844,216.57351684570312,216.8767852783203,0.30329465866088867,0.0,0.0,nan,nan,nan,nan
3234,1081.263950843364,3.296536435498061,328.0,1.0356943321175667,0.334445722250654,0.9542682926829268,1.3673434176123058,171.31477392040688,262.7083740234375,216.79083251953125,217.30308532714844,218.28897094726562,0.9858511090278625,0.0,0.0,nan,nan,nan,nan
3235,1071.03487606626,2.746243271964769,390.0,1.1072339616912048,0.36302359527166983,0.9025641025641026,1.4032861096248028,38.305485798181735,231.119873046875,246.55392456054688,247.0577392578125,247.0544891357422,-0.0032567146699875593,0.0,0.0,nan,nan,nan,nan
3236,855.9836221691221,2.992949727864063,286.0,1.1020040882006858,0.36250642464495647,0.9090909090909091,1.3731701851372078,29.20813815737597,227.1353759765625,235.29977416992188,235.83615112304688,236.04458618164062,0.20843873918056488,0.0,0.0,nan,nan,nan,nan
3237,494.31147597916424,2.7310026297191397,181.0,1.0881523763973928,0.35910381454980633,0.9226519337016574,1.3778694324720642,-124.52977575455441,170.54498291015625,174.91371154785156,175.86654663085938,174.66900634765625,-1.197542428970337,0.0,0.0,nan,nan,nan,nan
3238,933.1426595747471,2.9252120989803982,319.0,1.1076565161474399,0.36564808773582896,0.9028213166144201,1.3896635363705154,41.01641684704941,230.85549926757812,238.80230712890625,239.33889770507812,237.50558471679688,-1.8333088159561157,0.0,0.0,nan,nan,nan,nan
3239,794.3100468404591,2.9528254529385096,269.0,1.1047270577360895,0.3617435130015156,0.9219330855018587,1.4199857483418723,1.200105197536459,222.67413330078125,229.4221954345703,230.02796936035156,230.16932678222656,0.14135155081748962,0.0,0.0,nan,nan,nan,nan
3240,546.8435801155865,2.2411622135884692,244.0,1.055996586983876,0.34456556844792224,0.9549180327868853,1.3418387297022736,-196.75821098494862,164.56251525878906,185.2309112548828,186.04495239257812,185.47784423828125,-0.5671263933181763,0.0,0.0,nan,nan,nan,nan
3241,520.3763442784548,2.409149742029883,216.0,1.0795759923645776,0.3517358715492904,0.9259259259259259,1.374986301348932,-167.77631821460636,168.8236541748047,168.20794677734375,169.0391387939453,170.5113525390625,1.4722228050231934,0.0,0.0,nan,nan,nan,nan
3242,1375.5953601012006,3.2752270478600014,420.0,1.0607006591686678,0.3465551633178765,0.919047619047619,1.358118884806257,283.4561891822575,278.2724609375,249.08917236328125,249.47854614257812,249.53109741210938,0.05254502221941948,0.0,0.0,nan,nan,nan,nan
3243,982.1937281191349,3.0036505447068347,327.0,1.0608475458341426,0.34847975862993325,0.9296636085626911,1.3550169892707904,74.2248772178732,236.3064727783203,238.6987762451172,239.2612762451172,238.44923400878906,-0.8120405673980713,0.0,0.0,nan,nan,nan,nan
3244,681.196672603488,2.7578812656011658,247.0,1.1260124444542936,0.36814691874906136,0.9352226720647774,1.4189318098907846,-68.34609656213365,197.63528442382812,221.4741973876953,222.200439453125,221.10574340820312,-1.094674825668335,0.0,0.0,nan,nan,nan,nan
3245,1473.489153407514,1.473489153407514,1000.0,1.126915357397763,0.3831079672814667,0.904,1.3892170128446322,-767.2391100948189,137.56011962890625,138.70816040039062,138.7002410888672,138.3267364501953,-0.3735130727291107,0.0,0.0,nan,nan,nan,nan
3246,587.167684301734,2.731012485124344,215.0,1.0980503398455943,0.3556050744275887,0.9488372093023256,1.4097173175302211,-99.00465216963175,189.07546997070312,186.44189453125,187.26541137695312,188.3024139404297,1.0370221138000488,0.0,0.0,nan,nan,nan,nan
3247,1384.3410563617945,3.139095365899761,441.0,1.06917482669281,0.3500683948179236,0.9160997732426304,1.365988497662303,250.61503898724573,267.4361267089844,252.6389923095703,253.04421997070312,251.89834594726562,-1.1458886861801147,0.0,0.0,nan,nan,nan,nan
3248,360.816450111568,2.488389311114262,145.0,1.1467950299436172,0.38316648770819534,0.896551724137931,1.42630274793503,-186.73306484111276,138.82550048828125,160.1157684326172,161.25799560546875,162.82955932617188,1.571571707725525,0.0,0.0,nan,nan,nan,nan
3249,694.1897194571793,2.8685525597404102,242.0,1.095257913342399,0.3585917661319289,0.9256198347107438,1.3983668489652081,-45.45141959996488,205.50523376464844,207.77401733398438,208.51895141601562,208.75,0.23104165494441986,0.0,0.0,nan,nan,nan,nan
3250,643.7320537033956,2.595693764933047,248.0,1.071267398947113,0.3450926210191752,0.9112903225806451,1.3775049635118173,-107.79104148392162,191.0074920654297,197.27743530273438,197.99951171875,198.13479614257812,0.13529396057128906,0.0,0.0,nan,nan,nan,nan
3251,206.20872136205435,1.9093400126116142,108.0,1.1015656557093938,0.35922348955258104,0.9444444444444444,1.3865358489324027,-268.06873078789283,82.73912048339844,155.22833251953125,157.06141662597656,158.59339904785156,1.5319693088531494,0.0,0.0,nan,nan,nan,nan
3252,481.1906267553568,2.5870463804051442,186.0,1.0893258685684877,0.3592838910623206,0.9354838709677419,1.374653246619124,-147.5522550868394,162.62338256835938,212.619140625,213.423095703125,212.60580444335938,-0.8172816038131714,0.0,0.0,nan,nan,nan,nan
3253,1273.7620814274997,3.1067367839695113,410.0,1.086510015055538,0.35504566440234536,0.9439024390243902,1.38348052912207,201.42617072551138,261.6523132324219,249.60031127929688,250.0426788330078,250.9944305419922,0.9517301321029663,0.0,0.0,nan,nan,nan,nan
3254,88.29841741919518,1.4241680228902447,62.0,1.0516991760008454,0.34804673403969677,0.9193548387096774,1.3463216153810709,-294.884037732759,41.78354263305664,215.11773681640625,214.15211486816406,212.87588500976562,-1.2762348651885986,0.0,0.0,nan,nan,nan,nan
