row_type,evidence_label,run_id,method_id,training_seed,observed_status,source_kind,raw_schema,checkpoint_sha256,evaluation_id,arm,episode_count,return_mean,normalized_score_mean,actuator_clip_fraction,command_at_bound_fraction,inverse_saturation_fraction,proposed_residual_abs_mean,applied_residual_abs_mean,total_environment_steps,evaluation_base_actor_forward_rows,evaluation_adapter_mlp_forward_rows,evaluation_controller_cost_scope,training_wall_time_seconds,training_wall_time_scope,training_invocation_count,training_preprocessing_seconds_this_invocation,training_preprocessing_time_scope,training_preprocessing_seconds_lifetime,training_preprocessing_seconds_lifetime_available,training_optimizer_seconds,training_optimizer_time_scope,training_q1_input_rows,training_base_actor_precompute_rows_per_invocation,training_base_actor_precompute_rows_lifetime,training_q_scale_q1_forward_rows_per_invocation,training_q_scale_q1_forward_rows_lifetime,training_optimizer_q1_forward_rows_lifetime,training_optimizer_q1_backward_rows_lifetime,training_optimizer_adapter_mlp_forward_rows_lifetime,training_optimizer_adapter_mlp_backward_rows_lifetime,training_total_q1_forward_rows_lifetime,training_frozen_q_scale,training_q_scale_method,training_resume_scope,evaluation_wall_time_seconds,evaluation_wall_time_scope,external_environment_steps,external_baseline_environment_steps,external_paired_evaluation_environment_steps,external_q1_forward_rows,external_q1_backward_rows,external_base_actor_rows,external_baseline_base_actor_rows,external_deployment_wall_time_seconds,external_baseline_wall_time_seconds,external_paired_evaluation_wall_time_seconds,external_cost_scope,audit_id,audit_noise_samples,audit_action_noise_beta,audit_physical_action_rows,audit_individual_critic_network_rows,audit_q1_gain_mean,audit_q1_gain_median,audit_q2_gain_mean,audit_q2_gain_median,audit_min_twin_gain_mean,audit_min_twin_gain_median,audit_baseline_twin_disagreement_mean,audit_baseline_twin_disagreement_median,audit_adapted_twin_disagreement_mean,audit_adapted_twin_disagreement_median,audit_twin_disagreement_change_mean,audit_twin_disagreement_change_median,audit_command_saturation_fraction,audit_proposed_residual_abs_mean,audit_proposed_residual_abs_median,comparison_id,comparison_group_id,is_primary_confirmation_comparison,target,reference,episode_pairs,positive_pairs,raw_mean_difference,raw_t_95ci_low,raw_t_95ci_high,raw_bootstrap_95ci_low,raw_bootstrap_95ci_high,normalized_mean_difference,normalized_t_95ci_low,normalized_t_95ci_high,normalized_bootstrap_95ci_low,normalized_bootstrap_95ci_high,statistical_unit,n_training_seeds,training_seeds,per_training_seed_values,descriptive_return_mean_across_training_seeds,descriptive_normalized_score_mean_across_training_seeds,descriptive_raw_mean_difference_across_training_seeds,descriptive_normalized_mean_difference_across_training_seeds,training_seed_confidence_interval,episode_returns_pooled_for_training_seed_inference,checkpoint_seeds,n_checkpoint_pipelines,per_checkpoint_mean_differences,mean_of_checkpoint_mean_differences,positive_checkpoint_count,training_seed_ci,inference_note,equivalence_check_id,equivalence_semantics,equivalence_episode_count,equivalence_status,equivalence_endpoints
training_run,confirmation,inverse_p001_k8_u5k_seed1,inverse_sampled_main,1,complete,,,,,,,,,,,,,,,,,,48.56943184300326,cumulative_across_resume_invocations_including_preprocessing_and_optimizer,1,9.950293631001841,latest_invocation_only_not_lifetime,9.950293631001841,True,34.60141240770463,cumulative_across_resume_invocations,20480000,899940,899940,32768,32768,20480000,10240000,1280000,1280000,20512768,23.233381271362305,frozen_std_of_declared_baseline_value_estimator_q1,state_complete_same_runtime_continuation; CPU bitwise regression verified; CUDA uninterrupted-versus-resumed bitwise equality unverified,,,,,,,,,,,,,,,,,,,,,,,,,,,,,,,,,,,,,,,,,,,,,,,,,,,,,,,,,,,,,,,,,,,,,,,,
evaluation_arm,confirmation,inverse_p001_k8_u5k_seed1,inverse_sampled_main,1,complete,,,,confirm_beta125,adapted,50,1425.9209614416445,31.025790258629023,0.3828603348713038,0.26510403064333593,0.36613127883694613,0.12922996358420616,0.10162078708240548,22974,22974,22974,per_rollout_arm_raw_length_derived,48.56943184300326,cumulative_across_resume_invocations_including_preprocessing_and_optimizer,1,9.950293631001841,latest_invocation_only_not_lifetime,9.950293631001841,True,34.60141240770463,cumulative_across_resume_invocations,20480000,899940,899940,32768,32768,20480000,10240000,1280000,1280000,20512768,23.233381271362305,frozen_std_of_declared_baseline_value_estimator_q1,state_complete_same_runtime_continuation; CPU bitwise regression verified; CUDA uninterrupted-versus-resumed bitwise equality unverified,123.36814422201132,paired_evaluation_total_only_not_attributable_to_arm,,,,,,,,,,,,,,,,,,,,,,,,,,,,,,,,,,,,,,,,,,,,,,,,,,,,,,,,,,,,,,,,,,,,,,
evaluation_arm,confirmation,inverse_p001_k8_u5k_seed1,inverse_sampled_main,1,complete,,,,confirm_beta125,baseline_only,50,1023.1146665993869,22.251336686499503,0.38695573513448317,0.3569131186427049,0.3569131186427049,0.0,0.0,16582,16582,0,per_rollout_arm_raw_length_derived,48.56943184300326,cumulative_across_resume_invocations_including_preprocessing_and_optimizer,1,9.950293631001841,latest_invocation_only_not_lifetime,9.950293631001841,True,34.60141240770463,cumulative_across_resume_invocations,20480000,899940,899940,32768,32768,20480000,10240000,1280000,1280000,20512768,23.233381271362305,frozen_std_of_declared_baseline_value_estimator_q1,state_complete_same_runtime_continuation; CPU bitwise regression verified; CUDA uninterrupted-versus-resumed bitwise equality unverified,123.36814422201132,paired_evaluation_total_only_not_attributable_to_arm,,,,,,,,,,,,,,,,,,,,,,,,,,,,,,,,,,,,,,,,,,,,,,,,,,,,,,,,,,,,,,,,,,,,,,
evaluation_arm,confirmation,inverse_p001_k8_u5k_seed1,inverse_sampled_main,1,complete,,,,confirm_clean,adapted,50,3471.3711024790055,75.58246061470321,0.0,0.23107124999119674,0.28431683251991297,0.15073567922084638,0.12212476544551305,47331,47331,47331,per_rollout_arm_raw_length_derived,48.56943184300326,cumulative_across_resume_invocations_including_preprocessing_and_optimizer,1,9.950293631001841,latest_invocation_only_not_lifetime,9.950293631001841,True,34.60141240770463,cumulative_across_resume_invocations,20480000,899940,899940,32768,32768,20480000,10240000,1280000,1280000,20512768,23.233381271362305,frozen_std_of_declared_baseline_value_estimator_q1,state_complete_same_runtime_continuation; CPU bitwise regression verified; CUDA uninterrupted-versus-resumed bitwise equality unverified,292.29183849302353,paired_evaluation_total_only_not_attributable_to_arm,,,,,,,,,,,,,,,,,,,,,,,,,,,,,,,,,,,,,,,,,,,,,,,,,,,,,,,,,,,,,,,,,,,,,,
evaluation_arm,confirmation,inverse_p001_k8_u5k_seed1,inverse_sampled_main,1,complete,,,,confirm_clean,baseline_only,50,3737.6676652290485,81.38328065199424,0.0,0.30907304996030627,0.30907304996030627,0.0,0.0,49546,49546,0,per_rollout_arm_raw_length_derived,48.56943184300326,cumulative_across_resume_invocations_including_preprocessing_and_optimizer,1,9.950293631001841,latest_invocation_only_not_lifetime,9.950293631001841,True,34.60141240770463,cumulative_across_resume_invocations,20480000,899940,899940,32768,32768,20480000,10240000,1280000,1280000,20512768,23.233381271362305,frozen_std_of_declared_baseline_value_estimator_q1,state_complete_same_runtime_continuation; CPU bitwise regression verified; CUDA uninterrupted-versus-resumed bitwise equality unverified,292.29183849302353,paired_evaluation_total_only_not_attributable_to_arm,,,,,,,,,,,,,,,,,,,,,,,,,,,,,,,,,,,,,,,,,,,,,,,,,,,,,,,,,,,,,,,,,,,,,,
q_audit,confirmation,inverse_p001_k8_u5k_seed1,inverse_sampled_main,1,complete,,,,,,,,,,,,,,,,,,48.56943184300326,cumulative_across_resume_invocations_including_preprocessing_and_optimizer,1,9.950293631001841,latest_invocation_only_not_lifetime,9.950293631001841,True,34.60141240770463,cumulative_across_resume_invocations,20480000,899940,899940,32768,32768,20480000,10240000,1280000,1280000,20512768,23.233381271362305,frozen_std_of_declared_baseline_value_estimator_q1,state_complete_same_runtime_continuation; CPU bitwise regression verified; CUDA uninterrupted-versus-resumed bitwise equality unverified,,,,,,,,,,,,,,heldout_k64,64,1.25,12807680,25615360,0.24630107145355137,0.17719268798828125,0.22995744930926876,0.15929031372070312,0.23653143055546397,0.16724395751953125,0.6832605230910345,0.5011806488037109,0.6864561827484367,0.5020217895507812,0.0031956596573650565,-0.001129150390625,0.22939403024851757,0.12387516915154283,0.11474856734275818,,,,,,,,,,,,,,,,,,,,,,,,,,,,,,,,,,,,,,,
training_run,confirmation,inverse_p001_k8_u5k_seed10,inverse_sampled_main,10,complete,,,,,,,,,,,,,,,,,,50.896609721006826,cumulative_across_resume_invocations_including_preprocessing_and_optimizer,1,10.048528306011576,latest_invocation_only_not_lifetime,10.048528306011576,True,36.814080939628184,cumulative_across_resume_invocations,20480000,899940,899940,32768,32768,20480000,10240000,1280000,1280000,20512768,23.35328483581543,frozen_std_of_declared_baseline_value_estimator_q1,state_complete_same_runtime_continuation; CPU bitwise regression verified; CUDA uninterrupted-versus-resumed bitwise equality unverified,,,,,,,,,,,,,,,,,,,,,,,,,,,,,,,,,,,,,,,,,,,,,,,,,,,,,,,,,,,,,,,,,,,,,,,,
evaluation_arm,confirmation,inverse_p001_k8_u5k_seed10,inverse_sampled_main,10,complete,,,,confirm_beta125,adapted,50,1130.233443417026,24.584737991108597,0.3814326210204972,0.25753198139264427,0.35994512283762176,0.1253627834459287,0.10014987323458047,18344,18344,18344,per_rollout_arm_raw_length_derived,50.896609721006826,cumulative_across_resume_invocations_including_preprocessing_and_optimizer,1,10.048528306011576,latest_invocation_only_not_lifetime,10.048528306011576,True,36.814080939628184,cumulative_across_resume_invocations,20480000,899940,899940,32768,32768,20480000,10240000,1280000,1280000,20512768,23.35328483581543,frozen_std_of_declared_baseline_value_estimator_q1,state_complete_same_runtime_continuation; CPU bitwise regression verified; CUDA uninterrupted-versus-resumed bitwise equality unverified,101.1919500020449,paired_evaluation_total_only_not_attributable_to_arm,,,,,,,,,,,,,,,,,,,,,,,,,,,,,,,,,,,,,,,,,,,,,,,,,,,,,,,,,,,,,,,,,,,,,,
evaluation_arm,confirmation,inverse_p001_k8_u5k_seed10,inverse_sampled_main,10,complete,,,,confirm_beta125,baseline_only,50,868.6581137036987,18.886762027046583,0.38548494675590517,0.35108903148646475,0.35108903148646475,0.0,0.0,14493,14493,0,per_rollout_arm_raw_length_derived,50.896609721006826,cumulative_across_resume_invocations_including_preprocessing_and_optimizer,1,10.048528306011576,latest_invocation_only_not_lifetime,10.048528306011576,True,36.814080939628184,cumulative_across_resume_invocations,20480000,899940,899940,32768,32768,20480000,10240000,1280000,1280000,20512768,23.35328483581543,frozen_std_of_declared_baseline_value_estimator_q1,state_complete_same_runtime_continuation; CPU bitwise regression verified; CUDA uninterrupted-versus-resumed bitwise equality unverified,101.1919500020449,paired_evaluation_total_only_not_attributable_to_arm,,,,,,,,,,,,,,,,,,,,,,,,,,,,,,,,,,,,,,,,,,,,,,,,,,,,,,,,,,,,,,,,,,,,,,
evaluation_arm,confirmation,inverse_p001_k8_u5k_seed10,inverse_sampled_main,10,complete,,,,confirm_clean,adapted,50,3631.1597706561756,79.06318638345527,0.0,0.19503666666666666,0.26793333333333336,0.15424863931406682,0.13391242086544458,50000,50000,50000,per_rollout_arm_raw_length_derived,50.896609721006826,cumulative_across_resume_invocations_including_preprocessing_and_optimizer,1,10.048528306011576,latest_invocation_only_not_lifetime,10.048528306011576,True,36.814080939628184,cumulative_across_resume_invocations,20480000,899940,899940,32768,32768,20480000,10240000,1280000,1280000,20512768,23.35328483581543,frozen_std_of_declared_baseline_value_estimator_q1,state_complete_same_runtime_continuation; CPU bitwise regression verified; CUDA uninterrupted-versus-resumed bitwise equality unverified,292.819891600986,paired_evaluation_total_only_not_attributable_to_arm,,,,,,,,,,,,,,,,,,,,,,,,,,,,,,,,,,,,,,,,,,,,,,,,,,,,,,,,,,,,,,,,,,,,,,
evaluation_arm,confirmation,inverse_p001_k8_u5k_seed10,inverse_sampled_main,10,complete,,,,confirm_clean,baseline_only,50,3315.2810063449683,72.18230197980975,0.0,0.2776354101672758,0.2776354101672758,0.0,0.0,44876,44876,0,per_rollout_arm_raw_length_derived,50.896609721006826,cumulative_across_resume_invocations_including_preprocessing_and_optimizer,1,10.048528306011576,latest_invocation_only_not_lifetime,10.048528306011576,True,36.814080939628184,cumulative_across_resume_invocations,20480000,899940,899940,32768,32768,20480000,10240000,1280000,1280000,20512768,23.35328483581543,frozen_std_of_declared_baseline_value_estimator_q1,state_complete_same_runtime_continuation; CPU bitwise regression verified; CUDA uninterrupted-versus-resumed bitwise equality unverified,292.819891600986,paired_evaluation_total_only_not_attributable_to_arm,,,,,,,,,,,,,,,,,,,,,,,,,,,,,,,,,,,,,,,,,,,,,,,,,,,,,,,,,,,,,,,,,,,,,,
q_audit,confirmation,inverse_p001_k8_u5k_seed10,inverse_sampled_main,10,complete,,,,,,,,,,,,,,,,,,50.896609721006826,cumulative_across_resume_invocations_including_preprocessing_and_optimizer,1,10.048528306011576,latest_invocation_only_not_lifetime,10.048528306011576,True,36.814080939628184,cumulative_across_resume_invocations,20480000,899940,899940,32768,32768,20480000,10240000,1280000,1280000,20512768,23.35328483581543,frozen_std_of_declared_baseline_value_estimator_q1,state_complete_same_runtime_continuation; CPU bitwise regression verified; CUDA uninterrupted-versus-resumed bitwise equality unverified,,,,,,,,,,,,,,heldout_k64,64,1.25,12807680,25615360,0.2500434883420998,0.18109512329101562,0.21177896308300706,0.14297103881835938,0.23514712824177741,0.1671600341796875,0.7288181938347895,0.5519371032714844,0.7203463887615238,0.5398330688476562,-0.008471805073191303,-0.007464408874511719,0.23005196881870876,0.12370939344390956,0.11441274359822273,,,,,,,,,,,,,,,,,,,,,,,,,,,,,,,,,,,,,,,
training_run,confirmation,identity_p001_k8_u5k_seed1,direct_sampled_main,1,complete,,,,,,,,,,,,,,,,,,39.237937860016245,cumulative_across_resume_invocations_including_preprocessing_and_optimizer,1,0.20488952100276947,latest_invocation_only_not_lifetime,0.20488952100276947,True,35.11449602484936,cumulative_across_resume_invocations,20480000,899940,899940,32768,32768,20480000,10240000,1280000,1280000,20512768,23.197418212890625,frozen_std_of_declared_baseline_value_estimator_q1,state_complete_same_runtime_continuation; CPU bitwise regression verified; CUDA uninterrupted-versus-resumed bitwise equality unverified,,,,,,,,,,,,,,,,,,,,,,,,,,,,,,,,,,,,,,,,,,,,,,,,,,,,,,,,,,,,,,,,,,,,,,,,
evaluation_arm,confirmation,identity_p001_k8_u5k_seed1,direct_sampled_main,1,complete,,,,confirm_beta125,adapted,50,1086.279512588752,23.627275979457767,0.34912299994501567,0.13544473158483167,0.0,0.16100817896495068,0.148461171649298,18187,18187,18187,per_rollout_arm_raw_length_derived,39.237937860016245,cumulative_across_resume_invocations_including_preprocessing_and_optimizer,1,0.20488952100276947,latest_invocation_only_not_lifetime,0.20488952100276947,True,35.11449602484936,cumulative_across_resume_invocations,20480000,899940,899940,32768,32768,20480000,10240000,1280000,1280000,20512768,23.197418212890625,frozen_std_of_declared_baseline_value_estimator_q1,state_complete_same_runtime_continuation; CPU bitwise regression verified; CUDA uninterrupted-versus-resumed bitwise equality unverified,34.47175523999613,paired_evaluation_total_only_not_attributable_to_arm,,,,,,,,,,,,,,,,,,,,,,,,,,,,,,,,,,,,,,,,,,,,,,,,,,,,,,,,,,,,,,,,,,,,,,
evaluation_arm,confirmation,identity_p001_k8_u5k_seed1,direct_sampled_main,1,complete,,,,confirm_beta125,baseline_only,50,574.4708492634068,12.478390245384126,0.320330861032262,0.0,0.0,0.0,0.0,10921,10921,0,per_rollout_arm_raw_length_derived,39.237937860016245,cumulative_across_resume_invocations_including_preprocessing_and_optimizer,1,0.20488952100276947,latest_invocation_only_not_lifetime,0.20488952100276947,True,35.11449602484936,cumulative_across_resume_invocations,20480000,899940,899940,32768,32768,20480000,10240000,1280000,1280000,20512768,23.197418212890625,frozen_std_of_declared_baseline_value_estimator_q1,state_complete_same_runtime_continuation; CPU bitwise regression verified; CUDA uninterrupted-versus-resumed bitwise equality unverified,34.47175523999613,paired_evaluation_total_only_not_attributable_to_arm,,,,,,,,,,,,,,,,,,,,,,,,,,,,,,,,,,,,,,,,,,,,,,,,,,,,,,,,,,,,,,,,,,,,,,
evaluation_arm,confirmation,identity_p001_k8_u5k_seed1,direct_sampled_main,1,complete,,,,confirm_clean,adapted,50,3757.4093464269667,81.81331977334102,0.0,0.10039666666666666,0.0,0.1790709373218538,0.17034502052377715,50000,50000,50000,per_rollout_arm_raw_length_derived,39.237937860016245,cumulative_across_resume_invocations_including_preprocessing_and_optimizer,1,0.20488952100276947,latest_invocation_only_not_lifetime,0.20488952100276947,True,35.11449602484936,cumulative_across_resume_invocations,20480000,899940,899940,32768,32768,20480000,10240000,1280000,1280000,20512768,23.197418212890625,frozen_std_of_declared_baseline_value_estimator_q1,state_complete_same_runtime_continuation; CPU bitwise regression verified; CUDA uninterrupted-versus-resumed bitwise equality unverified,111.95280284102773,paired_evaluation_total_only_not_attributable_to_arm,,,,,,,,,,,,,,,,,,,,,,,,,,,,,,,,,,,,,,,,,,,,,,,,,,,,,,,,,,,,,,,,,,,,,,
evaluation_arm,confirmation,identity_p001_k8_u5k_seed1,direct_sampled_main,1,complete,,,,confirm_clean,baseline_only,50,3651.130162963943,79.49820758934368,0.0,0.0,0.0,0.0,0.0,47675,47675,0,per_rollout_arm_raw_length_derived,39.237937860016245,cumulative_across_resume_invocations_including_preprocessing_and_optimizer,1,0.20488952100276947,latest_invocation_only_not_lifetime,0.20488952100276947,True,35.11449602484936,cumulative_across_resume_invocations,20480000,899940,899940,32768,32768,20480000,10240000,1280000,1280000,20512768,23.197418212890625,frozen_std_of_declared_baseline_value_estimator_q1,state_complete_same_runtime_continuation; CPU bitwise regression verified; CUDA uninterrupted-versus-resumed bitwise equality unverified,111.95280284102773,paired_evaluation_total_only_not_attributable_to_arm,,,,,,,,,,,,,,,,,,,,,,,,,,,,,,,,,,,,,,,,,,,,,,,,,,,,,,,,,,,,,,,,,,,,,,
q_audit,confirmation,identity_p001_k8_u5k_seed1,direct_sampled_main,1,complete,,,,,,,,,,,,,,,,,,39.237937860016245,cumulative_across_resume_invocations_including_preprocessing_and_optimizer,1,0.20488952100276947,latest_invocation_only_not_lifetime,0.20488952100276947,True,35.11449602484936,cumulative_across_resume_invocations,20480000,899940,899940,32768,32768,20480000,10240000,1280000,1280000,20512768,23.197418212890625,frozen_std_of_declared_baseline_value_estimator_q1,state_complete_same_runtime_continuation; CPU bitwise regression verified; CUDA uninterrupted-versus-resumed bitwise equality unverified,,,,,,,,,,,,,,heldout_k64,64,1.25,12807680,25615360,0.379173440517243,0.315338134765625,0.3548935026775352,0.2869529724121094,0.36312968978040666,0.29814720153808594,0.675694712003916,0.4953269958496094,0.6835022756383463,0.49729490280151367,0.00780756363443034,0.0006170272827148438,0.09326404157505497,0.15566078001482214,0.16738015413284302,,,,,,,,,,,,,,,,,,,,,,,,,,,,,,,,,,,,,,,
training_run,confirmation,identity_p001_k8_u5k_seed10,direct_sampled_main,10,complete,,,,,,,,,,,,,,,,,,40.70879689097637,cumulative_across_resume_invocations_including_preprocessing_and_optimizer,1,0.20632543397368863,latest_invocation_only_not_lifetime,0.20632543397368863,True,36.51109299756354,cumulative_across_resume_invocations,20480000,899940,899940,32768,32768,20480000,10240000,1280000,1280000,20512768,23.32056427001953,frozen_std_of_declared_baseline_value_estimator_q1,state_complete_same_runtime_continuation; CPU bitwise regression verified; CUDA uninterrupted-versus-resumed bitwise equality unverified,,,,,,,,,,,,,,,,,,,,,,,,,,,,,,,,,,,,,,,,,,,,,,,,,,,,,,,,,,,,,,,,,,,,,,,,
evaluation_arm,confirmation,identity_p001_k8_u5k_seed10,direct_sampled_main,10,complete,,,,confirm_beta125,adapted,50,809.2230150009526,17.592068967876763,0.34630531290276384,0.13479163683230702,0.0,0.15855400901275474,0.14666803741871737,13966,13966,13966,per_rollout_arm_raw_length_derived,40.70879689097637,cumulative_across_resume_invocations_including_preprocessing_and_optimizer,1,0.20632543397368863,latest_invocation_only_not_lifetime,0.20632543397368863,True,36.51109299756354,cumulative_across_resume_invocations,20480000,899940,899940,32768,32768,20480000,10240000,1280000,1280000,20512768,23.32056427001953,frozen_std_of_declared_baseline_value_estimator_q1,state_complete_same_runtime_continuation; CPU bitwise regression verified; CUDA uninterrupted-versus-resumed bitwise equality unverified,28.399936651985627,paired_evaluation_total_only_not_attributable_to_arm,,,,,,,,,,,,,,,,,,,,,,,,,,,,,,,,,,,,,,,,,,,,,,,,,,,,,,,,,,,,,,,,,,,,,,
evaluation_arm,confirmation,identity_p001_k8_u5k_seed10,direct_sampled_main,10,complete,,,,confirm_beta125,baseline_only,50,460.18818522563686,9.988935779208566,0.31751798817411125,0.0,0.0,0.0,0.0,9358,9358,0,per_rollout_arm_raw_length_derived,40.70879689097637,cumulative_across_resume_invocations_including_preprocessing_and_optimizer,1,0.20632543397368863,latest_invocation_only_not_lifetime,0.20632543397368863,True,36.51109299756354,cumulative_across_resume_invocations,20480000,899940,899940,32768,32768,20480000,10240000,1280000,1280000,20512768,23.32056427001953,frozen_std_of_declared_baseline_value_estimator_q1,state_complete_same_runtime_continuation; CPU bitwise regression verified; CUDA uninterrupted-versus-resumed bitwise equality unverified,28.399936651985627,paired_evaluation_total_only_not_attributable_to_arm,,,,,,,,,,,,,,,,,,,,,,,,,,,,,,,,,,,,,,,,,,,,,,,,,,,,,,,,,,,,,,,,,,,,,,
evaluation_arm,confirmation,identity_p001_k8_u5k_seed10,direct_sampled_main,10,complete,,,,confirm_clean,adapted,50,3034.308282438283,66.0617866042508,0.0,0.05057333333333333,0.0,0.15489456331233345,0.14999164930794903,50000,50000,50000,per_rollout_arm_raw_length_derived,40.70879689097637,cumulative_across_resume_invocations_including_preprocessing_and_optimizer,1,0.20632543397368863,latest_invocation_only_not_lifetime,0.20632543397368863,True,36.51109299756354,cumulative_across_resume_invocations,20480000,899940,899940,32768,32768,20480000,10240000,1280000,1280000,20512768,23.32056427001953,frozen_std_of_declared_baseline_value_estimator_q1,state_complete_same_runtime_continuation; CPU bitwise regression verified; CUDA uninterrupted-versus-resumed bitwise equality unverified,114.65169615100604,paired_evaluation_total_only_not_attributable_to_arm,,,,,,,,,,,,,,,,,,,,,,,,,,,,,,,,,,,,,,,,,,,,,,,,,,,,,,,,,,,,,,,,,,,,,,
evaluation_arm,confirmation,identity_p001_k8_u5k_seed10,direct_sampled_main,10,complete,,,,confirm_clean,baseline_only,50,3567.9809866260057,77.68694347386169,0.0,0.0,0.0,0.0,0.0,50000,50000,0,per_rollout_arm_raw_length_derived,40.70879689097637,cumulative_across_resume_invocations_including_preprocessing_and_optimizer,1,0.20632543397368863,latest_invocation_only_not_lifetime,0.20632543397368863,True,36.51109299756354,cumulative_across_resume_invocations,20480000,899940,899940,32768,32768,20480000,10240000,1280000,1280000,20512768,23.32056427001953,frozen_std_of_declared_baseline_value_estimator_q1,state_complete_same_runtime_continuation; CPU bitwise regression verified; CUDA uninterrupted-versus-resumed bitwise equality unverified,114.65169615100604,paired_evaluation_total_only_not_attributable_to_arm,,,,,,,,,,,,,,,,,,,,,,,,,,,,,,,,,,,,,,,,,,,,,,,,,,,,,,,,,,,,,,,,,,,,,,
q_audit,confirmation,identity_p001_k8_u5k_seed10,direct_sampled_main,10,complete,,,,,,,,,,,,,,,,,,40.70879689097637,cumulative_across_resume_invocations_including_preprocessing_and_optimizer,1,0.20632543397368863,latest_invocation_only_not_lifetime,0.20632543397368863,True,36.51109299756354,cumulative_across_resume_invocations,20480000,899940,899940,32768,32768,20480000,10240000,1280000,1280000,20512768,23.32056427001953,frozen_std_of_declared_baseline_value_estimator_q1,state_complete_same_runtime_continuation; CPU bitwise regression verified; CUDA uninterrupted-versus-resumed bitwise equality unverified,,,,,,,,,,,,,,heldout_k64,64,1.25,12807680,25615360,0.3852477622386154,0.3243989944458008,0.32787244822065803,0.26650428771972656,0.3613497910694229,0.3014106750488281,0.7193486708944413,0.5415792465209961,0.709769299194327,0.5270195007324219,-0.009579371700114353,-0.010867118835449219,0.09464487973882338,0.15645559552084726,0.16991237550973892,,,,,,,,,,,,,,,,,,,,,,,,,,,,,,,,,,,,,,,
training_run,confirmation,inverse_qmean_p001_k8_u5k_seed1,inverse_q1_at_channel_mean,1,complete,,,,,,,,,,,,,,,,,,56.70086537103634,cumulative_across_resume_invocations_including_preprocessing_and_optimizer,1,10.075647123972885,latest_invocation_only_not_lifetime,10.075647123972885,True,42.75885981984902,cumulative_across_resume_invocations,20480000,899940,899940,32768,32768,20480000,10240000,1280000,1280000,20512768,23.351470947265625,frozen_std_of_declared_baseline_value_estimator_q1,state_complete_same_runtime_continuation; CPU bitwise regression verified; CUDA uninterrupted-versus-resumed bitwise equality unverified,,,,,,,,,,,,,,,,,,,,,,,,,,,,,,,,,,,,,,,,,,,,,,,,,,,,,,,,,,,,,,,,,,,,,,,,
evaluation_arm,confirmation,inverse_qmean_p001_k8_u5k_seed1,inverse_q1_at_channel_mean,1,complete,,,,confirm_beta125,adapted,50,1299.6889608318413,28.27603971388767,0.3807377247830934,0.2437755481233742,0.37164138109317696,0.1300498687169958,0.10471659831004643,20631,20631,20631,per_rollout_arm_raw_length_derived,56.70086537103634,cumulative_across_resume_invocations_including_preprocessing_and_optimizer,1,10.075647123972885,latest_invocation_only_not_lifetime,10.075647123972885,True,42.75885981984902,cumulative_across_resume_invocations,20480000,899940,899940,32768,32768,20480000,10240000,1280000,1280000,20512768,23.351470947265625,frozen_std_of_declared_baseline_value_estimator_q1,state_complete_same_runtime_continuation; CPU bitwise regression verified; CUDA uninterrupted-versus-resumed bitwise equality unverified,122.56606182700489,paired_evaluation_total_only_not_attributable_to_arm,,,,,,,,,,,,,,,,,,,,,,,,,,,,,,,,,,,,,,,,,,,,,,,,,,,,,,,,,,,,,,,,,,,,,,
evaluation_arm,confirmation,inverse_qmean_p001_k8_u5k_seed1,inverse_q1_at_channel_mean,1,complete,,,,confirm_beta125,baseline_only,50,1023.1146665993869,22.251336686499503,0.38695573513448317,0.3569131186427049,0.3569131186427049,0.0,0.0,16582,16582,0,per_rollout_arm_raw_length_derived,56.70086537103634,cumulative_across_resume_invocations_including_preprocessing_and_optimizer,1,10.075647123972885,latest_invocation_only_not_lifetime,10.075647123972885,True,42.75885981984902,cumulative_across_resume_invocations,20480000,899940,899940,32768,32768,20480000,10240000,1280000,1280000,20512768,23.351470947265625,frozen_std_of_declared_baseline_value_estimator_q1,state_complete_same_runtime_continuation; CPU bitwise regression verified; CUDA uninterrupted-versus-resumed bitwise equality unverified,122.56606182700489,paired_evaluation_total_only_not_attributable_to_arm,,,,,,,,,,,,,,,,,,,,,,,,,,,,,,,,,,,,,,,,,,,,,,,,,,,,,,,,,,,,,,,,,,,,,,
q_audit,confirmation,inverse_qmean_p001_k8_u5k_seed1,inverse_q1_at_channel_mean,1,complete,,,,,,,,,,,,,,,,,,56.70086537103634,cumulative_across_resume_invocations_including_preprocessing_and_optimizer,1,10.075647123972885,latest_invocation_only_not_lifetime,10.075647123972885,True,42.75885981984902,cumulative_across_resume_invocations,20480000,899940,899940,32768,32768,20480000,10240000,1280000,1280000,20512768,23.351470947265625,frozen_std_of_declared_baseline_value_estimator_q1,state_complete_same_runtime_continuation; CPU bitwise regression verified; CUDA uninterrupted-versus-resumed bitwise equality unverified,,,,,,,,,,,,,,heldout_k64,64,1.25,12807680,25615360,0.23791465581575857,0.17134475708007812,0.2195225136411156,0.15074539184570312,0.22697586845446474,0.16033935546875,0.6832605230910345,0.5011806488037109,0.6867459556488825,0.5016403198242188,0.003485432557848044,-0.002254486083984375,0.21608868012525817,0.12085808448604442,0.11071145907044411,,,,,,,,,,,,,,,,,,,,,,,,,,,,,,,,,,,,,,,
training_run,confirmation,inverse_qmean_p001_k8_u5k_seed10,inverse_q1_at_channel_mean,10,complete,,,,,,,,,,,,,,,,,,62.51842000801116,cumulative_across_resume_invocations_including_preprocessing_and_optimizer,1,10.538964111998212,latest_invocation_only_not_lifetime,10.538964111998212,True,47.83314682089258,cumulative_across_resume_invocations,20480000,899940,899940,32768,32768,20480000,10240000,1280000,1280000,20512768,23.449674606323242,frozen_std_of_declared_baseline_value_estimator_q1,state_complete_same_runtime_continuation; CPU bitwise regression verified; CUDA uninterrupted-versus-resumed bitwise equality unverified,,,,,,,,,,,,,,,,,,,,,,,,,,,,,,,,,,,,,,,,,,,,,,,,,,,,,,,,,,,,,,,,,,,,,,,,
evaluation_arm,confirmation,inverse_qmean_p001_k8_u5k_seed10,inverse_q1_at_channel_mean,10,complete,,,,confirm_beta125,adapted,50,1286.7327053482338,27.993809610571926,0.3791925666925667,0.24733715358715358,0.37284706034706033,0.12558265917619219,0.10163428568245297,20592,20592,20592,per_rollout_arm_raw_length_derived,62.51842000801116,cumulative_across_resume_invocations_including_preprocessing_and_optimizer,1,10.538964111998212,latest_invocation_only_not_lifetime,10.538964111998212,True,47.83314682089258,cumulative_across_resume_invocations,20480000,899940,899940,32768,32768,20480000,10240000,1280000,1280000,20512768,23.449674606323242,frozen_std_of_declared_baseline_value_estimator_q1,state_complete_same_runtime_continuation; CPU bitwise regression verified; CUDA uninterrupted-versus-resumed bitwise equality unverified,114.82958798401523,paired_evaluation_total_only_not_attributable_to_arm,,,,,,,,,,,,,,,,,,,,,,,,,,,,,,,,,,,,,,,,,,,,,,,,,,,,,,,,,,,,,,,,,,,,,,
evaluation_arm,confirmation,inverse_qmean_p001_k8_u5k_seed10,inverse_q1_at_channel_mean,10,complete,,,,confirm_beta125,baseline_only,50,868.6581137036987,18.886762027046583,0.38548494675590517,0.35108903148646475,0.35108903148646475,0.0,0.0,14493,14493,0,per_rollout_arm_raw_length_derived,62.51842000801116,cumulative_across_resume_invocations_including_preprocessing_and_optimizer,1,10.538964111998212,latest_invocation_only_not_lifetime,10.538964111998212,True,47.83314682089258,cumulative_across_resume_invocations,20480000,899940,899940,32768,32768,20480000,10240000,1280000,1280000,20512768,23.449674606323242,frozen_std_of_declared_baseline_value_estimator_q1,state_complete_same_runtime_continuation; CPU bitwise regression verified; CUDA uninterrupted-versus-resumed bitwise equality unverified,114.82958798401523,paired_evaluation_total_only_not_attributable_to_arm,,,,,,,,,,,,,,,,,,,,,,,,,,,,,,,,,,,,,,,,,,,,,,,,,,,,,,,,,,,,,,,,,,,,,,
q_audit,confirmation,inverse_qmean_p001_k8_u5k_seed10,inverse_q1_at_channel_mean,10,complete,,,,,,,,,,,,,,,,,,62.51842000801116,cumulative_across_resume_invocations_including_preprocessing_and_optimizer,1,10.538964111998212,latest_invocation_only_not_lifetime,10.538964111998212,True,47.83314682089258,cumulative_across_resume_invocations,20480000,899940,899940,32768,32768,20480000,10240000,1280000,1280000,20512768,23.449674606323242,frozen_std_of_declared_baseline_value_estimator_q1,state_complete_same_runtime_continuation; CPU bitwise regression verified; CUDA uninterrupted-versus-resumed bitwise equality unverified,,,,,,,,,,,,,,heldout_k64,64,1.25,12807680,25615360,0.2416676885689092,0.1750659942626953,0.20417185537482632,0.1378021240234375,0.2272983422725514,0.16179609298706055,0.7288181938347895,0.5519371032714844,0.7200610532080403,0.5402565002441406,-0.008757140626674792,-0.00860595703125,0.22004463988273704,0.12257073535544308,0.11385701596736908,,,,,,,,,,,,,,,,,,,,,,,,,,,,,,,,,,,,,,,
training_run,confirmation,identity_wide_p064_d2_k8_u5k_seed1,direct_sampled_wide,1,complete,,,,,,,,,,,,,,,,,,41.44928895303747,cumulative_across_resume_invocations_including_preprocessing_and_optimizer,1,0.21484800399048254,latest_invocation_only_not_lifetime,0.21484800399048254,True,37.124597545014694,cumulative_across_resume_invocations,20480000,899940,899940,32768,32768,20480000,10240000,1280000,1280000,20512768,23.197418212890625,frozen_std_of_declared_baseline_value_estimator_q1,state_complete_same_runtime_continuation; CPU bitwise regression verified; CUDA uninterrupted-versus-resumed bitwise equality unverified,,,,,,,,,,,,,,,,,,,,,,,,,,,,,,,,,,,,,,,,,,,,,,,,,,,,,,,,,,,,,,,,,,,,,,,,
evaluation_arm,confirmation,identity_wide_p064_d2_k8_u5k_seed1,direct_sampled_wide,1,complete,,,,confirm_beta125,adapted,50,874.739885878504,19.019243143323564,0.34016985138004247,0.10368365180467091,0.0,0.1644417844779185,0.1532619781918997,15700,15700,15700,per_rollout_arm_raw_length_derived,41.44928895303747,cumulative_across_resume_invocations_including_preprocessing_and_optimizer,1,0.21484800399048254,latest_invocation_only_not_lifetime,0.21484800399048254,True,37.124597545014694,cumulative_across_resume_invocations,20480000,899940,899940,32768,32768,20480000,10240000,1280000,1280000,20512768,23.197418212890625,frozen_std_of_declared_baseline_value_estimator_q1,state_complete_same_runtime_continuation; CPU bitwise regression verified; CUDA uninterrupted-versus-resumed bitwise equality unverified,31.602549295988865,paired_evaluation_total_only_not_attributable_to_arm,,,,,,,,,,,,,,,,,,,,,,,,,,,,,,,,,,,,,,,,,,,,,,,,,,,,,,,,,,,,,,,,,,,,,,
evaluation_arm,confirmation,identity_wide_p064_d2_k8_u5k_seed1,direct_sampled_wide,1,complete,,,,confirm_beta125,baseline_only,50,574.4708492634068,12.478390245384126,0.320330861032262,0.0,0.0,0.0,0.0,10921,10921,0,per_rollout_arm_raw_length_derived,41.44928895303747,cumulative_across_resume_invocations_including_preprocessing_and_optimizer,1,0.21484800399048254,latest_invocation_only_not_lifetime,0.21484800399048254,True,37.124597545014694,cumulative_across_resume_invocations,20480000,899940,899940,32768,32768,20480000,10240000,1280000,1280000,20512768,23.197418212890625,frozen_std_of_declared_baseline_value_estimator_q1,state_complete_same_runtime_continuation; CPU bitwise regression verified; CUDA uninterrupted-versus-resumed bitwise equality unverified,31.602549295988865,paired_evaluation_total_only_not_attributable_to_arm,,,,,,,,,,,,,,,,,,,,,,,,,,,,,,,,,,,,,,,,,,,,,,,,,,,,,,,,,,,,,,,,,,,,,,
q_audit,confirmation,identity_wide_p064_d2_k8_u5k_seed1,direct_sampled_wide,1,complete,,,,,,,,,,,,,,,,,,41.44928895303747,cumulative_across_resume_invocations_including_preprocessing_and_optimizer,1,0.21484800399048254,latest_invocation_only_not_lifetime,0.21484800399048254,True,37.124597545014694,cumulative_across_resume_invocations,20480000,899940,899940,32768,32768,20480000,10240000,1280000,1280000,20512768,23.197418212890625,frozen_std_of_declared_baseline_value_estimator_q1,state_complete_same_runtime_continuation; CPU bitwise regression verified; CUDA uninterrupted-versus-resumed bitwise equality unverified,,,,,,,,,,,,,,heldout_k64,64,1.25,12807680,25615360,0.4850869692384366,0.3165740966796875,0.47252025775467693,0.3064231872558594,0.47160296552620384,0.3083152770996094,0.675694712003916,0.4953269958496094,0.6900960079330059,0.5036153793334961,0.014401295929313206,0.00142669677734375,0.09238956626024386,0.17956421283487395,0.14337857067584991,,,,,,,,,,,,,,,,,,,,,,,,,,,,,,,,,,,,,,,
training_run,confirmation,identity_wide_p064_d2_k8_u5k_seed10,direct_sampled_wide,10,complete,,,,,,,,,,,,,,,,,,39.403046094987076,cumulative_across_resume_invocations_including_preprocessing_and_optimizer,1,0.20884153398219496,latest_invocation_only_not_lifetime,0.20884153398219496,True,35.1731279832311,cumulative_across_resume_invocations,20480000,899940,899940,32768,32768,20480000,10240000,1280000,1280000,20512768,23.32056427001953,frozen_std_of_declared_baseline_value_estimator_q1,state_complete_same_runtime_continuation; CPU bitwise regression verified; CUDA uninterrupted-versus-resumed bitwise equality unverified,,,,,,,,,,,,,,,,,,,,,,,,,,,,,,,,,,,,,,,,,,,,,,,,,,,,,,,,,,,,,,,,,,,,,,,,
evaluation_arm,confirmation,identity_wide_p064_d2_k8_u5k_seed10,direct_sampled_wide,10,complete,,,,confirm_beta125,adapted,50,666.711614074583,14.487699232499974,0.3370540599693587,0.10323648500766032,0.0,0.15771658823975165,0.14745329033257992,12184,12184,12184,per_rollout_arm_raw_length_derived,39.403046094987076,cumulative_across_resume_invocations_including_preprocessing_and_optimizer,1,0.20884153398219496,latest_invocation_only_not_lifetime,0.20884153398219496,True,35.1731279832311,cumulative_across_resume_invocations,20480000,899940,899940,32768,32768,20480000,10240000,1280000,1280000,20512768,23.32056427001953,frozen_std_of_declared_baseline_value_estimator_q1,state_complete_same_runtime_continuation; CPU bitwise regression verified; CUDA uninterrupted-versus-resumed bitwise equality unverified,26.962643901992124,paired_evaluation_total_only_not_attributable_to_arm,,,,,,,,,,,,,,,,,,,,,,,,,,,,,,,,,,,,,,,,,,,,,,,,,,,,,,,,,,,,,,,,,,,,,,
evaluation_arm,confirmation,identity_wide_p064_d2_k8_u5k_seed10,direct_sampled_wide,10,complete,,,,confirm_beta125,baseline_only,50,460.18818522563686,9.988935779208566,0.31751798817411125,0.0,0.0,0.0,0.0,9358,9358,0,per_rollout_arm_raw_length_derived,39.403046094987076,cumulative_across_resume_invocations_including_preprocessing_and_optimizer,1,0.20884153398219496,latest_invocation_only_not_lifetime,0.20884153398219496,True,35.1731279832311,cumulative_across_resume_invocations,20480000,899940,899940,32768,32768,20480000,10240000,1280000,1280000,20512768,23.32056427001953,frozen_std_of_declared_baseline_value_estimator_q1,state_complete_same_runtime_continuation; CPU bitwise regression verified; CUDA uninterrupted-versus-resumed bitwise equality unverified,26.962643901992124,paired_evaluation_total_only_not_attributable_to_arm,,,,,,,,,,,,,,,,,,,,,,,,,,,,,,,,,,,,,,,,,,,,,,,,,,,,,,,,,,,,,,,,,,,,,,
q_audit,confirmation,identity_wide_p064_d2_k8_u5k_seed10,direct_sampled_wide,10,complete,,,,,,,,,,,,,,,,,,39.403046094987076,cumulative_across_resume_invocations_including_preprocessing_and_optimizer,1,0.20884153398219496,latest_invocation_only_not_lifetime,0.20884153398219496,True,35.1731279832311,cumulative_across_resume_invocations,20480000,899940,899940,32768,32768,20480000,10240000,1280000,1280000,20512768,23.32056427001953,frozen_std_of_declared_baseline_value_estimator_q1,state_complete_same_runtime_continuation; CPU bitwise regression verified; CUDA uninterrupted-versus-resumed bitwise equality unverified,,,,,,,,,,,,,,heldout_k64,64,1.25,12807680,25615360,0.5017706018909232,0.3249340057373047,0.43844993116928654,0.28106689453125,0.46999439595990566,0.3047151565551758,0.7193486708944413,0.5415792465209961,0.7195804120091505,0.5340423583984375,0.00023174111485814848,-0.004852294921875,0.09181657672063429,0.1794222259885111,0.13949258625507355,,,,,,,,,,,,,,,,,,,,,,,,,,,,,,,,,,,,,,,
training_run,confirmation,identity_nominal_beta0_p064_d2_k8_u5k_seed1,direct_sampled_nominal_beta0,1,complete,,,,,,,,,,,,,,,,,,27.64904534595553,cumulative_across_resume_invocations_including_preprocessing_and_optimizer,1,0.20720602199435234,latest_invocation_only_not_lifetime,0.20720602199435234,True,23.882010432891548,cumulative_across_resume_invocations,20480000,899940,899940,32768,32768,20480000,10240000,1280000,1280000,20512768,23.307384490966797,frozen_std_of_declared_baseline_value_estimator_q1,state_complete_same_runtime_continuation; CPU bitwise regression verified; CUDA uninterrupted-versus-resumed bitwise equality unverified,,,,,,,,,,,,,,,,,,,,,,,,,,,,,,,,,,,,,,,,,,,,,,,,,,,,,,,,,,,,,,,,,,,,,,,,
evaluation_arm,confirmation,identity_nominal_beta0_p064_d2_k8_u5k_seed1,direct_sampled_nominal_beta0,1,complete,,,,confirm_beta125,adapted,50,683.6669056795431,14.857041571223604,0.3355612883051907,0.11968417761100687,0.0,0.18881994790222348,0.17389474511475564,12792,12792,12792,per_rollout_arm_raw_length_derived,27.64904534595553,cumulative_across_resume_invocations_including_preprocessing_and_optimizer,1,0.20720602199435234,latest_invocation_only_not_lifetime,0.20720602199435234,True,23.882010432891548,cumulative_across_resume_invocations,20480000,899940,899940,32768,32768,20480000,10240000,1280000,1280000,20512768,23.307384490966797,frozen_std_of_declared_baseline_value_estimator_q1,state_complete_same_runtime_continuation; CPU bitwise regression verified; CUDA uninterrupted-versus-resumed bitwise equality unverified,28.168374828004744,paired_evaluation_total_only_not_attributable_to_arm,,,,,,,,,,,,,,,,,,,,,,,,,,,,,,,,,,,,,,,,,,,,,,,,,,,,,,,,,,,,,,,,,,,,,,
evaluation_arm,confirmation,identity_nominal_beta0_p064_d2_k8_u5k_seed1,direct_sampled_nominal_beta0,1,complete,,,,confirm_beta125,baseline_only,50,574.4708492634068,12.478390245384126,0.320330861032262,0.0,0.0,0.0,0.0,10921,10921,0,per_rollout_arm_raw_length_derived,27.64904534595553,cumulative_across_resume_invocations_including_preprocessing_and_optimizer,1,0.20720602199435234,latest_invocation_only_not_lifetime,0.20720602199435234,True,23.882010432891548,cumulative_across_resume_invocations,20480000,899940,899940,32768,32768,20480000,10240000,1280000,1280000,20512768,23.307384490966797,frozen_std_of_declared_baseline_value_estimator_q1,state_complete_same_runtime_continuation; CPU bitwise regression verified; CUDA uninterrupted-versus-resumed bitwise equality unverified,28.168374828004744,paired_evaluation_total_only_not_attributable_to_arm,,,,,,,,,,,,,,,,,,,,,,,,,,,,,,,,,,,,,,,,,,,,,,,,,,,,,,,,,,,,,,,,,,,,,,
q_audit,confirmation,identity_nominal_beta0_p064_d2_k8_u5k_seed1,direct_sampled_nominal_beta0,1,complete,,,,,,,,,,,,,,,,,,27.64904534595553,cumulative_across_resume_invocations_including_preprocessing_and_optimizer,1,0.20720602199435234,latest_invocation_only_not_lifetime,0.20720602199435234,True,23.882010432891548,cumulative_across_resume_invocations,20480000,899940,899940,32768,32768,20480000,10240000,1280000,1280000,20512768,23.307384490966797,frozen_std_of_declared_baseline_value_estimator_q1,state_complete_same_runtime_continuation; CPU bitwise regression verified; CUDA uninterrupted-versus-resumed bitwise equality unverified,,,,,,,,,,,,,,heldout_k64,64,1.25,12807680,25615360,0.550100539528934,0.34540700912475586,0.5387060059453229,0.33597564697265625,0.5335304495846872,0.33437347412109375,0.675694712003916,0.4953269958496094,0.6974403583040517,0.5113201141357422,0.021745646299242187,0.0043087005615234375,0.12206509427676727,0.21826088844345823,0.1660076156258583,,,,,,,,,,,,,,,,,,,,,,,,,,,,,,,,,,,,,,,
training_run,confirmation,identity_nominal_beta0_p064_d2_k8_u5k_seed10,direct_sampled_nominal_beta0,10,complete,,,,,,,,,,,,,,,,,,39.52040454605594,cumulative_across_resume_invocations_including_preprocessing_and_optimizer,1,0.21086352202109993,latest_invocation_only_not_lifetime,0.21086352202109993,True,35.24954332248308,cumulative_across_resume_invocations,20480000,899940,899940,32768,32768,20480000,10240000,1280000,1280000,20512768,23.42047691345215,frozen_std_of_declared_baseline_value_estimator_q1,state_complete_same_runtime_continuation; CPU bitwise regression verified; CUDA uninterrupted-versus-resumed bitwise equality unverified,,,,,,,,,,,,,,,,,,,,,,,,,,,,,,,,,,,,,,,,,,,,,,,,,,,,,,,,,,,,,,,,,,,,,,,,
evaluation_arm,confirmation,identity_nominal_beta0_p064_d2_k8_u5k_seed10,direct_sampled_nominal_beta0,10,complete,,,,confirm_beta125,adapted,50,654.5024286094684,14.221742785470965,0.336814485750656,0.11870989530563998,0.0,0.18534369906120163,0.17035534579564912,12831,12831,12831,per_rollout_arm_raw_length_derived,39.52040454605594,cumulative_across_resume_invocations_including_preprocessing_and_optimizer,1,0.21086352202109993,latest_invocation_only_not_lifetime,0.21086352202109993,True,35.24954332248308,cumulative_across_resume_invocations,20480000,899940,899940,32768,32768,20480000,10240000,1280000,1280000,20512768,23.42047691345215,frozen_std_of_declared_baseline_value_estimator_q1,state_complete_same_runtime_continuation; CPU bitwise regression verified; CUDA uninterrupted-versus-resumed bitwise equality unverified,26.719642260984983,paired_evaluation_total_only_not_attributable_to_arm,,,,,,,,,,,,,,,,,,,,,,,,,,,,,,,,,,,,,,,,,,,,,,,,,,,,,,,,,,,,,,,,,,,,,,
evaluation_arm,confirmation,identity_nominal_beta0_p064_d2_k8_u5k_seed10,direct_sampled_nominal_beta0,10,complete,,,,confirm_beta125,baseline_only,50,460.18818522563686,9.988935779208566,0.31751798817411125,0.0,0.0,0.0,0.0,9358,9358,0,per_rollout_arm_raw_length_derived,39.52040454605594,cumulative_across_resume_invocations_including_preprocessing_and_optimizer,1,0.21086352202109993,latest_invocation_only_not_lifetime,0.21086352202109993,True,35.24954332248308,cumulative_across_resume_invocations,20480000,899940,899940,32768,32768,20480000,10240000,1280000,1280000,20512768,23.42047691345215,frozen_std_of_declared_baseline_value_estimator_q1,state_complete_same_runtime_continuation; CPU bitwise regression verified; CUDA uninterrupted-versus-resumed bitwise equality unverified,26.719642260984983,paired_evaluation_total_only_not_attributable_to_arm,,,,,,,,,,,,,,,,,,,,,,,,,,,,,,,,,,,,,,,,,,,,,,,,,,,,,,,,,,,,,,,,,,,,,,
q_audit,confirmation,identity_nominal_beta0_p064_d2_k8_u5k_seed10,direct_sampled_nominal_beta0,10,complete,,,,,,,,,,,,,,,,,,39.52040454605594,cumulative_across_resume_invocations_including_preprocessing_and_optimizer,1,0.21086352202109993,latest_invocation_only_not_lifetime,0.21086352202109993,True,35.24954332248308,cumulative_across_resume_invocations,20480000,899940,899940,32768,32768,20480000,10240000,1280000,1280000,20512768,23.42047691345215,frozen_std_of_declared_baseline_value_estimator_q1,state_complete_same_runtime_continuation; CPU bitwise regression verified; CUDA uninterrupted-versus-resumed bitwise equality unverified,,,,,,,,,,,,,,heldout_k64,64,1.25,12807680,25615360,0.5874453018394686,0.3526153564453125,0.5056102403224947,0.3035316467285156,0.5423972487402363,0.3307228088378906,0.7193486708944413,0.5415792465209961,0.7276097155474506,0.5437278747558594,0.008261044652934863,-0.00273895263671875,0.12137717369578253,0.22470514549951964,0.1706557795405388,,,,,,,,,,,,,,,,,,,,,,,,,,,,,,,,,,,,,,,
external_evaluation_arm,confirmation,external_base_identity_seed1,td3bc_base_identity,1,complete,external_evaluation,evaluate_td3bc_v1,22b47965695bfa312533741abaa1e17e3cbbc091f3c5e6ba7fc8953fbc8ca6ae,confirm_beta125,external,50,574.4708492634068,12.478390245384126,0.320330861032262,0.0,0.0,,,10921,,,,,,,,,,,,,,,,,,,,,,,,,,43.70575188600924,,58596,,,,,,,43.70575188600924,,,rollout_only_no_online_critic,,,,,,,,,,,,,,,,,,,,,,,,,,,,,,,,,,,,,,,,,,,,,,,,,,,,,,,,,,,
external_evaluation_arm,confirmation,external_base_identity_seed1,td3bc_base_identity,1,complete,external_evaluation,evaluate_td3bc_v1,22b47965695bfa312533741abaa1e17e3cbbc091f3c5e6ba7fc8953fbc8ca6ae,confirm_clean,external,50,3651.130162963943,79.49820758934368,,0.0,0.0,,,47675,,,,,,,,,,,,,,,,,,,,,,,,,,43.70575188600924,,58596,,,,,,,43.70575188600924,,,rollout_only_no_online_critic,,,,,,,,,,,,,,,,,,,,,,,,,,,,,,,,,,,,,,,,,,,,,,,,,,,,,,,,,,,
external_evaluation_arm,confirmation,external_base_identity_seed10,td3bc_base_identity,10,complete,external_evaluation,evaluate_td3bc_v1,eba1af040aa73823ceba28048e10d3af2eef54c59f09c1e0194f27aa0ed4944d,confirm_beta125,external,50,460.18818522563686,9.988935779208566,0.31751798817411125,0.0,0.0,,,9358,,,,,,,,,,,,,,,,,,,,,,,,,,44.813083777960856,,59358,,,,,,,44.813083777960856,,,rollout_only_no_online_critic,,,,,,,,,,,,,,,,,,,,,,,,,,,,,,,,,,,,,,,,,,,,,,,,,,,,,,,,,,,
external_evaluation_arm,confirmation,external_base_identity_seed10,td3bc_base_identity,10,complete,external_evaluation,evaluate_td3bc_v1,eba1af040aa73823ceba28048e10d3af2eef54c59f09c1e0194f27aa0ed4944d,confirm_clean,external,50,3567.9809866260057,77.68694347386169,,0.0,0.0,,,50000,,,,,,,,,,,,,,,,,,,,,,,,,,44.813083777960856,,59358,,,,,,,44.813083777960856,,,rollout_only_no_online_critic,,,,,,,,,,,,,,,,,,,,,,,,,,,,,,,,,,,,,,,,,,,,,,,,,,,,,,,,,,,
external_evaluation_arm,confirmation,external_scalar12_seed1,td3bc_scalar_1p2,1,complete,external_evaluation,evaluate_td3bc_v1,22b47965695bfa312533741abaa1e17e3cbbc091f3c5e6ba7fc8953fbc8ca6ae,confirm_beta125,external,50,979.1241274604836,21.293077224744042,0.3630572590803031,0.12518325796526875,0.0,,,16143,,,,,,,,,,,,,,,,,,,,,,,,,,49.38299599400489,,66143,,,,,,,49.38299599400489,,,rollout_only_no_online_critic,,,,,,,,,,,,,,,,,,,,,,,,,,,,,,,,,,,,,,,,,,,,,,,,,,,,,,,,,,,
external_evaluation_arm,confirmation,external_scalar12_seed1,td3bc_scalar_1p2,1,complete,external_evaluation,evaluate_td3bc_v1,22b47965695bfa312533741abaa1e17e3cbbc091f3c5e6ba7fc8953fbc8ca6ae,confirm_clean,external,50,3820.9740024328876,83.19796825101875,,0.07743666666666667,0.0,,,50000,,,,,,,,,,,,,,,,,,,,,,,,,,49.38299599400489,,66143,,,,,,,49.38299599400489,,,rollout_only_no_online_critic,,,,,,,,,,,,,,,,,,,,,,,,,,,,,,,,,,,,,,,,,,,,,,,,,,,,,,,,,,,
external_evaluation_arm,confirmation,external_scalar12_seed10,td3bc_scalar_1p2,10,complete,external_evaluation,evaluate_td3bc_v1,eba1af040aa73823ceba28048e10d3af2eef54c59f09c1e0194f27aa0ed4944d,confirm_beta125,external,50,766.6970026037981,16.665711743164668,0.36417144581949895,0.1284082905724922,0.0,,,13252,,,,,,,,,,,,,,,,,,,,,,,,,,47.14250448800158,,63252,,,,,,,47.14250448800158,,,rollout_only_no_online_critic,,,,,,,,,,,,,,,,,,,,,,,,,,,,,,,,,,,,,,,,,,,,,,,,,,,,,,,,,,,
external_evaluation_arm,confirmation,external_scalar12_seed10,td3bc_scalar_1p2,10,complete,external_evaluation,evaluate_td3bc_v1,eba1af040aa73823ceba28048e10d3af2eef54c59f09c1e0194f27aa0ed4944d,confirm_clean,external,50,3756.9560303994413,81.80344505070646,,0.05607,0.0,,,50000,,,,,,,,,,,,,,,,,,,,,,,,,,47.14250448800158,,63252,,,,,,,47.14250448800158,,,rollout_only_no_online_critic,,,,,,,,,,,,,,,,,,,,,,,,,,,,,,,,,,,,,,,,,,,,,,,,,,,,,,,,,,,
external_evaluation_arm,confirmation,external_oracle_inverse_seed1,td3bc_oracle_beta1p25_inverse,1,complete,external_evaluation,evaluate_td3bc_v1,22b47965695bfa312533741abaa1e17e3cbbc091f3c5e6ba7fc8953fbc8ca6ae,confirm_beta125,external,50,1011.268263798837,21.99328284597828,0.3841124517472059,0.3465106408779482,0.3465106408779482,,,16493,,,,,,,,,,,,,,,,,,,,,,,,,,172.51804287498817,,66191,,,,,,,172.51804287498817,,,rollout_only_no_online_critic,,,,,,,,,,,,,,,,,,,,,,,,,,,,,,,,,,,,,,,,,,,,,,,,,,,,,,,,,,,
external_evaluation_arm,confirmation,external_oracle_inverse_seed1,td3bc_oracle_beta1p25_inverse,1,complete,external_evaluation,evaluate_td3bc_v1,22b47965695bfa312533741abaa1e17e3cbbc091f3c5e6ba7fc8953fbc8ca6ae,confirm_clean,external,50,3752.6607008233877,81.70987856372581,,0.30952620494453165,0.30952620494453165,,,49698,,,,,,,,,,,,,,,,,,,,,,,,,,172.51804287498817,,66191,,,,,,,172.51804287498817,,,rollout_only_no_online_critic,,,,,,,,,,,,,,,,,,,,,,,,,,,,,,,,,,,,,,,,,,,,,,,,,,,,,,,,,,,
external_evaluation_arm,confirmation,external_oracle_inverse_seed10,td3bc_oracle_beta1p25_inverse,10,complete,external_evaluation,evaluate_td3bc_v1,eba1af040aa73823ceba28048e10d3af2eef54c59f09c1e0194f27aa0ed4944d,confirm_beta125,external,50,847.3211008847185,18.4219713056866,0.38675468782920147,0.35642718355689773,0.35642718355689773,,,14239,,,,,,,,,,,,,,,,,,,,,,,,,,179.3575252449955,,59435,,,,,,,179.3575252449955,,,rollout_only_no_online_critic,,,,,,,,,,,,,,,,,,,,,,,,,,,,,,,,,,,,,,,,,,,,,,,,,,,,,,,,,,,
external_evaluation_arm,confirmation,external_oracle_inverse_seed10,td3bc_oracle_beta1p25_inverse,10,complete,external_evaluation,evaluate_td3bc_v1,eba1af040aa73823ceba28048e10d3af2eef54c59f09c1e0194f27aa0ed4944d,confirm_clean,external,50,3331.7761476011406,72.541620721774,,0.27781219576953714,0.27781219576953714,,,45196,,,,,,,,,,,,,,,,,,,,,,,,,,179.3575252449955,,59435,,,,,,,179.3575252449955,,,rollout_only_no_online_critic,,,,,,,,,,,,,,,,,,,,,,,,,,,,,,,,,,,,,,,,,,,,,,,,,,,,,,,,,,,
external_evaluation_arm,confirmation,external_dual_identity_seed1,td3bc_dual_executed_commanded_identity,1,complete,external_evaluation,evaluate_td3bc_v1,82be74f0af81fe5ab123255aab4e1444617753f9db1b714850292bfc1d36324f,confirm_beta125,external,50,739.5802056266043,16.075018203495862,0.37132741084073645,0.0005407493240633449,0.0,,,12945,,,,,,,,,,,,,,,,,,,,,,,,,,47.24823749699863,,62945,,,,,,,47.24823749699863,,,rollout_only_no_online_critic,,,,,,,,,,,,,,,,,,,,,,,,,,,,,,,,,,,,,,,,,,,,,,,,,,,,,,,,,,,
external_evaluation_arm,confirmation,external_dual_identity_seed1,td3bc_dual_executed_commanded_identity,1,complete,external_evaluation,evaluate_td3bc_v1,82be74f0af81fe5ab123255aab4e1444617753f9db1b714850292bfc1d36324f,confirm_clean,external,50,3460.705734688159,75.35013362351974,,0.0,0.0,,,50000,,,,,,,,,,,,,,,,,,,,,,,,,,47.24823749699863,,62945,,,,,,,47.24823749699863,,,rollout_only_no_online_critic,,,,,,,,,,,,,,,,,,,,,,,,,,,,,,,,,,,,,,,,,,,,,,,,,,,,,,,,,,,
external_evaluation_arm,confirmation,external_dual_identity_seed10,td3bc_dual_executed_commanded_identity,10,complete,external_evaluation,evaluate_td3bc_v1,155807b3dccb5a3429e3c94073f534dc36947e82f53baeb147298693b6ca1206,confirm_beta125,external,50,673.2915467450389,14.63103193227137,0.3699806683236675,0.0010218171775752554,0.0,,,12070,,,,,,,,,,,,,,,,,,,,,,,,,,46.50621051801136,,62070,,,,,,,46.50621051801136,,,rollout_only_no_online_critic,,,,,,,,,,,,,,,,,,,,,,,,,,,,,,,,,,,,,,,,,,,,,,,,,,,,,,,,,,,
external_evaluation_arm,confirmation,external_dual_identity_seed10,td3bc_dual_executed_commanded_identity,10,complete,external_evaluation,evaluate_td3bc_v1,155807b3dccb5a3429e3c94073f534dc36947e82f53baeb147298693b6ca1206,confirm_clean,external,50,3237.1203661182753,70.47970468275012,,0.0,0.0,,,50000,,,,,,,,,,,,,,,,,,,,,,,,,,46.50621051801136,,62070,,,,,,,46.50621051801136,,,rollout_only_no_online_critic,,,,,,,,,,,,,,,,,,,,,,,,,,,,,,,,,,,,,,,,,,,,,,,,,,,,,,,,,,,
external_evaluation_arm,confirmation,external_opex_original_seed1,original_structure_opex_t1,1,complete,external_evaluation,channel_opex_v1,22b47965695bfa312533741abaa1e17e3cbbc091f3c5e6ba7fc8953fbc8ca6ae,confirm_beta125,adapted,50,851.1229766627189,18.504788736616103,0.33526476742314504,0.07019843185946517,0.0,0.06429160819166098,0.06429160819166098,14497,,,,,,,,,,,,,,,,,,,,,,,,,,52.09167319803964,,14497,10921,25418,14497,14497,14497,10921,52.09167319803964,7.746072544017807,60.753882094984874,adapted_arm_deployment_controller_only,,,,,,,,,,,,,,,,,,,,,,,,,,,,,,,,,,,,,,,,,,,,,,,,,,,,,,,,,,,
external_evaluation_arm,confirmation,external_opex_original_seed1,original_structure_opex_t1,1,complete,external_evaluation,channel_opex_v1,22b47965695bfa312533741abaa1e17e3cbbc091f3c5e6ba7fc8953fbc8ca6ae,confirm_beta125,baseline_only,50,574.4708492634068,12.478390245384126,0.320330861032262,0.0,0.0,0.0,0.0,10921,,,,,,,,,,,,,,,,,,,,,,,,,,52.09167319803964,,14497,10921,25418,14497,14497,14497,10921,52.09167319803964,7.746072544017807,60.753882094984874,adapted_arm_deployment_controller_only,,,,,,,,,,,,,,,,,,,,,,,,,,,,,,,,,,,,,,,,,,,,,,,,,,,,,,,,,,,
external_evaluation_arm,confirmation,external_opex_original_seed10,original_structure_opex_t1,10,complete,external_evaluation,channel_opex_v1,eba1af040aa73823ceba28048e10d3af2eef54c59f09c1e0194f27aa0ed4944d,confirm_beta125,adapted,50,744.9876080527567,16.19280931585342,0.3338679701621732,0.06527661091168309,0.0,0.06408216181198897,0.06408216181198897,13093,,,,,,,,,,,,,,,,,,,,,,,,,,47.237173616013024,,13093,9358,22451,13093,13093,13093,9358,47.237173616013024,6.903647380997427,55.03035826800624,adapted_arm_deployment_controller_only,,,,,,,,,,,,,,,,,,,,,,,,,,,,,,,,,,,,,,,,,,,,,,,,,,,,,,,,,,,
external_evaluation_arm,confirmation,external_opex_original_seed10,original_structure_opex_t1,10,complete,external_evaluation,channel_opex_v1,eba1af040aa73823ceba28048e10d3af2eef54c59f09c1e0194f27aa0ed4944d,confirm_beta125,baseline_only,50,460.18818522563686,9.988935779208566,0.31751798817411125,0.0,0.0,0.0,0.0,9358,,,,,,,,,,,,,,,,,,,,,,,,,,47.237173616013024,,13093,9358,22451,13093,13093,13093,9358,47.237173616013024,6.903647380997427,55.03035826800624,adapted_arm_deployment_controller_only,,,,,,,,,,,,,,,,,,,,,,,,,,,,,,,,,,,,,,,,,,,,,,,,,,,,,,,,,,,
external_evaluation_arm,confirmation,external_ca_opex_inverse_seed1,channel_aware_opex_inverse_anchor,1,complete,external_evaluation,channel_opex_v1,22b47965695bfa312533741abaa1e17e3cbbc091f3c5e6ba7fc8953fbc8ca6ae,confirm_beta125,adapted,50,1434.4251075400068,31.211038692097294,0.38985481402226085,0.265183600077274,0.3651419909946057,0.04956104153223469,0.04956104153223469,22431,,,,,,,,,,,,,,,,,,,,,,,,,,195.4040185129852,,22431,16582,39013,358896,358896,22431,16582,195.4040185129852,44.16428816097323,240.4631655139965,adapted_arm_deployment_controller_only,,,,,,,,,,,,,,,,,,,,,,,,,,,,,,,,,,,,,,,,,,,,,,,,,,,,,,,,,,,
external_evaluation_arm,confirmation,external_ca_opex_inverse_seed1,channel_aware_opex_inverse_anchor,1,complete,external_evaluation,channel_opex_v1,22b47965695bfa312533741abaa1e17e3cbbc091f3c5e6ba7fc8953fbc8ca6ae,confirm_beta125,baseline_only,50,1023.1146665993869,22.251336686499503,0.38695573513448317,0.3569131186427049,0.3569131186427049,0.0,0.0,16582,,,,,,,,,,,,,,,,,,,,,,,,,,195.4040185129852,,22431,16582,39013,358896,358896,22431,16582,195.4040185129852,44.16428816097323,240.4631655139965,adapted_arm_deployment_controller_only,,,,,,,,,,,,,,,,,,,,,,,,,,,,,,,,,,,,,,,,,,,,,,,,,,,,,,,,,,,
external_evaluation_arm,confirmation,external_ca_opex_inverse_seed10,channel_aware_opex_inverse_anchor,10,complete,external_evaluation,channel_opex_v1,eba1af040aa73823ceba28048e10d3af2eef54c59f09c1e0194f27aa0ed4944d,confirm_beta125,adapted,50,1273.232173173104,27.699723360464773,0.3924821711568938,0.2688523507659799,0.3639395139989435,0.04951680154378553,0.04951680154378553,20192,,,,,,,,,,,,,,,,,,,,,,,,,,173.15146910602925,,20192,14493,34685,323072,323072,20192,14493,173.15146910602925,38.54633095202735,212.49779809301253,adapted_arm_deployment_controller_only,,,,,,,,,,,,,,,,,,,,,,,,,,,,,,,,,,,,,,,,,,,,,,,,,,,,,,,,,,,
external_evaluation_arm,confirmation,external_ca_opex_inverse_seed10,channel_aware_opex_inverse_anchor,10,complete,external_evaluation,channel_opex_v1,eba1af040aa73823ceba28048e10d3af2eef54c59f09c1e0194f27aa0ed4944d,confirm_beta125,baseline_only,50,868.6581137036987,18.886762027046583,0.38548494675590517,0.35108903148646475,0.35108903148646475,0.0,0.0,14493,,,,,,,,,,,,,,,,,,,,,,,,,,173.15146910602925,,20192,14493,34685,323072,323072,20192,14493,173.15146910602925,38.54633095202735,212.49779809301253,adapted_arm_deployment_controller_only,,,,,,,,,,,,,,,,,,,,,,,,,,,,,,,,,,,,,,,,,,,,,,,,,,,,,,,,,,,
external_evaluation_arm,confirmation,external_ca_opex_identity_seed1,channel_aware_opex_identity_anchor,1,complete,external_evaluation,channel_opex_v1,22b47965695bfa312533741abaa1e17e3cbbc091f3c5e6ba7fc8953fbc8ca6ae,confirm_beta125,adapted,50,991.4509888889683,21.561597043523612,0.35595467930341856,0.19877532713196436,0.0,0.19099849947683556,0.19099849947683556,17093,,,,,,,,,,,,,,,,,,,,,,,,,,123.42353659000946,,17093,10921,28014,273488,273488,17093,10921,123.42353659000946,8.137002349016257,132.3689722060226,adapted_arm_deployment_controller_only,,,,,,,,,,,,,,,,,,,,,,,,,,,,,,,,,,,,,,,,,,,,,,,,,,,,,,,,,,,
external_evaluation_arm,confirmation,external_ca_opex_identity_seed1,channel_aware_opex_identity_anchor,1,complete,external_evaluation,channel_opex_v1,22b47965695bfa312533741abaa1e17e3cbbc091f3c5e6ba7fc8953fbc8ca6ae,confirm_beta125,baseline_only,50,574.4708492634068,12.478390245384126,0.320330861032262,0.0,0.0,0.0,0.0,10921,,,,,,,,,,,,,,,,,,,,,,,,,,123.42353659000946,,17093,10921,28014,273488,273488,17093,10921,123.42353659000946,8.137002349016257,132.3689722060226,adapted_arm_deployment_controller_only,,,,,,,,,,,,,,,,,,,,,,,,,,,,,,,,,,,,,,,,,,,,,,,,,,,,,,,,,,,
external_evaluation_arm,confirmation,external_ca_opex_identity_seed10,channel_aware_opex_identity_anchor,10,complete,external_evaluation,channel_opex_v1,eba1af040aa73823ceba28048e10d3af2eef54c59f09c1e0194f27aa0ed4944d,confirm_beta125,adapted,50,1024.6537422658237,22.284862845728057,0.35620877435189446,0.18362670655008437,0.0,0.191096623798896,0.191096623798896,17384,,,,,,,,,,,,,,,,,,,,,,,,,,119.06228750303853,,17384,9358,26742,278144,278144,17384,9358,119.06228750303853,6.7537546009989455,126.7184002380236,adapted_arm_deployment_controller_only,,,,,,,,,,,,,,,,,,,,,,,,,,,,,,,,,,,,,,,,,,,,,,,,,,,,,,,,,,,
external_evaluation_arm,confirmation,external_ca_opex_identity_seed10,channel_aware_opex_identity_anchor,10,complete,external_evaluation,channel_opex_v1,eba1af040aa73823ceba28048e10d3af2eef54c59f09c1e0194f27aa0ed4944d,confirm_beta125,baseline_only,50,460.18818522563686,9.988935779208566,0.31751798817411125,0.0,0.0,0.0,0.0,9358,,,,,,,,,,,,,,,,,,,,,,,,,,119.06228750303853,,17384,9358,26742,278144,278144,17384,9358,119.06228750303853,6.7537546009989455,126.7184002380236,adapted_arm_deployment_controller_only,,,,,,,,,,,,,,,,,,,,,,,,,,,,,,,,,,,,,,,,,,,,,,,,,,,,,,,,,,,
paired_comparison,confirmation,,,1,,,,,,,,,,,,,,,,,,,,,,,,,,,,,,,,,,,,,,,,,,,,,,,,,,,,,,,,,,,,,,,,,,,,,,,,,,inverse_p001_k8_u5k_seed1_beta125_adapted_minus_own_baseline,,False,inverse_p001_k8_u5k_seed1/confirm_beta125/adapted,inverse_p001_k8_u5k_seed1/confirm_beta125/baseline_only,50,29,402.80629484225756,115.1387836555977,690.4738060289174,133.16283923297226,686.6220189281564,8.774453572129516,2.5081035834684293,15.040803560790602,2.9007271369486163,14.9568988961463,,,,,,,,,,,,,,,,,,,,,,
paired_comparison,confirmation,,,1,,,,,,,,,,,,,,,,,,,,,,,,,,,,,,,,,,,,,,,,,,,,,,,,,,,,,,,,,,,,,,,,,,,,,,,,,,inverse_p001_k8_u5k_seed1_clean_adapted_minus_own_baseline,,False,inverse_p001_k8_u5k_seed1/confirm_clean/adapted,inverse_p001_k8_u5k_seed1/confirm_clean/baseline_only,50,4,-266.2965627500437,-425.4497253538709,-107.14340014621646,-424.4475441343845,-120.08539701898353,-5.800820037291047,-9.267702392423397,-2.333937682158697,-9.24587157027925,-2.615857185763303,,,,,,,,,,,,,,,,,,,,,,
paired_comparison,confirmation,,,10,,,,,,,,,,,,,,,,,,,,,,,,,,,,,,,,,,,,,,,,,,,,,,,,,,,,,,,,,,,,,,,,,,,,,,,,,,inverse_p001_k8_u5k_seed10_beta125_adapted_minus_own_baseline,,False,inverse_p001_k8_u5k_seed10/confirm_beta125/adapted,inverse_p001_k8_u5k_seed10/confirm_beta125/baseline_only,50,31,261.57532971332716,39.19479371777655,483.9558657088778,54.18246906491258,480.8035277060434,5.697975964062012,0.8537922623093644,10.54215966581466,1.180273410125327,10.473491316278658,,,,,,,,,,,,,,,,,,,,,,
paired_comparison,confirmation,,,10,,,,,,,,,,,,,,,,,,,,,,,,,,,,,,,,,,,,,,,,,,,,,,,,,,,,,,,,,,,,,,,,,,,,,,,,,,inverse_p001_k8_u5k_seed10_clean_adapted_minus_own_baseline,,False,inverse_p001_k8_u5k_seed10/confirm_clean/adapted,inverse_p001_k8_u5k_seed10/confirm_clean/baseline_only,50,18,315.878764311207,112.91950407155323,518.8380245508608,130.73021830260257,520.7883038859519,6.880884403645518,2.4597603328213684,11.302008474469668,2.847736606052176,11.34449200985022,,,,,,,,,,,,,,,,,,,,,,
paired_comparison,confirmation,,,1,,,,,,,,,,,,,,,,,,,,,,,,,,,,,,,,,,,,,,,,,,,,,,,,,,,,,,,,,,,,,,,,,,,,,,,,,,identity_p001_k8_u5k_seed1_beta125_adapted_minus_own_baseline,,False,identity_p001_k8_u5k_seed1/confirm_beta125/adapted,identity_p001_k8_u5k_seed1/confirm_beta125/baseline_only,50,45,511.80866332534504,335.26243472778384,688.3548919229063,346.8283078123984,689.9755184265427,11.148885734073643,7.303124865886355,14.994646602260932,7.555067841211095,15.029949208491278,,,,,,,,,,,,,,,,,,,,,,
paired_comparison,confirmation,,,1,,,,,,,,,,,,,,,,,,,,,,,,,,,,,,,,,,,,,,,,,,,,,,,,,,,,,,,,,,,,,,,,,,,,,,,,,,identity_p001_k8_u5k_seed1_clean_adapted_minus_own_baseline,,False,identity_p001_k8_u5k_seed1/confirm_clean/adapted,identity_p001_k8_u5k_seed1/confirm_clean/baseline_only,50,11,106.27918346302451,-31.833101029129978,244.391467955179,-14.509414937492899,251.92150149644834,2.3151121839973605,-0.693430243304397,5.323654611299118,-0.316063054023648,5.4876836509404185,,,,,,,,,,,,,,,,,,,,,,
paired_comparison,confirmation,,,10,,,,,,,,,,,,,,,,,,,,,,,,,,,,,,,,,,,,,,,,,,,,,,,,,,,,,,,,,,,,,,,,,,,,,,,,,,identity_p001_k8_u5k_seed10_beta125_adapted_minus_own_baseline,,False,identity_p001_k8_u5k_seed10/confirm_beta125/adapted,identity_p001_k8_u5k_seed10/confirm_beta125/baseline_only,50,41,349.03482977531564,207.08455954784898,490.9851000027823,215.6192897733454,492.66764324700324,7.603133188668198,4.510986736116091,10.695279641220306,4.696901393044666,10.731930998879198,,,,,,,,,,,,,,,,,,,,,,
paired_comparison,confirmation,,,10,,,,,,,,,,,,,,,,,,,,,,,,,,,,,,,,,,,,,,,,,,,,,,,,,,,,,,,,,,,,,,,,,,,,,,,,,,identity_p001_k8_u5k_seed10_clean_adapted_minus_own_baseline,,False,identity_p001_k8_u5k_seed10/confirm_clean/adapted,identity_p001_k8_u5k_seed10/confirm_clean/baseline_only,50,0,-533.6727041877224,-544.0214546006441,-523.3239537748007,-543.9118592701865,-523.8551464426649,-11.625156869610889,-11.850586886942912,-11.399726852278866,-11.848199538107663,-11.411297985753471,,,,,,,,,,,,,,,,,,,,,,
paired_comparison,confirmation,,,1,,,,,,,,,,,,,,,,,,,,,,,,,,,,,,,,,,,,,,,,,,,,,,,,,,,,,,,,,,,,,,,,,,,,,,,,,,inverse_qmean_p001_k8_u5k_seed1_beta125_adapted_minus_own_baseline,,False,inverse_qmean_p001_k8_u5k_seed1/confirm_beta125/adapted,inverse_qmean_p001_k8_u5k_seed1/confirm_beta125/baseline_only,50,24,276.5742942324544,-7.4686858021899525,560.6172742670988,17.761746316394024,565.2119376740436,6.024703027388166,-0.16269268294777314,12.212098737724107,0.38690959006530395,12.312185705728387,,,,,,,,,,,,,,,,,,,,,,
paired_comparison,confirmation,,,10,,,,,,,,,,,,,,,,,,,,,,,,,,,,,,,,,,,,,,,,,,,,,,,,,,,,,,,,,,,,,,,,,,,,,,,,,,inverse_qmean_p001_k8_u5k_seed10_beta125_adapted_minus_own_baseline,,False,inverse_qmean_p001_k8_u5k_seed10/confirm_beta125/adapted,inverse_qmean_p001_k8_u5k_seed10/confirm_beta125/baseline_only,50,31,418.074591644535,151.2012058971929,684.9479773918772,160.88226108466193,681.4053757499352,9.107047583525345,3.2936624332409328,14.920432733809758,3.5045478398479384,14.843263151234234,,,,,,,,,,,,,,,,,,,,,,
paired_comparison,confirmation,,,1,,,,,,,,,,,,,,,,,,,,,,,,,,,,,,,,,,,,,,,,,,,,,,,,,,,,,,,,,,,,,,,,,,,,,,,,,,identity_wide_p064_d2_k8_u5k_seed1_beta125_adapted_minus_own_baseline,,False,identity_wide_p064_d2_k8_u5k_seed1/confirm_beta125/adapted,identity_wide_p064_d2_k8_u5k_seed1/confirm_beta125/baseline_only,50,34,300.2690366150972,107.36608486818511,493.1719883620093,121.00623258988507,492.5464949396147,6.5408528979394385,2.338788492037181,10.742917303841695,2.6359160305924414,10.729291987989512,,,,,,,,,,,,,,,,,,,,,,
paired_comparison,confirmation,,,10,,,,,,,,,,,,,,,,,,,,,,,,,,,,,,,,,,,,,,,,,,,,,,,,,,,,,,,,,,,,,,,,,,,,,,,,,,identity_wide_p064_d2_k8_u5k_seed10_beta125_adapted_minus_own_baseline,,False,identity_wide_p064_d2_k8_u5k_seed10/confirm_beta125/adapted,identity_wide_p064_d2_k8_u5k_seed10/confirm_beta125/baseline_only,50,42,206.52342884894617,119.63917661398716,293.4076810839052,121.02071221374156,291.4696438164396,4.498763453291408,2.606137029259516,6.3913898773233,2.636231444698173,6.349173014672004,,,,,,,,,,,,,,,,,,,,,,
paired_comparison,confirmation,,,1,,,,,,,,,,,,,,,,,,,,,,,,,,,,,,,,,,,,,,,,,,,,,,,,,,,,,,,,,,,,,,,,,,,,,,,,,,identity_nominal_beta0_p064_d2_k8_u5k_seed1_beta125_adapted_minus_own_baseline,,False,identity_nominal_beta0_p064_d2_k8_u5k_seed1/confirm_beta125/adapted,identity_nominal_beta0_p064_d2_k8_u5k_seed1/confirm_beta125/baseline_only,50,27,109.19605641613627,-23.097985687426743,241.4900985196993,-19.882083007136227,235.57523756127898,2.378651325839477,-0.5031505356772198,5.260453187356173,-0.43309753719628413,5.131607949509071,,,,,,,,,,,,,,,,,,,,,,
paired_comparison,confirmation,,,10,,,,,,,,,,,,,,,,,,,,,,,,,,,,,,,,,,,,,,,,,,,,,,,,,,,,,,,,,,,,,,,,,,,,,,,,,,identity_nominal_beta0_p064_d2_k8_u5k_seed10_beta125_adapted_minus_own_baseline,,False,identity_nominal_beta0_p064_d2_k8_u5k_seed10/confirm_beta125/adapted,identity_nominal_beta0_p064_d2_k8_u5k_seed10/confirm_beta125/baseline_only,50,38,194.31424338383164,89.70225002778602,298.92623673987725,98.82771852255402,301.8777708662211,4.2328070062624,1.9540117378071082,6.511602274717692,2.1527946283839023,6.575896451570866,,,,,,,,,,,,,,,,,,,,,,
paired_comparison,confirmation,,,1,,,,,,,,,,,,,,,,,,,,,,,,,,,,,,,,,,,,,,,,,,,,,,,,,,,,,,,,,,,,,,,,,,,,,,,,,,seed1_beta125_inverse_sampled_minus_direct_sampled,,False,inverse_p001_k8_u5k_seed1/confirm_beta125/adapted,identity_p001_k8_u5k_seed1/confirm_beta125/adapted,50,27,339.64144885289255,-4.692636447859513,683.9755341536446,12.284748598443544,681.3513404925231,7.398514279171251,-0.10222114492711859,14.89924970326962,0.2676024620333659,14.842086084580881,,,,,,,,,,,,,,,,,,,,,,
paired_comparison,confirmation,,,1,,,,,,,,,,,,,,,,,,,,,,,,,,,,,,,,,,,,,,,,,,,,,,,,,,,,,,,,,,,,,,,,,,,,,,,,,,seed1_clean_inverse_sampled_minus_direct_sampled,,False,inverse_p001_k8_u5k_seed1/confirm_clean/adapted,identity_p001_k8_u5k_seed1/confirm_clean/adapted,50,2,-286.0382439479621,-421.06328335445374,-151.01320454147043,-423.82259920722555,-168.42115192412933,-6.230859158637829,-9.17215117546489,-3.2895671418107675,-9.232258202467703,-3.6687698207436537,,,,,,,,,,,,,,,,,,,,,,
paired_comparison,confirmation,,,1,,,,,,,,,,,,,,,,,,,,,,,,,,,,,,,,,,,,,,,,,,,,,,,,,,,,,,,,,,,,,,,,,,,,,,,,,,seed1_beta125_inverse_qmean_minus_inverse_sampled,,False,inverse_qmean_p001_k8_u5k_seed1/confirm_beta125/adapted,inverse_p001_k8_u5k_seed1/confirm_beta125/adapted,50,24,-126.23200060980317,-466.62542779431675,214.16142657471045,-460.5623035305548,195.52229331068818,-2.7497505447413504,-10.16464539949581,4.665144310013111,-10.03257049640805,4.25912232986023,,,,,,,,,,,,,,,,,,,,,,
paired_comparison,confirmation,,,1,,,,,,,,,,,,,,,,,,,,,,,,,,,,,,,,,,,,,,,,,,,,,,,,,,,,,,,,,,,,,,,,,,,,,,,,,,seed1_beta125_direct_wide_minus_direct_main,,False,identity_wide_p064_d2_k8_u5k_seed1/confirm_beta125/adapted,identity_p001_k8_u5k_seed1/confirm_beta125/adapted,50,13,-211.53962671024783,-450.8211960013191,27.741942580823434,-444.98968938010705,16.78448560046977,-4.608032836134204,-9.820376951146121,0.6043112788777137,-9.693347446496924,0.3656216189249784,,,,,,,,,,,,,,,,,,,,,,
paired_comparison,confirmation,,,1,,,,,,,,,,,,,,,,,,,,,,,,,,,,,,,,,,,,,,,,,,,,,,,,,,,,,,,,,,,,,,,,,,,,,,,,,,seed1_beta125_direct_nominal_q_minus_direct_channel_q,,False,identity_nominal_beta0_p064_d2_k8_u5k_seed1/confirm_beta125/adapted,identity_p001_k8_u5k_seed1/confirm_beta125/adapted,50,9,-402.61260690920875,-604.8024857336651,-200.4227280847524,-606.990916953018,-214.75596815862633,-8.770234408234165,-13.174598806745962,-4.365870009722369,-13.222270077964627,-4.6780953924355275,,,,,,,,,,,,,,,,,,,,,,
paired_comparison,confirmation,,,10,,,,,,,,,,,,,,,,,,,,,,,,,,,,,,,,,,,,,,,,,,,,,,,,,,,,,,,,,,,,,,,,,,,,,,,,,,seed10_beta125_inverse_sampled_minus_direct_sampled,,False,inverse_p001_k8_u5k_seed10/confirm_beta125/adapted,identity_p001_k8_u5k_seed10/confirm_beta125/adapted,50,37,321.01042841607335,94.52174592331716,547.4991109088296,108.66781913996081,544.0775112386544,6.992669023231829,2.0589963011515495,11.92634174531211,2.3671445705721967,11.851807985952359,,,,,,,,,,,,,,,,,,,,,,
paired_comparison,confirmation,,,10,,,,,,,,,,,,,,,,,,,,,,,,,,,,,,,,,,,,,,,,,,,,,,,,,,,,,,,,,,,,,,,,,,,,,,,,,,seed10_clean_inverse_sampled_minus_direct_sampled,,False,inverse_p001_k8_u5k_seed10/confirm_clean/adapted,identity_p001_k8_u5k_seed10/confirm_clean/adapted,50,50,596.8514882178923,584.1109228314035,609.5920536043811,584.70124297992,609.4730891005083,13.001399779204483,12.723868119699993,13.278931438708973,12.736727245295038,13.276339998283811,,,,,,,,,,,,,,,,,,,,,,
paired_comparison,confirmation,,,10,,,,,,,,,,,,,,,,,,,,,,,,,,,,,,,,,,,,,,,,,,,,,,,,,,,,,,,,,,,,,,,,,,,,,,,,,,seed10_beta125_inverse_qmean_minus_inverse_sampled,,False,inverse_qmean_p001_k8_u5k_seed10/confirm_beta125/adapted,inverse_p001_k8_u5k_seed10/confirm_beta125/adapted,50,29,156.49926193120788,-112.66827885974115,425.66680272215694,-104.02456669507237,418.70741556922815,3.409071619463333,-2.454287816663058,9.272431055589724,-2.2659991725905058,9.12083258196666,,,,,,,,,,,,,,,,,,,,,,
paired_comparison,confirmation,,,10,,,,,,,,,,,,,,,,,,,,,,,,,,,,,,,,,,,,,,,,,,,,,,,,,,,,,,,,,,,,,,,,,,,,,,,,,,seed10_beta125_direct_wide_minus_direct_main,,False,identity_wide_p064_d2_k8_u5k_seed10/confirm_beta125/adapted,identity_p001_k8_u5k_seed10/confirm_beta125/adapted,50,21,-142.5114009263695,-264.90614778973907,-20.116654062999913,-262.261390333217,-27.829374782884326,-3.1043697353767907,-5.770532200006962,-0.43820727074661836,-5.712920633830013,-0.6062158414615552,,,,,,,,,,,,,,,,,,,,,,
paired_comparison,confirmation,,,10,,,,,,,,,,,,,,,,,,,,,,,,,,,,,,,,,,,,,,,,,,,,,,,,,,,,,,,,,,,,,,,,,,,,,,,,,,seed10_beta125_direct_nominal_q_minus_direct_channel_q,,False,identity_nominal_beta0_p064_d2_k8_u5k_seed10/confirm_beta125/adapted,identity_p001_k8_u5k_seed10/confirm_beta125/adapted,50,15,-154.72058639148403,-300.84748847835266,-8.593684304615408,-295.9081751798778,-15.099703721628256,-3.370326182405799,-6.553453493021585,-0.1871988717900132,-6.445858910288854,-0.3289214963987176,,,,,,,,,,,,,,,,,,,,,,
paired_comparison,confirmation,,,1,,,,,,,,,,,,,,,,,,,,,,,,,,,,,,,,,,,,,,,,,,,,,,,,,,,,,,,,,,,,,,,,,,,,,,,,,,seed1_beta125_inverse_adapter_minus_oracle_inverse,,False,inverse_p001_k8_u5k_seed1/confirm_beta125/adapted,external_oracle_inverse_seed1/confirm_beta125/external,50,32,414.6526976428075,124.88684629215311,704.4185489934619,144.7058627497633,706.1196104422236,9.032507412650745,2.720448633975055,15.344566191326432,3.1521723731005133,15.381620936737857,,,,,,,,,,,,,,,,,,,,,,
paired_comparison,confirmation,,,1,,,,,,,,,,,,,,,,,,,,,,,,,,,,,,,,,,,,,,,,,,,,,,,,,,,,,,,,,,,,,,,,,,,,,,,,,,seed1_beta125_inverse_adapter_minus_scalar12,,False,inverse_p001_k8_u5k_seed1/confirm_beta125/adapted,external_scalar12_seed1/confirm_beta125/external,50,30,446.7968339811607,118.42938829458518,775.1642796677363,138.944332258926,772.4205433994466,9.732713033884975,2.579783837721498,16.885642230048454,3.0266671800497003,16.82587457793243,,,,,,,,,,,,,,,,,,,,,,
paired_comparison,confirmation,,,1,,,,,,,,,,,,,,,,,,,,,,,,,,,,,,,,,,,,,,,,,,,,,,,,,,,,,,,,,,,,,,,,,,,,,,,,,,seed1_beta125_inverse_adapter_minus_base_identity,,False,inverse_p001_k8_u5k_seed1/confirm_beta125/adapted,external_base_identity_seed1/confirm_beta125/external,50,43,851.4501121782376,581.7479761755767,1121.1522481808986,599.3403936910017,1122.6513231909987,18.547400013244896,12.672395324983391,24.422404701506398,13.05561637362928,24.455059514119032,,,,,,,,,,,,,,,,,,,,,,
paired_comparison,confirmation,,,1,,,,,,,,,,,,,,,,,,,,,,,,,,,,,,,,,,,,,,,,,,,,,,,,,,,,,,,,,,,,,,,,,,,,,,,,,,seed1_beta125_direct_adapter_minus_base_identity,,False,identity_p001_k8_u5k_seed1/confirm_beta125/adapted,external_base_identity_seed1/confirm_beta125/external,50,45,511.80866332534504,335.26243472778384,688.3548919229063,346.8283078123984,689.9755184265427,11.148885734073643,7.303124865886355,14.994646602260932,7.555067841211095,15.029949208491278,,,,,,,,,,,,,,,,,,,,,,
paired_comparison,confirmation,,,1,,,,,,,,,,,,,,,,,,,,,,,,,,,,,,,,,,,,,,,,,,,,,,,,,,,,,,,,,,,,,,,,,,,,,,,,,,seed1_clean_inverse_adapter_minus_scalar12,,False,inverse_p001_k8_u5k_seed1/confirm_clean/adapted,external_scalar12_seed1/confirm_clean/external,50,1,-349.6028999538825,-483.9494703298596,-215.25632957790543,-487.52096517133873,-231.4549356089835,-7.6155076363155425,-10.542020353303933,-4.688994919327153,-10.619819325343162,-5.041854143159721,,,,,,,,,,,,,,,,,,,,,,
paired_comparison,confirmation,,,1,,,,,,,,,,,,,,,,,,,,,,,,,,,,,,,,,,,,,,,,,,,,,,,,,,,,,,,,,,,,,,,,,,,,,,,,,,seed1_clean_direct_adapter_minus_base_identity,,False,identity_p001_k8_u5k_seed1/confirm_clean/adapted,external_base_identity_seed1/confirm_clean/external,50,11,106.27918346302451,-31.833101029129978,244.391467955179,-14.509414937492899,251.92150149644834,2.3151121839973605,-0.693430243304397,5.323654611299118,-0.316063054023648,5.4876836509404185,,,,,,,,,,,,,,,,,,,,,,
paired_comparison,confirmation,,,1,,,,,,,,,,,,,,,,,,,,,,,,,,,,,,,,,,,,,,,,,,,,,,,,,,,,,,,,,,,,,,,,,,,,,,,,,,seed1_beta125_inverse_adapter_minus_dual_policy,,False,inverse_p001_k8_u5k_seed1/confirm_beta125/adapted,external_dual_identity_seed1/confirm_beta125/external,50,42,686.3407558150402,421.9365333753491,950.7449782547313,438.2879984266275,949.8470613863195,14.950772055133157,9.1911734496034,20.710370660662917,9.547362448548729,20.690811060988345,,,,,,,,,,,,,,,,,,,,,,
paired_comparison,confirmation,,,1,,,,,,,,,,,,,,,,,,,,,,,,,,,,,,,,,,,,,,,,,,,,,,,,,,,,,,,,,,,,,,,,,,,,,,,,,,seed1_beta125_direct_adapter_minus_dual_policy,,False,identity_p001_k8_u5k_seed1/confirm_beta125/adapted,external_dual_identity_seed1/confirm_beta125/external,50,36,346.69930696214755,151.5007855310183,541.8978283932768,163.0136722621977,540.3118515137867,7.5522577759619045,3.30018826866559,11.804327283258218,3.550977025935334,11.76977946046164,,,,,,,,,,,,,,,,,,,,,,
paired_comparison,confirmation,,,10,,,,,,,,,,,,,,,,,,,,,,,,,,,,,,,,,,,,,,,,,,,,,,,,,,,,,,,,,,,,,,,,,,,,,,,,,,seed10_beta125_inverse_adapter_minus_oracle_inverse,,False,inverse_p001_k8_u5k_seed10/confirm_beta125/adapted,external_oracle_inverse_seed10/confirm_beta125/external,50,30,282.91234253230743,57.40102945069725,508.4236556139176,70.31916902079509,506.2258990407615,6.162766685421994,1.2503843022235308,11.075149068620458,1.5317841148567999,11.027274660347985,,,,,,,,,,,,,,,,,,,,,,
paired_comparison,confirmation,,,10,,,,,,,,,,,,,,,,,,,,,,,,,,,,,,,,,,,,,,,,,,,,,,,,,,,,,,,,,,,,,,,,,,,,,,,,,,seed10_beta125_inverse_adapter_minus_scalar12,,False,inverse_p001_k8_u5k_seed10/confirm_beta125/adapted,external_scalar12_seed10/confirm_beta125/external,50,36,363.53644081322784,146.87921517019038,580.1936664562653,159.6441281822944,575.8156365629425,7.9190262479439255,3.199515178198385,12.638537317689467,3.4775772095299478,12.543169344228675,,,,,,,,,,,,,,,,,,,,,,
paired_comparison,confirmation,,,10,,,,,,,,,,,,,,,,,,,,,,,,,,,,,,,,,,,,,,,,,,,,,,,,,,,,,,,,,,,,,,,,,,,,,,,,,,seed10_beta125_inverse_adapter_minus_base_identity,,False,inverse_p001_k8_u5k_seed10/confirm_beta125/adapted,external_base_identity_seed10/confirm_beta125/external,50,42,670.045258191389,446.3210957758564,893.7694206069217,461.41799853196585,891.0475063659256,14.595802211900029,9.722349882046531,19.469254541753525,10.051210364150744,19.409962245578534,,,,,,,,,,,,,,,,,,,,,,
paired_comparison,confirmation,,,10,,,,,,,,,,,,,,,,,,,,,,,,,,,,,,,,,,,,,,,,,,,,,,,,,,,,,,,,,,,,,,,,,,,,,,,,,,seed10_beta125_direct_adapter_minus_base_identity,,False,identity_p001_k8_u5k_seed10/confirm_beta125/adapted,external_base_identity_seed10/confirm_beta125/external,50,41,349.03482977531564,207.08455954784898,490.9851000027823,215.6192897733454,492.66764324700324,7.603133188668198,4.510986736116091,10.695279641220306,4.696901393044666,10.731930998879198,,,,,,,,,,,,,,,,,,,,,,
paired_comparison,confirmation,,,10,,,,,,,,,,,,,,,,,,,,,,,,,,,,,,,,,,,,,,,,,,,,,,,,,,,,,,,,,,,,,,,,,,,,,,,,,,seed10_clean_inverse_adapter_minus_scalar12,,False,inverse_p001_k8_u5k_seed10/confirm_clean/adapted,external_scalar12_seed10/confirm_clean/external,50,2,-125.79625974326616,-142.48474321441194,-109.10777627212039,-141.79916492315684,-109.63401874730727,-2.7402586672511893,-3.103789042227488,-2.3767282922748905,-3.088854879172679,-2.3881915941779006,,,,,,,,,,,,,,,,,,,,,,
paired_comparison,confirmation,,,10,,,,,,,,,,,,,,,,,,,,,,,,,,,,,,,,,,,,,,,,,,,,,,,,,,,,,,,,,,,,,,,,,,,,,,,,,,seed10_clean_direct_adapter_minus_base_identity,,False,identity_p001_k8_u5k_seed10/confirm_clean/adapted,external_base_identity_seed10/confirm_clean/external,50,0,-533.6727041877224,-544.0214546006441,-523.3239537748007,-543.9118592701865,-523.8551464426649,-11.625156869610889,-11.850586886942912,-11.399726852278866,-11.848199538107663,-11.411297985753471,,,,,,,,,,,,,,,,,,,,,,
paired_comparison,confirmation,,,10,,,,,,,,,,,,,,,,,,,,,,,,,,,,,,,,,,,,,,,,,,,,,,,,,,,,,,,,,,,,,,,,,,,,,,,,,,seed10_beta125_inverse_adapter_minus_dual_policy,,False,inverse_p001_k8_u5k_seed10/confirm_beta125/adapted,external_dual_identity_seed10/confirm_beta125/external,50,37,456.9418966719869,238.07732644896112,675.8064668950127,252.01603770710037,674.94330866626,9.953706058837223,5.18611172231358,14.721300395360867,5.48974296233121,14.70249795383855,,,,,,,,,,,,,,,,,,,,,,
paired_comparison,confirmation,,,10,,,,,,,,,,,,,,,,,,,,,,,,,,,,,,,,,,,,,,,,,,,,,,,,,,,,,,,,,,,,,,,,,,,,,,,,,,seed10_beta125_direct_adapter_minus_dual_policy,,False,identity_p001_k8_u5k_seed10/confirm_beta125/adapted,external_dual_identity_seed10/confirm_beta125/external,50,26,135.93146825591356,-8.964074635859703,280.8270111476868,0.6612381958200917,280.9574296717451,2.9610370356053943,-0.19526719844399823,6.117341269654786,0.014403955259969795,6.120182216529122,,,,,,,,,,,,,,,,,,,,,,
paired_comparison,confirmation,,,1,,,,,,,,,,,,,,,,,,,,,,,,,,,,,,,,,,,,,,,,,,,,,,,,,,,,,,,,,,,,,,,,,,,,,,,,,,seed1_beta125_original_opex_effect,,False,external_opex_original_seed1/confirm_beta125/adapted,external_opex_original_seed1/confirm_beta125/baseline_only,50,35,276.65212739931206,107.71548322553215,445.588771573092,119.93534472724993,444.2307574285823,6.026398491231977,2.346399544058899,9.706397438405055,2.612588550481117,9.676815398069857,,,,,,,,,,,,,,,,,,,,,,
paired_comparison,confirmation,,,10,,,,,,,,,,,,,,,,,,,,,,,,,,,,,,,,,,,,,,,,,,,,,,,,,,,,,,,,,,,,,,,,,,,,,,,,,,seed10_beta125_original_opex_effect,,False,external_opex_original_seed10/confirm_beta125/adapted,external_opex_original_seed10/confirm_beta125/baseline_only,50,37,284.7994228271198,119.63679863968656,449.9620470145531,137.07346274468634,456.49186717374965,6.203873536644854,2.6060852291129852,9.801661844176722,2.9859134532524636,9.94390292768229,,,,,,,,,,,,,,,,,,,,,,
paired_comparison,confirmation,,,1,,,,,,,,,,,,,,,,,,,,,,,,,,,,,,,,,,,,,,,,,,,,,,,,,,,,,,,,,,,,,,,,,,,,,,,,,,seed1_beta125_ca_opex_inverse_minus_ca_opex_identity,,True,external_ca_opex_inverse_seed1/confirm_beta125/adapted,external_ca_opex_identity_seed1/confirm_beta125/adapted,50,37,442.97411865103874,195.90064136987843,690.0475959321991,207.6924467025305,685.2023775525571,9.649441648573683,4.2673640021527905,15.03151929499458,4.524228529216508,14.92597441085704,,,,,,,,,,,,,,,,,,,,,,
paired_comparison,confirmation,,,10,,,,,,,,,,,,,,,,,,,,,,,,,,,,,,,,,,,,,,,,,,,,,,,,,,,,,,,,,,,,,,,,,,,,,,,,,,seed10_beta125_ca_opex_inverse_minus_ca_opex_identity,,True,external_ca_opex_inverse_seed10/confirm_beta125/adapted,external_ca_opex_identity_seed10/confirm_beta125/adapted,50,30,248.57843090728028,-0.22176922360100093,497.37863103816153,17.165858405815626,494.8046197522861,5.414860514736715,-0.0048308672955973166,10.834551896769026,0.37392918019457194,10.778481416214854,,,,,,,,,,,,,,,,,,,,,,
paired_comparison,confirmation,,,1,,,,,,,,,,,,,,,,,,,,,,,,,,,,,,,,,,,,,,,,,,,,,,,,,,,,,,,,,,,,,,,,,,,,,,,,,,seed1_beta125_ca_opex_inverse_minus_original_opex,,True,external_ca_opex_inverse_seed1/confirm_beta125/adapted,external_opex_original_seed1/confirm_beta125/adapted,50,40,583.3021308772882,287.9638461754966,878.6404155790797,296.1251440604783,864.2627442015622,12.706249955481194,6.272805144984709,19.13969476597768,6.450585210234519,18.826501522493817,,,,,,,,,,,,,,,,,,,,,,
paired_comparison,confirmation,,,10,,,,,,,,,,,,,,,,,,,,,,,,,,,,,,,,,,,,,,,,,,,,,,,,,,,,,,,,,,,,,,,,,,,,,,,,,,seed10_beta125_ca_opex_inverse_minus_original_opex,,True,external_ca_opex_inverse_seed10/confirm_beta125/adapted,external_opex_original_seed10/confirm_beta125/adapted,50,39,528.2445651203473,296.0509592880702,760.4381709526243,310.86612082856,759.7846654215336,11.506914044611351,6.448969220490593,16.56485886873211,6.771692446927592,16.550623356489353,,,,,,,,,,,,,,,,,,,,,,
paired_comparison,confirmation,,,1,,,,,,,,,,,,,,,,,,,,,,,,,,,,,,,,,,,,,,,,,,,,,,,,,,,,,,,,,,,,,,,,,,,,,,,,,,seed1_beta125_ca_opex_inverse_effect,,True,external_ca_opex_inverse_seed1/confirm_beta125/adapted,external_ca_opex_inverse_seed1/confirm_beta125/baseline_only,50,29,411.3104409406201,111.98889621827027,710.6319856629699,126.32941238196669,703.1488050470413,8.95970200559779,2.4394886153555624,15.47991539584002,2.751872495374129,15.316906967900634,,,,,,,,,,,,,,,,,,,,,,
paired_comparison,confirmation,,,10,,,,,,,,,,,,,,,,,,,,,,,,,,,,,,,,,,,,,,,,,,,,,,,,,,,,,,,,,,,,,,,,,,,,,,,,,,seed10_beta125_ca_opex_inverse_effect,,True,external_ca_opex_inverse_seed10/confirm_beta125/adapted,external_ca_opex_inverse_seed10/confirm_beta125/baseline_only,50,30,404.57405946940526,163.1038313466448,646.0442875921657,180.42924030692623,647.9838688939587,8.812961333418189,3.552940989037987,14.07298167779839,3.930345708097005,14.115232174624957,,,,,,,,,,,,,,,,,,,,,,
paired_comparison,confirmation,,,1,,,,,,,,,,,,,,,,,,,,,,,,,,,,,,,,,,,,,,,,,,,,,,,,,,,,,,,,,,,,,,,,,,,,,,,,,,seed1_beta125_ca_opex_identity_effect,,False,external_ca_opex_identity_seed1/confirm_beta125/adapted,external_ca_opex_identity_seed1/confirm_beta125/baseline_only,50,39,416.98013962556143,240.92164783912682,593.038631411996,252.70512321941928,590.4924262421956,9.083206798139486,5.248070451116458,12.918343145162513,5.504753524262565,12.862878373798205,,,,,,,,,,,,,,,,,,,,,,
paired_comparison,confirmation,,,10,,,,,,,,,,,,,,,,,,,,,,,,,,,,,,,,,,,,,,,,,,,,,,,,,,,,,,,,,,,,,,,,,,,,,,,,,,seed10_beta125_ca_opex_identity_effect,,False,external_ca_opex_identity_seed10/confirm_beta125/adapted,external_ca_opex_identity_seed10/confirm_beta125/baseline_only,50,44,564.4655570401869,385.2604126821456,743.6707013982282,399.0986243749081,743.98951498262,12.295927066519491,8.392246217459828,16.199607915579154,8.693688244494174,16.20655273007245,,,,,,,,,,,,,,,,,,,,,,
paired_comparison,confirmation,,,1,,,,,,,,,,,,,,,,,,,,,,,,,,,,,,,,,,,,,,,,,,,,,,,,,,,,,,,,,,,,,,,,,,,,,,,,,,seed1_beta125_inverse_adapter_minus_original_opex,,False,inverse_p001_k8_u5k_seed1/confirm_beta125/adapted,external_opex_original_seed1/confirm_beta125/adapted,50,40,574.7979847789256,263.02955974354427,886.566409814307,276.95559527282336,880.1521835530903,12.521001522012918,5.72965390466702,19.31234913935882,6.033009025379167,19.172626073332204,,,,,,,,,,,,,,,,,,,,,,
paired_comparison,confirmation,,,10,,,,,,,,,,,,,,,,,,,,,,,,,,,,,,,,,,,,,,,,,,,,,,,,,,,,,,,,,,,,,,,,,,,,,,,,,,seed10_beta125_inverse_adapter_minus_original_opex,,False,inverse_p001_k8_u5k_seed10/confirm_beta125/adapted,external_opex_original_seed10/confirm_beta125/adapted,50,33,385.24583536426917,159.14329641551504,611.3483743130233,170.4997421819227,606.743521071473,8.391928675255173,3.466667436913872,13.317189913596476,3.7140483924691305,13.216880977286836,,,,,,,,,,,,,,,,,,,,,,
paired_comparison,confirmation,,,1,,,,,,,,,,,,,,,,,,,,,,,,,,,,,,,,,,,,,,,,,,,,,,,,,,,,,,,,,,,,,,,,,,,,,,,,,,seed1_beta125_inverse_adapter_minus_ca_opex_inverse,,False,inverse_p001_k8_u5k_seed1/confirm_beta125/adapted,external_ca_opex_inverse_seed1/confirm_beta125/adapted,50,28,-8.504146098362522,-357.4502105678194,340.44191837109435,-347.97537860403753,333.6036847308449,-0.18524843346827502,-7.786448020142049,7.415951153205499,-7.580054837526842,7.266991803860574,,,,,,,,,,,,,,,,,,,,,,
paired_comparison,confirmation,,,10,,,,,,,,,,,,,,,,,,,,,,,,,,,,,,,,,,,,,,,,,,,,,,,,,,,,,,,,,,,,,,,,,,,,,,,,,,seed10_beta125_inverse_adapter_minus_ca_opex_inverse,,False,inverse_p001_k8_u5k_seed10/confirm_beta125/adapted,external_ca_opex_inverse_seed10/confirm_beta125/adapted,50,21,-142.99872975607812,-416.56072686229174,130.56326735013548,-407.0760909475959,119.40265629962886,-3.1149853693561775,-9.074070600751336,2.8440998620389797,-8.867463855654064,2.6009848344110833,,,,,,,,,,,,,,,,,,,,,,
paired_comparison,confirmation,,,1,,,,,,,,,,,,,,,,,,,,,,,,,,,,,,,,,,,,,,,,,,,,,,,,,,,,,,,,,,,,,,,,,,,,,,,,,,seed1_beta125_inverse_adapter_minus_ca_opex_identity,,False,inverse_p001_k8_u5k_seed1/confirm_beta125/adapted,external_ca_opex_identity_seed1/confirm_beta125/adapted,50,35,434.4699725526762,123.6437144561196,745.2962306492328,134.2170288679182,738.7711510919117,9.464193215105409,2.6933691103455053,16.235017319865314,2.9236908744236616,16.092879502350353,,,,,,,,,,,,,,,,,,,,,,
paired_comparison,confirmation,,,10,,,,,,,,,,,,,,,,,,,,,,,,,,,,,,,,,,,,,,,,,,,,,,,,,,,,,,,,,,,,,,,,,,,,,,,,,,seed10_beta125_inverse_adapter_minus_ca_opex_identity,,False,inverse_p001_k8_u5k_seed10/confirm_beta125/adapted,external_ca_opex_identity_seed10/confirm_beta125/adapted,50,27,105.57970115120213,-150.78125551243733,361.9406578148416,-134.488959139388,361.8503051847574,2.2998751453805366,-3.2845145246783853,7.884264815439458,-2.9296144152729986,7.882296636272587,,,,,,,,,,,,,,,,,,,,,,
external_training_seed_evidence,confirmation,,channel_aware_opex_identity_anchor,,,,,,confirm_beta125,adapted,,,,,,,,,,,,,,,,,,,,,,,,,,,,,,,,,,,,,,,,,,,,,,,,,,,,,,,,,,,,,,,,,,,,,,,,,,,,,,,,,,,,,base_policy_checkpoint_seed,2,"[1,10]","[{""normalized_score_mean"":21.561597043523612,""return_mean"":991.4509888889683,""run_id"":""external_ca_opex_identity_seed1"",""training_seed"":1},{""normalized_score_mean"":22.284862845728057,""return_mean"":1024.6537422658237,""run_id"":""external_ca_opex_identity_seed10"",""training_seed"":10}]",1008.0523655773959,21.923229944625835,,,,,,,,,,,,,,,,
external_training_seed_evidence,confirmation,,channel_aware_opex_identity_anchor,,,,,,confirm_beta125,baseline_only,,,,,,,,,,,,,,,,,,,,,,,,,,,,,,,,,,,,,,,,,,,,,,,,,,,,,,,,,,,,,,,,,,,,,,,,,,,,,,,,,,,,,base_policy_checkpoint_seed,2,"[1,10]","[{""normalized_score_mean"":12.478390245384126,""return_mean"":574.4708492634068,""run_id"":""external_ca_opex_identity_seed1"",""training_seed"":1},{""normalized_score_mean"":9.988935779208566,""return_mean"":460.18818522563686,""run_id"":""external_ca_opex_identity_seed10"",""training_seed"":10}]",517.3295172445219,11.233663012296347,,,,,,,,,,,,,,,,
external_training_seed_evidence,confirmation,,channel_aware_opex_inverse_anchor,,,,,,confirm_beta125,adapted,,,,,,,,,,,,,,,,,,,,,,,,,,,,,,,,,,,,,,,,,,,,,,,,,,,,,,,,,,,,,,,,,,,,,,,,,,,,,,,,,,,,,base_policy_checkpoint_seed,2,"[1,10]","[{""normalized_score_mean"":31.211038692097294,""return_mean"":1434.4251075400068,""run_id"":""external_ca_opex_inverse_seed1"",""training_seed"":1},{""normalized_score_mean"":27.699723360464773,""return_mean"":1273.232173173104,""run_id"":""external_ca_opex_inverse_seed10"",""training_seed"":10}]",1353.8286403565553,29.45538102628103,,,,,,,,,,,,,,,,
external_training_seed_evidence,confirmation,,channel_aware_opex_inverse_anchor,,,,,,confirm_beta125,baseline_only,,,,,,,,,,,,,,,,,,,,,,,,,,,,,,,,,,,,,,,,,,,,,,,,,,,,,,,,,,,,,,,,,,,,,,,,,,,,,,,,,,,,,base_policy_checkpoint_seed,2,"[1,10]","[{""normalized_score_mean"":22.251336686499503,""return_mean"":1023.1146665993869,""run_id"":""external_ca_opex_inverse_seed1"",""training_seed"":1},{""normalized_score_mean"":18.886762027046583,""return_mean"":868.6581137036987,""run_id"":""external_ca_opex_inverse_seed10"",""training_seed"":10}]",945.8863901515429,20.569049356773043,,,,,,,,,,,,,,,,
external_training_seed_evidence,confirmation,,original_structure_opex_t1,,,,,,confirm_beta125,adapted,,,,,,,,,,,,,,,,,,,,,,,,,,,,,,,,,,,,,,,,,,,,,,,,,,,,,,,,,,,,,,,,,,,,,,,,,,,,,,,,,,,,,base_policy_checkpoint_seed,2,"[1,10]","[{""normalized_score_mean"":18.504788736616103,""return_mean"":851.1229766627189,""run_id"":""external_opex_original_seed1"",""training_seed"":1},{""normalized_score_mean"":16.19280931585342,""return_mean"":744.9876080527567,""run_id"":""external_opex_original_seed10"",""training_seed"":10}]",798.0552923577378,17.34879902623476,,,,,,,,,,,,,,,,
external_training_seed_evidence,confirmation,,original_structure_opex_t1,,,,,,confirm_beta125,baseline_only,,,,,,,,,,,,,,,,,,,,,,,,,,,,,,,,,,,,,,,,,,,,,,,,,,,,,,,,,,,,,,,,,,,,,,,,,,,,,,,,,,,,,base_policy_checkpoint_seed,2,"[1,10]","[{""normalized_score_mean"":12.478390245384126,""return_mean"":574.4708492634068,""run_id"":""external_opex_original_seed1"",""training_seed"":1},{""normalized_score_mean"":9.988935779208566,""return_mean"":460.18818522563686,""run_id"":""external_opex_original_seed10"",""training_seed"":10}]",517.3295172445219,11.233663012296347,,,,,,,,,,,,,,,,
external_training_seed_evidence,confirmation,,td3bc_base_identity,,,,,,confirm_beta125,external,,,,,,,,,,,,,,,,,,,,,,,,,,,,,,,,,,,,,,,,,,,,,,,,,,,,,,,,,,,,,,,,,,,,,,,,,,,,,,,,,,,,,base_policy_checkpoint_seed,2,"[1,10]","[{""normalized_score_mean"":12.478390245384126,""return_mean"":574.4708492634068,""run_id"":""external_base_identity_seed1"",""training_seed"":1},{""normalized_score_mean"":9.988935779208566,""return_mean"":460.18818522563686,""run_id"":""external_base_identity_seed10"",""training_seed"":10}]",517.3295172445219,11.233663012296347,,,,,,,,,,,,,,,,
external_training_seed_evidence,confirmation,,td3bc_base_identity,,,,,,confirm_clean,external,,,,,,,,,,,,,,,,,,,,,,,,,,,,,,,,,,,,,,,,,,,,,,,,,,,,,,,,,,,,,,,,,,,,,,,,,,,,,,,,,,,,,base_policy_checkpoint_seed,2,"[1,10]","[{""normalized_score_mean"":79.49820758934368,""return_mean"":3651.130162963943,""run_id"":""external_base_identity_seed1"",""training_seed"":1},{""normalized_score_mean"":77.68694347386169,""return_mean"":3567.9809866260057,""run_id"":""external_base_identity_seed10"",""training_seed"":10}]",3609.5555747949743,78.59257553160268,,,,,,,,,,,,,,,,
external_training_seed_evidence,confirmation,,td3bc_dual_executed_commanded_identity,,,,,,confirm_beta125,external,,,,,,,,,,,,,,,,,,,,,,,,,,,,,,,,,,,,,,,,,,,,,,,,,,,,,,,,,,,,,,,,,,,,,,,,,,,,,,,,,,,,,base_policy_checkpoint_seed,2,"[1,10]","[{""normalized_score_mean"":16.075018203495862,""return_mean"":739.5802056266043,""run_id"":""external_dual_identity_seed1"",""training_seed"":1},{""normalized_score_mean"":14.63103193227137,""return_mean"":673.2915467450389,""run_id"":""external_dual_identity_seed10"",""training_seed"":10}]",706.4358761858216,15.353025067883616,,,,,,,,,,,,,,,,
external_training_seed_evidence,confirmation,,td3bc_dual_executed_commanded_identity,,,,,,confirm_clean,external,,,,,,,,,,,,,,,,,,,,,,,,,,,,,,,,,,,,,,,,,,,,,,,,,,,,,,,,,,,,,,,,,,,,,,,,,,,,,,,,,,,,,base_policy_checkpoint_seed,2,"[1,10]","[{""normalized_score_mean"":75.35013362351974,""return_mean"":3460.705734688159,""run_id"":""external_dual_identity_seed1"",""training_seed"":1},{""normalized_score_mean"":70.47970468275012,""return_mean"":3237.1203661182753,""run_id"":""external_dual_identity_seed10"",""training_seed"":10}]",3348.9130504032173,72.91491915313493,,,,,,,,,,,,,,,,
external_training_seed_evidence,confirmation,,td3bc_oracle_beta1p25_inverse,,,,,,confirm_beta125,external,,,,,,,,,,,,,,,,,,,,,,,,,,,,,,,,,,,,,,,,,,,,,,,,,,,,,,,,,,,,,,,,,,,,,,,,,,,,,,,,,,,,,base_policy_checkpoint_seed,2,"[1,10]","[{""normalized_score_mean"":21.99328284597828,""return_mean"":1011.268263798837,""run_id"":""external_oracle_inverse_seed1"",""training_seed"":1},{""normalized_score_mean"":18.4219713056866,""return_mean"":847.3211008847185,""run_id"":""external_oracle_inverse_seed10"",""training_seed"":10}]",929.2946823417777,20.20762707583244,,,,,,,,,,,,,,,,
external_training_seed_evidence,confirmation,,td3bc_oracle_beta1p25_inverse,,,,,,confirm_clean,external,,,,,,,,,,,,,,,,,,,,,,,,,,,,,,,,,,,,,,,,,,,,,,,,,,,,,,,,,,,,,,,,,,,,,,,,,,,,,,,,,,,,,base_policy_checkpoint_seed,2,"[1,10]","[{""normalized_score_mean"":81.70987856372581,""return_mean"":3752.6607008233877,""run_id"":""external_oracle_inverse_seed1"",""training_seed"":1},{""normalized_score_mean"":72.541620721774,""return_mean"":3331.7761476011406,""run_id"":""external_oracle_inverse_seed10"",""training_seed"":10}]",3542.218424212264,77.1257496427499,,,,,,,,,,,,,,,,
external_training_seed_evidence,confirmation,,td3bc_scalar_1p2,,,,,,confirm_beta125,external,,,,,,,,,,,,,,,,,,,,,,,,,,,,,,,,,,,,,,,,,,,,,,,,,,,,,,,,,,,,,,,,,,,,,,,,,,,,,,,,,,,,,base_policy_checkpoint_seed,2,"[1,10]","[{""normalized_score_mean"":21.293077224744042,""return_mean"":979.1241274604836,""run_id"":""external_scalar12_seed1"",""training_seed"":1},{""normalized_score_mean"":16.665711743164668,""return_mean"":766.6970026037981,""run_id"":""external_scalar12_seed10"",""training_seed"":10}]",872.9105650321408,18.979394483954355,,,,,,,,,,,,,,,,
external_training_seed_evidence,confirmation,,td3bc_scalar_1p2,,,,,,confirm_clean,external,,,,,,,,,,,,,,,,,,,,,,,,,,,,,,,,,,,,,,,,,,,,,,,,,,,,,,,,,,,,,,,,,,,,,,,,,,,,,,,,,,,,,base_policy_checkpoint_seed,2,"[1,10]","[{""normalized_score_mean"":83.19796825101875,""return_mean"":3820.9740024328876,""run_id"":""external_scalar12_seed1"",""training_seed"":1},{""normalized_score_mean"":81.80344505070646,""return_mean"":3756.9560303994413,""run_id"":""external_scalar12_seed10"",""training_seed"":10}]",3788.9650164161644,82.50070665086261,,,,,,,,,,,,,,,,
primary_comparison_training_seed_evidence,confirmation,,,,,,,,,,,,,,,,,,,,,,,,,,,,,,,,,,,,,,,,,,,,,,,,,,,,,,,,,,,,,,,,,,,,,,,,,,,,,,ca_opex_inverse_minus_ca_opex_identity,,,,,,,,,,,,,,,,base_policy_checkpoint_seed,2,"[1,10]","[{""comparison_id"":""seed1_beta125_ca_opex_inverse_minus_ca_opex_identity"",""episode_pairs"":50,""normalized_mean_difference"":9.649441648573683,""raw_mean_difference"":442.97411865103874,""training_seed"":1},{""comparison_id"":""seed10_beta125_ca_opex_inverse_minus_ca_opex_identity"",""episode_pairs"":50,""normalized_mean_difference"":5.414860514736715,""raw_mean_difference"":248.57843090728028,""training_seed"":10}]",,,345.7762747791595,7.532151081655199,,False,"[1,10]",2,"[{""comparison_id"":""seed1_beta125_ca_opex_inverse_minus_ca_opex_identity"",""episode_pairs"":50,""normalized_mean_difference"":9.649441648573683,""raw_mean_difference"":442.97411865103874,""training_seed"":1},{""comparison_id"":""seed10_beta125_ca_opex_inverse_minus_ca_opex_identity"",""episode_pairs"":50,""normalized_mean_difference"":5.414860514736715,""raw_mean_difference"":248.57843090728028,""training_seed"":10}]","{""normalized"":7.532151081655199,""raw"":345.7762747791595}",2,,Two base-policy checkpoint seeds only. Each checkpoint reuses the same 50 predeclared rollout-case seed pairs; these are not 100 independent training/pipeline repeats. Descriptive only.,,,,,
primary_comparison_training_seed_evidence,confirmation,,,,,,,,,,,,,,,,,,,,,,,,,,,,,,,,,,,,,,,,,,,,,,,,,,,,,,,,,,,,,,,,,,,,,,,,,,,,,,ca_opex_inverse_minus_original_opex,,,,,,,,,,,,,,,,base_policy_checkpoint_seed,2,"[1,10]","[{""comparison_id"":""seed1_beta125_ca_opex_inverse_minus_original_opex"",""episode_pairs"":50,""normalized_mean_difference"":12.706249955481194,""raw_mean_difference"":583.3021308772882,""training_seed"":1},{""comparison_id"":""seed10_beta125_ca_opex_inverse_minus_original_opex"",""episode_pairs"":50,""normalized_mean_difference"":11.506914044611351,""raw_mean_difference"":528.2445651203473,""training_seed"":10}]",,,555.7733479988177,12.106582000046274,,False,"[1,10]",2,"[{""comparison_id"":""seed1_beta125_ca_opex_inverse_minus_original_opex"",""episode_pairs"":50,""normalized_mean_difference"":12.706249955481194,""raw_mean_difference"":583.3021308772882,""training_seed"":1},{""comparison_id"":""seed10_beta125_ca_opex_inverse_minus_original_opex"",""episode_pairs"":50,""normalized_mean_difference"":11.506914044611351,""raw_mean_difference"":528.2445651203473,""training_seed"":10}]","{""normalized"":12.106582000046274,""raw"":555.7733479988177}",2,,Two base-policy checkpoint seeds only. Each checkpoint reuses the same 50 predeclared rollout-case seed pairs; these are not 100 independent training/pipeline repeats. Descriptive only.,,,,,
primary_comparison_training_seed_evidence,confirmation,,,,,,,,,,,,,,,,,,,,,,,,,,,,,,,,,,,,,,,,,,,,,,,,,,,,,,,,,,,,,,,,,,,,,,,,,,,,,,ca_opex_inverse_minus_inverse_only,,,,,,,,,,,,,,,,base_policy_checkpoint_seed,2,"[1,10]","[{""comparison_id"":""seed1_beta125_ca_opex_inverse_effect"",""episode_pairs"":50,""normalized_mean_difference"":8.95970200559779,""raw_mean_difference"":411.3104409406201,""training_seed"":1},{""comparison_id"":""seed10_beta125_ca_opex_inverse_effect"",""episode_pairs"":50,""normalized_mean_difference"":8.812961333418189,""raw_mean_difference"":404.57405946940526,""training_seed"":10}]",,,407.94225020501267,8.886331669507989,,False,"[1,10]",2,"[{""comparison_id"":""seed1_beta125_ca_opex_inverse_effect"",""episode_pairs"":50,""normalized_mean_difference"":8.95970200559779,""raw_mean_difference"":411.3104409406201,""training_seed"":1},{""comparison_id"":""seed10_beta125_ca_opex_inverse_effect"",""episode_pairs"":50,""normalized_mean_difference"":8.812961333418189,""raw_mean_difference"":404.57405946940526,""training_seed"":10}]","{""normalized"":8.886331669507989,""raw"":407.94225020501267}",2,,Two base-policy checkpoint seeds only. Each checkpoint reuses the same 50 predeclared rollout-case seed pairs; these are not 100 independent training/pipeline repeats. Descriptive only.,,,,,
baseline_equivalence_check,confirmation,,,,,,,,,,,,,,,,,,,,,,,,,,,,,,,,,,,,,,,,,,,,,,,,,,,,,,,,,,,,,,,,,,,,,,,,,,,,,,,,,,,,,,,,,,,,,,,,,,,,,,,,,,,,,,,seed1_calibrated_inverse_baseline_exact,same frozen base actor followed by the same calibrated clipped-uniform-mean inverse; value estimator and residual adapter are bypassed,50,verified_elementwise_identical,inverse_p001_k8_u5k_seed1/confirm_beta125/baseline_only;inverse_qmean_p001_k8_u5k_seed1/confirm_beta125/baseline_only;external_ca_opex_inverse_seed1/confirm_beta125/baseline_only
baseline_equivalence_check,confirmation,,,,,,,,,,,,,,,,,,,,,,,,,,,,,,,,,,,,,,,,,,,,,,,,,,,,,,,,,,,,,,,,,,,,,,,,,,,,,,,,,,,,,,,,,,,,,,,,,,,,,,,,,,,,,,,seed10_calibrated_inverse_baseline_exact,same frozen base actor followed by the same calibrated clipped-uniform-mean inverse; value estimator and residual adapter are bypassed,50,verified_elementwise_identical,inverse_p001_k8_u5k_seed10/confirm_beta125/baseline_only;inverse_qmean_p001_k8_u5k_seed10/confirm_beta125/baseline_only;external_ca_opex_inverse_seed10/confirm_beta125/baseline_only
baseline_equivalence_check,confirmation,,,,,,,,,,,,,,,,,,,,,,,,,,,,,,,,,,,,,,,,,,,,,,,,,,,,,,,,,,,,,,,,,,,,,,,,,,,,,,,,,,,,,,,,,,,,,,,,,,,,,,,,,,,,,,,seed1_identity_baseline_exact,"same frozen base actor used directly as command; adapter delta, model beta, and OPEX gradient path are bypassed",50,verified_elementwise_identical,identity_p001_k8_u5k_seed1/confirm_beta125/baseline_only;identity_wide_p064_d2_k8_u5k_seed1/confirm_beta125/baseline_only;identity_nominal_beta0_p064_d2_k8_u5k_seed1/confirm_beta125/baseline_only;external_opex_original_seed1/confirm_beta125/baseline_only;external_ca_opex_identity_seed1/confirm_beta125/baseline_only;external_base_identity_seed1/confirm_beta125/external
baseline_equivalence_check,confirmation,,,,,,,,,,,,,,,,,,,,,,,,,,,,,,,,,,,,,,,,,,,,,,,,,,,,,,,,,,,,,,,,,,,,,,,,,,,,,,,,,,,,,,,,,,,,,,,,,,,,,,,,,,,,,,,seed10_identity_baseline_exact,"same frozen base actor used directly as command; adapter delta, model beta, and OPEX gradient path are bypassed",50,verified_elementwise_identical,identity_p001_k8_u5k_seed10/confirm_beta125/baseline_only;identity_wide_p064_d2_k8_u5k_seed10/confirm_beta125/baseline_only;identity_nominal_beta0_p064_d2_k8_u5k_seed10/confirm_beta125/baseline_only;external_opex_original_seed10/confirm_beta125/baseline_only;external_ca_opex_identity_seed10/confirm_beta125/baseline_only;external_base_identity_seed10/confirm_beta125/external
